Num_Acc,senc,catv,occutc,obs,obsm,choc,manv,num_veh
201100000800,0,31,000,01,0,1,01,A01
201100000801,0,21,000,00,2,6,01,B02
201100000801,0,07,000,00,2,1,01,A01
201100000802,0,07,000,02,0,9,14,A01
201100000803,0,07,000,00,1,3,01,A01
201100000804,0,07,000,16,0,1,01,A01
201100000805,0,30,000,00,2,6,01,B02
201100000805,0,07,000,00,2,3,15,A01
201100000806,0,07,000,00,2,6,01,A01
201100000806,0,33,000,00,2,2,01,B02
201100000807,0,01,000,00,2,8,19,B02
201100000807,0,07,000,00,2,8,21,A01
201100000808,0,07,000,13,0,1,13,A01
201100000809,0,07,000,02,9,1,01,B02
201100000809,0,07,000,02,0,3,17,A01
201100000810,0,33,000,00,2,1,17,B02
201100000810,0,07,000,00,2,4,17,A01
201100000811,0,07,000,00,2,1,01,B02
201100000811,0,30,000,11,2,1,05,A01
201100000812,0,07,000,00,0,4,15,B02
201100000812,0,07,000,00,2,1,01,A01
201100000813,0,07,000,00,2,1,01,B02
201100000813,0,10,000,00,2,1,05,A01
201100000814,0,07,000,00,2,8,19,A01
201100000814,0,07,000,00,2,1,01,B02
201100000815,2,07,000,13,0,9,01,A01
201100000816,0,30,000,00,2,3,13,A01
201100000816,0,07,000,00,2,6,13,B02
201100000817,0,07,000,00,1,1,21,A01
201100000818,0,07,000,00,2,2,01,B02
201100000818,0,07,000,00,2,2,13,A01
201100000819,0,33,000,00,0,7,01,A01
201100000820,0,02,000,00,2,1,01,B02
201100000820,0,07,000,00,2,1,15,A01
201100000821,0,02,000,00,2,1,01,B02
201100000821,0,07,000,00,2,1,13,A01
201100000822,0,33,000,01,0,1,01,A01
201100000823,0,07,000,02,0,1,13,A01
201100000824,0,33,000,08,0,1,13,A01
201100000825,0,13,000,00,2,2,13,A01
201100000825,0,07,000,00,2,8,15,B02
201100000826,0,07,000,06,0,5,13,A01
201100000827,0,33,000,03,0,3,01,A01
201100000828,0,07,000,01,0,3,01,A01
201100000828,0,13,000,00,2,3,24,B02
201100000829,0,07,000,14,0,1,14,A01
201100000830,0,07,000,13,0,9,13,A01
201100000831,0,07,000,00,2,1,15,A01
201100000831,0,07,000,00,2,1,01,B02
201100000832,0,07,000,00,0,5,15,B02
201100000832,0,33,000,00,2,1,01,A01
201100000833,0,07,000,02,0,3,01,A01
201100000834,0,07,000,00,0,4,23,B02
201100000834,0,07,000,01,1,1,01,A01
201100000835,0,07,000,00,1,2,01,A01
201100000836,0,33,000,00,2,1,01,B02
201100000836,0,14,000,00,2,7,15,A01
201100000837,0,07,000,00,2,1,01,B02
201100000837,0,07,000,00,2,7,19,A01
201100000838,0,07,000,00,2,3,17,A01
201100000838,0,30,000,00,2,1,01,B02
201100000839,0,14,000,01,0,2,02,A01
201100000839,0,07,000,00,2,4,23,B02
201100000840,0,07,000,16,0,0,14,A01
201100000841,0,32,000,00,2,3,01,A01
201100000841,0,07,000,00,2,3,01,B02
201100000842,0,07,000,00,2,3,01,B02
201100000842,0,07,000,00,2,1,15,A01
201100000843,0,07,000,13,0,1,00,A01
201100000844,0,30,000,00,0,0,14,A01
201100000845,0,33,000,12,0,2,01,A01
201100000846,0,02,000,00,2,1,16,A01
201100000846,0,33,000,00,2,1,01,B02
201100000847,0,10,000,00,2,2,19,A01
201100000847,0,07,000,00,2,1,01,B02
201100000848,0,30,000,00,2,1,01,A01
201100000848,0,07,000,00,0,4,01,B02
201100000849,0,07,000,00,0,2,14,A01
201100000850,0,07,000,00,2,1,05,A01
201100000850,0,07,000,00,2,1,01,B02
201100000851,0,30,000,01,0,2,14,A01
201100000852,0,07,000,13,0,9,01,A01
201100000853,0,07,000,00,0,4,01,B02
201100000853,0,07,000,00,2,1,02,A01
201100000854,0,07,000,00,2,4,02,B02
201100000854,0,07,000,00,2,4,02,C03
201100000854,0,07,000,00,2,1,02,A01
201100000855,0,07,000,00,1,2,01,A01
201100000855,0,07,000,00,1,1,01,B02
201100000856,0,17,000,00,0,7,15,A01
201100000857,0,07,000,00,2,3,06,A01
201100000857,0,07,000,00,2,6,01,B02
201100000858,0,33,000,00,0,8,01,A01
201100000859,0,07,000,00,2,3,01,A01
201100000859,0,07,000,00,2,3,00,B02
201100000860,0,07,000,00,2,1,01,A01
201100000860,0,07,000,00,2,1,01,B02
201100000861,0,02,000,16,0,7,01,A01
201100000862,0,33,000,00,0,8,01,A01
201100000863,0,07,000,00,2,7,15,A01
201100000863,0,33,000,00,2,1,01,B02
201100000864,0,30,000,00,2,1,13,A01
201100000864,0,07,000,00,2,3,01,B02
201100000865,0,30,000,00,2,1,05,A01
201100000865,0,07,000,00,2,8,00,B02
201100000866,0,07,000,00,2,1,01,A01
201100000866,0,07,000,00,2,8,19,B02
201100000867,0,07,000,00,2,3,15,A01
201100000867,0,07,000,00,2,7,01,B02
201100000868,0,07,000,00,2,2,15,A01
201100000868,0,07,000,00,2,1,01,B02
201100000869,0,10,000,00,2,7,13,A01
201100000869,0,31,000,00,2,1,21,B02
201100000870,0,07,000,00,2,1,13,A01
201100000870,0,07,000,00,2,1,01,B02
201100000871,0,07,000,00,0,9,17,A01
201100000872,0,07,000,00,2,3,15,B02
201100000872,0,34,000,00,2,5,17,A01
201100000873,0,07,000,13,0,1,01,A01
201100000874,0,33,000,06,0,1,13,A01
201100000875,0,99,000,00,2,6,15,A01
201100000875,0,07,000,00,2,2,17,B02
201100000876,0,07,000,00,6,1,19,A01
201100000877,0,02,000,00,2,1,19,A01
201100000877,0,33,000,00,2,1,01,B02
201100000877,0,33,000,00,2,1,01,C03
201100000878,0,07,000,00,0,1,01,A01
201100000879,0,07,000,00,2,3,17,A01
201100000879,0,21,000,00,2,3,15,B02
201100000880,0,33,000,00,2,1,17,A01
201100000880,0,07,000,00,2,6,01,B02
201100000880,0,07,000,00,2,1,01,C03
201100000881,0,07,000,06,0,3,01,A01
201100000882,0,07,000,00,2,3,01,A01
201100000882,0,07,000,00,2,3,01,B02
201100000883,0,07,000,00,2,4,13,A01
201100000883,0,07,000,00,9,1,21,C03
201100000883,0,07,000,00,2,3,21,B02
201100000884,0,07,000,00,2,7,19,A01
201100000884,0,07,000,00,2,1,01,B02
201100000885,0,07,000,00,2,2,01,A01
201100000885,0,07,000,00,2,3,01,B02
201100000886,0,07,000,09,0,7,14,A01
201100000887,0,07,000,00,0,2,01,B02
201100000887,0,07,000,00,2,7,15,A01
201100000888,0,07,000,13,0,9,01,A01
201100000889,0,07,000,00,2,1,13,A01
201100000889,0,07,000,00,2,1,01,B02
201100000890,0,30,000,00,0,0,01,A01
201100000891,0,07,000,00,0,7,13,A01
201100000891,0,07,000,00,0,1,00,C03
201100000891,0,07,000,00,0,7,00,B02
201100000892,0,07,000,02,0,1,00,A01
201100000893,0,07,000,00,1,8,01,A01
201100000894,0,07,000,00,6,9,21,A01
201100000895,0,07,000,00,0,3,09,A01
201100000895,0,33,000,00,2,1,01,B02
201100000896,0,10,000,00,2,8,23,D04
201100000896,0,07,000,00,2,3,13,A01
201100000896,0,07,000,00,2,6,15,C03
201100000896,0,07,000,00,2,1,01,B02
201100000897,0,10,000,00,2,3,13,B02
201100000897,0,07,000,00,2,3,01,A01
201100000898,1,07,000,00,1,1,01,A01
201100000899,0,07,000,07,0,3,21,A01
201100000900,0,07,000,00,2,3,02,A01
201100000900,0,03,000,00,0,5,02,B02
201100000901,0,07,000,00,0,2,01,A01
201100000902,0,07,000,00,2,8,13,A01
201100000902,0,07,000,00,2,8,01,B02
201100000903,0,07,000,16,0,9,01,A01
201100000904,0,30,000,12,0,7,00,A01
201100000905,0,07,000,00,2,3,13,A01
201100000905,0,07,000,00,2,1,01,B02
201100000906,0,14,000,00,2,1,01,B02
201100000906,0,07,000,00,2,1,17,A01
201100000907,0,07,000,00,0,2,15,A01
201100000907,0,07,000,00,0,3,01,B02
201100000908,0,07,000,00,1,6,04,A01
201100000909,0,33,000,13,0,2,17,A01
201100000910,0,07,000,00,9,2,14,A01
201100000911,0,02,000,00,2,1,16,B02
201100000911,0,07,000,00,2,3,13,A01
201100000912,0,07,000,00,2,3,01,B02
201100000912,0,07,000,00,2,3,13,A01
201100000913,0,07,000,00,2,1,01,A01
201100000913,0,10,000,00,2,3,01,B02
201100000914,0,21,000,00,0,5,01,A01
201100000915,0,07,000,00,0,9,01,A01
201100000916,0,07,000,13,0,2,01,A01
201100000917,0,07,000,00,0,3,01,A01
201100000918,0,07,000,06,0,3,01,A01
201100000919,0,07,000,00,1,3,19,A01
201100000920,0,07,000,00,1,2,01,A01
201100000921,0,07,000,06,0,3,13,A01
201100000922,0,07,000,00,2,1,13,A01
201100000922,0,07,000,00,2,3,01,B02
201100000922,0,07,000,00,2,1,01,C03
201100000923,0,10,000,00,2,1,01,B02
201100000923,0,07,000,00,2,8,01,A01
201100000924,0,07,000,00,1,2,01,A01
201100000925,0,21,000,00,2,7,15,A01
201100000925,0,02,000,00,2,1,17,B02
201100000926,0,07,000,08,0,2,14,A01
201100000927,0,01,000,00,2,8,01,B02
201100000927,0,07,000,00,2,1,01,A01
201100000928,0,33,000,00,2,7,17,B02
201100000928,0,07,000,00,2,8,17,A01
201100000929,0,31,000,00,2,1,01,B02
201100000929,0,30,000,00,2,1,13,A01
201100000930,0,33,000,00,2,2,17,A01
201100000930,0,10,000,00,2,3,16,B02
201100000931,0,33,000,00,2,8,17,A01
201100000931,0,07,000,00,2,8,01,B02
201100000932,0,07,000,00,1,2,01,A01
201100000933,0,07,000,04,1,1,01,A01
201100000934,0,07,000,04,0,3,17,A01
201100000935,0,07,000,00,1,1,01,A01
201100000936,0,07,000,06,0,1,13,A01
201100000937,0,30,000,00,2,1,02,B02
201100000937,0,07,000,00,0,4,23,A01
201100000938,0,21,000,00,2,6,01,A01
201100000938,0,07,000,00,2,1,13,B02
201100000939,0,07,000,00,0,1,02,B02
201100000939,0,07,000,00,0,4,01,A01
201100000940,0,07,000,00,2,1,15,B02
201100000940,0,07,000,00,2,3,01,D04
201100000940,0,07,000,00,2,6,01,C03
201100000940,0,07,000,00,2,4,15,A01
201100000941,0,07,000,00,2,3,01,A01
201100000941,0,17,000,00,2,3,01,B02
201100000942,0,07,000,00,2,2,13,A01
201100000942,0,07,000,00,2,8,01,B02
201100000943,0,07,000,00,0,1,01,A01
201100000944,0,07,000,00,2,1,01,B02
201100000944,0,07,000,00,2,3,19,A01
201100000945,0,07,000,13,0,2,01,A01
201100000946,0,30,000,00,2,1,01,B02
201100000946,0,07,000,00,2,3,19,A01
201100000947,0,07,000,13,0,1,01,A01
201100000948,0,07,000,00,0,2,15,A01
201100000948,0,07,000,00,2,3,01,B02
201100000949,0,07,000,00,2,8,01,B03
201100000949,0,07,000,00,2,1,01,C02
201100000949,0,33,000,00,2,1,13,A01
201100000950,0,31,000,06,0,1,14,A01
201100000951,0,07,000,00,2,2,01,A01
201100000951,0,07,000,00,0,3,15,B02
201100000952,0,07,000,00,2,3,01,B02
201100000952,0,07,000,00,2,1,01,C03
201100000952,0,07,000,00,2,8,13,A01
201100000953,0,10,000,00,1,1,15,A01
201100000954,0,07,000,00,2,1,01,B02
201100000954,0,07,000,00,2,3,01,A01
201100000955,0,10,000,00,2,3,01,A01
201100000955,0,10,000,00,2,3,17,B02
201100000956,0,01,000,00,2,7,01,A01
201100000956,0,07,000,00,9,1,01,B02
201100000957,0,07,000,00,2,1,01,A01
201100000957,0,10,000,00,2,2,19,B02
201100000958,0,07,000,00,2,3,01,B02
201100000958,0,07,000,00,2,1,13,A01
201100000958,0,07,000,00,2,8,01,C03
201100000959,0,30,000,12,0,8,01,A01
201100000960,0,07,000,00,2,1,01,B02
201100000960,0,07,000,00,0,8,19,A01
201100000961,0,07,000,00,2,1,13,A01
201100000961,0,17,000,00,0,3,01,C03
201100000961,0,17,000,00,0,8,21,B02
201100000962,0,07,000,00,2,4,01,A01
201100000962,0,07,000,00,2,1,01,B02
201100000963,0,07,000,00,2,1,21,A01
201100000963,0,02,000,00,2,1,13,B02
201100000964,0,07,000,00,0,0,23,A01
201100000964,0,10,000,00,2,1,01,E05
201100000964,0,07,000,00,2,2,00,G07
201100000964,0,07,000,00,2,1,00,F06
201100000964,0,07,000,00,2,4,01,D04
201100000964,0,07,000,00,0,3,01,C03
201100000964,0,07,000,01,0,1,01,B02
201100000965,0,07,000,00,2,1,21,B02
201100000965,0,07,000,00,2,1,13,A01
201100000966,0,07,000,06,0,0,13,A01
201100000967,0,07,000,08,0,8,13,A01
201100000968,0,02,000,00,2,1,15,B02
201100000968,0,07,000,00,2,2,19,A01
201100000969,0,07,000,00,2,7,19,A01
201100000969,0,07,000,00,2,1,01,B02
201100000970,0,15,000,00,2,1,21,A01
201100000970,0,31,000,00,2,1,13,B02
201100000971,0,02,000,06,0,1,00,A01
201100000972,0,07,000,00,2,3,19,A01
201100000972,0,07,000,00,2,1,19,B02
201100000973,0,15,000,00,0,7,15,A01
201100000973,0,31,000,00,2,1,01,B02
201100000974,0,07,000,00,0,1,00,A01
201100000975,0,07,000,01,1,2,14,A01
201100000976,0,07,000,00,2,4,01,A01
201100000976,0,33,000,00,2,1,01,B02
201100000977,0,07,000,00,2,6,11,B02
201100000977,0,38,000,00,2,6,01,C03
201100000977,0,33,000,08,0,3,17,A01
201100000978,0,33,000,00,0,1,01,A01
201100000979,0,07,000,02,0,2,14,A01
201100000980,0,07,000,00,2,0,09,A01
201100000980,0,01,000,00,2,0,01,B02
201100000981,0,07,000,00,0,5,15,B02
201100000981,0,33,000,00,0,1,01,A01
201100000981,0,07,000,00,0,3,00,C03
201100000982,0,07,000,00,9,9,01,A01
201100000983,0,14,000,00,2,1,01,B02
201100000983,0,07,000,04,2,8,01,A01
201100000984,0,02,000,00,2,1,01,B02
201100000984,0,07,000,00,0,6,15,A01
201100000985,0,07,000,00,2,6,17,B02
201100000985,0,33,000,00,2,1,17,A01
201100000986,0,07,000,00,1,1,11,A01
201100000987,0,14,000,00,2,1,13,B02
201100000987,0,07,000,00,2,1,01,A01
201100000988,0,17,000,00,2,3,01,B02
201100000988,0,07,000,00,2,1,13,A01
201100000989,0,01,000,00,2,1,01,A01
201100000989,0,01,000,00,2,1,02,B02
201100000990,0,07,000,00,2,2,01,B02
201100000990,0,07,000,00,0,3,00,A01
201100000991,0,02,000,00,2,8,13,A01
201100000991,0,07,000,00,2,8,21,B02
201100000992,0,07,000,06,0,3,06,A01
201100000993,0,36,000,00,6,1,01,A01
201100000994,0,07,000,00,2,1,01,A01
201100000994,0,07,000,00,2,8,19,B02
201100000995,0,33,000,16,0,8,01,A01
201100000996,0,07,000,00,2,1,17,A01
201100000996,0,07,000,00,2,1,01,B02
201100000997,0,10,000,00,1,2,00,A01
201100000998,0,07,000,00,1,2,01,A01
201100000999,0,33,000,00,0,2,01,A01
201100001000,0,07,000,00,2,7,19,B02
201100001000,0,07,000,00,2,1,01,A01
201100001001,0,07,000,02,0,2,01,A01
201100001002,0,35,000,01,0,3,14,A01
201100001003,0,07,000,00,2,1,13,A01
201100001003,0,07,000,00,2,1,01,B02
201100001004,0,07,000,00,2,8,01,B02
201100001004,0,15,000,00,2,3,01,A01
201100001005,0,07,000,00,2,1,13,A01
201100001005,0,10,000,00,2,2,21,B02
201100001006,0,07,000,00,2,8,15,A01
201100001006,0,33,000,00,2,1,17,B02
201100001007,0,31,000,00,2,3,01,A01
201100001007,0,37,001,00,2,8,01,B02
201100001008,0,07,000,00,9,2,01,A01
201100001008,0,01,000,00,2,8,16,B02
201100001009,0,02,000,00,0,4,01,B02
201100001009,0,07,000,00,2,2,02,A01
201100001010,0,07,000,00,1,5,00,A01
201100001011,0,07,000,00,2,7,13,A01
201100001011,0,07,000,00,2,1,01,B02
201100001012,0,07,000,00,2,1,01,B02
201100001012,0,07,000,00,2,1,13,A01
201100001013,0,07,000,02,0,7,01,A01
201100001014,0,07,000,13,0,9,14,A01
201100001015,0,07,000,02,0,8,17,A01
201100001016,0,07,000,08,0,9,01,A01
201100001017,0,07,000,00,1,1,21,A01
201100001018,0,07,000,00,0,0,14,A01
201100001019,0,07,000,06,0,1,14,A01
201100001020,0,33,000,00,2,1,01,A01
201100001020,0,30,000,00,2,8,10,B02
201100001021,0,13,000,00,0,6,23,A01
201100001021,0,07,000,01,0,1,02,B02
201100001022,0,07,000,00,1,1,23,A01
201100001023,0,07,000,00,1,1,01,A01
201100001024,0,07,000,00,0,3,01,A01
201100001025,0,07,000,00,2,2,13,B02
201100001025,0,07,000,00,0,3,01,A01
201100001026,0,10,000,00,1,1,01,A01
201100001027,0,07,000,00,2,1,01,A01
201100001027,0,07,000,00,0,4,01,B02
201100001028,0,10,000,00,2,8,19,A01
201100001028,0,07,000,00,2,1,19,B02
201100001029,0,36,000,02,0,0,00,A01
201100001030,0,07,000,00,0,0,00,A01
201100001031,0,31,000,00,2,1,01,A01
201100001031,0,07,000,00,2,1,20,C03
201100001031,0,10,000,00,2,3,01,B02
201100001032,0,07,000,00,1,2,21,A01
201100001033,0,10,000,00,2,7,17,A01
201100001033,0,01,000,00,2,8,01,B02
201100001034,0,07,000,03,0,9,00,A01
201100001035,0,07,000,00,2,1,13,A01
201100001035,0,07,000,00,2,1,01,B02
201100001036,0,02,000,08,0,1,13,A01
201100001037,0,30,000,08,0,1,00,A01
201100001038,0,07,000,00,2,1,01,A01
201100001038,0,07,000,00,2,4,23,B02
201100001038,0,07,000,00,2,4,23,C03
201100001039,0,07,000,00,1,1,01,A01
201100001040,0,07,000,13,0,9,01,A01
201100001041,0,07,000,00,2,2,19,A01
201100001041,0,33,000,00,2,1,01,B02
201100001042,0,30,000,16,0,7,01,A01
201100001043,0,33,000,00,2,1,01,B02
201100001043,0,21,000,00,2,6,15,A01
201100001044,0,33,000,00,0,7,21,A01
201100001045,0,07,000,02,0,1,01,A01
201100001046,0,10,000,02,0,3,01,A01
201100001047,0,30,000,00,2,1,21,A01
201100001047,0,07,000,00,2,5,15,B02
201100001048,0,07,000,00,2,1,05,A01
201100001048,0,07,000,00,2,1,01,B02
201100001049,0,10,000,00,2,4,04,A01
201100001049,0,33,000,00,2,1,23,B02
201100001049,0,33,000,00,2,7,23,C03
201100001050,0,07,000,00,2,3,01,B02
201100001050,0,07,000,00,2,2,13,A01
201100001051,0,01,000,12,2,3,01,B02
201100001051,0,07,000,00,2,2,16,A01
201100001052,0,07,000,00,2,1,05,A01
201100001052,0,07,000,00,2,1,01,B02
201100001053,0,07,000,00,2,1,15,A01
201100001053,0,02,000,00,2,8,01,B02
201100001054,0,31,000,00,2,1,17,B02
201100001054,0,07,000,00,2,3,15,A01
201100001055,0,07,000,00,0,7,01,C03
201100001055,0,07,000,00,0,4,01,B02
201100001055,0,33,000,00,2,8,13,A01
201100001056,0,07,000,00,2,3,01,A01
201100001056,0,02,000,00,2,2,17,B02
201100001057,0,33,000,00,2,1,01,B02
201100001057,0,07,000,00,2,7,09,A01
201100001058,0,02,000,00,2,0,21,A01
201100001059,0,07,000,00,1,2,15,A01
201100001060,0,07,000,00,0,0,04,A01
201100001061,0,07,000,00,0,1,17,A01
201100001062,0,21,000,00,0,0,15,B02
201100001062,0,33,000,00,2,1,17,A01
201100001063,0,07,000,00,2,1,13,A01
201100001063,0,10,000,00,2,1,01,B02
201100001064,0,07,000,00,2,3,13,A01
201100001064,0,14,000,00,2,3,01,B02
201100001065,0,07,000,00,2,7,13,A01
201100001065,0,07,000,00,2,1,01,B02
201100001066,0,07,000,00,2,1,13,A01
201100001066,0,07,000,00,2,1,01,B02
201100001067,0,30,000,00,2,1,13,A01
201100001067,0,07,000,00,2,1,01,B02
201100001068,0,07,000,13,0,3,01,A01
201100001069,0,14,000,15,0,1,01,A01
201100001070,0,31,000,00,2,1,17,B02
201100001070,0,07,000,00,2,8,10,A01
201100001071,0,07,000,00,2,3,01,B02
201100001071,0,15,000,00,2,3,01,A01
201100001072,0,07,000,00,2,8,19,A01
201100001072,0,07,000,00,2,1,01,B02
201100001073,0,15,000,00,1,1,01,A01
201100001074,0,07,000,02,0,1,13,A01
201100001075,0,14,000,00,2,3,01,A01
201100001075,0,07,000,00,2,3,13,B02
201100001076,0,07,000,00,0,0,14,A01
201100001077,0,07,000,08,0,2,00,B02
201100001077,0,07,000,00,0,1,15,A01
201100001078,0,07,000,00,2,1,13,A01
201100001078,0,10,000,00,2,1,01,B02
201100001079,0,07,000,00,2,1,01,A01
201100001079,0,02,000,00,2,7,15,B02
201100001080,0,07,000,00,2,8,01,C03
201100001080,0,14,000,00,0,0,00,D04
201100001080,0,10,000,00,2,1,13,B02
201100001080,0,10,000,00,2,1,01,A01
201100001081,0,07,000,08,2,3,13,B02
201100001081,0,07,000,00,2,3,01,A01
201100001082,0,15,000,00,2,1,13,B02
201100001082,0,07,000,14,0,1,21,C03
201100001082,0,10,000,00,2,3,01,A01
201100001083,0,31,000,00,2,1,14,A01
201100001083,0,21,000,00,2,0,02,B02
201100001084,0,03,000,00,2,4,01,A01
201100001084,0,07,000,00,2,1,01,C03
201100001084,0,07,000,00,2,2,17,B02
201100001084,0,07,000,00,2,1,01,D04
201100001084,0,07,000,00,2,3,01,E05
201100001085,0,07,000,08,0,8,01,A01
201100001086,0,07,000,00,0,3,15,A01
201100001086,0,02,000,00,0,1,01,B02
201100001087,0,07,000,00,2,2,19,A01
201100001087,0,07,000,00,2,2,01,B02
201100001088,0,07,000,00,2,7,20,B02
201100001088,0,07,000,00,2,1,13,A01
201100001089,0,07,000,01,0,1,00,A01
201100001090,0,30,000,00,2,1,02,B02
201100001090,0,07,000,00,2,4,02,A01
201100001091,0,07,000,00,2,2,01,A01
201100001091,0,01,000,00,2,1,11,B02
201100001092,0,07,000,02,0,1,19,A01
201100001093,0,30,000,00,2,1,01,A01
201100001093,0,07,000,00,2,1,17,B02
201100001094,0,07,000,00,0,2,02,A01
201100001094,0,01,000,00,0,4,02,B02
201100001095,0,02,000,00,0,1,01,A01
201100001095,0,07,000,00,0,3,17,B02
201100001096,0,07,000,00,1,4,04,A01
201100001097,0,07,000,00,0,1,13,A01
201100001097,0,07,000,00,0,1,01,B02
201100001097,0,07,000,00,0,8,01,C03
201100001098,0,10,000,00,1,4,04,A01
201100001099,0,07,000,00,2,3,04,A01
201100001099,0,07,000,00,2,2,13,B02
201100001100,0,07,000,00,2,7,13,A01
201100001100,0,07,000,00,2,1,01,B02
201100001101,0,07,000,00,0,2,19,B02
201100001101,0,07,000,00,2,6,01,A01
201100001102,0,07,000,02,0,1,01,A01
201100001103,0,31,000,03,0,7,14,A01
201100001104,0,07,000,02,0,1,01,A01
201100001105,0,07,000,02,2,8,19,B02
201100001105,0,07,000,00,2,1,01,A01
201100001106,0,07,000,13,0,1,01,A01
201100001107,0,07,000,00,1,2,21,A01
201100001108,0,07,000,00,9,1,17,B02
201100001108,0,02,000,00,2,8,15,A01
201100001109,0,07,000,00,1,3,01,A01
201100001110,0,07,000,00,2,8,01,B02
201100001110,0,07,000,00,2,3,01,A01
201100001111,0,07,000,00,2,2,01,B02
201100001111,0,33,000,02,2,1,13,A01
201100001112,0,33,000,03,0,1,01,A01
201100001113,0,33,000,00,0,8,01,A01
201100001114,0,36,000,01,0,3,01,A01
201100001115,0,07,000,02,0,2,01,A01
201100001116,0,07,000,00,1,2,01,A01
201100001117,0,07,000,00,0,5,15,B02
201100001117,0,30,000,00,2,1,18,A01
201100001118,0,07,000,00,0,5,16,A01
201100001118,0,31,000,00,0,1,02,B02
201100001119,0,07,000,00,2,3,23,B02
201100001119,0,07,000,01,0,4,01,A01
201100001120,0,07,000,02,0,1,01,A01
201100001121,0,07,000,00,0,3,01,A01
201100001122,0,07,000,00,2,3,15,B02
201100001122,0,07,000,00,2,3,01,A01
201100001123,0,01,000,00,1,0,01,A01
201100001124,0,07,000,00,2,1,13,A01
201100001124,0,07,000,00,2,1,01,B02
201100001125,0,15,000,00,2,7,15,A01
201100001125,0,33,000,00,2,1,01,B02
201100001126,0,33,000,13,0,7,01,A01
201100001127,0,07,000,00,2,3,13,A01
201100001127,0,15,000,00,2,0,01,B02
201100001128,0,33,000,00,2,8,01,B02
201100001128,0,07,000,00,2,1,15,A01
201100001129,0,33,000,08,0,7,01,A01
201100001130,0,30,000,00,2,1,05,A01
201100001130,0,07,000,00,2,1,00,B02
201100001131,0,07,000,00,2,2,21,A01
201100001131,0,07,000,00,0,6,24,B02
201100001132,0,07,000,00,0,1,01,A01
201100001133,0,33,000,00,0,4,01,B02
201100001133,0,07,000,00,9,1,14,A01
201100001134,0,07,000,00,0,4,01,B02
201100001134,0,15,000,00,2,1,01,A01
201100001135,0,07,000,00,0,0,01,A01
201100001136,0,07,000,00,2,1,02,A01
201100001136,0,07,000,00,0,4,02,B02
201100001137,0,07,000,00,1,4,04,A01
201100001138,0,10,000,00,2,1,01,B02
201100001138,0,07,000,00,2,1,13,A01
201100001139,0,02,000,00,2,1,01,B02
201100001139,0,07,000,00,2,3,17,A01
201100001140,0,07,000,00,2,1,01,B02
201100001140,0,07,000,00,2,1,15,A01
201100001141,0,07,000,02,0,6,13,A01
201100001142,0,07,000,00,2,2,01,B02
201100001142,0,07,000,00,2,1,01,A01
201100001143,0,14,000,00,2,6,04,A01
201100001143,0,37,001,00,2,7,01,B02
201100001144,0,07,000,00,1,2,01,A01
201100001145,0,07,000,00,2,1,19,A01
201100001145,0,10,000,00,2,1,01,B02
201100001146,0,33,000,00,2,1,17,A01
201100001146,0,07,000,00,2,6,23,B02
201100001147,0,07,000,00,2,1,02,A01
201100001147,0,07,000,00,2,3,19,B02
201100001148,0,07,000,00,0,1,01,A01
201100001148,0,01,000,00,2,4,01,B02
201100001149,0,07,000,00,2,1,01,A01
201100001149,0,07,000,00,2,1,01,B02
201100001150,0,07,000,00,2,2,15,A01
201100001150,0,31,000,00,2,3,01,B02
201100001151,0,02,000,06,0,1,01,A01
201100001152,0,33,000,00,2,7,02,A01
201100001152,0,07,000,00,0,6,01,B02
201100001153,0,07,000,12,0,9,01,A01
201100001154,0,07,000,02,0,0,01,A01
201100001155,0,33,000,00,2,1,01,A01
201100001155,0,07,000,00,2,6,19,B02
201100001156,0,07,000,00,2,1,01,A01
201100001156,0,21,000,00,2,7,19,B02
201100001157,0,07,000,08,0,1,01,A01
201100001158,0,07,000,00,2,8,15,B02
201100001158,0,07,000,00,2,3,01,A01
201100001159,0,13,000,00,0,0,23,C03
201100001159,0,07,000,00,1,9,01,A01
201100001159,0,07,000,00,0,0,23,B02
201100001160,0,07,000,00,0,5,01,B02
201100001160,0,07,000,00,2,1,02,A01
201100001160,0,07,000,00,2,1,01,C03
201100001161,0,07,000,00,2,3,19,B02
201100001161,0,30,000,00,2,7,01,A01
201100001162,1,07,000,11,1,2,00,A01
201100001163,0,03,000,00,9,0,02,C03
201100001163,0,30,000,00,2,1,13,A01
201100001163,0,07,000,00,2,2,01,B02
201100001164,0,07,000,00,2,1,01,B02
201100001164,0,33,000,00,2,1,01,A01
201100001165,0,10,000,00,2,1,01,B02
201100001165,0,30,000,00,2,1,15,A01
201100001166,0,07,000,00,2,3,01,A01
201100001166,0,33,000,00,2,1,01,B02
201100001167,0,07,000,00,2,3,01,B01
201100001167,0,07,000,00,2,3,15,A01
201100001168,0,07,000,00,2,8,01,A01
201100001168,0,07,000,00,2,1,19,B02
201100001169,0,07,000,00,2,3,01,B02
201100001169,0,07,000,00,2,3,01,A01
201100001170,0,07,000,00,1,1,01,B02
201100001170,0,33,000,00,2,0,01,A01
201100001171,0,07,000,00,2,8,19,B02
201100001171,0,07,000,00,2,1,01,A01
201100001172,0,10,000,00,2,1,05,A01
201100001172,0,07,000,00,2,1,01,B02
201100001173,0,07,000,00,1,2,01,A01
201100001174,0,07,000,00,2,3,01,B02