Num_Acc,senc,catv,occutc,obs,obsm,choc,manv,num_veh
201100001543,0,01,000,00,2,1,01,B02
201100001544,0,07,000,13,0,1,01,A01
201100001545,0,07,000,00,2,1,01,B02
201100001545,0,07,000,00,2,7,01,C03
201100001545,0,07,000,00,2,2,13,A01
201100001546,0,07,000,00,6,1,01,A01
201100001547,0,33,000,00,0,0,01,A01
201100001548,0,07,000,00,2,8,09,A01
201100001548,0,07,000,00,2,1,01,B02
201100001549,0,07,000,00,2,1,09,A01
201100001549,0,01,000,00,2,7,01,B02
201100001550,0,07,000,00,2,1,01,B02
201100001550,0,07,000,00,2,1,01,A01
201100001551,0,02,000,00,2,1,01,B02
201100001551,0,07,000,00,2,6,09,A01
201100001552,0,07,000,12,0,0,01,A01
201100001553,0,07,000,00,2,3,13,A01
201100001553,0,15,000,00,2,3,01,B02
201100001554,0,33,000,08,0,1,01,A01
201100001555,0,07,000,10,0,3,01,A01
201100001556,0,07,000,00,2,6,15,A01
201100001556,0,07,000,00,2,3,01,B02
201100001557,0,07,000,00,2,2,01,C03
201100001557,0,10,000,00,2,1,01,B02
201100001557,0,07,000,00,2,7,13,A01
201100001558,0,07,000,08,0,1,01,A01
201100001559,0,07,000,06,0,8,01,A01
201100001560,0,07,000,08,2,9,01,B02
201100001560,0,07,000,00,2,2,15,A01
201100001561,0,07,000,00,2,6,15,B02
201100001561,0,33,000,00,2,1,01,A01
201100001562,0,07,000,00,2,3,10,A01
201100001562,0,33,000,00,2,1,01,B02
201100001563,0,07,000,02,0,9,01,A01
201100001564,0,07,000,00,2,1,13,A01
201100001564,0,17,000,13,2,1,01,B02
201100001565,0,99,000,00,2,4,01,B02
201100001565,0,30,000,00,2,1,02,A01
201100001566,0,07,000,00,0,1,01,A01
201100001567,0,07,000,02,0,2,00,A01
201100001568,0,30,000,08,0,8,14,A01
201100001569,0,07,000,00,2,2,15,A01
201100001569,0,33,000,00,2,1,01,B02
201100001570,0,07,000,00,2,3,01,A01
201100001570,0,30,000,00,2,1,02,B02
201100001571,0,07,000,00,2,2,15,A01
201100001571,0,33,000,00,2,1,01,B02
201100001572,0,07,000,06,0,2,01,A01
201100001573,0,07,000,13,0,3,01,A01
201100001574,0,07,000,00,1,2,02,A01
201100001575,0,07,000,00,2,4,02,B02
201100001575,0,07,000,00,2,1,02,A01
201100001576,0,07,000,00,2,3,11,A01
201100001576,0,07,000,00,2,1,01,B02
201100001577,0,07,000,00,2,2,01,A01
201100001577,0,07,000,00,2,3,01,B02
201100001577,0,07,000,00,2,1,23,C03
201100001578,0,07,000,00,2,3,01,C03
201100001578,0,07,000,00,2,3,13,A01
201100001578,0,07,000,00,2,3,01,D04
201100001578,0,07,000,00,2,6,01,B02
201100001579,0,07,000,13,0,9,01,A01
201100001580,0,10,000,13,0,3,01,A01
201100001581,0,07,000,00,2,8,09,A01
201100001581,0,30,000,00,2,1,01,B02
201100001582,0,07,000,00,2,1,13,A01
201100001582,0,07,000,00,0,3,01,B02
201100001583,0,33,000,05,0,7,01,A01
201100001584,0,07,000,06,0,3,01,A01
201100001585,0,07,000,13,0,1,01,A01
201100001586,0,07,000,08,0,1,17,A01
201100001587,0,10,000,16,0,2,01,A01
201100001588,0,07,000,00,2,2,19,B02
201100001588,0,07,000,00,2,1,01,A01
201100001589,0,02,000,00,2,8,01,A01
201100001589,0,10,000,00,2,7,01,B02
201100001590,0,07,000,00,2,3,13,A01
201100001590,0,14,000,00,2,3,01,B02
201100001591,0,07,000,00,2,1,13,A01
201100001591,0,07,000,00,2,1,01,B02
201100001591,0,07,000,00,2,1,01,C03
201100001592,0,07,000,00,0,1,19,A01
201100001592,0,02,000,00,0,8,00,B02
201100001593,0,15,000,00,0,3,01,B02
201100001593,0,07,000,00,9,1,17,A01
201100001594,0,07,000,00,2,2,02,A01
201100001594,0,07,000,00,2,6,15,B02
201100001595,0,30,000,00,2,1,01,A01
201100001595,0,21,000,00,2,8,01,B02
201100001596,0,07,000,08,0,1,01,A01
201100001597,0,33,000,00,2,1,01,B02
201100001597,0,07,000,00,2,1,15,A01
201100001598,0,07,000,02,0,1,01,A01
201100001599,0,07,000,00,0,5,01,A01
201100001599,0,31,000,00,0,1,01,B02
201100001600,0,33,000,00,0,8,01,A01
201100001601,0,07,000,02,0,1,13,A01
201100001602,0,07,000,00,2,5,15,A01
201100001602,0,33,000,00,2,1,01,B02
201100001603,0,33,000,00,0,8,01,A01
201100001604,0,07,000,08,0,2,13,A01
201100001605,0,07,000,00,0,4,23,A01
201100001605,0,07,000,00,2,1,02,B02
201100001606,0,07,000,02,0,1,01,A01
201100001607,0,30,000,00,2,4,09,A01
201100001607,0,07,000,00,2,3,01,B02
201100001608,0,07,000,00,2,2,15,A01
201100001608,0,07,000,00,2,1,01,B02
201100001608,0,07,000,00,2,3,23,C03
201100001609,0,02,000,00,2,1,01,B02
201100001609,0,07,000,00,2,7,19,A01
201100001610,0,07,000,00,0,8,19,A01
201100001610,0,31,000,00,2,1,01,B02
201100001611,0,07,000,00,0,3,19,B02
201100001611,0,07,000,00,2,1,01,A01
201100001612,0,07,000,13,0,1,14,A01
201100001613,0,07,000,00,2,1,13,A01
201100001613,0,07,000,00,2,1,01,B02
201100001614,0,07,000,00,1,3,01,A01
201100001615,0,10,000,00,2,2,01,C03
201100001615,0,07,000,00,2,1,01,A01
201100001615,0,07,000,00,2,8,01,B02
201100001616,0,07,000,02,0,2,14,A01
201100001617,0,07,000,10,0,1,01,A01
201100001618,0,07,000,00,2,1,00,B02
201100001618,0,30,000,00,2,1,13,A01
201100001619,0,07,000,02,0,7,01,A01
201100001620,0,33,000,00,2,1,01,A01
201100001620,0,07,000,00,2,3,15,B02
201100001621,0,07,000,08,0,8,01,A01
201100001622,0,02,000,06,0,1,01,A01
201100001623,0,33,000,13,0,0,21,A01
201100001623,0,07,000,00,0,0,19,B02
201100001624,0,07,000,00,0,5,19,A01
201100001625,0,07,000,00,2,3,01,B02
201100001625,0,07,000,00,2,3,13,A01
201100001626,0,07,000,00,2,1,23,C03
201100001626,0,10,000,00,2,3,01,A01
201100001626,0,07,000,00,2,1,23,B02
201100001627,0,07,000,00,2,4,02,B02
201100001627,0,33,000,00,2,0,02,A01
201100001628,0,07,000,06,0,3,13,A01
201100001629,0,07,000,04,0,3,01,A01
201100001630,0,07,000,01,2,1,13,A01
201100001630,0,10,000,01,2,1,00,B02
201100001631,0,07,000,13,0,0,01,A01
201100001632,0,30,000,00,2,4,01,A01
201100001632,0,30,000,00,2,1,01,B02
201100001632,0,07,000,00,2,1,01,C03
201100001633,0,07,000,00,1,1,09,A01
201100001634,0,33,000,00,0,0,01,A01
201100001635,0,02,000,00,2,1,01,A01
201100001635,0,02,000,00,0,7,15,B02
201100001636,0,02,000,06,0,1,01,A01
201100001637,0,33,000,00,0,0,01,A01
201100001638,0,07,000,00,2,5,01,B02
201100001638,0,07,000,00,2,3,13,A01
201100001639,0,33,000,00,2,1,21,A01
201100001639,0,07,000,00,2,6,15,B02
201100001640,0,33,000,06,0,1,01,A01
201100001641,0,07,000,00,2,3,15,A01
201100001641,0,33,000,00,2,1,01,B02
201100001642,0,07,000,06,0,1,01,A01
201100001643,0,30,000,00,0,8,01,A01
201100001644,0,07,000,00,2,7,01,B02
201100001644,0,07,000,00,2,8,01,A01
201100001645,0,33,000,00,0,7,17,A01
201100001646,0,07,000,00,2,3,01,B02
201100001646,0,07,000,00,2,2,09,A01
201100001647,0,07,000,08,0,8,01,A01
201100001648,0,07,000,00,1,1,01,A01
201100001649,0,07,000,00,1,1,01,A01
201100001650,0,07,000,00,1,2,01,A01
201100001651,0,07,000,00,2,1,01,A01
201100001651,0,14,000,00,2,1,01,B02
201100001652,0,07,000,00,2,2,01,A01
201100001652,0,07,000,00,2,1,01,B02
201100001653,0,21,000,00,2,3,15,B02
201100001653,0,33,000,00,2,1,17,A01
201100001654,0,07,000,00,2,2,01,B02
201100001654,0,02,000,00,2,5,15,A01
201100001655,0,31,000,00,2,7,01,A01
201100001655,0,07,000,00,2,1,01,B02
201100001656,0,07,000,00,2,8,19,A01
201100001656,0,38,000,00,2,1,01,B02
201100001657,0,10,000,00,2,2,01,A01
201100001657,0,07,000,00,2,1,01,B02
201100001658,0,07,000,13,0,0,01,A01
201100001659,0,33,000,00,0,3,01,B02
201100001659,0,07,000,00,0,6,15,A01
201100001660,0,33,000,00,0,0,01,A01
201100001661,0,07,000,00,1,1,01,A01
201100001662,0,10,000,00,1,2,01,A01
201100001663,0,07,000,00,2,1,01,A01
201100001663,0,07,000,00,2,8,09,B02
201100001664,0,07,000,00,2,3,05,A01
201100001664,0,07,000,00,2,3,01,B02
201100001665,1,07,000,00,2,2,15,A01
201100001665,0,07,000,00,2,1,01,B02
201100001666,0,07,000,00,2,3,15,A01
201100001666,0,07,000,00,2,1,01,B02
201100001667,0,01,000,00,9,7,14,A01
201100001667,0,01,000,00,9,8,01,B02
201100001668,0,10,000,00,2,1,01,A01
201100001668,0,07,000,00,2,4,01,B02
201100001669,0,30,000,11,0,1,01,A01
201100001670,0,07,000,13,0,1,01,A01
201100001671,0,07,000,00,2,8,13,B02
201100001671,0,07,000,08,2,7,17,A01
201100001672,0,10,000,00,1,3,01,A01
201100001673,0,30,000,11,0,7,01,A01
201100001674,0,07,000,00,0,7,01,A01
201100001675,0,07,000,00,2,6,15,A01
201100001675,0,33,000,00,2,1,01,B02
201100001676,0,01,000,14,0,1,01,A01
201100001677,0,10,000,00,1,2,21,A01
201100001678,0,07,000,00,2,3,09,B02
201100001678,0,01,000,00,2,1,01,A01
201100001679,0,07,000,00,2,1,01,A01
201100001679,0,33,000,00,2,2,02,B02
201100001680,0,07,000,00,2,7,19,A01
201100001680,0,07,000,00,2,1,01,B02
201100001681,0,10,000,00,1,6,20,A01
201100001682,0,07,000,00,2,8,22,B02
201100001682,0,01,000,01,0,1,01,A01
201100001683,0,07,000,00,2,3,15,A01
201100001683,0,14,000,00,2,1,01,B02
201100001684,0,07,000,00,2,8,15,B02
201100001684,0,33,000,00,2,1,17,A01
201100001685,0,07,000,00,2,3,13,A01
201100001685,0,07,000,00,2,1,01,B02
201100001686,0,07,000,06,0,1,01,A01
201100001687,0,07,000,00,2,2,01,A01
201100001688,0,07,000,00,1,2,01,A01
201100001689,0,07,000,00,9,3,21,A01
201100001689,0,01,000,00,0,4,13,B02
201100001690,0,07,000,00,2,1,01,B02
201100001690,0,07,000,00,2,1,15,A01
201100001690,0,07,000,00,2,1,21,C03
201100001691,0,10,000,00,2,3,01,A01
201100001691,0,07,000,00,2,3,13,B02
201100001692,0,33,000,00,0,2,01,A01
201100001693,0,07,000,06,0,7,13,A01
201100001694,0,07,000,00,0,1,19,B02
201100001694,0,07,000,00,2,8,01,A01
201100001695,0,07,000,00,2,1,13,A01
201100001695,0,07,000,00,2,1,01,B02
201100001696,0,33,000,00,2,2,01,A01
201100001696,0,07,000,00,2,5,15,B02
201100001697,0,17,000,03,0,3,01,A01
201100001698,0,07,000,00,2,5,15,A01
201100001698,0,02,000,00,1,1,01,B02
201100001699,0,07,000,02,0,2,01,A01
201100001700,0,33,000,00,1,2,17,A01
201100001701,0,30,000,01,0,2,01,A01
201100001701,0,07,000,00,0,2,00,B02
201100001702,0,33,000,13,0,8,13,A01
201100001703,0,07,000,13,0,2,15,A01
201100001704,0,07,000,13,2,3,13,A01
201100001704,0,07,000,13,2,3,01,B02
201100001705,0,07,000,13,2,9,13,A01
201100001705,0,07,000,00,2,7,01,B02
201100001706,0,21,000,06,0,1,01,A01
201100001707,0,33,000,13,0,1,01,A01
201100001708,0,30,000,00,2,1,01,A01
201100001708,0,07,000,00,2,4,15,B02
201100001709,0,10,000,00,2,1,01,B01
201100001709,0,07,000,00,2,8,19,A02
201100001710,0,10,000,00,2,8,01,B02
201100001710,0,30,000,00,2,8,13,A01
201100001711,0,02,000,00,2,7,21,A01
201100001711,0,07,000,00,2,3,19,B02
201100001712,0,07,000,00,2,7,01,B02
201100001712,0,07,000,00,2,1,19,A01
201100001713,0,07,000,00,9,1,01,B02
201100001713,0,01,000,00,0,5,15,A01
201100001714,0,07,000,00,2,3,02,B02
201100001714,0,07,000,00,2,1,02,A01
201100001715,0,07,000,15,2,8,06,A01
201100001715,0,07,000,00,2,3,01,B02
201100001716,0,33,000,12,0,8,01,A01
201100001717,0,30,000,00,2,3,02,B02
201100001717,0,07,000,00,2,3,15,A01
201100001718,0,07,000,06,0,1,06,A01
201100001719,0,07,000,13,0,3,01,A01
201100001720,0,07,000,00,2,2,01,B02
201100001720,0,07,000,00,2,1,15,A01
201100001721,0,07,000,00,2,1,01,B02
201100001721,0,07,000,00,2,2,19,A01
201100001722,0,07,000,00,2,3,01,B02
201100001722,0,15,000,00,2,2,13,A01
201100001723,0,07,000,00,1,2,01,A01
201100001724,0,07,000,00,1,1,01,A01
201100001725,0,31,000,00,2,1,01,B02
201100001725,0,07,000,00,2,3,15,A01
201100001726,0,07,000,00,2,2,01,A01
201100001726,0,01,000,00,2,3,11,B02
201100001727,0,07,000,00,2,1,13,A01
201100001727,0,07,000,00,2,1,01,B02
201100001728,0,07,000,00,2,1,02,B02
201100001728,0,07,000,00,1,1,23,A01
201100001729,0,30,000,13,0,1,14,A01
201100001730,0,33,000,00,2,1,01,B02
201100001730,0,07,000,00,2,2,15,A01
201100001731,0,07,000,00,2,1,01,A01
201100001731,0,31,000,00,2,7,19,B02
201100001732,0,07,000,00,2,1,13,A01
201100001732,0,07,000,00,2,1,01,B02
201100001733,2,07,000,00,2,2,15,A01
201100001733,0,15,000,00,2,8,01,B02
201100001734,0,07,000,00,2,3,13,A01
201100001734,0,17,000,00,2,3,01,B02
201100001735,0,10,000,00,2,8,15,A01
201100001735,0,33,000,00,2,1,01,B02
201100001736,0,07,000,00,2,3,13,A01
201100001736,0,02,000,00,2,6,01,B02
201100001737,0,03,000,00,2,3,13,A01
201100001737,0,07,000,00,2,3,01,B02
201100001738,0,07,000,00,2,1,01,A01
201100001738,0,21,000,00,2,3,09,B02
201100001739,0,10,000,02,0,2,14,A01
201100001740,0,07,000,13,2,1,13,A01
201100001740,0,07,000,00,2,1,01,B02
201100001741,0,07,000,13,0,1,01,A01
201100001742,0,01,000,00,2,8,15,B02
201100001742,0,07,000,00,9,1,01,A01
201100001743,0,07,000,00,2,7,01,A01
201100001743,0,01,000,00,2,1,19,B02
201100001744,0,33,000,13,0,3,01,A01
201100001745,0,33,000,06,0,3,13,A01
201100001746,0,07,000,13,0,3,13,A01
201100001747,0,33,000,00,2,1,05,B02
201100001747,0,07,000,00,2,6,01,A01
201100001748,0,07,000,02,0,3,21,A01
201100001749,0,07,000,00,2,3,15,A01
201100001749,0,07,000,00,2,2,17,B02
201100001750,0,07,000,00,2,3,05,A01
201100001750,0,07,000,00,2,3,21,B02
201100001750,0,17,000,00,2,2,21,C03
201100001751,0,07,000,02,0,4,14,A01
201100001752,0,07,000,00,1,2,01,A01
201100001753,0,07,000,00,2,3,01,B02
201100001753,0,07,000,00,2,8,15,A01
201100001754,0,07,000,00,2,2,17,A01
201100001754,0,02,000,00,2,8,15,B02
201100001755,0,07,000,00,9,2,15,A01
201100001755,0,01,000,00,2,1,01,B02
201100001756,0,07,000,02,0,8,13,A01
201100001757,0,07,000,00,2,1,17,A01
201100001757,0,07,000,00,2,1,01,B02
201100001758,0,07,000,08,0,8,01,A01
201100001759,0,07,000,10,0,2,01,A01
201100001760,0,07,000,13,0,1,01,A01
201100001761,0,07,000,00,2,6,19,A01
201100001761,0,07,000,00,2,2,01,B02
201100001762,0,33,000,00,2,7,21,A01
201100001762,0,07,000,00,0,6,15,B02
201100001762,0,07,000,00,2,1,01,C03
201100001763,0,07,000,13,0,3,14,A01
201100001764,0,07,000,16,0,9,13,A01
201100001765,0,07,000,00,2,1,01,B02
201100001765,0,07,000,00,2,8,19,A01
201100001766,0,07,000,00,2,3,13,B02
201100001766,0,01,000,00,2,1,13,A01
201100001767,0,07,000,00,2,3,13,A01
201100001767,0,17,000,00,2,3,01,B02
201100001768,0,33,000,13,0,1,14,A01
201100001769,0,07,000,00,1,3,01,A01
201100001770,0,30,000,00,2,3,13,A01
201100001770,0,07,000,00,2,8,01,B02
201100001771,0,07,000,02,0,4,13,A01
201100001772,0,30,000,00,2,1,01,A01
201100001772,0,07,000,00,2,3,01,B02
201100001773,0,07,000,00,2,4,01,A01
201100001773,0,07,000,00,2,1,01,B02
201100001774,0,01,000,00,2,2,01,B02
201100001774,0,07,000,00,2,3,12,A01
201100001775,0,07,000,00,2,8,01,B02
201100001775,0,36,000,00,2,1,19,A01
201100001776,0,10,000,00,2,3,13,A01
201100001776,0,07,000,00,2,3,01,B02
201100001777,0,07,000,00,2,1,13,A01
201100001777,0,14,000,00,2,1,01,B02
201100001778,0,07,000,01,0,2,20,A01
201100001778,0,10,000,00,2,4,24,B02
201100001779,0,07,000,00,2,2,01,B02
201100001779,0,30,000,00,2,1,13,A01
201100001780,0,02,000,00,2,1,01,C03
201100001780,0,21,000,00,9,7,15,A01
201100001781,0,07,000,00,1,1,01,A01
201100001782,0,07,000,00,2,3,15,A01
201100001782,0,30,000,00,2,1,17,B02
201100001783,0,10,000,00,1,4,04,A01
201100001784,0,07,000,13,0,2,14,A01
201100001785,0,01,000,00,2,1,19,B01
201100001785,0,07,000,00,2,2,01,A02
201100001786,0,07,000,00,2,3,01,B02
201100001786,0,07,000,00,2,3,01,A01
201100001787,0,30,000,00,0,8,15,A01
201100001787,0,30,000,00,0,1,01,B02
201100001788,0,07,000,06,0,1,01,A01
201100001789,0,07,000,00,2,1,01,B02
201100001789,0,07,000,00,2,1,13,A01
201100001790,0,10,000,00,2,6,15,B02
201100001790,0,33,000,00,2,1,03,A01
201100001791,0,31,000,00,2,7,09,B02
201100001791,0,07,000,00,2,3,09,A01
201100001792,0,01,000,00,2,4,01,B02
201100001792,0,07,000,00,2,1,01,A01
201100001793,0,07,000,13,0,2,14,A01
201100001794,0,07,000,02,0,1,14,A01
201100001795,0,10,000,00,2,3,01,B02
201100001795,0,07,000,00,2,3,13,A01
201100001796,0,07,000,00,2,9,15,B02
201100001796,0,14,000,00,2,3,02,A01
201100001796,0,07,000,00,2,1,01,C03
201100001797,0,07,000,00,2,2,13,A01
201100001797,0,15,000,00,2,2,21,B02
201100001798,0,32,000,13,0,0,14,A01
201100001799,0,02,000,00,1,1,02,A01
201100001800,0,07,000,16,0,9,14,A01
201100001801,0,38,005,00,1,5,16,A01
201100001802,0,07,000,00,2,3,13,A01
201100001802,0,07,000,00,2,3,01,B02
201100001803,0,07,000,13,0,1,13,A01
201100001804,0,07,000,00,9,8,10,A01
201100001804,0,02,000,00,2,1,01,B02
201100001805,0,07,000,00,2,1,01,B02
201100001805,0,07,000,00,2,7,19,A01
201100001806,0,07,000,00,2,2,15,A01
201100001806,0,33,000,00,2,1,01,B02
201100001807,0,07,000,13,0,1,01,A01
201100001808,0,30,000,08,0,1,14,A01
201100001809,0,30,000,12,0,1,21,A01
201100001810,0,33,000,00,2,1,01,B02
201100001810,0,07,000,00,2,3,19,A01
201100001811,0,07,000,00,2,3,21,B02
201100001811,0,07,000,00,2,1,13,A01
201100001812,0,07,000,13,0,3,13,A01
201100001813,0,07,000,00,2,3,10,A01
201100001813,0,02,000,00,2,1,01,B02
201100001814,0,07,000,00,9,1,01,B02
201100001814,0,01,000,00,2,7,01,A01
201100001815,0,07,000,00,2,1,01,B02
201100001815,0,02,000,00,2,1,13,A01
201100001816,0,07,000,06,0,1,13,A01
201100001817,0,07,000,00,1,2,01,A01
201100001818,0,01,000,00,2,6,02,B02
201100001818,0,07,000,00,9,2,02,A01
201100001819,0,07,000,13,0,2,14,A01
201100001820,0,07,000,03,0,0,13,A01
201100001821,0,07,000,13,0,1,14,A01
201100001822,0,03,000,00,0,7,10,A01
201100001823,0,07,000,00,1,6,04,A01
201100001824,0,02,000,00,2,1,01,B02
201100001824,0,07,000,00,2,3,15,A01
201100001825,0,07,000,16,0,9,14,A01
201100001826,0,07,000,02,0,1,13,A01
201100001827,0,07,000,00,2,8,15,A01
201100001827,0,07,000,00,2,2,17,B02
201100001828,0,07,000,00,2,3,15,A01
201100001828,0,02,000,00,2,1,17,B02
201100001829,0,07,000,00,9,3,15,B02
201100001829,0,30,000,00,2,1,17,A01
201100001830,0,15,000,16,0,3,13,A01
201100001831,0,02,000,00,9,1,01,A01
201100001831,0,17,000,08,0,6,04,B02
201100001832,0,14,000,00,1,7,01,A01
201100001833,0,07,000,02,0,1,14,A01
201100001834,0,07,000,00,2,3,19,B02
201100001834,0,33,000,00,2,1,01,A01
201100001835,0,33,000,00,2,2,17,A01
201100001835,0,07,000,00,2,6,01,B02
201100001836,0,07,000,00,0,2,15,A01
201100001837,0,07,000,08,0,8,14,A01
201100001838,0,02,000,00,2,1,01,A01
201100001838,0,07,000,00,2,2,15,B02
201100001839,1,07,000,00,2,1,01,A02
201100001839,0,01,000,00,2,4,01,B01
201100001840,0,07,000,00,1,2,01,A01
201100001841,0,01,000,00,2,4,01,A01
201100001841,0,10,000,00,9,2,17,B02
201100001842,0,07,000,00,9,4,23,B02
201100001842,0,02,000,00,2,1,02,A01
201100001843,0,01,000,00,2,2,19,B02
201100001843,0,07,000,00,1,1,21,A01
201100001844,0,30,000,00,2,1,01,B02
201100001844,0,07,000,00,2,3,15,A01
201100001845,0,01,000,00,2,4,01,A01
201100001846,0,07,000,00,1,7,01,A01
201100001847,0,07,000,02,0,8,01,A01
201100001848,0,07,000,00,1,3,01,A01
201100001849,0,07,000,00,2,7,17,A01
201100001849,0,02,000,00,2,8,15,B02
201100001850,0,10,000,00,2,3,13,A01
201100001850,0,07,000,00,2,3,01,B02
201100001851,0,07,000,08,0,1,13,A01
201100001852,0,30,000,16,0,8,01,A01
201100001853,0,07,000,00,1,1,01,A01
201100001854,0,01,000,00,2,2,17,A01
201100001854,0,07,000,00,9,3,15,B02
201100001855,0,07,000,00,1,8,01,A01
201100001856,0,07,000,00,2,3,13,A01
201100001856,0,07,000,00,2,3,01,B02
201100001857,0,07,000,00,2,1,17,A01
201100001857,0,07,000,00,2,1,01,B02
201100001857,0,07,000,00,0,0,23,C03
201100001858,0,07,000,00,2,3,13,A01
201100001858,0,07,000,00,2,3,01,B02
201100001859,0,07,000,13,0,1,01,A01
201100001860,0,30,000,00,2,1,01,B02
201100001860,0,07,000,00,2,6,19,A01
201100001861,0,10,000,00,2,3,01,A01
201100001861,0,10,000,00,2,3,01,B02
201100001862,0,33,000,13,0,1,17,A01
201100001863,0,07,000,02,0,2,14,A01
201100001864,0,07,000,00,2,2,01,A01
201100001864,0,30,000,00,2,1,16,B02
201100001865,0,07,000,06,0,7,13,A01
201100001866,0,01,000,12,0,8,16,A01
201100001867,0,33,000,00,2,1,01,B02
201100001867,0,33,000,00,2,1,01,A01
201100001868,0,07,000,00,2,3,02,A01
201100001868,0,21,000,00,2,5,01,B02
201100001869,0,07,000,02,0,1,17,A01
201100001870,0,07,000,00,2,7,13,A01
201100001870,0,10,000,00,2,1,01,B02
201100001871,0,02,000,00,2,1,01,B02
201100001871,0,07,000,00,2,8,19,A01
201100001872,0,10,000,00,2,5,15,A01
201100001872,0,33,000,00,2,7,01,B02
201100001873,0,31,000,00,2,1,01,A01
201100001873,0,07,000,00,2,8,15,B02
201100001874,0,07,000,00,2,3,13,A01
201100001874,0,07,000,00,2,3,01,B02
201100001875,0,33,000,00,0,0,01,A01
201100001876,0,30,000,00,5,3,01,A01
201100001877,0,07,000,00,9,1,02,A01
201100001877,0,01,000,00,2,4,02,B02
201100001878,0,07,000,13,0,9,17,A01
201100001879,0,07,000,06,0,1,01,A01
201100001880,0,02,000,00,0,0,01,A01
201100001881,0,10,000,13,0,1,13,A01
201100001882,0,07,000,00,2,7,13,A01
201100001882,0,07,000,03,2,1,01,B02
201100001883,0,07,000,00,2,1,01,A01
201100001883,0,07,000,00,2,3,15,B02
201100001884,0,07,000,02,0,8,01,A01
201100001885,0,07,000,00,2,2,01,B02
201100001885,0,30,000,00,2,3,09,A01
201100001886,0,07,000,00,2,8,19,A01
201100001886,0,13,000,00,2,1,01,B02
201100001887,0,07,000,13,0,3,13,A01
201100001888,2,07,000,00,2,1,13,A01
201100001888,0,07,000,00,2,1,01,B02
201100001889,0,07,000,02,0,9,14,A01
201100001890,0,07,000,00,2,3,03,A01
201100001890,0,07,000,00,2,1,01,B02
201100001890,0,07,000,00,2,3,01,C03
201100001890,0,10,000,00,2,3,01,D04
201100001891,0,07,000,00,2,1,01,B02
201100001891,0,07,000,00,2,8,09,A01
201100001892,0,10,000,02,5,1,01,A01
201100001893,0,07,000,00,0,9,01,A01
201100001894,0,33,000,14,0,3,01,A01
201100001895,0,07,000,00,2,1,01,B02
201100001895,0,07,000,00,2,1,13,A01
201100001896,0,07,000,00,2,2,01,A01
201100001896,0,07,000,00,2,6,16,B02
201100001897,0,10,000,00,2,2,19,B02
201100001897,0,07,000,00,2,3,01,A01
201100001898,0,01,000,16,0,6,02,A01
201100001898,0,01,000,00,0,2,00,B02
201100001899,0,33,000,01,0,8,17,A01
201100001899,0,07,000,00,0,8,15,B02
201100001900,0,07,000,00,2,1,02,A01
201100001900,0,07,000,14,2,4,23,B02
201100001900,0,10,000,00,2,4,23,C03
201100001901,0,07,000,00,2,1,01,B02
201100001901,0,07,000,00,0,3,23,C03
201100001901,0,07,000,01,0,2,19,A01
201100001902,0,07,000,02,0,2,13,A01
201100001903,0,07,000,06,0,1,01,A01
201100001904,0,07,000,00,2,3,13,A01
201100001904,0,07,000,00,2,3,01,B02
201100001905,0,07,000,00,1,2,01,A01
201100001906,0,07,000,13,0,1,14,A01
201100001907,0,07,000,00,2,1,01,B02
201100001907,0,02,000,00,2,7,19,A01
201100001908,0,07,000,00,1,2,01,A01
201100001909,0,07,000,00,2,3,15,A01
201100001909,0,33,000,00,2,7,01,B02
201100001910,0,07,000,00,2,2,01,B02
201100001910,0,30,000,00,2,1,13,A01
201100001911,0,07,000,00,2,2,19,A01
201100001911,0,33,000,00,2,1,17,B02
201100001912,0,07,000,00,2,1,13,A01
201100001912,0,13,000,00,2,3,01,B02
201100001913,0,10,000,00,2,3,13,A01
201100001913,0,14,000,00,2,3,01,B02
201100001914,0,07,000,00,2,2,15,A01
201100001914,0,07,000,00,2,1,01,B02
201100001915,0,30,000,00,2,1,01,A01
201100001915,0,30,000,00,2,8,15,B02
201100001916,0,07,000,08,0,3,16,A01
201100001917,0,21,000,00,2,3,01,B02
201100001917,0,02,000,00,2,1,13,A01
201100001918,0,07,000,00,2,7,01,A01
201100001918,0,02,000,00,2,1,09,B02
201100001919,0,99,000,13,0,1,00,A01
201100001920,0,01,000,00,2,8,15,B02
201100001920,0,07,000,13,2,2,17,A01
201100001921,0,01,000,00,2,1,02,A01
201100001921,0,01,000,00,2,4,21,B02
201100001922,0,21,000,00,2,6,01,B02
201100001922,0,07,000,00,2,3,13,A01
201100001923,0,10,000,00,1,2,02,A01
201100001924,0,07,000,06,0,3,16,A01
201100001925,0,10,000,00,2,3,19,A01
201100001925,0,03,000,00,2,3,01,B02
201100001926,0,07,000,13,0,1,13,A01
201100001927,0,07,000,00,9,2,19,A01
201100001927,0,01,000,00,0,8,01,B02
201100001928,0,07,000,06,0,8,01,A01
201100001929,0,07,000,00,2,3,13,B02
201100001929,0,07,000,00,2,3,01,A01
201100001930,0,07,000,00,1,5,15,A01
201100001931,0,07,000,00,2,1,01,B02
201100001931,0,07,000,00,2,8,19,A01
201100001932,0,07,000,00,1,2,01,A01
201100001933,0,07,000,00,1,2,01,A01
201100001934,0,07,000,03,0,9,01,A01
201100001935,0,07,000,00,2,1,01,B02