Num_Acc,senc,catv,occutc,obs,obsm,choc,manv,num_veh
201100002703,0,07,000,00,2,1,15,A01
201100002703,0,07,000,00,2,1,00,B02
201100002704,0,07,000,00,1,2,01,A01
201100002705,0,07,000,00,2,2,01,A01
201100002705,0,07,000,00,2,1,11,B02
201100002706,0,07,000,00,1,2,01,A01
201100002707,0,07,000,00,9,7,02,A01
201100002707,0,01,000,00,2,8,02,B02
201100002708,0,33,000,00,2,1,01,B02
201100002708,0,07,000,00,2,8,15,A01
201100002709,0,07,000,13,0,1,01,A01
201100002710,0,07,000,00,2,3,13,B02
201100002710,0,07,000,00,2,3,13,A01
201100002711,0,33,000,16,0,1,01,A01
201100002712,0,33,000,12,0,1,01,A01
201100002713,0,14,000,13,0,1,21,A01
201100002714,0,02,000,00,2,1,01,A01
201100002714,0,07,000,00,2,2,15,B02
201100002715,0,07,000,00,2,2,19,A01
201100002715,0,07,000,00,2,1,01,B02
201100002716,0,07,000,00,2,1,05,B02
201100002716,0,07,000,00,2,7,01,A01
201100002717,0,07,000,00,2,3,19,A01
201100002717,0,07,000,00,2,1,21,B02
201100002718,0,33,000,00,2,1,01,B02
201100002718,0,10,000,00,0,5,15,A01
201100002719,0,07,000,06,0,3,01,A01
201100002720,0,07,000,00,9,2,15,A01
201100002720,0,01,000,00,2,1,01,B02
201100002721,0,07,000,13,0,2,13,A01
201100002722,0,07,000,00,2,3,10,A01
201100002722,0,33,000,00,2,1,17,B02
201100002723,0,07,000,00,1,2,01,A01
201100002724,0,07,000,00,1,0,01,A01
201100002725,0,07,000,00,2,1,01,B01
201100002725,0,07,000,00,2,1,00,A01
201100002726,0,07,000,00,1,1,01,A01
201100002727,0,07,000,00,2,0,01,B01
201100002727,0,07,000,00,2,1,00,A01
201100002728,0,07,000,00,2,8,01,C01
201100002728,0,07,000,00,2,3,13,A01
201100002728,0,07,000,00,2,3,01,B01
201100002729,0,07,000,00,2,1,01,B01
201100002729,0,10,000,00,2,7,19,A01
201100002730,0,07,000,00,1,1,01,A01
201100002731,0,07,000,00,1,1,01,A01
201100002732,0,07,000,00,2,3,01,B01
201100002732,0,30,000,00,2,1,17,A01
201100002733,0,07,000,00,2,2,01,B01
201100002733,0,01,000,00,2,8,15,A01
201100002734,0,07,000,00,2,4,02,B01
201100002734,0,07,000,00,2,1,02,A01
201100002735,0,33,000,00,2,1,01,A01
201100002735,0,07,000,00,0,6,01,B01
201100002736,0,10,000,00,2,1,02,A01
201100002736,0,07,000,00,2,4,02,B01
201100002736,0,07,000,00,1,4,02,C01
201100002737,0,07,000,00,2,3,13,A01
201100002737,0,07,000,00,2,3,01,B01
201100002738,0,10,000,00,2,1,19,A01
201100002738,0,07,000,00,2,8,01,B01
201100002739,0,07,000,00,2,1,02,A01
201100002739,0,07,000,00,2,4,23,B01
201100002740,0,07,000,00,0,0,00,A01
201100002741,0,07,000,00,1,7,01,A01
201100002742,0,37,001,00,1,7,01,A01
201100002743,0,07,000,00,2,3,01,B01
201100002743,0,07,000,00,2,1,01,A01
201100002744,0,31,000,00,0,7,01,B01
201100002744,0,07,000,00,2,3,01,A01
201100002745,0,07,000,00,2,4,23,B01
201100002745,0,02,000,00,2,1,01,A01
201100002746,0,07,000,15,0,1,00,A01
201100002747,0,10,000,00,2,4,02,B01
201100002747,0,07,000,00,2,4,02,C01
201100002747,0,07,000,00,2,1,02,A01
201100002748,0,07,000,00,1,1,01,A01
201100002748,0,07,000,00,2,8,01,B01
201100002749,0,07,000,02,0,9,01,A01
201100002750,0,01,000,00,0,0,00,A01
201100002751,0,07,000,00,2,1,16,A01
201100002751,0,07,000,08,2,7,01,B01
201100002752,0,14,000,00,2,1,01,B01
201100002752,0,07,000,00,2,8,09,A01
201100002753,0,07,000,08,0,1,02,A01
201100002754,0,30,000,08,2,4,01,B01
201100002754,0,07,000,02,2,2,01,A01
201100002755,0,30,000,00,2,4,02,B01
201100002755,0,10,000,00,2,0,02,A01
201100002756,0,07,000,00,1,1,15,A01
201100002757,0,07,000,00,2,7,15,A01
201100002757,0,36,000,00,2,9,01,B01
201100002758,0,07,000,00,2,2,01,B01
201100002758,0,01,000,00,2,4,15,A01
201100002759,0,07,000,00,2,4,23,B01
201100002759,0,14,000,00,2,1,01,A01
201100002760,0,07,000,00,2,1,15,A01
201100002760,0,07,000,00,2,1,01,B01
201100002761,0,07,000,00,2,1,02,A01
201100002761,0,07,000,00,0,4,02,B01
201100002762,0,33,000,00,2,1,17,A01
201100002762,0,07,000,00,2,3,02,B01
201100002763,0,07,000,00,1,1,01,A01
201100002764,0,07,000,00,2,3,09,A01
201100002764,0,07,000,00,2,2,01,B01
201100002765,0,10,000,00,2,1,02,A01
201100002765,0,07,000,00,2,4,02,C01
201100002765,0,07,000,00,2,4,02,B01
201100002766,0,07,000,00,2,1,01,A01
201100002766,0,14,000,00,0,6,01,B01
201100002767,0,07,000,00,2,3,11,A01
201100002767,0,07,000,00,2,1,01,B01
201100002768,0,10,000,00,2,8,01,A01
201100002768,0,07,000,00,2,1,01,B01
201100002769,0,07,000,00,2,1,15,A01
201100002769,0,07,000,00,2,1,01,B01
201100002770,0,07,000,00,2,1,01,B01
201100002770,0,07,000,00,2,7,19,A01
201100002771,0,35,000,00,2,1,15,B01
201100002771,0,07,000,00,2,5,17,A01
201100002772,0,07,000,00,2,8,15,B01
201100002772,0,33,000,00,2,2,17,A01
201100002773,0,32,000,00,2,7,17,A01
201100002773,0,07,000,00,2,8,01,B01
201100002774,0,07,000,13,0,1,01,A01
201100002775,0,07,000,00,2,7,15,A01
201100002775,0,07,000,00,2,1,01,B01
201100002776,0,07,000,00,2,3,13,A01
201100002776,0,07,000,03,2,3,01,B01
201100002777,0,07,000,00,9,1,01,A01
201100002778,0,07,000,00,1,3,15,A01
201100002779,0,07,000,00,2,1,02,A01
201100002779,0,07,000,00,2,4,23,B01
201100002780,0,37,000,00,1,1,20,A01
201100002781,0,31,000,02,0,3,14,A01
201100002782,0,33,000,00,2,1,02,A01
201100002782,0,07,000,00,2,5,02,B01
201100002783,0,15,000,00,2,3,09,A01
201100002783,0,07,000,00,2,7,00,B01
201100002784,0,07,000,00,2,1,01,A01
201100002784,0,02,000,00,2,8,01,B01
201100002785,0,07,000,00,1,1,09,A01
201100002786,0,01,000,00,2,1,15,A01
201100002786,0,07,000,00,2,3,01,B01
201100002787,0,07,000,00,2,4,02,C01
201100002787,0,07,000,00,2,4,02,B01
201100002787,0,07,000,00,2,4,02,D01
201100002787,0,07,000,00,2,1,02,A01
201100002788,0,30,000,00,2,1,01,B01
201100002788,0,07,000,00,1,8,09,A01
201100002789,0,07,000,00,1,1,01,A01
201100002790,0,07,000,00,0,4,02,B01
201100002790,0,07,000,00,2,1,02,A01
201100002791,0,33,000,00,2,3,18,A01
201100002791,0,10,000,00,0,7,16,B01
201100002791,0,10,000,00,0,6,23,C01
201100002792,0,30,000,12,0,3,01,A01
201100002793,0,07,000,00,1,7,01,A01
201100002794,0,07,000,00,1,4,04,A01
201100002795,0,07,000,00,1,1,01,A01
201100002796,0,30,000,00,2,1,02,A01
201100002796,0,07,000,00,0,4,02,B01
201100002797,0,01,000,15,0,1,01,A01
201100002797,0,10,000,00,0,2,23,B01
201100002798,0,07,000,00,2,1,02,A01
201100002798,0,07,000,00,0,4,02,B01
201100002799,0,30,000,12,2,2,01,A01
201100002799,0,07,000,00,0,5,01,B01
201100002800,0,07,000,12,2,3,01,B01
201100002800,0,07,000,00,2,5,12,A01
201100002801,0,07,000,00,9,3,00,B01
201100002801,0,01,000,00,2,1,00,A01
201100002802,0,07,000,00,2,4,02,B01
201100002802,0,07,000,00,2,1,02,A01
201100002803,0,07,000,00,1,2,01,A01
201100002804,0,07,000,00,2,4,02,B01
201100002804,0,07,000,00,2,4,02,C01
201100002804,0,07,000,00,2,1,02,A01
201100002805,0,31,000,00,2,1,00,B01
201100002805,0,07,000,08,2,6,00,A01
201100002806,0,07,000,00,1,3,15,A01
201100002807,0,33,000,00,2,2,17,A01
201100002807,0,15,000,00,2,3,15,B01
201100002808,0,33,000,00,0,8,00,A01
201100002809,0,07,000,00,0,1,23,C01
201100002809,0,30,000,00,2,2,17,A01
201100002809,0,07,000,00,0,3,15,B01
201100002810,0,07,000,00,0,6,02,C01
201100002810,0,07,000,00,2,1,01,A01
201100002810,0,07,000,00,2,4,02,B01
201100002811,0,30,000,00,0,1,01,A01
201100002812,0,07,000,08,0,2,13,A01
201100002813,0,32,000,00,2,9,00,B01
201100002813,0,07,000,00,2,1,05,A01
201100002814,0,07,000,00,0,0,16,A01
201100002814,0,33,000,00,2,0,14,B01
201100002815,0,30,000,00,0,8,00,A01
201100002816,0,07,000,00,2,1,01,A01
201100002816,0,07,000,00,2,4,23,B01
201100002816,0,07,000,00,2,4,23,C01
201100002816,0,07,000,00,2,4,23,D01
201100002817,0,07,000,00,2,3,01,B01
201100002817,0,07,000,15,2,3,15,A01
201100002818,0,07,000,00,0,5,01,B01
201100002818,0,07,000,00,2,1,01,A01
201100002819,0,07,000,00,2,7,05,B01
201100002819,0,07,000,00,2,1,01,C01
201100002819,0,07,000,00,2,7,00,A01
201100002820,0,30,000,00,2,4,02,B01
201100002820,0,07,000,00,2,4,02,C01
201100002820,1,07,000,00,2,1,02,A01
201100002821,0,07,000,00,0,3,00,B01
201100002821,0,30,000,00,2,7,00,A01
201100002822,0,07,000,00,1,1,00,A01
201100002823,0,07,000,00,2,3,05,B01
201100002823,0,07,000,00,0,3,05,A01
201100002824,0,33,000,00,2,1,01,B01
201100002824,0,07,000,00,2,8,15,A01
201100002825,0,07,000,00,2,1,15,A01
201100002825,0,07,000,00,2,3,01,B01
201100002826,0,07,000,15,2,3,01,B01
201100002826,0,07,000,00,2,1,15,A01
201100002827,0,07,000,00,2,3,01,A01
201100002827,0,02,000,00,2,1,01,B01
201100002828,0,07,000,00,2,6,23,B01
201100002828,0,07,000,00,0,4,23,E01
201100002828,0,07,000,00,2,1,01,C01
201100002828,0,07,000,00,2,4,02,D01
201100002828,0,07,000,00,2,1,13,A01
201100002829,0,07,000,00,2,3,01,B01
201100002829,0,07,000,00,2,3,23,C01
201100002829,0,07,000,00,2,6,00,A01
201100002830,0,07,000,00,2,8,13,A01
201100002830,0,07,000,00,2,3,01,B01
201100002830,0,07,000,00,2,6,01,C01
201100002831,0,07,000,00,2,2,15,A01
201100002831,0,01,000,00,2,1,01,B01
201100002832,0,07,000,00,1,1,01,A01
201100002833,0,07,000,00,2,1,01,B01
201100002833,0,07,000,00,2,3,09,A01
201100002834,0,07,000,00,1,1,15,A01
201100002835,0,07,000,00,2,8,24,A01
201100002835,0,01,000,01,0,1,01,B01
201100002836,0,30,000,00,2,1,01,A01
201100002836,0,01,000,00,2,8,19,B01
201100002837,0,07,000,00,2,4,02,B01
201100002837,0,07,000,00,2,1,02,A01
201100002838,0,01,000,00,0,5,00,B01
201100002838,0,07,000,00,9,1,00,A01
201100002839,0,07,000,01,2,1,01,B01
201100002839,0,32,000,01,2,0,09,A01
201100002840,0,07,000,00,1,2,01,A01
201100002841,0,02,000,00,2,1,02,A01
201100002841,0,01,000,00,2,4,02,B01
201100002842,0,07,000,00,2,8,15,A01
201100002842,0,14,000,00,2,1,01,B01
201100002843,0,07,000,13,2,6,13,A01
201100002843,0,07,000,00,2,3,01,B01
201100002844,0,07,000,00,2,5,01,B01
201100002844,0,03,000,00,2,4,01,A01
201100002844,0,07,000,00,0,0,02,C01
201100002845,0,07,000,00,1,1,01,A01
201100002846,0,07,000,00,2,4,02,B01
201100002846,0,07,000,00,2,1,02,A01
201100002847,0,02,000,00,2,7,01,B01
201100002847,0,07,000,00,1,6,01,A01
201100002848,0,07,000,00,2,3,09,A01
201100002848,0,32,000,00,2,7,00,B01
201100002849,1,07,000,00,1,2,01,Z01
201100002850,0,07,000,00,1,0,01,A01
201100002851,0,07,000,00,2,3,09,A01
201100002851,0,07,000,00,2,2,01,B01
201100002852,1,07,000,00,1,1,01,Z01
201100002853,0,07,000,00,2,1,02,A01
201100002853,0,07,000,00,2,4,02,B01
201100002854,0,07,000,00,2,1,00,B01
201100002854,0,38,000,00,2,1,01,A01
201100002855,0,07,000,00,1,1,00,A01
201100002856,0,07,000,15,0,8,14,A01
201100002857,0,07,000,00,1,3,15,A01
201100002858,0,07,000,00,1,1,01,A01
201100002859,1,07,000,00,0,0,00,Z01
201100002859,0,30,000,00,2,4,00,B01
201100002860,0,07,000,00,2,5,15,A01
201100002860,0,07,000,00,2,1,01,B02
201100002861,0,07,000,02,0,7,14,A01
201100002862,0,33,000,13,0,1,14,A01
201100002863,0,03,000,00,1,3,01,A01
201100002864,0,07,000,00,2,3,15,B02
201100002864,0,33,000,00,2,1,17,A01
201100002865,0,35,000,00,2,1,13,A01
201100002865,0,07,000,00,2,1,01,B02
201100002866,0,15,000,00,2,2,13,B02
201100002866,0,07,000,00,2,3,13,A01
201100002867,0,07,000,02,0,1,01,A01
201100002868,0,07,000,00,1,1,21,B02
201100002868,0,07,000,00,0,4,23,A01
201100002869,0,07,000,00,0,4,16,A01
201100002869,0,07,000,00,2,1,01,B02
201100002870,0,10,000,00,2,1,01,B02
201100002870,0,07,000,00,2,1,13,A01
201100002871,0,33,000,00,2,1,13,A01
201100002871,0,07,000,00,2,1,01,B02
201100002872,0,07,000,00,2,3,02,A01
201100002872,0,13,000,00,2,5,15,B02
201100002873,0,07,000,00,2,2,19,A01
201100002873,0,07,000,00,2,3,01,B02
201100002874,0,07,000,00,2,9,17,A01
201100002874,0,07,000,00,2,2,01,C03
201100002874,0,07,000,00,2,8,01,B02
201100002875,0,30,000,16,0,0,14,A01
201100002876,0,01,000,00,2,1,01,A01
201100002876,0,07,000,00,2,7,01,B02
201100002877,0,07,000,00,2,1,01,A01
201100002877,0,01,000,00,2,3,15,B02
201100002877,0,01,000,00,2,3,15,C03
201100002878,0,99,000,00,2,1,01,B02
201100002878,0,07,000,00,2,1,13,A01
201100002879,0,07,000,00,1,1,01,A01
201100002880,0,07,000,00,2,3,01,A01
201100002880,0,07,000,00,2,1,15,B02
201100002881,0,10,000,00,2,1,01,A01
201100002881,0,07,000,00,2,8,19,B02
201100002882,0,07,000,00,2,1,02,A01
201100002882,0,07,000,00,2,4,02,B02
201100002883,0,07,000,00,2,1,15,A01
201100002883,0,07,000,00,2,1,01,B02
201100002884,0,07,000,00,5,1,01,A01
201100002884,0,07,000,00,5,1,01,B02
201100002885,0,02,000,02,0,1,14,A01
201100002886,0,14,000,01,0,4,00,A01
201100002886,0,10,000,01,0,3,00,B02
201100002887,0,07,000,00,9,1,09,A01
201100002887,0,02,000,00,2,4,01,B02
201100002888,0,10,000,00,0,1,01,B02
201100002888,0,07,000,00,2,2,15,A01
201100002889,0,07,000,00,2,1,01,B02
201100002889,0,07,000,00,2,6,01,C03
201100002889,0,07,000,00,2,3,13,A01
201100002890,0,32,000,00,2,1,01,B02
201100002890,0,07,000,00,2,3,19,A01
201100002891,0,31,000,00,2,1,13,A01
201100002891,0,07,000,00,2,3,01,B02
201100002892,0,07,000,02,0,7,14,A01
201100002893,0,01,000,00,2,1,01,B02
201100002893,0,07,000,00,2,5,19,A01
201100002894,0,33,000,00,2,1,01,B02
201100002894,0,07,000,00,2,3,13,A01
201100002895,0,17,000,00,2,3,19,B02
201100002895,0,02,000,00,2,1,01,A01
201100002896,0,07,000,00,2,3,01,B02
201100002896,0,07,000,00,2,3,13,A01
201100002897,0,01,000,00,2,1,19,A01
201100002897,0,07,000,00,2,2,01,B02
201100002898,0,07,000,00,2,3,15,B02
201100002898,0,07,000,00,2,2,17,A01
201100002899,0,15,000,00,2,6,01,A01
201100002899,0,10,000,00,2,3,01,B02
201100002900,0,07,000,00,2,2,23,A01
201100002900,0,07,000,01,0,2,01,B02
201100002901,0,10,000,00,2,1,19,A01
201100002901,0,07,000,13,2,5,01,B02
201100002902,0,07,000,00,2,3,01,B02
201100002902,0,07,000,00,2,3,13,A01
201100002903,0,07,000,00,2,1,13,A01
201100002903,0,07,000,00,2,2,23,C03
201100002903,0,07,000,00,2,1,01,B02
201100002904,0,33,000,13,0,2,14,A01
201100002905,0,07,000,13,0,1,01,A01
201100002906,0,10,000,02,0,1,14,A01
201100002907,0,07,000,00,1,2,01,A01
201100002908,0,15,000,00,2,3,01,B02
201100002908,0,10,000,00,2,3,13,A01
201100002909,0,21,000,00,2,5,01,B02
201100002909,0,07,000,00,2,1,01,A01
201100002910,0,10,000,06,0,1,14,A01
201100002911,0,36,000,10,0,0,14,A01
201100002912,0,07,000,00,0,2,01,A01
201100002912,0,07,000,00,0,1,19,B02
201100002913,0,07,000,00,2,1,13,A01
201100002913,0,07,000,00,2,8,01,B02
201100002914,0,07,000,00,2,0,10,A01
201100002914,0,07,000,00,2,2,01,B02
201100002915,0,07,000,00,0,9,14,A01
201100002916,0,33,000,00,2,8,13,A01
201100002916,0,07,000,00,2,8,15,B02
201100002917,0,30,000,00,1,1,01,A01
201100002918,0,07,000,00,2,1,13,B02
201100002918,0,10,000,00,2,1,01,A01
201100002918,0,07,000,00,2,1,01,C03
201100002919,0,07,000,00,2,7,01,B02
201100002920,0,32,000,16,0,1,14,A01
201100002921,0,07,000,00,2,3,01,B02
201100002921,0,07,000,00,2,3,01,A01
201100002922,0,07,000,02,0,7,01,A01
201100002923,0,07,000,00,2,7,19,A01
201100002923,0,10,000,00,2,1,01,B02
201100002924,0,21,000,00,2,1,15,A01
201100002924,0,02,000,00,2,1,01,B02
201100002925,0,07,000,00,2,3,13,A01
201100002925,0,15,000,00,2,3,01,B02
201100002926,0,10,000,02,0,3,13,A01
201100002927,0,07,000,00,2,2,01,A01
201100002927,0,07,000,00,2,8,15,B02
201100002928,0,07,000,00,2,1,01,A01
201100002928,0,07,000,00,2,3,19,B02
201100002929,0,17,000,00,2,8,01,B02
201100002929,0,31,000,00,2,1,01,A01
201100002930,0,33,000,00,2,1,02,B02
201100002930,0,07,000,00,2,3,15,A01
201100002931,0,07,000,02,0,1,13,A01
201100002932,0,07,000,00,2,3,01,A01
201100002932,0,10,000,00,2,3,05,B02
201100002933,0,07,000,14,0,1,14,A01
201100002934,0,38,000,00,2,3,01,C03
201100002934,0,07,000,00,2,1,01,A01
201100002934,0,07,000,00,2,0,01,B02
201100002935,0,07,000,00,2,3,01,A01
201100002935,1,07,000,00,2,2,02,B02
201100002936,0,07,000,08,0,2,14,A01
201100002937,0,07,000,02,6,1,14,A01
201100002938,0,10,000,00,2,9,13,B02
201100002938,0,07,000,00,2,1,01,C03
201100002938,0,14,000,00,2,1,01,A01
201100002939,0,33,000,00,2,1,01,A01
201100002939,0,33,000,00,2,1,01,B02
201100002940,0,10,000,16,0,0,01,A01
201100002941,0,33,000,00,2,1,01,B02
201100002941,0,07,000,00,2,8,15,A01
201100002942,0,10,000,02,0,3,13,A01
201100002943,0,07,000,00,2,1,01,A01
201100002943,0,07,000,00,2,1,13,B02
201100002944,0,07,000,00,2,1,13,A01
201100002944,0,07,000,00,2,1,01,B02
201100002945,0,07,000,00,2,3,15,A01
201100002945,0,30,000,00,2,8,01,B02
201100002946,0,02,000,00,2,1,01,B02
201100002946,0,07,000,00,2,1,01,A01
201100002947,0,07,000,00,0,2,01,A01
201100002947,0,07,000,00,0,3,01,B02
201100002948,0,07,000,02,0,1,01,A01
201100002949,0,07,000,00,2,1,01,A01
201100002949,0,21,000,00,2,1,15,B02
201100002950,0,07,000,00,2,2,01,B02
201100002950,2,07,000,00,2,3,15,A01
201100002951,0,07,000,00,2,6,15,A01
201100002951,0,07,000,00,2,1,01,B02
201100002952,0,07,000,00,2,2,17,A01
201100002952,0,02,000,00,2,4,01,B02
201100002953,0,33,000,00,0,1,06,A01
201100002954,0,07,000,15,1,6,09,A01
201100002954,0,07,000,00,2,2,01,B02
201100002955,0,07,000,13,0,1,13,A01
201100002956,0,07,000,00,0,2,17,A01
201100002956,0,07,000,00,0,8,15,B02
201100002957,0,33,000,16,0,1,13,A01
201100002958,0,31,000,00,0,8,01,A01
201100002959,0,07,000,00,2,3,01,A01
201100002959,0,07,000,00,2,3,13,B02
201100002960,0,10,000,00,2,3,01,A01
201100002960,0,07,000,00,2,8,19,B02
201100002961,0,07,000,00,2,1,01,A01
201100002961,0,07,000,00,2,8,19,B02
201100002962,0,07,000,00,2,1,01,A01
201100002962,0,07,000,00,2,7,19,B02
201100002963,0,07,000,02,0,1,13,A01
201100002964,0,07,000,00,1,3,01,A01
201100002965,0,07,000,00,2,3,19,A01
201100002965,0,07,000,00,2,3,01,B02
201100002966,0,07,000,02,0,1,13,A01
201100002967,0,07,000,00,2,8,15,B02
201100002967,0,07,000,00,2,1,01,A01
201100002968,0,07,000,00,2,1,19,B02
201100002968,0,07,000,00,2,7,01,A01
201100002969,0,33,000,00,0,9,13,A01
201100002970,0,33,000,00,2,1,01,B02
201100002970,0,10,000,00,2,7,15,A01
201100002971,0,07,000,00,0,9,01,A01
201100002972,0,30,000,00,2,6,21,B02
201100002972,1,07,000,,,,,A01
201100002973,0,30,000,00,2,2,15,C03
201100002973,0,07,000,00,2,3,01,B02
201100002973,0,07,000,00,2,1,01,A01
201100002974,0,07,000,00,2,1,17,B02
201100002974,0,21,000,00,2,4,15,A01
201100002975,0,07,000,00,2,3,13,A01
201100002975,0,07,000,00,2,8,21,B02
201100002975,0,07,000,00,2,1,01,C03
201100002976,0,07,000,08,0,9,13,A01
201100002977,0,10,000,12,0,1,13,A01
201100002978,0,30,000,02,0,1,01,B02
201100002978,0,30,000,02,0,1,01,A01
201100002979,0,10,000,13,0,2,01,A01
201100002980,0,07,000,00,2,3,15,B02
201100002980,0,33,000,00,2,1,17,A01
201100002981,0,30,000,00,2,8,02,B02
201100002981,0,07,000,00,2,5,02,A01
201100002982,0,07,000,06,0,2,01,A01
201100002983,0,01,000,00,2,4,01,C03
201100002983,0,01,000,00,2,4,01,B02
201100002983,0,07,000,,2,1,01,A01
201100002984,0,01,000,00,2,1,19,A01
201100002984,0,07,000,00,9,7,01,B02
201100002985,0,30,000,02,0,0,01,A01
201100002986,0,02,000,00,0,3,13,A01
201100002986,0,07,000,00,0,3,01,B02
201100002987,0,07,000,00,2,3,01,B02
201100002987,0,07,000,00,2,1,13,A01
201100002988,0,07,000,10,0,1,01,A01
201100002989,0,31,000,02,0,1,15,A01
201100002990,0,33,000,00,1,2,05,A01
201100002991,0,07,000,00,0,9,01,A01
201100002992,0,33,000,00,2,1,01,B02
201100002992,0,07,000,00,2,3,15,A01
201100002993,0,07,000,00,0,8,16,B02
201100002993,0,02,000,00,2,1,01,A01
201100002994,0,03,000,00,2,8,15,B02
201100002994,0,33,000,00,2,1,17,A01
201100002995,0,07,000,00,9,1,17,A01
201100002996,0,07,000,00,2,2,15,A01
201100002996,0,31,000,00,2,1,01,B02
201100002997,0,30,000,00,2,3,01,A01
201100002997,0,07,000,00,2,3,01,B02
201100002998,0,07,000,00,0,1,14,A01
201100002999,0,34,000,00,2,1,01,C03
201100002999,0,33,000,00,2,8,01,B02
201100002999,0,07,000,00,2,4,15,A01
201100003000,0,17,000,00,2,3,01,B02
201100003000,0,10,000,00,2,1,01,A01
201100003001,2,07,000,11,2,1,06,A01
201100003001,0,07,000,00,2,3,01,B02
201100003002,0,10,000,00,2,2,01,A01
201100003002,0,01,000,00,2,3,01,B02
201100003003,0,33,000,,2,3,01,B01
201100003003,0,07,000,,2,2,01,A01
201100003004,0,14,000,00,2,8,19,A01
201100003004,0,14,000,00,2,1,01,B02
201100003005,0,30,000,14,0,0,01,A01
201100003006,0,07,000,08,0,8,00,A01
201100003007,0,33,000,00,9,1,01,B02
201100003007,0,21,000,00,2,3,15,A01
201100003008,0,07,000,13,0,8,01,A01
201100003009,0,15,000,00,2,6,21,B02
201100003009,0,07,000,00,2,3,05,A01
201100003010,0,07,000,00,2,8,01,B02
201100003010,0,07,000,00,2,3,13,A01
201100003011,0,07,000,00,2,8,01,B02
201100003011,0,07,000,00,2,3,01,C03
201100003011,0,10,000,00,2,3,13,A01
201100003012,0,07,000,00,2,1,00,B02
201100003012,0,07,000,00,2,1,13,A01
201100003013,0,10,000,00,0,2,01,A01
201100003013,0,30,000,00,0,6,16,B02
201100003014,0,10,000,01,0,2,14,A01
201100003015,0,07,000,00,2,3,13,A01
201100003015,0,07,000,00,2,3,01,B02
201100003016,0,02,000,00,2,1,13,A01
201100003016,0,07,000,00,2,1,01,B02
201100003017,0,03,000,08,0,1,13,A01
201100003018,0,30,000,00,2,1,01,B02
201100003018,0,07,000,00,2,2,17,A01
201100003019,0,07,000,01,0,1,01,A01
201100003020,0,38,016,00,1,5,20,A01
201100003021,0,01,000,00,2,8,01,B02
201100003021,0,07,000,00,0,2,01,A01
201100003022,0,30,000,00,1,7,01,A01
201100003023,0,33,000,03,0,1,01,A01
201100003024,0,07,000,00,9,1,01,A01
201100003024,0,01,000,00,2,4,01,B02
201100003025,0,07,000,00,2,1,01,B02
201100003025,0,07,000,00,0,7,19,A01
201100003026,0,07,000,00,2,2,01,A01
201100003027,0,33,000,00,2,1,17,A01
201100003027,0,07,000,00,2,3,15,B02
201100003028,0,99,000,00,2,2,01,A01
201100003028,0,07,000,00,2,8,15,B02
201100003029,0,07,000,00,2,2,01,A01
201100003029,0,01,000,00,2,7,19,B02
201100003030,0,02,000,00,0,3,09,B02
201100003030,0,07,000,00,2,2,01,A01
201100003031,0,07,000,00,2,1,01,A01
201100003031,0,01,000,00,2,8,15,B02
201100003032,0,10,000,00,2,1,01,B02
201100003032,0,38,001,00,2,8,19,A01
201100003033,0,07,000,00,2,2,11,A01
201100003033,0,07,000,00,2,3,01,B02
201100003034,0,33,000,00,2,1,01,B02
201100003034,0,07,000,00,2,7,13,A01
201100003035,0,01,000,00,0,0,01,A01
201100003036,0,10,000,00,2,3,09,A01
201100003036,0,07,000,13,2,8,01,B02
201100003037,0,02,000,00,2,1,01,B02
201100003037,0,07,000,00,2,2,10,A01
201100003038,0,07,000,00,2,3,13,A01
201100003038,0,33,000,00,2,1,01,B02
201100003039,0,33,000,00,2,1,01,B02
201100003039,0,07,000,00,2,5,15,A01
201100003040,0,07,000,00,2,4,23,B02
201100003040,0,30,000,00,2,1,02,A01
201100003041,0,07,000,00,1,3,01,A01
201100003042,0,07,000,16,0,2,01,A01
201100003043,0,07,000,00,2,3,01,B02
201100003043,0,07,000,00,2,3,01,A01
201100003044,0,33,000,00,2,1,01,B02
201100003044,0,07,000,00,2,8,19,A01
201100003045,0,07,000,00,1,3,01,A01
201100003046,0,07,000,08,0,2,01,A01
201100003047,0,07,000,00,0,6,19,B02
201100003047,0,33,000,00,2,1,01,A01
201100003048,0,15,000,00,2,4,01,A01
201100003048,0,07,000,00,2,3,01,B02
201100003048,0,07,000,00,2,3,01,C03
201100003049,0,07,000,00,2,3,01,B02
201100003049,0,07,000,00,2,3,13,A01
201100003049,0,07,000,00,2,1,01,C03
201100003050,0,07,000,00,2,3,17,A01
201100003050,0,10,000,00,2,3,01,C03
201100003050,0,07,000,00,2,1,01,D04
201100003050,0,07,000,00,2,6,01,B02
201100003051,0,07,000,00,0,2,01,A01
201100003052,0,02,000,00,0,8,00,A01
201100003053,0,14,000,00,2,1,01,A01
201100003053,0,07,000,00,2,1,01,B02
201100003054,0,07,000,00,2,3,13,A01
201100003054,0,07,000,00,2,3,01,B02
201100003055,0,07,000,00,2,1,01,A01
201100003055,0,07,000,00,1,7,21,B02
201100003056,0,07,000,13,0,7,13,A01
201100003057,0,07,000,00,2,2,13,A01
201100003057,0,07,000,00,2,2,01,B02
201100003058,0,07,000,06,0,2,01,A01
201100003059,0,15,000,00,2,5,15,B02