Num_Acc,senc,catv,occutc,obs,obsm,choc,manv,num_veh
201100003059,0,33,000,00,2,2,13,A01
201100003060,0,07,000,09,0,9,01,A01
201100003061,0,30,000,13,0,1,01,A01
201100003062,0,10,000,00,2,3,01,B02
201100003062,0,10,000,00,2,1,13,A01
201100003063,0,07,000,00,1,7,16,A01
201100003064,0,07,000,15,0,3,01,A01
201100003065,0,07,000,00,2,3,00,A01
201100003065,0,10,000,00,2,3,13,B02
201100003066,0,07,000,06,0,1,05,A01
201100003067,0,07,000,00,2,8,01,B02
201100003067,0,07,000,00,2,1,19,A01
201100003068,0,33,000,00,2,1,01,B02
201100003068,0,10,000,00,2,3,01,C03
201100003068,0,10,000,00,2,5,15,A01
201100003069,0,07,000,00,2,1,01,B02
201100003069,0,07,000,00,2,1,13,A01
201100003070,0,07,000,00,2,3,13,A01
201100003070,0,07,000,00,2,3,01,B02
201100003071,0,07,000,00,2,3,19,B02
201100003071,0,07,000,00,2,2,01,A01
201100003072,0,07,000,00,1,1,01,A01
201100003073,0,07,000,00,2,6,10,A01
201100003073,0,31,000,00,2,1,01,B02
201100003074,0,33,000,00,2,1,01,B02
201100003074,0,07,000,00,2,3,15,A01
201100003075,0,07,000,00,2,3,01,A01
201100003075,0,10,000,00,2,3,13,B02
201100003076,0,07,000,00,2,1,01,B02
201100003076,0,07,000,00,2,1,13,A01
201100003077,0,07,000,00,2,1,19,A01
201100003077,0,02,000,00,2,8,01,B02
201100003077,0,07,000,00,2,1,01,C03
201100003078,0,21,000,00,2,6,15,B02
201100003078,0,30,000,00,2,2,17,A01
201100003079,0,21,000,00,2,8,01,B02
201100003079,0,10,000,00,2,3,13,A01
201100003080,0,33,000,00,2,1,01,B02
201100003080,0,07,000,00,2,8,19,A01
201100003081,0,07,000,00,2,2,01,A01
201100003081,0,01,000,00,2,4,01,B02
201100003082,0,07,000,11,0,9,02,A01
201100003083,0,07,000,00,2,1,01,B02
201100003083,0,07,000,00,2,1,16,A01
201100003084,0,07,000,00,2,1,01,A01
201100003084,0,07,000,00,2,8,15,B02
201100003085,0,30,000,00,2,3,15,A01
201100003085,0,30,000,00,2,1,17,B02
201100003086,0,07,000,00,2,1,02,A01
201100003086,0,07,000,00,2,4,02,B02
201100003087,0,07,000,13,0,2,01,A01
201100003088,0,07,000,13,0,1,01,A01
201100003089,0,33,000,00,2,1,01,B02
201100003089,0,03,000,00,2,9,15,A01
201100003090,0,10,000,13,0,1,01,A01
201100003091,0,07,000,13,0,2,14,A01
201100003092,0,15,000,00,0,8,01,A01
201100003093,0,07,000,00,1,4,00,A01
201100003094,0,07,000,13,0,1,01,A01
201100003095,0,07,000,00,1,1,15,A01
201100003096,0,30,000,00,2,1,15,A01
201100003096,0,07,000,00,2,3,01,B02
201100003097,0,01,000,00,2,7,13,B02
201100003097,0,07,000,00,2,2,16,A01
201100003098,0,07,000,00,0,0,01,A01
201100003099,0,07,000,00,2,8,17,A01
201100003099,0,33,000,00,2,1,01,B02
201100003100,0,07,000,00,2,3,01,C03
201100003100,0,07,000,00,2,8,01,B02
201100003100,0,07,000,00,2,3,13,A01
201100003101,0,10,000,00,1,7,01,A01
201100003102,0,10,000,00,2,1,01,B02
201100003102,0,10,000,00,2,1,13,A01
201100003103,0,07,000,00,2,1,01,A01
201100003103,0,15,000,00,2,7,19,B02
201100003104,0,07,000,00,2,3,17,A01
201100003104,0,10,000,00,2,3,01,B02
201100003105,0,07,000,13,0,1,01,A01
201100003106,0,07,000,00,2,3,15,A01
201100003106,0,30,000,00,0,4,01,B02
201100003107,0,07,000,02,0,8,01,A01
201100003108,0,07,000,08,2,5,02,B02
201100003108,0,10,000,00,2,3,02,A01
201100003109,0,21,000,00,9,3,15,A01
201100003109,0,01,000,00,2,1,01,B02
201100003110,0,07,000,00,2,7,01,B02
201100003110,0,01,000,00,2,1,01,A01
201100003111,0,07,000,00,0,9,00,A01
201100003112,0,31,000,13,0,1,01,A01
201100003113,0,36,000,13,0,0,01,A01
201100003114,0,07,000,00,2,2,13,A01
201100003114,0,30,000,00,2,3,19,B02
201100003115,0,07,000,00,9,1,01,B02
201100003115,0,01,000,00,2,8,15,A01
201100003116,0,07,000,06,0,1,13,A01
201100003117,0,07,000,00,2,1,17,A01
201100003117,0,07,000,00,2,1,01,B02
201100003118,0,07,000,13,0,1,01,A01
201100003119,0,07,000,00,2,5,20,A01
201100003119,0,31,000,00,2,1,01,B02
201100003120,0,02,000,00,2,1,01,A01
201100003120,0,02,000,00,2,4,01,B02
201100003121,0,33,000,00,5,1,00,A01
201100003122,0,10,000,00,2,1,05,A01
201100003122,0,07,000,00,2,1,01,B02
201100003123,0,17,000,00,2,1,24,A01
201100003123,0,31,000,01,0,1,13,B02
201100003124,0,10,000,00,2,1,13,A01
201100003124,0,14,000,00,2,3,01,B02
201100003125,0,07,000,02,0,8,06,A01
201100003126,0,07,000,00,2,3,13,A01
201100003126,0,17,000,00,2,3,01,B02
201100003127,0,30,000,00,2,1,01,B02
201100003127,0,07,000,00,1,7,15,A01
201100003128,0,17,000,00,2,8,15,A01
201100003128,0,30,000,00,2,1,17,B02
201100003129,0,33,000,00,2,1,01,B02
201100003129,0,07,000,00,2,2,19,A01
201100003130,0,10,000,00,2,1,01,B02
201100003130,0,07,000,12,2,1,06,A01
201100003131,0,33,000,00,0,9,01,A01
201100003132,0,07,000,00,2,1,01,B02
201100003132,0,10,000,00,2,1,13,A01
201100003133,0,30,000,01,0,1,14,A01
201100003134,0,99,000,00,0,6,02,A01
201100003134,0,07,000,00,2,1,02,B02
201100003135,0,07,000,13,0,1,13,A01
201100003136,0,07,000,00,2,3,01,B02
201100003136,0,30,000,00,2,2,15,A01
201100003137,0,33,000,13,0,1,01,A01
201100003138,0,07,000,00,9,3,01,C03
201100003138,0,07,000,00,2,3,13,A01
201100003138,0,07,000,00,2,8,01,B02
201100003138,0,07,000,00,2,1,01,D04
201100003139,0,07,000,00,0,4,00,B02
201100003139,0,07,000,01,0,1,01,A01
201100003140,0,10,000,00,2,3,01,B02
201100003140,0,33,000,00,2,2,01,A01
201100003140,0,07,000,00,2,7,16,C03
201100003141,0,07,000,00,1,2,01,A01
201100003142,0,01,000,00,2,1,00,B02
201100003142,0,07,000,00,2,2,00,A01
201100003143,0,07,000,00,2,1,01,C03
201100003143,0,07,000,00,2,1,01,B02
201100003143,0,07,000,13,2,1,13,A01
201100003144,0,02,000,00,2,1,17,B02
201100003144,0,07,000,00,2,3,15,A01
201100003145,0,07,000,00,2,2,01,B02
201100003145,0,14,000,00,2,1,01,C03
201100003145,0,10,000,00,2,3,17,A01
201100003146,0,10,000,07,2,1,01,A01
201100003146,0,07,000,00,2,8,01,B02
201100003147,0,07,000,00,0,3,15,A01
201100003147,0,33,000,00,2,1,17,B02
201100003148,0,07,000,00,2,7,19,A01
201100003148,0,07,000,00,2,1,01,B02
201100003149,0,07,000,00,2,3,15,B02
201100003149,0,30,000,00,2,2,17,A01
201100003150,0,07,000,00,2,1,01,B02
201100003150,0,07,000,00,2,1,13,A01
201100003151,0,33,000,00,2,1,01,B02
201100003151,0,07,000,00,2,8,15,A01
201100003152,0,07,000,02,0,7,01,A01
201100003153,0,07,000,06,0,3,00,A01
201100003154,0,33,000,09,0,1,13,A01
201100003155,0,32,000,00,2,1,01,B02
201100003155,0,10,000,00,2,3,19,A01
201100003156,0,07,000,00,1,2,01,A01
201100003157,0,07,000,00,1,2,17,A01
201100003157,0,38,001,00,0,0,24,B02
201100003158,0,07,000,00,1,1,01,A01
201100003159,0,30,000,00,2,1,01,B02
201100003159,0,30,000,00,2,3,02,A01
201100003160,0,07,000,00,2,3,01,B02
201100003160,0,30,000,00,2,1,13,A01
201100003161,0,07,000,00,2,1,16,A01
201100003161,0,01,000,00,2,7,01,B02
201100003162,0,07,000,00,2,3,01,B02
201100003162,0,07,000,00,2,3,13,A01
201100003163,0,31,000,00,2,8,01,A01
201100003163,0,10,000,00,2,1,19,B02
201100003164,0,07,000,07,0,7,05,A01
201100003165,0,07,000,00,2,3,13,A01
201100003165,0,07,000,00,2,3,01,B02
201100003166,0,33,000,00,2,7,01,B02
201100003166,0,07,000,00,2,3,09,A01
201100003167,0,07,000,00,2,3,19,A01
201100003167,0,14,000,00,2,3,01,B02
201100003168,0,07,000,00,2,3,01,B02
201100003168,0,02,000,00,2,1,15,A01
201100003169,0,07,000,02,0,2,14,A01
201100003170,0,07,000,00,2,1,13,A01
201100003170,0,14,000,00,2,1,01,B02
201100003171,0,15,000,00,2,1,01,B02
201100003171,0,07,000,00,2,8,19,A01
201100003172,0,01,000,00,2,8,01,B02
201100003172,0,07,000,00,2,1,15,A01
201100003173,0,14,000,00,2,8,19,A01
201100003173,0,14,000,00,2,2,01,B02
201100003174,0,07,000,00,2,8,19,B02
201100003174,0,10,000,00,2,1,19,A01
201100003175,0,07,000,00,2,1,01,A01
201100003175,0,07,000,00,2,8,19,B02
201100003176,0,17,000,00,2,7,15,B02
201100003176,0,01,000,00,2,8,18,A01
201100003177,0,07,000,02,0,1,14,A01
201100003178,0,33,000,08,0,3,01,A01
201100003179,0,33,000,00,2,1,01,B02
201100003179,0,07,000,00,2,2,15,A01
201100003180,0,33,000,00,2,1,01,B02
201100003180,0,07,000,00,2,3,19,A01
201100003181,0,33,000,00,2,1,01,A01
201100003181,0,07,000,00,2,7,19,B02
201100003182,0,07,000,00,2,2,15,A01
201100003182,0,07,000,00,2,3,01,B02
201100003183,0,30,000,00,0,1,01,A01
201100003184,0,10,000,00,0,4,02,B02
201100003184,0,32,000,00,2,1,02,A01
201100003185,0,01,000,00,2,7,01,B02
201100003185,0,07,000,00,2,1,09,A01
201100003186,0,33,000,00,2,1,01,B02
201100003186,0,07,000,00,2,3,01,A01
201100003187,0,07,000,00,1,2,16,A01
201100003188,0,07,000,00,2,1,01,A01
201100003188,0,07,000,00,2,2,01,B02
201100003188,0,07,000,00,2,7,15,C03
201100003189,0,07,000,13,0,2,01,A01
201100003190,0,07,000,00,2,7,15,A01
201100003190,0,02,000,00,2,1,01,B02
201100003191,0,07,000,13,0,2,01,A01
201100003192,0,02,000,00,5,1,01,A01
201100003193,0,07,000,02,0,1,01,A01
201100003194,0,07,000,00,2,2,01,A01
201100003194,0,30,000,00,2,1,13,B02
201100003195,0,07,000,00,1,1,01,A01
201100003196,0,33,000,08,0,7,01,A01
201100003197,0,01,000,00,2,8,01,B02
201100003197,0,38,054,00,2,3,01,A01
201100003198,0,07,000,08,0,8,01,A01
201100003199,0,31,000,00,2,7,17,A01
201100003199,0,07,000,00,2,3,13,B02
201100003200,0,07,000,00,2,3,01,B02
201100003200,0,31,000,00,2,1,13,A01
201100003201,0,30,000,00,2,7,01,A01
201100003201,0,07,000,00,2,3,16,B02
201100003202,0,30,000,00,0,4,01,A01
201100003202,0,07,000,00,0,1,02,B02
201100003203,0,07,000,00,2,3,01,B02
201100003203,0,07,000,00,2,3,01,A01
201100003204,1,07,000,00,1,1,01,A01
201100003205,0,07,000,00,2,3,15,A01
201100003205,0,33,000,00,2,1,17,B02
201100003206,0,01,000,01,0,1,01,B02
201100003206,0,10,000,00,1,8,22,A01
201100003207,0,07,000,00,1,1,01,A01
201100003208,0,01,000,00,2,1,09,B02
201100003208,0,07,000,00,2,3,09,A01
201100003209,0,07,000,00,2,2,02,A01
201100003209,0,01,000,00,2,4,15,B02
201100003210,0,07,000,00,2,1,13,A01
201100003210,0,07,000,00,2,8,23,C03
201100003210,0,07,000,00,2,1,01,B02
201100003211,0,33,000,00,2,5,16,A01
201100003211,0,07,000,00,2,3,01,B02
201100003212,0,07,000,00,1,4,04,A01
201100003213,0,07,000,00,1,3,01,A01
201100003214,0,10,000,00,2,1,01,C03
201100003214,0,07,000,00,2,3,01,B02
201100003214,0,33,000,00,2,3,13,A01
201100003215,0,15,000,00,2,1,01,B02
201100003215,0,07,000,00,2,8,19,A01
201100003216,0,31,000,16,0,3,01,A01
201100003217,0,33,000,02,0,1,01,A01
201100003218,0,07,000,00,2,3,05,B02
201100003218,0,10,000,00,2,3,01,A01
201100003219,0,07,000,00,2,2,15,A01
201100003219,0,30,000,00,0,8,01,B02
201100003220,0,07,000,00,1,3,19,A01
201100003221,0,02,000,00,2,1,19,B02
201100003221,0,07,000,00,2,2,01,A01
201100003222,0,02,000,00,2,7,01,B02
201100003222,0,07,000,00,2,1,19,A01
201100003223,0,32,000,06,0,2,00,A01
201100003224,0,07,000,00,2,3,01,A01
201100003224,0,07,000,00,2,2,15,B02
201100003225,0,07,000,00,2,1,02,B02
201100003225,0,07,000,00,2,4,02,C03
201100003225,0,07,000,00,0,3,02,A01
201100003226,0,30,000,00,0,0,02,A01
201100003227,0,10,000,00,2,3,01,B02
201100003228,0,02,000,00,0,2,01,B02
201100003228,0,07,000,00,2,3,09,A01
201100003229,0,10,000,13,0,3,01,A01
201100003230,0,07,000,00,2,1,01,B02
201100003230,0,01,000,00,2,3,15,A01
201100003231,0,07,000,00,1,2,19,A01
201100003232,0,07,000,00,2,2,01,B02
201100003232,0,02,000,00,2,1,19,A01
201100003233,0,02,000,00,2,1,01,A01
201100003233,0,07,000,00,2,8,15,B02
201100003234,0,07,000,00,2,7,15,A01
201100003234,0,31,000,00,2,1,01,B02
201100003235,0,07,000,00,2,1,15,A01
201100003235,0,33,000,00,2,1,01,B02
201100003236,0,10,000,00,0,2,01,B02
201100003236,0,01,000,00,0,1,19,A01
201100003237,0,33,000,00,2,7,01,B02
201100003237,0,07,000,00,2,2,15,A01
201100003238,0,07,000,00,2,3,01,A01
201100003238,0,07,000,00,2,2,15,B02
201100003239,0,07,000,00,1,2,01,A01
201100003240,0,07,000,00,2,2,15,A01
201100003240,0,37,001,00,2,2,01,B02
201100003241,0,02,000,00,2,1,02,A01
201100003241,0,07,000,00,2,4,15,B02
201100003242,0,07,000,02,0,1,00,A01
201100003243,0,07,000,08,0,1,13,A01
201100003244,0,10,000,00,1,2,14,A01
201100003245,0,07,000,00,2,2,17,A01
201100003245,0,30,000,00,2,1,01,B02
201100003246,0,07,000,08,0,9,01,A01
201100003247,0,07,000,02,0,1,01,A01
201100003248,0,07,000,00,2,3,19,A01
201100003248,0,02,000,00,2,1,01,B02
201100003249,0,17,000,00,2,3,21,B02
201100003249,0,07,000,00,2,1,01,A01
201100003250,0,30,000,00,2,1,15,A01
201100003250,0,07,000,00,2,1,01,B02
201100003251,0,07,000,00,1,2,01,A01
201100003252,0,07,000,00,1,3,01,A01
201100003253,0,07,000,00,2,3,01,B02
201100003253,0,07,000,00,2,3,13,A01
201100003254,0,15,000,00,2,8,01,A01
201100003255,0,33,000,16,0,1,13,A01
201100003256,0,02,000,00,2,1,01,B02
201100003256,0,07,000,00,2,1,19,A01
201100003257,0,07,000,00,2,1,13,A01
201100003257,0,07,000,00,2,3,01,B02
201100003258,0,07,000,00,2,2,01,A01
201100003258,0,07,000,00,2,2,05,B02
201100003259,0,10,000,00,0,6,24,B02
201100003259,0,31,000,01,0,1,01,A01
201100003260,0,07,000,02,0,0,00,A01
201100003261,0,15,000,00,2,2,01,B02
201100003261,0,07,000,00,2,1,13,A01
201100003262,0,32,000,,2,1,01,B01
201100003262,0,07,000,,2,7,01,A01
201100003263,0,07,000,00,2,8,15,A01
201100003263,0,33,000,00,2,1,17,B02
201100003264,0,32,000,00,0,1,01,A01
201100003264,0,33,000,00,1,0,21,B02
201100003265,0,30,000,00,1,1,01,A01
201100003266,0,07,000,00,2,2,15,A01
201100003266,0,07,000,00,2,1,01,B02
201100003266,0,07,000,00,2,3,23,C03
201100003267,0,10,000,00,2,3,13,A01
201100003267,0,07,000,00,2,3,01,B02
201100003268,0,33,000,14,0,2,01,A01
201100003269,0,33,000,00,2,8,01,A01
201100003269,0,07,000,00,2,1,15,B02
201100003270,0,07,000,00,2,1,01,A01
201100003270,0,07,000,00,2,1,05,B02
201100003271,0,30,000,15,0,1,01,A01
201100003271,0,07,000,00,0,4,01,B02
201100003272,0,07,000,00,0,3,01,A01
201100003273,0,07,000,02,0,0,15,A01
201100003274,0,07,000,00,2,2,15,A01
201100003274,0,33,000,00,2,1,01,B02
201100003275,0,07,000,00,2,1,13,A01
201100003275,0,10,000,00,2,1,01,B02
201100003276,0,07,000,01,1,9,19,A01
201100003276,0,07,000,00,2,8,19,B02
201100003276,0,07,000,01,2,7,19,C03
201100003277,0,07,000,00,2,1,01,A01
201100003277,0,07,000,00,2,4,02,B02
201100003278,0,07,000,00,1,1,01,A01
201100003279,0,37,001,00,2,2,01,B02
201100003279,0,07,000,00,2,3,01,A01
201100003280,0,07,000,08,0,1,01,A01
201100003281,0,10,000,00,2,2,01,A01
201100003281,0,07,000,06,0,8,19,B02
201100003282,0,07,000,00,1,0,23,A01
201100003283,0,07,000,10,0,3,01,A01
201100003284,0,02,000,13,0,1,01,A01
201100003285,0,02,000,00,0,7,01,A01
201100003286,0,07,000,00,2,1,02,A01
201100003286,0,01,000,00,0,4,01,B02
201100003287,0,07,000,00,2,5,19,A01
201100003287,0,07,000,00,2,2,01,B02
201100003288,0,30,000,00,5,1,01,A01
201100003289,0,10,000,00,2,2,16,A01
201100003289,0,33,000,00,2,1,18,B02
201100003290,0,07,000,00,0,1,01,A01
201100003291,0,02,000,00,2,8,19,A01
201100003291,0,07,000,00,2,1,01,B02
201100003292,0,07,000,00,2,2,01,A01
201100003292,0,01,000,00,2,1,09,B01
201100003293,0,07,000,13,0,2,01,A01
201100003294,0,07,000,00,2,3,01,B02
201100003294,0,30,000,00,2,1,01,A01
201100003295,0,33,000,00,0,2,01,A01
201100003296,0,33,000,00,0,8,01,A01
201100003297,0,07,000,08,0,9,01,A01
201100003298,0,07,000,00,2,8,19,A01
201100003298,0,07,000,00,2,1,01,B02
201100003299,0,10,000,06,0,7,01,A01
201100003300,0,07,000,13,0,1,01,A01
201100003301,0,33,000,05,0,1,01,A01
201100003302,0,07,000,00,0,5,23,A01
201100003302,0,07,000,01,0,2,02,B02
201100003303,0,07,000,00,2,1,02,A01
201100003303,0,07,000,00,2,4,02,B02
201100003303,0,07,000,00,2,4,02,C03
201100003303,0,07,000,00,2,4,02,D04
201100003304,0,07,000,13,0,8,19,A01
201100003305,0,30,000,00,2,1,13,A01
201100003305,0,07,000,00,2,1,01,B02
201100003306,0,02,000,06,0,1,19,A01
201100003307,0,07,000,00,2,1,15,A01
201100003307,0,33,000,00,2,1,01,B02
201100003308,0,07,000,00,2,7,15,A01
201100003308,0,33,000,00,2,1,01,B02
201100003309,0,07,000,00,2,1,01,A01
201100003309,0,07,000,00,2,3,19,B02
201100003310,0,33,000,00,2,1,01,A01
201100003310,0,10,000,00,0,6,23,B02
201100003311,0,02,000,00,2,1,01,A01
201100003311,0,07,000,00,2,4,01,B02
201100003312,0,07,000,13,0,1,01,A01
201100003313,0,07,000,00,2,2,13,A01
201100003313,0,07,000,00,2,3,01,B02
201100003314,0,07,000,06,2,3,01,A01
201100003314,0,07,000,00,2,2,15,B01
201100003315,0,07,000,00,2,1,13,A01
201100003315,0,07,000,00,2,1,01,B02
201100003316,0,02,000,00,2,1,13,A01
201100003316,0,07,000,00,2,1,01,B02
201100003317,0,31,000,07,0,1,17,A01
201100003318,0,07,000,13,0,1,01,A01
201100003319,0,07,000,00,1,3,01,A01
201100003320,0,30,000,14,0,1,01,A01
201100003321,0,01,000,00,2,1,05,A01
201100003321,0,10,000,00,9,1,01,B02
201100003322,0,07,000,00,2,2,17,A01
201100003322,0,21,000,00,2,3,15,B02
201100003323,0,30,000,00,2,7,01,A01
201100003323,0,07,000,00,0,0,00,B02
201100003324,0,07,000,00,2,1,11,A01
201100003324,0,10,000,00,2,1,01,B02
201100003325,0,10,000,00,2,1,15,A01
201100003325,0,33,000,00,2,1,01,B02
201100003326,0,33,000,00,2,1,17,A01
201100003326,0,07,000,00,0,8,15,B02
201100003327,0,14,000,00,2,5,15,A01
201100003327,0,07,000,00,2,2,21,B02
201100003327,0,07,000,00,0,1,20,C03
201100003327,0,10,000,00,2,2,20,D04
201100003328,0,31,000,02,0,1,01,A01
201100003329,0,10,000,00,2,8,19,A01
201100003329,0,33,000,00,2,1,01,B02
201100003330,0,07,000,00,2,1,17,A01
201100003330,0,03,000,00,2,4,15,B02
201100003331,0,15,000,00,2,1,01,B02
201100003331,0,07,000,07,2,8,19,A01
201100003332,0,01,000,00,2,0,00,A01
201100003333,0,10,000,00,0,4,01,A01
201100003333,0,20,000,00,2,8,21,B02
201100003333,0,20,000,00,2,1,21,C03
201100003333,0,20,000,06,0,2,21,D04
201100003333,0,07,000,00,2,8,01,E05
201100003334,0,33,000,03,0,2,01,A01
201100003335,0,07,000,,1,2,02,A01
201100003336,0,07,000,00,2,8,19,A01
201100003336,0,10,000,00,2,1,01,B02
201100003337,0,07,000,06,0,1,01,A01
201100003338,0,33,000,14,0,1,06,A01
201100003338,0,07,000,00,0,8,23,B02
201100003339,0,10,000,00,2,1,01,B02
201100003339,0,07,000,00,2,6,01,C03
201100003339,0,07,000,00,2,8,01,D04
201100003339,0,07,000,00,2,8,13,A01
201100003340,0,10,000,06,0,3,01,A01
201100003341,0,07,000,06,0,1,14,A01
201100003342,0,07,000,00,2,3,19,A01
201100003342,0,07,000,00,2,3,01,B02
201100003343,0,07,000,15,0,1,14,A01
201100003344,0,17,000,00,2,6,21,A01
201100003344,0,30,000,00,2,3,13,B02
201100003345,0,33,000,00,2,1,01,A01
201100003345,0,10,000,00,2,5,20,B02
201100003346,0,07,000,00,2,1,13,A01
201100003346,0,07,000,03,2,3,01,B02
201100003347,0,07,000,02,0,9,01,A01
201100003348,0,07,000,00,2,2,15,A01
201100003348,0,07,000,00,2,1,01,B02
201100003349,0,30,000,16,0,8,01,A01
201100003350,0,07,000,00,2,7,15,A01
201100003350,0,30,000,00,2,1,01,B02
201100003351,0,07,000,00,1,1,01,A01
201100003352,0,02,000,00,2,1,01,A01
201100003352,0,07,000,00,2,8,15,B01
201100003353,0,07,000,00,5,1,01,A01
201100003353,0,15,000,00,5,3,01,B02
201100003353,0,07,000,00,4,1,01,C03
201100003353,0,07,000,00,5,8,01,D04
201100003354,0,07,000,00,2,1,19,A01
201100003354,0,02,000,00,2,7,19,B02
201100003355,0,07,000,00,2,3,13,A01
201100003355,0,07,000,00,2,3,01,B02
201100003356,0,07,000,00,2,2,17,A01
201100003356,0,07,000,00,1,1,01,B02
201100003356,0,02,000,00,2,1,01,C03
201100003357,0,07,000,13,0,1,01,A01
201100003358,0,07,000,00,1,3,16,A01
201100003359,0,30,000,09,0,1,15,A01
201100003360,0,30,000,00,0,7,01,A01
201100003361,0,31,000,00,2,1,01,A01
201100003361,0,07,000,00,0,0,00,B02
201100003362,0,07,000,15,1,7,21,A01
201100003363,0,07,000,00,2,1,19,A01
201100003363,0,01,000,00,2,8,01,B02
201100003364,0,33,000,00,0,0,01,A01
201100003365,0,07,000,00,2,3,01,A01
201100003365,0,30,000,00,2,1,05,B02
201100003366,0,10,000,00,2,2,17,A01
201100003366,0,02,000,00,2,3,15,B02
201100003367,0,01,000,00,0,1,01,A01
201100003367,0,03,000,00,0,0,02,B02
201100003368,0,30,000,00,2,1,01,A01
201100003368,0,07,000,00,2,7,19,B02
201100003369,0,07,000,00,2,7,15,A01
201100003369,0,01,000,00,2,1,01,B02
201100003370,0,07,000,00,0,0,01,A01
201100003371,0,07,000,00,2,7,01,B02
201100003371,0,30,000,00,2,1,01,A01
201100003372,0,07,000,00,1,3,15,A01
201100003373,0,07,000,00,1,1,01,A01
201100003374,0,10,000,00,2,1,13,A01
201100003374,0,07,000,00,2,1,01,B02
201100003375,0,07,000,00,2,1,00,A01
201100003375,0,38,001,00,2,1,01,B02
201100003376,0,36,000,13,0,1,01,A01
201100003377,0,07,000,00,0,1,01,A01
201100003378,0,07,000,00,1,1,01,A01
201100003379,0,02,000,00,2,1,15,A01
201100003379,0,07,000,00,2,2,21,B01
201100003380,0,07,000,00,0,0,17,A01
201100003380,0,31,000,00,0,0,17,B02
201100003381,0,33,000,08,0,1,01,A01
201100003382,0,07,000,00,2,5,17,A01
201100003382,0,01,000,00,2,3,01,B02
201100003383,0,07,000,00,2,3,01,A01
201100003383,0,07,000,00,2,3,01,B02
201100003384,0,07,000,13,0,2,01,A01
201100003385,0,01,000,00,2,7,01,B02
201100003385,0,07,000,00,2,1,09,A01
201100003386,0,07,000,00,2,8,01,A01
201100003386,0,07,000,00,2,1,01,B02
201100003387,0,30,000,00,2,1,01,A01
201100003387,0,07,000,00,2,3,01,B02
201100003388,0,31,000,00,2,1,13,A01
201100003388,0,07,000,00,2,3,01,B02
201100003389,0,07,000,13,0,1,01,A01
201100003390,0,02,000,00,2,3,18,A01
201100003390,0,20,000,00,2,7,16,B02
201100003391,0,33,000,08,0,1,01,A01
201100003392,0,07,000,00,1,2,01,A01
201100003393,0,07,000,08,0,9,01,A01
201100003394,0,07,000,00,1,1,01,A01
201100003395,0,07,000,00,1,1,16,A01
201100003396,0,02,000,00,2,1,01,A01
201100003396,0,07,000,00,2,1,15,B02
201100003397,0,07,000,00,9,3,01,A01
201100003397,0,01,000,00,2,0,13,B02
201100003398,0,07,000,16,0,1,01,A01
201100003399,0,30,000,00,2,1,19,A01
201100003399,0,07,000,00,2,2,01,B02
201100003400,0,07,000,00,2,2,01,A01
201100003400,0,07,000,00,2,1,01,B02
201100003401,0,07,000,00,1,4,04,A01
201100003402,0,02,000,08,0,1,01,A01
201100003403,0,07,000,00,2,3,01,A01
201100003403,0,38,001,00,2,3,01,B02
201100003404,0,02,000,00,2,1,15,A01
201100003404,0,07,000,00,2,2,01,B02
201100003405,0,07,000,00,2,1,01,A01
201100003405,0,03,000,00,2,6,02,B02
201100003406,0,07,000,00,2,1,01,A01
201100003406,0,07,000,00,2,7,01,B02
201100003407,0,07,000,00,2,8,19,A01
201100003407,0,30,000,00,2,1,19,B02
201100003408,0,07,000,00,2,7,15,A01
201100003408,0,02,000,00,2,1,01,B02
201100003409,0,07,000,00,1,2,01,A01
201100003410,0,14,000,00,2,2,01,A01
201100003410,0,30,000,00,2,4,01,B02
201100003411,0,02,000,02,0,7,01,A01
201100003412,0,07,000,06,0,3,13,A01
201100003413,0,17,000,00,2,3,13,A01
201100003413,0,14,000,00,2,3,01,B02
201100003414,0,07,000,15,0,1,01,A01
201100003415,0,07,000,02,0,9,01,A01
201100003416,0,07,000,00,2,1,01,A01
201100003416,0,07,000,00,2,3,10,B02
201100003417,0,02,000,00,2,8,19,A01
201100003417,0,07,000,00,2,1,01,B02
201100003418,0,02,000,00,2,8,19,A01
201100003418,0,07,000,00,2,2,01,B02
201100003419,0,02,000,00,2,1,13,A01
201100003419,0,07,000,00,2,2,01,B02
201100003420,0,10,000,00,2,3,19,A01
201100003420,0,02,000,00,2,8,01,B02
201100003421,0,33,000,00,0,8,01,A01
201100003422,0,01,000,00,2,1,02,A01
201100003422,0,01,000,00,2,4,02,B02
201100003423,0,07,000,00,2,1,17,A01
201100003423,0,07,000,00,2,1,01,B02
201100003423,0,02,000,00,2,1,01,C03
201100003424,0,07,000,00,2,7,19,A01
201100003424,0,17,000,00,2,1,01,B02
201100003425,0,07,000,00,2,7,19,A01
201100003425,0,33,000,00,2,1,01,B02
201100003426,0,33,000,16,0,1,13,A01
201100003427,0,07,000,14,0,1,01,A01
201100003428,0,14,000,01,0,0,00,A01
201100003428,0,20,000,00,2,1,24,B02
201100003429,0,07,000,08,0,2,01,A01
201100003430,0,14,000,00,2,1,01,A01
201100003430,0,07,000,00,2,4,15,B02
201100003430,0,14,000,00,2,8,01,C03
201100003431,0,07,000,14,0,3,01,A01
201100003432,0,07,000,13,0,1,13,A01
201100003433,0,10,000,00,2,3,15,A01