Num_Acc,senc,catv,occutc,obs,obsm,choc,manv,num_veh
201100003822,0,07,000,00,2,6,01,B02
201100003823,0,30,000,00,2,1,02,A01
201100003823,0,07,000,00,2,4,23,B02
201100003824,0,15,000,00,9,2,21,A01
201100003824,0,01,000,00,2,8,01,B02
201100003825,0,07,000,00,2,7,19,A01
201100003825,0,15,000,00,2,1,01,B02
201100003826,0,07,000,13,0,2,00,A01
201100003827,0,01,000,00,0,8,01,B02
201100003827,0,07,000,00,9,1,15,A01
201100003828,0,07,000,00,1,2,01,A01
201100003829,0,07,000,00,1,7,01,A01
201100003830,0,07,000,00,2,1,01,A01
201100003830,0,07,000,00,2,7,01,B02
201100003831,0,07,000,00,2,2,15,A01
201100003831,0,07,000,00,2,3,01,B02
201100003832,0,07,000,00,9,7,16,A01
201100003832,0,01,000,00,2,1,01,B02
201100003833,0,07,000,00,9,3,17,B02
201100003833,0,02,000,00,2,3,01,A01
201100003834,0,07,000,00,2,2,13,B02
201100003834,0,07,000,00,2,8,13,A01
201100003834,0,07,000,00,2,1,01,C03
201100003835,0,07,000,00,2,6,01,D04
201100003835,0,17,000,00,2,1,01,B02
201100003835,0,10,000,00,2,2,01,A01
201100003835,0,07,000,00,2,1,01,C03
201100003836,0,07,000,00,0,9,13,A01
201100003837,0,02,000,00,2,8,19,B02
201100003837,0,07,000,00,2,3,01,A01
201100003838,0,10,000,00,1,2,01,A01
201100003839,0,07,000,00,2,1,13,A01
201100003839,0,07,000,00,2,1,01,B02
201100003840,0,07,000,02,0,1,01,A01
201100003841,0,30,000,00,1,3,01,A01
201100003842,0,07,000,00,2,7,14,A01
201100003842,0,07,000,00,2,1,01,B02
201100003843,0,10,000,00,0,1,01,C03
201100003843,0,07,000,00,0,1,13,A01
201100003843,0,10,000,00,0,6,01,B02
201100003844,0,07,000,02,0,9,01,A01
201100003845,0,07,000,00,0,4,04,A01
201100003845,0,02,000,00,2,1,01,B02
201100003846,0,07,000,13,0,2,01,A01
201100003847,0,30,000,00,2,7,00,A01
201100003847,0,07,000,00,2,2,01,B02
201100003848,0,07,000,00,2,3,17,A01
201100003848,0,01,000,00,0,4,15,B02
201100003849,0,32,000,00,1,1,01,A01
201100003850,0,07,000,00,1,3,01,A01
201100003851,0,07,000,00,2,1,13,A01
201100003851,0,10,000,00,0,3,01,B02
201100003851,0,07,000,00,2,8,02,D04
201100003851,0,10,000,00,2,3,01,C03
201100003852,0,07,000,00,1,2,15,A01
201100003853,0,14,000,00,2,7,02,B02
201100003853,0,07,000,00,2,1,02,A01
201100003854,0,07,000,00,2,2,01,A01
201100003854,0,07,000,00,2,1,01,B02
201100003855,0,21,000,00,2,0,01,A01
201100003855,0,07,000,00,9,1,01,C03
201100003855,0,07,000,00,9,2,01,B02
201100003856,0,07,000,00,2,1,13,A01
201100003856,0,07,000,00,2,1,01,B02
201100003857,0,17,000,00,2,1,01,B02
201100003857,0,07,000,00,2,1,13,A01
201100003858,0,07,000,00,2,7,00,B02
201100003858,0,07,000,00,2,1,01,A01
201100003859,0,07,000,00,2,3,01,B02
201100003859,0,07,000,00,2,3,01,A01
201100003860,0,07,000,13,0,3,01,A01
201100003861,0,07,000,00,0,1,13,B02
201100003861,0,07,000,00,0,2,01,A01
201100003862,0,07,000,00,2,6,09,A01
201100003862,0,07,000,00,2,2,01,B02
201100003863,0,07,000,00,0,0,09,B02
201100003863,0,31,000,00,0,8,01,A01
201100003864,0,01,000,00,2,4,01,B02
201100003864,0,07,000,00,9,2,01,A01
201100003865,0,07,000,00,2,9,01,B02
201100003865,0,14,000,01,2,1,01,A01
201100003865,0,07,000,00,2,4,00,D04
201100003865,0,07,000,00,2,9,01,C03
201100003866,0,07,000,00,2,1,01,B02
201100003866,0,02,000,00,2,1,15,A01
201100003867,0,07,000,00,2,1,01,B02
201100003867,0,10,000,00,2,6,19,A01
201100003868,0,01,000,00,2,7,19,A01
201100003868,0,07,000,00,2,1,01,B02
201100003869,0,07,000,00,0,9,17,A01
201100003870,0,07,000,00,2,3,13,A01
201100003870,0,10,000,00,2,3,01,B02
201100003871,0,07,000,00,1,1,01,A01
201100003872,0,07,000,00,2,2,19,A01
201100003872,0,02,000,00,2,1,01,B02
201100003873,0,07,000,00,2,1,01,A01
201100003873,0,07,000,00,0,6,01,B02
201100003874,0,07,000,00,2,3,10,A01
201100003874,0,10,000,00,2,1,01,B02
201100003875,0,07,000,13,0,1,01,A01
201100003876,0,07,000,00,2,3,13,A01
201100003876,0,07,000,00,2,3,01,B02
201100003876,0,07,000,00,2,8,01,C03
201100003877,0,07,000,00,0,7,01,B02
201100003877,0,07,000,08,0,1,09,A01
201100003878,0,07,000,00,0,1,01,A01
201100003879,0,14,000,00,2,2,01,B02
201100003879,0,07,000,00,0,8,10,A01
201100003880,0,07,000,00,2,3,01,B02
201100003880,0,07,000,00,2,3,05,A01
201100003881,0,07,000,13,0,7,01,A01
201100003882,0,07,000,00,2,1,05,C03
201100003882,0,07,000,00,2,5,15,B02
201100003882,0,17,000,00,2,3,14,A01
201100003883,0,10,000,00,2,4,15,D04
201100003883,0,16,000,08,2,1,01,A01
201100003883,0,07,000,00,2,1,01,C03
201100003883,0,10,000,00,2,0,15,E05
201100003884,0,07,000,00,0,6,01,B02
201100003884,0,33,000,00,2,1,01,A01
201100003884,0,07,000,00,9,3,01,C03
201100003885,0,07,000,00,0,6,15,A01
201100003885,0,07,000,00,2,9,11,B02
201100003885,0,10,000,00,2,2,13,C03
201100003886,0,07,000,00,1,1,01,A01
201100003887,0,07,000,00,0,1,01,A01
201100003888,0,33,000,00,0,8,13,A01
201100003889,0,07,000,00,2,8,19,A01
201100003889,0,33,000,00,2,1,01,B02
201100003890,0,02,000,06,0,1,01,A01
201100003891,0,30,000,00,2,1,01,B02
201100003891,0,10,000,00,2,8,19,A01
201100003892,0,07,000,00,2,3,01,A01
201100003892,0,07,000,00,2,3,01,B02
201100003893,0,07,000,00,0,2,15,A01
201100003893,0,01,000,00,2,1,01,B02
201100003894,0,07,000,00,2,1,17,B02
201100003894,0,02,000,00,2,8,21,C03
201100003894,0,07,000,00,2,2,13,A01
201100003895,0,30,000,00,2,3,13,A01
201100003895,0,07,000,00,2,3,01,B02
201100003896,0,07,000,00,2,3,01,B02
201100003896,0,30,000,00,2,1,01,A01
201100003897,0,31,000,00,2,7,19,B02
201100003897,0,07,000,00,2,3,01,A01
201100003898,0,15,000,00,2,3,15,A01
201100003898,0,33,000,00,2,1,01,B02
201100003899,0,07,000,00,2,1,13,A01
201100003899,0,17,000,00,2,2,23,B02
201100003900,0,07,000,00,2,1,01,B02
201100003900,0,07,000,00,2,8,15,A01
201100003901,0,07,000,00,0,3,00,A01
201100003901,0,07,000,00,2,2,00,B02
201100003902,0,07,000,15,2,5,01,B02
201100003902,0,07,000,00,2,2,15,A01
201100003903,0,07,000,00,2,6,13,A01
201100003903,0,07,000,00,2,3,01,B02
201100003904,0,07,000,02,0,8,00,A01
201100003905,0,07,000,02,0,1,01,A01
201100003906,0,07,000,02,0,1,13,A01
201100003907,0,33,000,00,2,1,17,A01
201100003907,0,02,000,00,2,1,01,B02
201100003908,0,07,000,00,0,2,00,B02
201100003908,0,07,000,00,0,3,00,A01
201100003909,0,07,000,06,0,1,00,A01
201100003909,0,34,000,06,0,1,00,B02
201100003910,0,10,000,00,2,1,01,C03
201100003910,0,07,000,00,2,3,11,A01
201100003910,0,15,000,00,2,3,01,B02
201100003911,0,30,000,00,2,1,01,B02
201100003911,0,07,000,00,2,8,15,A01
201100003912,0,39,006,00,2,1,01,B02
201100003912,0,07,000,00,4,8,05,A01
201100003913,0,07,000,00,1,8,21,A01
201100003914,0,30,000,00,0,8,19,A01
201100003914,0,30,000,00,2,1,01,B02
201100003915,0,07,000,00,1,2,01,A01
201100003916,0,30,000,00,2,3,01,A01
201100003916,0,07,000,00,2,7,01,B02
201100003917,0,07,000,02,0,1,01,A01
201100003918,0,07,000,00,2,3,19,A01
201100003918,0,07,000,00,2,1,01,B02
201100003919,0,07,000,00,1,3,20,A01
201100003920,0,07,000,00,0,7,09,A01
201100003920,0,07,000,00,2,1,01,B02
201100003921,0,07,000,00,2,1,01,A01
201100003921,0,07,000,00,2,1,01,B02
201100003922,0,07,000,00,1,1,01,A01
201100003923,0,33,000,00,2,8,01,A01
201100003924,0,02,000,00,2,8,01,A01
201100003924,0,07,000,00,2,2,23,B02
201100003925,0,30,000,00,2,2,01,B02
201100003925,0,30,000,00,0,0,01,A01
201100003926,0,10,000,00,2,7,01,A01
201100003926,0,02,000,00,2,1,19,B02
201100003927,0,02,000,01,0,1,01,A01
201100003928,0,07,000,00,9,2,13,A01
201100003928,0,01,000,00,2,8,19,B02
201100003928,0,01,000,00,2,8,19,C03
201100003929,0,31,000,08,0,1,13,A01
201100003930,0,33,000,00,2,1,01,B02
201100003930,0,07,000,00,2,8,19,A01
201100003931,0,07,000,00,2,2,10,B02
201100003931,0,30,000,00,2,1,01,A01
201100003932,0,07,000,03,2,3,15,A01
201100003932,0,07,000,00,2,1,01,B02
201100003933,0,21,000,00,1,5,17,A01
201100003934,0,07,000,00,2,1,02,A01
201100003934,0,07,000,12,2,4,01,B02
201100003935,0,07,000,13,0,1,01,A01
201100003936,0,01,000,00,2,3,01,B02
201100003936,0,01,000,00,2,3,01,C03
201100003936,0,07,000,00,9,1,15,A01
201100003937,0,07,000,00,2,3,01,B02
201100003937,0,31,000,00,2,6,09,A01
201100003938,0,33,000,00,2,1,01,B02
201100003938,0,10,000,00,2,7,15,A01
201100003939,0,07,000,00,1,1,01,A01
201100003940,0,14,000,13,0,2,01,A01
201100003941,0,07,000,00,0,6,13,B02
201100003941,0,07,000,00,2,2,17,A01
201100003942,0,07,000,16,0,1,01,A01
201100003943,0,31,000,00,2,2,01,B02
201100003943,0,07,000,00,2,3,11,A01
201100003944,0,02,000,08,0,1,01,A01
201100003945,0,07,000,00,2,1,01,B02
201100003945,0,07,000,00,2,1,01,A01
201100003946,0,07,000,02,0,8,01,A01
201100003947,0,14,000,00,2,3,01,B02
201100003947,0,07,000,00,2,8,01,A01
201100003948,0,07,000,00,2,1,15,B02
201100003948,0,31,000,00,2,7,17,A01
201100003949,0,07,000,00,2,3,01,B02
201100003949,0,07,000,00,2,3,01,A01
201100003950,0,10,000,00,2,8,01,B02
201100003950,0,30,000,00,2,1,01,A01
201100003951,0,07,000,00,1,1,01,A01
201100003952,0,10,000,00,1,4,20,B01
201100003953,0,13,000,00,2,3,01,B02
201100003953,0,07,000,00,2,3,13,A01
201100003954,0,07,000,00,2,2,15,A01
201100003954,0,30,000,00,2,1,01,B02
201100003955,0,07,000,00,1,3,15,A01
201100003956,0,07,000,00,1,3,01,A01
201100003957,0,33,000,00,1,2,01,A01
201100003958,0,33,000,00,2,2,17,B02
201100003958,0,07,000,00,0,3,17,A01
201100003959,0,07,000,00,2,6,23,C03
201100003959,0,10,000,00,2,2,21,A01
201100003959,0,07,000,00,2,1,01,B02
201100003960,0,31,000,00,0,0,17,A01
201100003961,0,07,000,00,1,3,01,A01
201100003962,0,07,000,00,2,3,19,B02
201100003962,0,07,000,00,2,1,01,A01
201100003963,0,07,000,00,2,7,01,A01
201100003963,0,07,000,00,2,1,01,B02
201100003964,0,07,000,00,0,3,01,B02
201100003964,0,07,000,00,9,3,21,A01
201100003965,0,01,000,00,0,8,01,A01
201100003965,0,07,000,00,0,2,19,B02
201100003965,0,07,000,00,0,0,23,C03
201100003966,0,07,000,00,2,8,01,B02
201100003966,0,07,000,00,2,1,19,A01
201100003967,0,10,000,00,2,7,01,B02
201100003967,0,10,000,00,2,1,15,A01
201100003968,0,07,000,00,0,7,19,A01
201100003968,0,07,000,00,0,1,01,B02
201100003969,0,07,000,00,2,2,04,A01
201100003969,0,33,000,00,2,1,01,B02
201100003970,0,01,000,00,2,3,01,B02
201100003970,0,07,000,00,1,3,15,A01
201100003971,0,21,000,00,1,2,01,A01
201100003972,0,10,000,00,0,5,15,B02
201100003972,0,07,000,00,2,3,01,A01
201100003973,0,01,000,00,2,1,01,B02
201100003973,0,07,000,00,2,5,15,A01
201100003974,0,30,000,03,0,1,01,A01
201100003975,0,30,000,00,2,1,02,A01
201100003975,0,07,000,00,2,4,02,B02
201100003976,0,30,000,00,0,7,17,A01
201100003976,0,30,000,00,0,7,01,B02
201100003977,0,07,000,00,2,3,01,B02
201100003977,0,07,000,00,2,2,01,A01
201100003978,0,07,000,00,2,4,02,B02
201100003978,0,07,000,00,2,1,02,A01
201100003979,0,07,000,02,0,9,01,A01
201100003980,0,07,000,06,0,1,01,A01
201100003981,0,07,000,00,2,1,01,A01
201100003981,0,07,000,00,2,1,05,B02
201100003982,0,07,000,06,0,3,01,A01
201100003983,0,30,000,00,0,9,01,A01
201100003984,0,07,000,00,2,1,13,A01
201100003984,0,07,000,00,2,1,01,B02
201100003985,0,30,000,00,2,8,16,B02
201100003985,0,07,000,00,2,2,17,A01
201100003986,0,07,000,00,0,1,01,B02
201100003986,0,07,000,00,0,3,15,A01
201100003987,0,15,000,00,2,8,13,A01
201100003987,0,07,000,00,2,3,01,B02
201100003988,0,07,000,13,0,1,01,A01
201100003989,0,07,000,13,0,1,01,A01
201100003990,0,07,000,00,0,0,01,A01
201100003991,0,30,000,06,0,1,01,A01
201100003992,0,33,000,12,0,1,01,A01
201100003993,0,07,000,00,2,1,02,A01
201100003993,0,07,000,00,0,4,16,B02
201100003994,0,07,000,00,2,2,01,C03
201100003994,0,07,000,00,2,2,13,A01
201100003994,0,10,000,00,2,2,01,B02
201100003995,0,17,000,00,0,3,13,A01
201100003996,0,33,000,00,0,7,01,A01
201100003997,0,07,000,00,1,2,00,A01
201100003998,0,33,000,00,2,1,02,A01
201100003998,0,21,000,00,2,6,15,B02
201100003999,0,07,000,13,0,2,14,A01
201100004000,0,07,000,00,1,1,01,A01
201100004001,0,33,000,00,0,1,14,A01
201100004002,0,31,000,12,0,1,01,A01
201100004003,0,07,000,00,2,1,05,A01
201100004003,0,07,000,00,2,1,01,B02
201100004004,0,30,000,00,2,1,01,A01
201100004004,0,07,000,00,2,0,15,B02
201100004005,0,33,000,00,2,1,01,A01
201100004005,1,10,000,00,2,8,19,B02
201100004006,0,07,000,02,0,7,01,A01
201100004007,0,07,000,00,0,5,23,A01
201100004007,0,07,000,00,0,1,01,C03
201100004007,0,07,000,00,0,4,23,B02
201100004008,0,10,000,00,2,3,10,A01
201100004008,0,33,000,00,2,5,17,B02
201100004009,0,07,000,00,1,1,01,A01
201100004010,0,33,000,00,2,1,01,B02
201100004010,0,07,000,00,2,1,19,A01
201100004011,0,07,000,00,0,2,11,B02
201100004011,0,31,000,00,0,1,01,A01
201100004012,1,07,000,00,1,1,01,A01
201100004013,0,33,000,00,2,7,01,A01
201100004013,0,10,000,00,0,6,20,B02
201100004014,0,07,000,00,2,5,16,A01
201100004014,0,30,000,00,2,1,01,B02
201100004015,0,07,000,00,2,6,02,B02
201100004015,0,31,000,00,2,2,16,A01
201100004016,0,07,000,00,2,3,15,A01
201100004016,0,33,000,00,2,1,01,B02
201100004017,0,07,000,08,2,5,15,A01
201100004017,0,33,000,00,2,1,01,B02
201100004018,0,02,000,00,2,1,01,B02
201100004018,0,07,000,00,2,2,15,A01
201100004019,0,07,000,06,0,1,01,A01
201100004020,0,07,000,00,0,9,01,A01
201100004021,0,07,000,16,0,9,13,A01
201100004022,0,01,000,00,2,6,01,B02
201100004022,0,07,000,00,2,5,01,A01
201100004023,0,07,000,00,2,3,13,A01
201100004023,0,07,000,00,2,3,01,B02
201100004024,0,07,000,00,2,1,01,C03
201100004024,0,10,000,00,2,3,01,B02
201100004024,0,07,000,00,2,3,13,A01
201100004025,0,07,000,00,2,1,13,A01
201100004025,0,07,000,00,2,1,01,B02
201100004026,0,07,000,00,2,8,15,A01
201100004026,0,33,000,00,2,1,17,B02
201100004027,0,38,000,00,2,1,01,A01
201100004027,0,07,000,00,2,1,15,B02
201100004028,0,07,000,00,1,8,01,A01
201100004029,0,07,000,00,2,2,01,B02
201100004029,0,01,000,00,2,4,01,A01
201100004030,0,33,000,00,2,1,01,B02
201100004030,0,07,000,00,0,7,15,A01
201100004031,0,07,000,00,2,2,16,B02
201100004031,0,30,000,00,2,0,01,A01
201100004032,0,07,000,13,0,1,01,A01
201100004033,0,07,000,00,2,7,15,A01
201100004033,0,33,000,00,2,1,01,B02
201100004034,0,07,000,00,2,2,16,B02
201100004034,0,34,000,00,2,1,18,A01
201100004035,0,07,000,00,2,2,15,B02
201100004035,0,30,000,00,2,1,01,A01
201100004036,0,07,000,00,2,8,15,B02
201100004037,0,07,000,00,2,3,15,A01
201100004037,0,33,000,00,2,1,01,B02
201100004038,0,31,000,06,0,2,01,A01
201100004039,0,07,000,12,0,2,00,A01
201100004040,0,07,000,02,0,2,01,A01
201100004041,0,07,000,00,0,9,01,A01
201100004042,0,07,000,02,0,7,01,A01
201100004043,0,33,000,00,2,1,17,B02
201100004043,0,07,000,00,2,6,11,A01
201100004044,0,31,000,00,2,1,01,B02
201100004044,0,14,000,00,9,2,15,A01
201100004045,0,33,000,14,0,1,01,A01
201100004046,0,32,000,00,2,8,01,B02
201100004046,0,07,000,00,2,2,15,A01
201100004047,0,07,000,00,2,2,15,A01
201100004047,0,32,000,00,2,1,01,B02
201100004048,0,07,000,08,0,1,14,A01
201100004049,0,07,000,00,2,6,04,A01
201100004049,0,33,000,00,2,1,01,B02
201100004050,0,01,000,00,2,3,13,A01
201100004050,0,14,000,00,2,8,01,B02
201100004051,0,33,000,00,0,4,01,A01
201100004052,0,07,000,00,0,1,15,A01
201100004052,0,30,000,00,2,1,01,B02
201100004053,0,07,000,06,0,3,00,A01
201100004054,0,07,000,08,0,3,01,A01
201100004055,0,07,000,00,1,2,01,A01
201100004056,0,07,000,00,2,1,01,B02
201100004056,0,07,000,00,2,1,13,A01
201100004057,0,07,000,00,2,3,15,A01
201100004057,0,30,000,00,2,1,01,B02
201100004058,0,07,000,00,0,4,02,A01
201100004058,0,33,000,00,2,1,01,B02
201100004059,0,33,000,00,0,1,01,A01
201100004059,0,07,000,00,0,6,19,B02
201100004060,0,07,000,00,2,3,13,A01
201100004060,0,07,000,00,2,3,01,B02
201100004061,0,07,000,02,0,2,00,A01
201100004062,0,07,000,00,1,1,01,A01
201100004063,0,07,000,09,0,1,01,A01
201100004064,0,33,000,00,2,1,13,A01
201100004064,0,07,000,00,2,1,01,B02
201100004065,0,07,000,00,2,1,01,A01
201100004065,0,07,000,00,2,3,16,B02
201100004066,0,33,000,16,0,7,00,A01
201100004067,0,21,000,00,2,2,01,A01
201100004067,0,30,000,00,2,1,01,B02
201100004068,0,07,000,00,0,1,01,A01
201100004069,0,07,000,00,2,6,15,A01
201100004069,0,33,000,00,2,1,01,B02
201100004070,0,07,000,00,2,1,01,A01
201100004070,0,07,000,00,2,7,19,B02
201100004071,0,07,000,00,2,3,01,B02
201100004071,0,14,000,00,2,3,01,A01
201100004072,0,07,000,13,0,1,01,A01
201100004073,0,07,000,02,0,0,19,A01
201100004074,0,07,000,00,1,3,01,A01
201100004075,0,10,000,00,2,1,13,B02
201100004075,0,07,000,00,2,1,01,A01
201100004076,0,33,000,00,2,1,01,A01
201100004076,0,07,000,00,2,7,15,B02
201100004077,0,07,000,02,0,9,01,A01
201100004078,0,07,000,00,0,0,23,C03
201100004078,0,07,000,00,2,2,19,B02
201100004078,0,30,000,00,2,8,14,A01
201100004079,0,14,000,00,2,1,01,A01
201100004079,0,33,000,00,2,1,17,B02
201100004080,0,07,000,00,1,2,01,A01
201100004081,0,07,000,00,2,4,23,A01
201100004081,0,30,000,00,2,1,01,B02
201100004082,0,01,000,00,2,8,01,B02
201100004083,0,10,000,00,1,2,15,A01
201100004084,0,07,000,00,2,1,01,A01
201100004084,0,07,000,00,0,4,23,B02
201100004085,0,07,000,15,0,2,01,A01
201100004086,0,07,000,00,2,3,01,A01
201100004086,0,07,000,00,2,3,01,B02
201100004087,0,30,000,00,2,1,01,B02
201100004087,0,10,000,00,2,7,19,A01
201100004088,0,07,000,00,0,8,01,B02
201100004088,0,07,000,00,2,2,14,A01
201100004089,0,33,000,00,2,1,01,B02
201100004089,1,07,000,00,2,6,15,A01
201100004090,0,10,000,03,0,8,13,A01
201100004091,0,10,000,13,0,1,01,A01
201100004092,0,07,000,00,0,1,13,A01
201100004092,0,07,000,00,0,1,01,B02
201100004093,0,02,000,00,2,3,01,B02
201100004093,0,07,000,00,2,1,15,A01
201100004094,0,07,000,00,2,0,15,A01
201100004094,0,30,000,00,2,1,01,B02
201100004095,0,07,000,08,0,8,13,A01
201100004096,0,07,000,13,0,2,14,A01
201100004097,0,07,000,00,2,4,02,B02
201100004097,0,07,000,00,2,1,02,A01
201100004097,0,01,000,00,2,4,02,C03
201100004098,0,07,000,00,2,9,01,A01
201100004098,0,07,000,00,2,8,01,B02
201100004098,0,10,000,00,2,1,01,D04
201100004098,0,07,000,00,2,3,01,C03
201100004099,0,07,000,08,0,3,01,A01
201100004100,0,07,000,00,2,5,10,A01
201100004100,0,33,000,00,2,1,02,B02
201100004101,0,07,000,00,2,2,21,A01
201100004102,0,07,000,08,0,2,01,A01
201100004103,0,07,000,00,2,3,17,A01
201100004103,0,01,000,00,2,1,01,B02
201100004104,0,07,000,00,1,1,01,A01
201100004105,0,07,000,00,2,3,15,A01
201100004105,0,02,000,00,2,3,03,B02
201100004106,0,99,000,00,2,4,01,D04
201100004106,0,99,000,00,2,4,01,A01
201100004106,0,99,000,00,2,4,01,B02
201100004106,0,99,000,00,2,4,01,C03
201100004107,0,10,000,00,2,1,15,A01
201100004107,0,33,000,00,2,1,01,B02
201100004108,0,07,000,00,2,4,01,C03
201100004108,0,07,000,00,2,1,01,A01
201100004108,0,07,000,00,2,4,01,B02
201100004109,0,33,000,00,2,1,17,A01
201100004109,0,07,000,00,2,8,15,B02
201100004110,0,33,000,00,2,2,01,B02
201100004110,0,07,000,00,2,3,10,A01
201100004111,0,07,000,00,1,1,01,A01
201100004112,0,33,000,00,2,7,17,B02
201100004112,0,07,000,00,2,3,10,A01
201100004113,0,31,000,00,2,1,01,A01
201100004113,0,33,000,00,2,8,15,B02
201100004114,0,30,000,00,2,7,17,A01
201100004114,0,07,000,00,2,3,01,C03
201100004114,0,07,000,00,2,1,01,D04
201100004114,0,07,000,06,2,8,01,B02
201100004115,0,07,000,02,0,7,13,A01
201100004116,0,30,000,00,2,4,15,B02
201100004116,0,07,000,00,2,2,01,A01
201100004117,0,07,000,13,0,1,01,A01
201100004118,0,07,000,15,2,8,16,B02
201100004118,0,07,000,00,2,1,17,A01
201100004119,0,33,000,08,0,1,01,A01
201100004120,0,07,000,00,2,1,01,A01
201100004120,0,07,000,00,2,8,09,B02
201100004121,0,07,000,00,2,1,01,A01
201100004121,0,07,000,00,2,1,01,B02
201100004122,0,10,000,06,0,1,01,A01
201100004123,0,01,000,00,9,8,15,B02
201100004123,0,01,000,00,9,7,17,A01
201100004124,0,07,000,06,0,1,01,A01
201100004125,0,30,000,00,2,1,19,A01
201100004125,0,07,000,00,2,2,01,B02
201100004126,0,07,000,13,0,2,01,A01
201100004127,0,02,000,16,0,2,01,A01
201100004128,0,07,000,00,1,1,01,A01
201100004129,0,07,000,00,2,8,20,A01
201100004129,0,07,000,00,2,2,01,B02
201100004129,0,31,000,00,2,1,01,C03
201100004130,0,07,000,00,2,3,01,A01
201100004130,0,07,000,00,2,3,16,B02
201100004131,0,33,000,03,0,8,01,A01
201100004132,0,07,000,02,0,3,13,A01
201100004133,0,07,000,00,2,1,13,A01
201100004133,0,03,000,00,2,1,01,B02
201100004134,0,07,000,08,0,9,01,A01
201100004135,0,07,000,08,0,3,06,A01
201100004136,0,07,000,00,2,1,01,B02
201100004136,0,07,000,00,2,7,13,A01
201100004137,0,33,000,12,0,8,00,A01
201100004138,0,10,000,02,0,2,01,A01
201100004139,0,07,000,10,0,1,00,A01
201100004140,0,07,000,08,0,1,19,A01
201100004141,0,07,000,00,9,3,09,B02
201100004141,0,01,000,00,2,1,00,A01
201100004142,0,33,000,00,2,1,01,C03
201100004142,0,07,000,00,0,1,19,B02
201100004142,0,07,000,00,2,1,23,A01
201100004143,0,33,000,00,2,2,17,A01
201100004143,0,10,000,00,2,8,15,B02
201100004144,0,07,000,00,2,2,14,B02
201100004144,0,33,000,00,2,9,18,A01
201100004145,0,30,000,03,0,7,01,A01
201100004146,0,07,000,00,2,3,13,A01
201100004146,0,17,000,00,2,3,01,B02
201100004147,0,07,000,00,2,3,01,A01
201100004147,0,01,000,00,2,8,19,B02
201100004148,0,07,000,00,2,1,01,B02
201100004148,0,07,000,00,2,1,01,A01
201100004149,0,07,000,00,2,1,13,A01
201100004149,0,07,000,00,2,1,01,B02
201100004150,0,07,000,00,2,3,13,A01
201100004150,0,07,000,00,2,3,01,B02
201100004151,0,02,000,00,2,1,13,A01
201100004152,0,07,000,00,1,1,01,A01
201100004153,0,07,000,13,0,9,01,A01
201100004154,0,07,000,00,0,2,17,A01
201100004155,0,36,000,00,0,1,01,A01
201100004156,0,07,000,01,2,1,02,B02
201100004156,0,07,000,01,0,8,15,A01
201100004157,0,07,000,00,2,6,20,A01
201100004157,0,02,000,00,2,1,01,B02
201100004158,0,33,000,13,0,9,00,A01
201100004159,0,07,000,00,0,6,02,A01
201100004159,0,33,000,00,2,1,02,B02
201100004160,0,30,000,00,2,3,17,A01
201100004160,0,07,000,00,2,8,01,B02
201100004161,0,07,000,00,0,7,16,B02
201100004161,0,33,000,00,2,1,01,A01
201100004162,0,30,000,00,0,0,01,A01
201100004163,0,07,000,06,0,1,14,A01
201100004164,0,17,000,00,2,3,01,B02
201100004164,0,07,000,00,2,3,13,A01
201100004165,0,07,000,13,0,1,01,A01
201100004166,0,33,000,15,0,1,01,A01
201100004167,0,07,000,16,0,9,01,A01
201100004168,0,33,000,00,0,2,01,A01
201100004169,0,07,000,00,2,6,19,B02
201100004169,0,33,000,00,2,1,01,A01
201100004170,0,33,000,03,2,1,13,A01
201100004170,0,07,000,00,2,6,01,B02
201100004171,0,07,000,00,2,3,01,A01
201100004171,0,31,000,00,2,3,01,B02
201100004172,0,31,000,13,0,1,01,A01
201100004173,0,30,000,00,5,1,00,A01
201100004174,0,07,000,00,2,1,01,A01
201100004174,0,07,000,00,0,4,15,B02
201100004175,0,07,000,00,2,3,15,B02
201100004175,0,07,000,00,2,1,01,A01
201100004176,0,07,000,00,0,0,14,A01
201100004177,0,07,000,00,2,3,01,A01
201100004177,0,07,000,00,2,3,01,B02
201100004178,0,07,000,13,0,3,01,A01
201100004179,0,07,000,13,0,1,01,A01
201100004180,0,07,000,00,2,1,17,A01
201100004180,0,07,000,00,2,1,01,B02
201100004181,0,10,000,00,2,1,01,A01
201100004181,0,07,000,00,2,1,13,B02
201100004182,0,07,000,13,0,9,02,A01
201100004183,0,38,000,00,1,2,01,A01
201100004184,0,07,000,00,2,1,05,A01
201100004184,0,33,000,00,2,1,01,B02
201100004185,0,33,000,00,0,0,00,A01
201100004186,0,07,000,06,0,1,01,A01
201100004187,0,07,000,00,2,7,13,A01
201100004187,0,07,000,00,2,1,01,B02
201100004188,0,10,000,02,0,8,01,A01
201100004189,0,07,000,00,0,0,21,C03
201100004189,0,17,000,00,2,8,19,A01
201100004189,0,10,000,00,2,3,01,B02
201100004190,0,07,000,00,2,2,15,A01
201100004190,0,33,000,00,2,7,01,B02
201100004191,0,07,000,13,0,9,01,A01
201100004192,0,07,000,00,2,2,13,A01
201100004192,0,07,000,00,2,2,01,B02
201100004193,0,07,000,13,0,7,01,A01
201100004194,0,07,000,02,0,8,01,A01
201100004195,0,07,000,00,2,1,21,A01