Num_Acc,senc,catv,occutc,obs,obsm,choc,manv,num_veh
201100004195,0,07,000,00,2,1,01,B02
201100004196,0,10,000,06,0,1,01,A01
201100004197,0,07,000,08,0,7,13,A01
201100004198,0,02,000,00,2,1,01,B02
201100004199,0,30,000,00,0,0,21,A01
201100004200,0,33,000,13,0,0,01,A01
201100004201,0,07,000,02,0,2,01,A01
201100004202,0,07,000,02,0,3,01,A01
201100004203,0,07,000,02,0,2,01,A01
201100004204,0,07,000,00,2,7,01,A01
201100004204,0,07,000,00,2,3,01,B02
201100004205,0,30,000,00,0,0,01,A01
201100004206,0,33,000,00,2,1,01,B02
201100004206,0,07,000,00,0,2,01,A01
201100004207,0,07,000,00,2,6,02,A01
201100004207,0,33,000,00,2,2,02,B02
201100004208,0,07,000,14,0,1,01,A01
201100004209,0,07,000,00,2,2,01,A01
201100004209,0,07,000,00,2,3,06,B02
201100004210,0,07,000,13,0,1,01,A01
201100004211,0,07,000,00,2,3,17,A01
201100004211,0,07,000,00,2,3,01,B02
201100004212,0,07,000,00,2,3,01,B02
201100004212,0,07,000,00,2,3,13,A01
201100004213,0,14,000,00,0,7,01,A01
201100004213,0,01,000,00,0,1,00,B02
201100004214,0,07,000,00,2,3,01,B02
201100004214,0,33,000,00,2,3,13,A01
201100004215,0,10,000,00,2,8,15,A01
201100004215,0,31,000,00,2,0,01,B02
201100004216,0,07,000,03,0,1,14,A01
201100004217,0,10,000,00,2,3,01,B02
201100004217,0,07,000,00,2,1,13,A01
201100004218,0,07,000,00,2,3,13,A01
201100004218,0,14,000,00,2,3,01,B02
201100004219,0,10,000,00,2,7,01,A01
201100004219,0,07,000,00,2,2,01,B02
201100004220,0,07,000,00,2,3,01,A01
201100004220,0,07,000,00,2,6,00,C03
201100004220,0,21,000,00,2,6,01,B02
201100004221,0,07,000,02,0,8,00,A01
201100004222,0,07,000,00,2,1,01,A01
201100004222,0,07,000,00,2,1,01,B02
201100004223,0,07,000,00,2,1,13,A01
201100004223,0,07,000,00,2,1,01,B02
201100004224,0,14,000,00,0,0,01,A01
201100004224,0,07,000,00,9,8,01,C03
201100004225,0,07,000,02,0,1,13,A01
201100004226,0,07,000,13,0,3,01,A01
201100004227,0,02,000,00,2,8,15,A01
201100004227,0,07,000,00,2,2,01,B02
201100004228,0,07,000,01,0,1,14,A01
201100004229,0,33,000,00,0,0,01,A01
201100004230,0,10,000,00,1,3,01,A01
201100004231,0,07,000,00,1,3,15,A01
201100004232,0,07,000,00,0,8,23,A01
201100004232,0,39,000,00,4,2,00,B02
201100004233,0,07,000,13,0,1,01,A01
201100004234,0,33,000,00,2,1,01,B02
201100004234,0,07,000,00,2,1,15,A01
201100004235,0,33,000,00,2,1,01,A01
201100004235,1,07,000,00,2,2,15,B02
201100004236,0,07,000,00,2,8,01,C03
201100004236,0,33,000,00,2,1,17,A01
201100004236,0,07,000,00,0,6,01,B02
201100004237,0,10,000,00,2,1,19,B02
201100004237,0,07,000,00,2,7,01,A01
201100004238,0,07,000,00,2,1,01,B02
201100004238,0,07,000,00,2,7,01,A01
201100004239,0,07,000,16,0,1,00,A01
201100004240,0,07,000,00,2,4,01,B02
201100004240,0,07,000,00,2,4,01,C03
201100004240,0,07,000,00,2,1,01,A01
201100004241,0,15,000,00,2,3,01,A01
201100004241,0,15,000,00,2,3,02,D04
201100004241,0,10,000,00,2,0,02,B02
201100004241,0,07,000,00,2,1,15,C03
201100004242,0,07,000,13,0,2,01,A01
201100004243,0,07,000,00,2,3,15,A01
201100004243,0,30,000,00,2,2,01,B02
201100004244,0,07,000,00,2,3,01,A01
201100004244,0,07,000,00,2,2,01,B02
201100004245,0,07,000,06,0,1,01,A01
201100004246,0,14,000,00,0,4,15,B02
201100004246,0,02,000,00,2,1,02,A01
201100004247,0,07,000,00,2,7,01,A01
201100004247,0,07,000,00,2,1,01,B02
201100004248,0,30,000,03,0,7,19,A01
201100004249,0,30,000,00,0,4,02,A01
201100004249,0,30,000,00,2,1,02,B02
201100004250,0,07,000,00,2,1,01,A01
201100004250,0,01,000,00,2,8,15,B02
201100004251,0,07,000,13,2,6,13,A01
201100004251,0,02,000,00,2,8,01,B02
201100004252,0,07,000,00,1,2,01,A01
201100004253,0,07,000,00,1,2,01,A01
201100004253,0,38,000,00,0,0,09,B02
201100004254,0,33,000,12,0,2,15,A01
201100004255,0,07,000,00,2,1,01,C03
201100004255,0,07,000,00,2,8,19,A01
201100004255,0,07,000,00,2,1,01,B02
201100004256,0,07,000,00,2,2,02,B02
201100004257,0,07,000,06,0,2,14,A01
201100004258,0,33,000,00,2,1,21,A01
201100004258,0,07,000,00,2,3,15,B02
201100004259,1,07,000,00,0,0,00,B02
201100004260,0,33,000,00,2,1,17,A01
201100004260,0,10,000,00,2,3,15,B02
201100004261,0,14,000,00,2,1,01,C03
201100004261,0,14,000,00,2,8,01,B02
201100004261,0,14,000,00,2,3,01,A01
201100004262,0,01,000,01,0,7,01,B02
201100004262,0,07,000,00,9,8,22,A01
201100004263,0,32,000,06,0,1,01,A01
201100004264,0,07,000,00,2,3,01,A01
201100004264,0,07,000,00,2,1,01,B02
201100004265,0,07,000,13,0,9,01,A01
201100004266,0,07,000,13,0,3,00,A01
201100004267,0,07,000,00,1,1,01,A01
201100004268,0,07,000,02,0,1,01,A01
201100004269,0,07,000,00,2,1,01,A01
201100004269,0,07,000,00,2,6,19,B02
201100004270,0,07,000,00,1,1,01,A01
201100004271,0,07,000,00,2,1,15,A01
201100004271,0,30,000,00,2,1,01,B02
201100004272,0,33,000,00,0,0,01,A01
201100004273,0,07,000,00,2,7,15,A01
201100004273,0,07,000,00,2,1,01,B02
201100004274,0,07,000,00,1,3,01,A01
201100004275,0,33,000,00,2,3,01,B02
201100004275,0,07,000,00,2,1,15,A01
201100004276,0,02,000,00,2,1,01,B02
201100004276,0,37,000,00,2,1,15,A01
201100004277,0,33,000,08,0,7,16,A01
201100004278,0,07,000,06,0,2,01,A01
201100004279,0,07,000,02,0,3,14,A01
201100004280,0,07,000,13,0,5,13,A01
201100004281,0,33,000,00,2,1,01,B02
201100004281,0,07,000,00,2,2,01,A01
201100004282,0,07,000,00,2,3,01,B02
201100004282,0,07,000,00,2,2,13,A01
201100004283,0,07,000,00,0,3,01,B02
201100004283,0,07,000,00,0,3,01,A01
201100004284,0,07,000,00,2,1,01,B02
201100004284,0,07,000,00,2,1,13,A01
201100004285,0,02,000,00,2,3,02,A01
201100004285,0,30,000,00,9,2,17,B02
201100004286,0,07,000,00,2,2,13,A01
201100004286,0,10,000,00,2,3,01,B02
201100004287,0,07,000,00,2,7,13,B02
201100004287,0,10,000,00,2,1,01,A01
201100004288,0,31,000,00,0,0,01,A01
201100004289,0,07,000,00,2,8,13,A01
201100004289,0,10,000,00,2,1,01,B02
201100004290,0,07,000,00,2,1,01,A01
201100004290,0,07,000,00,2,4,01,B02
201100004291,0,07,000,00,2,8,19,A01
201100004291,0,07,000,00,2,1,01,B02
201100004292,0,02,000,00,2,1,01,B02
201100004292,0,07,000,00,2,3,00,C03
201100004292,0,07,000,00,2,3,20,A01
201100004293,0,07,000,08,0,1,19,A01
201100004294,0,07,000,00,2,3,00,B02
201100004294,0,07,000,00,2,3,13,A01
201100004295,0,07,000,13,0,2,01,A01
201100004296,0,07,000,02,0,1,19,A01
201100004297,0,10,000,00,2,1,01,A01
201100004297,0,30,000,00,2,3,15,B02
201100004298,0,07,000,00,2,1,01,C03
201100004298,0,07,000,00,2,1,13,A01
201100004298,0,07,000,00,2,1,01,B02
201100004299,0,07,000,00,2,1,01,B02
201100004299,0,07,000,00,2,1,13,A01
201100004300,0,02,000,00,2,1,01,B02
201100004300,0,21,000,00,2,3,13,A01
201100004301,0,10,000,00,2,5,15,A01
201100004301,0,33,000,00,2,1,01,B02
201100004302,0,14,000,00,2,3,15,B02
201100004302,0,07,000,00,2,2,17,A01
201100004303,0,01,000,00,2,1,02,A01
201100004303,0,01,000,00,2,0,02,B02
201100004304,0,07,000,00,1,2,01,A01
201100004305,0,33,000,00,6,1,01,A01
201100004306,0,07,000,00,2,3,15,A01
201100004306,0,33,000,00,2,1,01,B02
201100004307,0,10,000,00,2,3,13,A01
201100004307,0,10,000,00,2,1,01,B02
201100004308,0,07,000,02,0,3,13,A01
201100004309,0,31,000,00,0,3,00,A01
201100004310,0,07,000,13,0,1,01,A01
201100004311,0,32,000,00,0,0,00,A01
201100004312,0,17,000,00,2,2,01,B02
201100004312,0,07,000,00,2,3,15,A01
201100004313,0,07,000,10,0,1,13,A01
201100004314,0,10,000,08,0,1,01,A01
201100004315,0,07,000,00,0,1,00,A01
201100004316,0,07,000,00,2,1,15,A01
201100004316,0,33,000,00,2,1,01,B02
201100004317,0,33,000,00,0,0,01,A01
201100004318,0,07,000,00,2,1,01,B02
201100004318,0,07,000,00,2,3,13,A01
201100004319,0,07,000,00,2,2,01,A01
201100004319,0,07,000,00,2,3,15,B02
201100004320,0,07,000,13,0,1,00,A01
201100004321,0,07,000,00,2,1,13,A01
201100004321,0,07,000,00,2,1,01,B02
201100004322,0,33,000,00,2,1,17,A01
201100004322,0,21,000,00,2,3,15,B02
201100004323,0,07,000,02,0,1,13,A01
201100004324,0,30,000,00,0,8,00,A01
201100004325,0,07,000,00,0,2,14,A01
201100004326,0,07,000,00,0,1,13,B02
201100004326,0,30,000,00,0,0,01,A01
201100004327,0,07,000,02,0,3,01,A01
201100004328,0,07,000,06,0,2,01,A01
201100004329,0,07,000,00,2,2,13,A01
201100004329,0,07,000,00,2,2,01,B02
201100004330,0,07,000,02,0,9,01,A01
201100004331,0,10,000,13,0,3,01,A01
201100004332,0,07,000,13,0,1,01,A01
201100004333,0,15,000,00,2,1,01,B02
201100004333,0,07,000,00,2,8,15,A01
201100004334,0,07,000,13,0,3,01,A01
201100004335,0,07,000,00,2,3,01,A01
201100004335,0,07,000,00,2,3,01,B02
201100004336,0,07,000,00,2,3,11,B02
201100004336,0,33,000,00,2,1,01,A01
201100004337,0,07,000,02,0,1,01,A01
201100004338,0,07,000,00,2,2,01,A01
201100004338,0,07,000,00,2,1,01,B02
201100004339,0,33,000,02,0,1,01,A01
201100004340,0,07,000,00,2,1,01,B02
201100004340,0,07,000,00,2,1,01,A01
201100004341,0,07,000,13,0,1,16,A01
201100004342,0,07,000,00,2,1,01,B02
201100004342,0,30,000,00,2,7,01,A01
201100004343,1,07,000,00,0,0,17,C03
201100004343,0,07,000,00,2,7,01,B02
201100004343,0,07,000,00,2,1,01,A01
201100004344,0,07,000,00,2,3,01,A01
201100004344,0,07,000,00,2,2,19,B02
201100004345,0,17,000,08,0,8,01,A01
201100004346,0,31,000,08,0,3,01,A01
201100004347,0,07,000,00,2,1,01,A01
201100004347,0,07,000,00,2,1,13,B02
201100004348,0,07,000,00,2,8,15,A01
201100004348,0,33,000,00,2,1,01,B02
201100004349,0,02,000,03,0,7,14,A01
201100004350,0,33,000,00,6,1,01,A01
201100004351,0,07,000,00,2,8,15,A01
201100004351,0,01,000,00,2,1,17,B02
201100004352,0,07,000,00,2,1,15,A01
201100004352,0,02,000,00,2,1,01,B02
201100004353,0,07,000,02,0,1,01,A01
201100004354,0,07,000,08,0,9,01,A01
201100004355,0,07,000,02,0,3,01,A01
201100004356,0,14,000,00,2,3,01,A01
201100004356,0,07,000,00,2,1,01,B02
201100004357,0,07,000,00,2,3,01,A01
201100004357,0,07,000,00,2,6,19,B02
201100004358,0,07,000,00,2,1,05,B02
201100004358,0,07,000,00,2,1,17,A01
201100004359,0,07,000,13,0,2,01,A01
201100004360,0,07,000,00,1,3,00,A01
201100004361,0,33,000,13,0,1,13,A01
201100004362,0,33,000,00,2,1,17,B02
201100004362,0,07,000,00,2,1,01,A01
201100004363,0,14,000,13,0,3,01,A01
201100004364,0,33,000,03,0,8,01,A01
201100004365,0,07,000,00,2,2,01,B02
201100004365,0,07,000,00,2,2,01,A01
201100004366,0,01,000,00,2,8,13,A01
201100004366,0,07,000,00,2,6,01,B02
201100004367,0,07,000,00,1,2,01,A01
201100004368,0,07,000,02,0,1,00,A01
201100004369,0,07,000,00,2,1,05,A01
201100004369,0,07,000,00,2,1,01,B02
201100004370,0,10,000,06,0,1,14,A01
201100004371,0,07,000,02,0,7,01,A01
201100004372,0,07,000,13,0,7,01,A01
201100004373,0,07,000,00,2,1,05,A01
201100004373,0,07,000,00,2,1,01,B02
201100004374,0,07,000,06,0,1,01,A01
201100004375,0,07,000,00,2,3,10,A01
201100004375,0,33,000,00,2,1,01,B02
201100004376,0,31,000,00,2,8,13,A01
201100004376,0,02,000,00,2,8,01,B02
201100004377,0,07,000,00,2,3,15,A01
201100004377,0,33,000,00,2,1,01,B02
201100004378,0,07,000,02,0,8,01,A01
201100004379,0,07,000,00,2,2,01,B02
201100004379,0,30,000,00,2,8,16,A01
201100004380,0,07,000,02,0,8,01,A01
201100004381,0,07,000,00,0,2,09,A01
201100004381,0,02,000,00,2,1,01,B02
201100004382,0,30,000,00,2,1,00,A01
201100004382,0,07,000,00,2,2,01,B02
201100004383,0,30,000,00,0,1,01,A01
201100004384,0,07,000,00,1,2,01,A01
201100004385,0,07,000,02,0,3,01,A01
201100004386,0,07,000,15,0,1,01,A01
201100004387,0,07,000,00,4,1,01,A01
201100004387,0,39,000,00,2,7,01,B02
201100004388,0,02,000,00,2,1,00,A01
201100004388,0,07,000,00,9,6,00,B02
201100004389,0,02,000,00,2,1,05,A01
201100004389,0,07,000,00,2,1,01,B02
201100004390,0,07,000,00,2,1,01,C03
201100004390,0,07,000,00,2,3,13,A01
201100004390,0,17,000,00,2,3,01,B02
201100004391,0,10,000,13,0,3,19,A01
201100004392,0,13,000,00,2,1,02,A01
201100004392,0,07,000,00,2,4,23,B02
201100004393,0,07,000,13,0,2,01,A01
201100004394,0,07,000,00,0,6,19,A01
201100004394,0,31,000,00,2,1,01,B02
201100004395,0,07,000,00,2,1,01,A01
201100004395,0,07,000,00,2,4,15,B02
201100004396,0,07,000,02,0,1,14,A01
201100004397,0,07,000,00,2,3,01,B02
201100004397,0,07,000,00,2,3,01,A01
201100004398,0,10,000,06,0,2,01,A01
201100004399,0,07,000,02,0,7,13,A01
201100004400,0,07,000,06,0,2,01,A01
201100004401,0,07,000,00,2,1,13,A01
201100004401,0,15,000,00,2,3,01,B02
201100004402,0,33,000,00,2,1,17,A01
201100004402,0,10,000,00,0,3,15,B02
201100004403,0,07,000,00,2,1,01,B02
201100004403,0,07,000,03,2,7,11,A01
201100004404,0,33,000,00,2,1,01,A01
201100004404,0,07,000,00,0,4,00,B02
201100004405,0,10,000,06,0,2,01,A01
201100004406,0,07,000,02,0,1,00,A01
201100004407,0,07,000,00,2,1,01,A01
201100004407,0,10,000,00,2,1,01,B02
201100004408,0,10,000,00,2,2,19,A01
201100004408,0,07,000,00,2,3,01,B02
201100004409,0,10,000,00,1,3,01,A01
201100004410,0,07,000,00,1,2,01,A01
201100004411,0,30,000,16,1,1,01,A01
201100004412,0,07,000,00,0,0,00,A01
201100004413,0,07,000,08,0,8,01,A01
201100004414,0,07,000,00,1,1,01,A01
201100004415,0,10,000,06,0,1,01,A01
201100004416,0,07,000,00,2,3,01,A01
201100004416,0,10,000,00,2,3,01,B02
201100004417,0,07,000,00,2,7,15,A01
201100004417,0,07,000,00,2,1,01,B02
201100004418,0,33,000,00,2,1,01,A01
201100004418,0,07,000,00,2,2,15,B02
201100004418,0,07,000,00,9,1,23,C03
201100004419,0,07,000,00,2,8,01,C03
201100004419,0,07,000,00,2,4,15,B02
201100004419,0,07,000,00,2,3,01,A01
201100004420,0,07,000,08,9,0,01,A01
201100004421,0,07,000,00,2,3,00,A01
201100004421,0,10,000,00,2,3,00,B02
201100004422,0,07,000,00,2,3,20,A01
201100004422,0,31,000,00,2,7,01,B02
201100004423,0,30,000,16,0,3,01,A01
201100004424,0,07,000,00,2,8,01,B02
201100004424,0,33,000,00,2,7,13,A01
201100004425,0,30,000,00,2,1,13,A01
201100004425,0,07,000,00,2,1,01,B02
201100004426,0,07,000,08,0,8,01,A01
201100004427,0,07,000,00,2,1,01,B02
201100004427,0,07,000,00,2,1,01,A01
201100004427,0,07,000,00,2,1,01,D04
201100004427,0,07,000,00,2,1,01,C03
201100004428,0,07,000,13,0,1,01,A01
201100004429,0,07,000,00,2,7,01,A01
201100004429,0,10,000,00,2,1,01,B02
201100004429,0,07,000,00,2,1,01,C03
201100004430,0,07,000,00,2,3,23,C03
201100004430,0,33,000,00,2,4,23,B02
201100004430,0,07,000,00,2,2,01,A01
201100004431,0,36,000,00,0,1,01,A01
201100004432,0,07,000,00,2,5,13,A01
201100004432,0,32,000,00,2,1,01,B02
201100004433,0,07,000,02,0,1,01,A01
201100004434,0,07,000,00,1,1,01,A01
201100004435,0,02,000,00,2,1,13,B02
201100004435,0,15,000,00,2,5,01,A01
201100004436,0,07,000,00,2,1,01,B02
201100004436,0,07,000,00,2,2,13,A01
201100004437,0,07,000,00,2,1,19,A01
201100004437,0,02,000,00,2,8,01,B02
201100004438,0,07,000,02,0,1,01,A01
201100004439,0,30,000,13,0,1,14,A01
201100004440,0,31,000,00,2,7,01,B02
201100004440,0,07,000,00,2,2,23,C03
201100004440,0,14,000,00,0,0,11,A01
201100004441,0,15,000,00,2,1,01,B02
201100004441,0,07,000,03,2,1,05,A01
201100004442,0,07,000,08,0,1,01,A01
201100004443,0,10,000,00,1,7,01,A01
201100004444,0,01,000,00,2,1,01,B02
201100004444,0,07,000,00,9,5,15,A01
201100004445,0,07,000,08,0,1,21,A01
201100004446,0,07,000,00,2,1,01,A01
201100004446,0,07,000,00,2,1,13,B02
201100004447,0,07,000,14,0,1,00,A01
201100004448,0,30,000,00,2,1,01,B02
201100004448,0,07,000,00,2,3,15,A01
201100004449,0,07,000,02,0,7,01,A01
201100004450,0,30,000,00,2,6,01,A01
201100004450,0,14,000,00,2,2,01,B02
201100004451,0,07,000,02,0,1,01,A01
201100004452,0,07,000,00,2,2,17,A01
201100004452,0,07,000,00,2,3,15,B02
201100004453,0,07,000,08,0,8,17,A01
201100004454,0,07,000,00,2,7,02,A01
201100004454,0,33,000,00,2,8,00,B02
201100004455,0,07,000,16,0,7,01,A01
201100004456,0,07,000,00,2,2,17,A01
201100004456,0,21,000,00,2,3,15,B02
201100004457,0,01,000,00,1,1,01,A01
201100004458,0,07,000,00,2,3,00,B02
201100004458,0,07,000,00,2,3,01,A01
201100004459,0,07,000,00,1,2,19,A01
201100004460,0,02,000,00,2,3,09,A01
201100004460,0,07,000,00,2,7,01,B02
201100004461,0,33,000,00,0,3,01,A01
201100004462,0,30,000,00,2,2,01,B02
201100004462,0,10,000,00,2,2,15,A01
201100004463,0,07,000,00,2,1,19,A01
201100004463,0,03,000,00,2,3,23,B02
201100004464,0,07,000,00,0,0,01,A01
201100004465,0,07,000,00,0,3,19,A01
201100004465,0,02,000,00,2,1,21,B02
201100004466,0,10,000,00,0,9,01,A01
201100004467,0,07,000,06,0,1,01,A01
201100004468,0,07,000,00,2,1,13,A01
201100004468,0,07,000,13,0,1,21,B02
201100004468,0,14,000,08,2,3,21,C03
201100004469,0,07,000,01,0,1,01,A01
201100004469,0,14,000,00,0,4,23,B02
201100004470,0,30,000,00,0,5,01,A01
201100004471,0,07,000,00,2,1,17,A01
201100004471,0,07,000,00,2,3,15,B02
201100004472,0,07,000,00,2,2,00,A01
201100004472,0,02,000,00,2,1,15,B02
201100004473,0,07,000,00,2,1,01,A01
201100004473,0,07,000,00,2,1,11,B02
201100004474,0,07,000,00,1,1,01,A01
201100004475,0,07,000,00,0,5,01,C03
201100004475,0,07,000,00,2,9,01,B02
201100004475,0,10,000,00,2,1,01,A01
201100004476,0,07,000,13,0,1,13,A01
201100004477,0,15,000,00,0,7,16,A01
201100004478,0,17,000,00,2,1,02,A01
201100004478,0,07,000,00,2,4,01,B02
201100004479,0,10,000,16,0,3,01,A01
201100004480,0,07,000,02,0,1,13,A01
201100004481,0,07,000,13,0,2,13,A01
201100004482,0,07,000,13,0,9,14,A01
201100004483,0,07,000,00,6,1,21,A01
201100004484,0,07,000,00,2,1,02,A01
201100004484,0,07,000,08,2,4,23,B02
201100004484,0,07,000,00,2,4,01,C03
201100004484,0,17,000,00,0,5,17,D04
201100004485,0,07,000,00,2,3,13,A01
201100004485,0,07,000,00,2,1,01,B02
201100004486,0,07,000,02,0,9,13,A01
201100004487,0,07,000,00,2,2,13,A01
201100004487,0,14,000,06,2,2,21,B02
201100004488,0,07,000,00,2,6,13,A01
201100004488,0,07,000,00,2,1,17,B02
201100004489,0,07,000,00,2,2,09,A01
201100004489,0,33,000,00,2,7,01,B02
201100004490,0,07,000,13,0,9,13,A01
201100004491,0,10,000,13,0,9,13,A01
201100004492,0,17,000,00,0,7,01,A01
201100004493,0,07,000,03,0,7,13,A01
201100004494,0,33,000,00,2,1,02,A01
201100004494,0,07,000,00,2,4,23,B02
201100004495,0,07,000,06,0,1,14,A01
201100004496,0,07,000,00,2,2,13,A01
201100004496,0,07,000,00,2,1,01,B02
201100004497,0,03,000,00,2,3,13,A01
201100004497,0,07,000,00,2,3,01,B02
201100004498,0,07,000,00,2,1,13,A01
201100004498,0,07,000,00,2,1,01,B02
201100004499,0,07,000,00,2,1,13,A01
201100004499,0,14,000,00,2,3,01,B02
201100004500,0,07,000,02,0,2,13,A01
201100004501,0,07,000,03,2,3,13,A01
201100004501,0,07,000,00,2,3,01,B02
201100004502,0,07,000,12,0,1,06,A01
201100004503,0,20,000,00,2,4,01,A01
201100004503,0,07,000,00,2,1,02,B02
201100004504,0,07,000,00,2,1,13,A01
201100004504,0,14,000,00,2,1,01,B02
201100004505,0,07,000,00,1,2,01,A01
201100004506,0,07,000,13,0,9,14,A01
201100004507,0,07,000,00,2,3,09,A01
201100004507,0,31,000,00,2,1,01,B02
201100004508,0,07,000,00,2,1,17,A01
201100004508,0,07,000,00,2,1,01,B02
201100004509,0,03,000,00,2,1,13,A01
201100004509,0,07,000,00,2,1,01,B02
201100004510,0,07,000,00,2,8,05,A01
201100004510,0,31,000,00,2,1,01,B02
201100004511,0,07,000,00,2,2,02,A01
201100004511,0,02,000,00,2,8,10,B02
201100004512,0,10,000,00,2,1,15,A01
201100004512,0,33,000,00,2,1,01,B02
201100004513,0,33,000,03,0,1,14,A01
201100004514,0,02,000,00,2,7,01,B02
201100004514,0,07,000,00,2,1,09,A01
201100004515,0,33,000,00,2,1,17,A01
201100004515,0,07,000,00,2,8,15,B02
201100004516,0,30,000,00,0,9,01,A01
201100004516,0,02,000,00,2,1,02,B02
201100004517,0,07,000,00,2,1,13,A01
201100004517,0,07,000,00,2,1,01,B02
201100004517,0,33,000,14,0,1,21,C03
201100004518,0,07,000,00,1,2,01,B01
201100004519,0,07,000,00,2,2,01,A01
201100004519,0,01,000,00,2,1,19,B02
201100004520,0,07,000,00,2,1,01,B02
201100004520,0,07,000,00,2,3,09,A01
201100004521,0,07,000,00,2,3,15,A01
201100004521,0,07,000,06,2,1,01,B02
201100004522,1,10,000,00,2,3,13,B01
201100004522,0,33,000,00,2,3,01,A01
201100004523,0,07,000,13,2,6,01,B02
201100004523,0,07,000,13,2,2,17,A01
201100004524,0,02,000,00,2,1,13,A01
201100004524,0,07,000,00,2,1,01,B02
201100004525,0,07,000,00,2,2,02,A01
201100004525,0,07,000,13,2,6,21,B02
201100004526,0,14,000,00,2,3,01,A01
201100004526,0,14,000,00,2,1,13,B02
201100004527,0,07,000,00,2,3,13,A01
201100004527,0,07,000,00,2,3,01,B02
201100004528,0,07,000,02,0,3,13,A01
201100004529,0,07,000,02,0,7,13,A01
201100004530,0,07,000,00,2,1,01,A01
201100004530,0,07,000,00,0,7,19,B02
201100004531,0,07,000,13,0,2,13,A01
201100004532,0,07,000,00,2,3,09,A01
201100004532,0,07,000,00,2,1,21,B02
201100004533,0,07,000,00,2,1,13,A01
201100004533,0,07,000,00,2,3,01,B02
201100004534,0,01,000,00,2,8,19,A01
201100004534,0,07,000,00,2,2,01,B02
201100004535,0,17,000,02,0,1,13,A01
201100004536,0,07,000,06,0,1,13,A01
201100004537,0,33,000,00,2,1,17,B02
201100004537,0,07,000,00,2,3,15,A01
201100004538,0,07,000,00,2,3,13,A01
201100004538,0,01,000,00,2,1,01,B02
201100004539,0,07,000,02,0,9,13,A01
201100004540,0,02,000,00,2,8,15,A01
201100004540,0,07,000,00,2,1,17,B02
201100004541,0,07,000,00,2,3,01,A01
201100004541,0,07,000,00,2,7,09,B02
201100004542,0,07,000,00,0,1,01,C03
201100004542,0,07,000,00,2,3,13,A01
201100004542,0,07,000,00,2,8,01,B02
201100004543,0,07,000,00,2,1,13,A01
201100004543,0,10,000,00,2,2,01,B02
201100004544,0,07,000,00,2,7,15,A01
201100004544,0,07,000,00,2,1,01,B02
201100004545,0,33,000,16,0,7,14,A01
201100004546,0,07,000,02,0,1,14,A01
201100004547,0,07,000,00,2,1,13,A01
201100004547,0,07,000,00,2,1,01,B02
201100004548,0,07,000,00,2,2,15,A01
201100004548,0,02,000,00,2,1,01,B02
201100004549,0,14,000,06,0,3,13,A01
201100004550,0,07,000,00,2,1,01,B02
201100004550,0,07,000,16,0,8,09,A01
201100004551,0,07,000,13,0,7,13,A01
201100004552,0,07,000,13,0,9,13,A01
201100004553,0,07,000,02,0,3,13,A01
201100004554,0,07,000,00,2,7,15,A01
201100004554,0,07,000,00,2,1,01,B02
201100004555,0,33,000,00,2,1,13,A01
201100004555,0,07,000,00,2,1,01,B02
201100004556,0,30,000,00,2,1,13,A01
201100004556,0,07,000,00,2,3,01,B02
201100004557,0,07,000,00,2,2,01,A01
201100004557,0,07,000,00,2,3,19,B02
201100004558,0,02,000,00,2,1,19,A01
201100004558,0,10,000,00,2,3,01,B02
201100004558,0,07,000,00,2,1,01,C03
201100004559,0,10,000,00,2,7,15,A01
201100004559,0,33,000,00,2,1,01,B02
201100004560,0,17,000,00,2,3,01,A01
201100004560,0,07,000,00,2,3,01,B02
201100004561,0,02,000,00,2,1,13,A01
201100004561,0,02,000,00,2,1,01,B02
201100004562,0,07,000,00,2,1,13,A01
201100004562,0,17,000,00,2,1,01,B02
201100004563,0,17,000,00,1,1,01,A01
201100004564,0,07,000,00,0,3,19,A01
201100004564,0,32,000,00,2,1,01,B02
201100004565,0,02,000,00,2,1,19,A01
201100004565,0,07,000,00,2,7,01,B02
201100004566,0,07,000,00,2,3,09,A01
201100004566,0,30,000,00,0,5,01,B02
201100004567,0,07,000,00,2,8,19,B02
201100004567,0,07,000,00,2,1,01,A01
201100004568,0,07,000,00,2,3,15,A01
201100004568,0,33,000,00,0,1,01,B02
201100004569,0,07,000,00,1,3,01,A01
201100004570,0,30,000,00,2,1,01,B02
201100004570,0,07,000,00,2,3,09,A01
201100004571,0,07,000,02,0,1,17,A01
201100004572,0,07,000,00,2,5,15,B02
201100004572,0,07,000,00,2,3,02,A01
201100004573,0,33,000,00,0,8,14,A01
201100004574,0,10,000,00,2,2,15,A01
201100004574,0,31,000,00,2,1,01,B02
201100004575,0,07,000,01,,3,13,A01
201100004576,0,07,000,00,2,1,01,A01
201100004576,0,07,000,06,2,7,19,B01
201100004577,0,07,000,00,0,3,02,A01
201100004577,0,07,000,00,0,5,01,B02
201100004577,0,01,000,00,0,4,02,C03
201100004577,0,01,000,00,0,4,02,D04
201100004578,0,33,000,08,0,2,14,A01
201100004579,0,07,000,08,0,1,14,A01
201100004580,0,07,000,10,0,2,14,A01
201100004581,0,07,000,06,0,2,14,A01
201100004582,0,07,000,13,0,1,13,A01
201100004583,0,07,000,00,2,1,13,A01
201100004583,0,30,000,00,2,1,01,B02
201100004584,0,07,000,00,2,1,01,A01