Num_Acc,senc,catv,occutc,obs,obsm,choc,manv,num_veh
201100004584,0,07,000,14,2,4,23,B02
201100004584,0,07,000,00,2,4,23,C03
201100004585,0,07,000,13,0,9,13,A01
201100004586,0,33,000,00,2,1,02,A01
201100004586,0,07,000,00,2,5,01,B02
201100004587,0,30,000,01,0,1,14,A01
201100004588,0,01,000,01,0,1,01,A01
201100004588,0,07,000,00,2,6,24,B02
201100004589,0,32,000,03,0,8,17,A01
201100004590,0,14,000,08,1,4,01,A01
201100004591,0,30,000,00,2,1,02,A01
201100004591,0,07,000,00,2,4,23,B02
201100004592,0,07,000,00,2,1,02,A01
201100004592,0,01,000,00,2,4,01,B02
201100004593,0,31,000,00,1,1,01,A01
201100004594,0,30,000,00,2,1,01,A01
201100004594,0,07,000,00,0,2,15,B02
201100004595,0,07,000,00,1,1,01,A01
201100004596,0,07,000,13,,9,21,A01
201100004597,0,07,000,00,2,1,19,A01
201100004597,0,01,000,00,2,3,01,B02
201100004598,0,10,000,13,0,2,21,A01
201100004599,0,02,000,00,2,1,09,A01
201100004599,0,07,000,00,2,1,01,B02
201100004600,0,33,000,00,2,1,17,A01
201100004600,0,07,000,00,2,6,15,B02
201100004601,0,07,000,00,2,1,17,A01
201100004601,0,07,000,00,2,1,01,B02
201100004602,0,15,000,00,2,8,20,A01
201100004602,0,15,000,00,2,1,01,B02
201100004603,0,10,000,00,1,1,01,A01
201100004604,0,30,000,16,0,1,14,A01
201100004605,0,33,000,00,2,1,01,B02
201100004605,0,15,000,00,2,5,15,A01
201100004606,0,07,000,00,2,1,15,A01
201100004606,0,07,000,01,2,1,01,B02
201100004607,0,07,000,02,0,1,14,A01
201100004608,0,07,000,02,0,2,13,A01
201100004609,0,07,000,00,2,3,13,A01
201100004609,0,07,000,00,2,3,01,B02
201100004610,0,07,000,06,0,1,14,A01
201100004611,0,07,000,06,0,1,14,A01
201100004612,0,07,000,13,0,2,13,A01
201100004613,0,07,000,00,1,1,15,A01
201100004614,0,07,000,02,0,8,14,A01
201100004615,0,07,000,00,2,1,15,A01
201100004615,0,07,000,00,2,1,01,B02
201100004616,0,14,000,00,2,1,01,A01
201100004616,0,07,000,00,2,1,13,B02
201100004617,0,07,000,00,2,3,13,A01
201100004617,0,07,000,00,2,3,01,B02
201100004618,0,07,000,00,2,3,13,A01
201100004618,0,07,000,00,2,3,01,B02
201100004619,0,33,000,13,0,1,14,A01
201100004620,0,07,000,00,2,4,23,A01
201100004620,0,33,000,14,0,1,02,B02
201100004621,0,07,000,13,0,1,14,A01
201100004622,0,07,000,00,2,7,13,A01
201100004622,0,07,000,00,2,2,01,B02
201100004623,0,07,000,02,0,7,13,A01
201100004624,0,33,000,00,2,1,17,A01
201100004624,0,07,000,00,2,6,15,B02
201100004625,0,07,000,13,0,9,14,A01
201100004626,0,02,000,00,1,1,14,A01
201100004627,0,07,000,03,2,2,17,A01
201100004627,0,14,000,00,2,6,01,B02
201100004628,0,30,000,00,2,1,02,A01
201100004628,0,07,000,00,2,5,23,B02
201100004629,0,07,000,00,2,3,13,A01
201100004629,0,07,000,00,2,3,01,B02
201100004630,0,10,000,00,0,7,19,B02
201100004630,0,33,000,00,2,1,01,A01
201100004631,0,07,000,13,0,2,14,A01
201100004632,0,07,000,13,0,9,13,A01
201100004633,0,07,000,00,2,3,13,A01
201100004633,0,14,000,00,2,1,01,B02
201100004634,0,07,000,00,1,6,04,A01
201100004635,0,07,000,00,0,9,13,A01
201100004636,0,07,000,00,2,2,15,A01
201100004636,0,33,000,00,2,8,01,B02
201100004637,0,07,000,13,0,9,14,A01
201100004638,0,07,000,02,0,1,14,A01
201100004639,0,07,000,00,1,5,04,A01
201100004640,0,30,000,08,0,3,13,A01
201100004641,0,07,000,01,0,9,14,A01
201100004642,0,01,000,00,2,7,09,A01
201100004642,0,07,000,00,2,1,01,B02
201100004643,0,30,000,16,0,2,14,A01
201100004644,0,07,000,16,0,9,13,A01
201100004645,0,07,000,13,0,9,14,A01
201100004646,0,10,000,00,2,1,01,A01
201100004646,0,10,000,00,2,8,19,B02
201100004647,0,07,000,00,2,1,01,A01
201100004647,0,07,000,00,2,3,15,B02
201100004648,0,07,000,00,2,2,19,A02
201100004648,0,10,000,00,2,1,01,B01
201100004649,0,07,000,00,2,3,01,A01
201100004649,0,07,000,00,2,3,01,B02
201100004650,0,07,000,13,0,9,13,A01
201100004651,0,07,000,06,0,1,13,A01
201100004652,0,33,000,00,2,1,13,A01
201100004652,0,07,000,00,2,3,01,B02
201100004653,0,33,000,00,2,1,13,A01
201100004653,0,17,000,00,2,3,01,B02
201100004654,0,07,000,00,2,3,13,A01
201100004654,0,17,000,00,2,3,01,B02
201100004655,0,07,000,08,0,8,14,A01
201100004656,0,07,000,13,0,3,13,A01
201100004657,0,07,000,13,0,9,14,A01
201100004658,0,07,000,01,0,1,01,A01
201100004659,0,07,000,15,0,1,01,A01
201100004660,0,33,000,00,0,8,01,A01
201100004661,0,30,000,00,2,1,13,A01
201100004661,0,07,000,00,2,2,01,B02
201100004662,0,07,000,00,2,3,13,A01
201100004662,0,07,000,00,2,3,01,B02
201100004662,0,07,000,00,2,1,01,C03
201100004663,0,07,000,00,9,3,11,A01
201100004663,0,02,000,00,2,2,01,B02
201100004664,0,07,000,00,2,3,15,B02
201100004664,0,07,000,00,2,1,01,A01
201100004665,0,07,000,00,2,3,01,B02
201100004665,0,01,000,00,2,1,19,A01
201100004666,0,07,000,00,2,6,17,A02
201100004666,0,33,000,00,2,7,17,B01
201100004667,0,07,000,00,2,5,15,A01
201100004667,0,33,000,00,2,1,01,B01
201100004668,0,33,000,03,0,1,01,A01
201100004669,0,35,000,08,0,1,01,A01
201100004670,0,07,000,00,2,1,02,A01
201100004670,0,07,000,00,2,1,01,C03
201100004670,0,07,000,00,2,4,15,B02
201100004671,0,10,000,00,2,3,01,B02
201100004671,0,07,000,00,2,3,01,A01
201100004672,0,07,000,00,2,3,19,A01
201100004672,0,33,000,00,2,3,01,B02
201100004673,0,07,000,00,2,3,15,A01
201100004673,0,33,000,00,2,3,01,B02
201100004674,0,33,000,00,2,8,01,B02
201100004674,0,07,000,00,2,3,13,A01
201100004675,0,07,000,13,0,7,01,A01
201100004676,0,01,000,00,0,8,02,B02
201100004676,0,07,000,00,2,7,02,A01
201100004677,0,01,000,00,0,4,02,B02
201100004677,0,10,000,00,9,2,02,A01
201100004678,0,07,000,00,2,1,19,A01
201100004678,0,07,000,00,2,1,01,B02
201100004679,0,15,000,00,9,5,02,A01
201100004679,0,01,000,00,2,3,02,B02
201100004680,0,07,000,16,0,1,01,A01
201100004681,0,14,000,00,9,2,01,A01
201100004681,0,21,000,00,2,4,16,B02
201100004682,0,07,000,00,2,1,02,A01
201100004682,0,10,000,00,2,7,16,B02
201100004683,0,33,000,00,0,7,01,A01
201100004684,0,07,000,00,2,1,01,B02
201100004684,0,07,000,00,2,8,15,A01
201100004685,0,07,000,00,2,3,01,B02
201100004685,0,07,000,00,2,8,13,A01
201100004686,0,10,000,02,0,7,01,A01
201100004687,0,07,000,00,2,7,03,A01
201100004687,0,10,000,00,2,3,01,B02
201100004688,0,07,000,00,2,1,13,A01
201100004688,0,07,000,00,2,1,00,B02
201100004689,0,07,000,00,2,3,19,B02
201100004689,0,02,000,00,2,7,01,A01
201100004690,0,33,000,00,0,8,13,A01
201100004691,0,07,000,00,9,3,19,B02
201100004691,0,33,000,00,2,1,01,A01
201100004692,0,10,000,00,1,4,20,A01
201100004693,0,07,000,00,2,1,01,B02
201100004693,0,07,000,00,2,2,01,A01
201100004694,0,01,000,00,2,8,01,A01
201100004694,0,07,000,00,2,7,17,B02
201100004695,0,17,000,00,2,1,01,A01
201100004695,0,07,000,00,2,1,13,B02
201100004696,0,07,000,00,2,1,15,A01
201100004696,0,10,000,00,2,8,01,B01
201100004697,0,07,000,06,0,3,14,A01
201100004698,0,07,000,08,0,2,01,A01
201100004699,0,07,000,00,2,1,13,A01
201100004699,0,07,000,00,2,1,01,B02
201100004700,0,33,000,13,0,1,01,A01
201100004701,0,30,000,02,0,1,01,A01
201100004702,0,07,000,00,0,2,01,A02
201100004702,0,07,000,00,0,1,01,B01
201100004703,0,07,000,08,0,1,01,A01
201100004704,0,07,000,06,0,1,01,A01
201100004705,0,31,000,00,2,1,01,A02
201100004705,0,07,000,00,2,8,15,B01
201100004706,2,07,000,00,2,0,16,A01
201100004706,0,01,000,00,2,2,01,B01
201100004707,0,07,000,00,2,5,16,B02
201100004707,0,30,000,00,2,1,18,A01
201100004708,0,10,000,00,1,3,01,A01
201100004709,0,07,000,00,2,4,01,B02
201100004709,0,07,000,00,2,1,01,A01
201100004710,0,07,000,00,1,4,23,B02
201100004710,0,07,000,00,2,1,01,A01
201100004711,0,07,000,00,2,1,01,A01
201100004711,0,07,000,00,2,1,13,B02
201100004712,0,33,000,00,0,0,01,A01
201100004713,0,07,000,13,0,1,01,A01
201100004714,0,03,000,00,2,9,02,A01
201100004714,0,07,000,00,2,1,02,B02
201100004715,0,33,000,00,2,1,01,A01
201100004715,0,07,000,00,2,6,00,B02
201100004716,0,07,000,06,0,1,01,A01
201100004717,0,07,000,00,2,3,01,B02
201100004717,0,30,000,00,2,3,13,A01
201100004718,0,07,000,00,2,5,01,B02
201100004718,0,07,000,00,2,1,19,A01
201100004719,0,07,000,13,0,1,01,A01
201100004720,0,07,000,13,0,3,01,A01
201100004721,0,07,000,00,2,8,01,B02
201100004721,0,30,000,00,2,2,13,A01
201100004722,0,31,000,00,0,8,14,A01
201100004723,0,07,000,06,0,1,01,A01
201100004724,0,33,000,00,2,2,17,A01
201100004724,0,07,000,00,2,8,15,B02
201100004725,0,07,000,13,0,9,19,A01
201100004726,0,07,000,13,0,1,01,A01
201100004727,0,07,000,00,1,1,15,A01
201100004728,0,07,000,13,0,1,01,A01
201100004729,0,07,000,00,2,3,13,A01
201100004729,0,07,000,00,2,8,01,B02
201100004729,0,07,000,00,2,8,01,D04
201100004730,0,31,000,00,2,1,01,B02
201100004730,0,07,000,00,2,2,19,A01
201100004731,0,07,000,00,2,3,01,A01
201100004731,0,02,000,00,2,1,01,B02
201100004732,0,07,000,00,2,3,15,A01
201100004732,0,07,000,00,2,1,01,B02
201100004733,0,33,000,00,2,1,01,B02
201100004733,0,10,000,00,2,7,15,A01
201100004734,0,10,000,00,0,2,05,A01
201100004734,0,07,000,00,2,2,01,B02
201100004735,0,10,000,02,0,8,01,A01
201100004736,0,30,000,00,2,3,01,A01
201100004737,0,07,000,00,1,6,04,A01
201100004738,0,14,000,00,1,2,01,A01
201100004739,0,33,000,00,2,1,01,B02
201100004739,0,07,000,00,0,3,09,A01
201100004740,0,07,000,02,0,8,01,A01
201100004741,0,07,000,00,2,1,09,A01
201100004741,0,30,000,00,2,8,01,B02
201100004742,0,07,000,00,2,4,15,B02
201100004742,0,31,000,00,2,1,01,A01
201100004743,0,07,000,00,0,8,10,B02
201100004743,0,07,000,00,2,1,01,A01
201100004744,0,07,000,08,0,0,13,A01
201100004745,0,33,000,03,0,8,01,A01
201100004746,0,33,000,00,2,1,17,B02
201100004746,0,07,000,00,2,2,16,A01
201100004747,0,07,000,00,2,2,01,A01
201100004747,0,01,000,00,2,5,19,B02
201100004748,0,07,000,00,1,2,16,A01
201100004749,0,07,000,02,0,9,01,A01
201100004750,0,07,000,13,0,3,01,A01
201100004751,0,07,000,00,0,8,23,C03
201100004751,0,33,000,00,2,1,01,B02
201100004751,0,07,000,00,2,1,15,A01
201100004752,0,07,000,00,2,3,01,B02
201100004752,0,07,000,00,2,3,01,A01
201100004753,0,02,000,00,2,1,01,B02
201100004753,0,07,000,00,2,3,20,A01
201100004754,0,07,000,00,2,1,13,A01
201100004754,0,14,000,00,2,8,01,B02
201100004755,0,07,000,00,0,0,01,A01
201100004756,0,30,000,13,0,1,14,A01
201100004757,0,01,000,00,1,2,01,A01
201100004758,0,10,000,15,0,1,01,A01
201100004759,0,07,000,00,2,1,15,A02
201100004759,0,02,000,00,2,7,01,B01
201100004760,0,02,000,00,2,3,15,A01
201100004760,0,33,000,00,2,3,01,B02
201100004761,0,07,000,00,2,2,05,A01
201100004761,0,07,000,00,2,8,01,B02
201100004762,0,33,000,00,0,8,01,A01
201100004763,0,07,000,02,0,1,14,A01
201100004764,0,07,000,00,0,3,17,B02
201100004764,0,01,000,00,0,8,15,A01
201100004765,0,07,000,13,0,2,14,A01
201100004766,0,07,000,16,0,9,01,A01
201100004767,0,07,000,13,0,1,01,A01
201100004768,0,07,000,00,2,1,01,B02
201100004768,0,07,000,00,2,1,01,A01
201100004769,0,30,000,00,1,1,01,A01
201100004770,0,07,000,00,2,1,01,A01
201100004770,0,07,000,00,2,1,01,B02
201100004771,0,30,000,13,0,1,01,A01
201100004772,0,07,000,00,2,3,18,A01
201100004772,0,07,000,00,0,5,15,B02
201100004773,0,30,000,15,0,1,01,A01
201100004774,0,07,000,00,2,1,01,B02
201100004774,0,07,000,00,2,1,01,A01
201100004775,0,07,000,13,0,1,01,A01
201100004776,0,07,000,02,0,7,14,A01
201100004777,0,07,000,02,0,7,14,A01
201100004778,0,07,000,13,0,3,13,A01
201100004779,0,32,000,13,0,7,14,A01
201100004780,0,07,000,02,0,1,13,A01
201100004781,0,33,000,13,0,1,14,A01
201100004782,0,07,000,13,0,1,01,A01
201100004783,0,07,000,13,6,9,01,A01
201100004784,0,07,000,03,0,2,01,A01
201100004785,0,07,000,13,0,3,01,A01
201100004786,0,07,000,02,0,3,01,A01
201100004787,0,14,000,00,2,3,02,C03
201100004787,0,14,000,00,2,3,23,B02
201100004787,0,14,000,00,2,3,01,A01
201100004788,0,07,000,00,2,2,00,B02
201100004788,0,30,000,00,2,1,00,A01
201100004789,0,02,000,00,2,1,01,B01
201100004789,0,07,000,00,2,2,15,A02
201100004790,0,07,000,00,2,3,13,A01
201100004790,0,07,000,00,2,3,01,B02
201100004791,0,30,000,00,1,1,21,A01
201100004792,0,07,000,01,0,1,19,A01
201100004793,0,30,000,01,0,1,02,A01
201100004793,0,07,000,00,2,4,02,B02
201100004794,0,07,000,11,0,1,01,A01
201100004795,0,07,000,02,2,6,01,B02
201100004795,0,07,000,00,2,3,13,A01
201100004796,0,07,000,00,2,7,13,A01
201100004796,0,07,000,00,2,1,01,B02
201100004797,0,02,000,00,0,7,01,A01
201100004798,0,07,000,00,2,1,06,A01
201100004798,0,07,000,00,2,1,01,B02
201100004799,0,30,000,00,1,1,02,A01
201100004800,0,33,000,00,2,1,01,B02
201100004800,0,07,000,00,2,5,15,A01
201100004801,0,17,000,00,2,2,13,A01
201100004801,0,07,000,00,2,1,01,B02
201100004802,0,07,000,00,2,3,01,B02
201100004802,0,07,000,00,2,1,13,A01
201100004803,0,07,000,00,2,5,15,A01
201100004803,0,33,000,00,2,1,01,B02
201100004804,0,07,000,00,1,1,01,A01
201100004805,0,01,000,00,2,1,15,A01
201100004805,0,10,000,00,2,3,01,B02
201100004806,0,07,000,00,2,2,15,A01
201100004806,0,31,000,00,2,1,01,B02
201100004807,0,07,000,00,0,6,15,B02
201100004807,0,33,000,00,2,1,17,A01
201100004808,0,02,000,08,0,1,01,A01
201100004809,0,07,000,06,0,9,14,A01
201100004810,0,30,000,00,2,8,01,B02
201100004810,0,07,000,00,2,2,15,A01
201100004811,0,07,000,00,9,7,16,B02
201100004811,0,01,000,00,2,1,18,A01
201100004812,0,07,000,00,2,7,01,A01
201100004812,0,10,000,00,2,1,01,B02
201100004813,0,07,000,00,2,3,10,A01
201100004813,0,31,000,00,2,1,17,B02
201100004814,0,33,000,05,0,1,17,A01
201100004815,0,07,000,02,0,8,01,A01
201100004816,0,10,000,00,0,3,01,B02
201100004816,0,10,000,00,0,3,13,A01
201100004817,0,01,000,00,2,1,01,B02
201100004817,0,07,000,00,2,6,01,A01
201100004818,0,07,000,00,2,7,17,A01
201100004818,0,07,000,00,2,1,01,B02
201100004819,0,33,000,00,2,2,17,A01
201100004819,0,07,000,00,2,3,01,B02
201100004820,0,07,000,00,2,3,15,B02
201100004820,0,07,000,00,2,3,01,A01
201100004821,0,31,000,03,0,4,01,A01
201100004822,0,31,000,13,0,2,01,A01
201100004823,0,07,000,00,2,1,01,B02
201100004823,0,07,000,00,2,1,13,A01
201100004824,0,07,000,13,0,1,01,A01
201100004825,0,07,000,00,0,8,01,B02
201100004825,0,31,000,00,2,1,19,A01
201100004826,0,14,000,06,0,7,14,A01
201100004827,0,07,000,12,0,3,01,A01
201100004828,0,07,000,00,1,2,01,A01
201100004829,0,07,000,13,0,2,01,A01
201100004830,0,33,000,00,6,1,01,A01
201100004831,0,30,000,16,0,0,01,A01
201100004832,0,07,000,00,2,1,01,B02
201100004832,0,07,000,00,2,1,13,A01
201100004833,0,07,000,06,0,1,00,A01
201100004834,0,07,000,00,2,1,13,A01
201100004834,0,07,000,00,2,1,01,B02
201100004835,0,34,000,00,2,1,05,B02
201100004835,0,07,000,00,2,3,01,A01
201100004836,0,31,000,00,2,1,00,B02
201100004836,0,07,000,00,2,2,21,A01
201100004837,0,07,000,00,2,3,01,B02
201100004837,0,07,000,00,2,5,17,A01
201100004838,0,31,000,00,0,1,01,B02
201100004838,0,07,000,00,0,5,15,A01
201100004839,0,33,000,00,2,1,01,A01
201100004839,0,07,000,00,2,8,09,B02
201100004840,0,02,000,00,6,0,01,A01
201100004841,0,07,000,00,0,0,15,A01
201100004841,0,31,000,00,0,0,01,B02
201100004842,0,07,000,00,2,3,01,A01
201100004842,0,30,000,00,2,3,13,B02
201100004843,0,07,000,13,0,3,13,A01
201100004844,0,10,000,00,2,1,01,B02
201100004844,0,07,000,00,2,8,19,A01
201100004845,0,07,000,00,2,3,01,B02
201100004845,0,07,000,00,2,1,01,A01
201100004846,0,07,000,00,2,3,01,A01
201100004846,0,33,000,00,2,1,13,B02
201100004846,0,33,000,00,2,1,21,C03
201100004847,0,02,000,00,2,6,02,A01
201100004847,0,07,000,00,2,5,01,B02
201100004848,0,33,000,00,2,7,01,A01
201100004848,0,07,000,00,2,3,10,B02
201100004849,0,33,000,00,0,7,01,A01
201100004850,0,07,000,00,2,8,13,A01
201100004851,0,33,000,00,2,1,01,B02
201100004851,0,07,000,00,2,6,19,A01
201100004852,0,02,000,00,2,1,21,B02
201100004852,0,02,000,00,2,6,19,A01
201100004853,0,07,000,00,2,4,11,A01
201100004853,0,33,000,00,2,1,01,B02
201100004854,0,07,000,00,2,1,00,A01
201100004854,0,07,000,00,2,1,00,B02
201100004855,0,07,000,00,0,3,13,A01
201100004856,0,33,000,00,2,1,01,A01
201100004856,0,07,000,00,2,3,19,B02
201100004857,0,30,000,06,0,1,13,A01
201100004858,0,10,000,00,2,7,01,B02
201100004858,0,36,000,00,2,0,19,A01
201100004859,0,07,000,00,2,3,01,A01
201100004859,0,31,000,00,2,1,16,B02
201100004860,0,07,000,00,2,1,13,A01
201100004860,0,10,000,00,2,1,01,B02
201100004861,0,07,000,02,0,3,01,A01
201100004862,0,10,000,00,2,1,02,A01
201100004862,0,07,000,00,2,4,23,B02
201100004863,0,07,000,00,0,8,14,A01
201100004864,0,07,000,06,0,3,13,A01
201100004865,0,07,000,00,2,8,13,A01
201100004865,0,01,000,00,2,7,17,B02
201100004866,0,10,000,00,2,3,13,A01
201100004866,0,07,000,00,2,8,01,B02
201100004867,0,07,000,13,0,1,01,A01
201100004868,0,30,000,00,0,8,01,A01
201100004869,0,07,000,02,0,1,13,A01
201100004870,0,07,000,13,0,1,14,A01
201100004871,0,07,000,00,2,3,13,A01
201100004871,0,07,000,00,2,3,01,C03
201100004871,0,07,000,00,2,3,01,B02
201100004872,0,01,000,14,0,9,01,A01
201100004873,0,07,000,00,2,3,01,B02
201100004873,0,30,000,00,2,1,15,A01
201100004874,0,07,000,16,0,9,01,A01
201100004875,0,32,000,00,2,1,02,C03
201100004875,0,13,000,00,0,0,15,A01
201100004875,0,10,000,00,2,4,01,B02
201100004876,0,21,000,00,2,5,00,A01
201100004876,0,01,000,00,2,8,01,B02
201100004877,0,01,000,00,0,7,01,A01
201100004878,0,07,000,06,0,1,01,A01
201100004879,0,32,000,13,0,2,17,A01
201100004880,0,30,000,00,0,0,01,A01
201100004881,0,30,000,00,1,1,01,A01
201100004882,0,33,000,03,0,8,01,A01
201100004883,0,33,000,13,0,0,01,A01
201100004884,0,07,000,00,2,0,02,A01
201100004884,0,02,000,00,0,0,15,B02
201100004885,0,33,000,00,2,1,17,A01
201100004885,0,07,000,00,2,3,01,B02
201100004886,0,33,000,00,0,8,14,A01
201100004887,0,33,000,00,2,1,02,A01
201100004887,0,07,000,00,0,6,14,B02
201100004888,0,33,000,00,2,2,18,A01
201100004888,0,07,000,00,2,2,16,B02
201100004889,0,07,000,00,2,7,15,A01
201100004889,0,07,000,00,2,2,01,B02
201100004890,0,30,000,13,0,1,14,A01
201100004891,0,07,000,00,2,8,19,B02
201100004891,0,07,000,00,2,1,02,A01
201100004892,0,02,000,00,2,1,01,A01
201100004892,0,07,000,00,2,3,01,C03
201100004892,0,07,000,00,2,4,23,B02
201100004893,0,07,000,02,0,2,01,A01
201100004894,0,07,000,00,2,7,13,A01
201100004894,0,13,000,00,2,1,01,B02
201100004895,0,01,000,00,2,4,01,B02
201100004895,0,07,000,00,2,2,14,A01
201100004896,0,30,000,08,0,1,01,A01
201100004897,0,07,000,00,1,3,15,A01
201100004898,0,07,000,00,2,1,05,A01
201100004898,0,10,000,00,2,1,01,B02
201100004899,0,07,000,00,2,1,15,A01
201100004899,0,01,000,00,2,1,01,B02
201100004900,0,07,000,00,0,1,01,A01
201100004901,0,30,000,01,0,1,01,A01
201100004902,0,07,000,02,0,8,14,A01
201100004903,0,14,000,00,1,7,01,A01
201100004904,0,07,000,13,0,7,01,A01
201100004905,0,10,000,13,0,1,01,A01
201100004906,0,07,000,16,0,1,01,A01
201100004907,0,01,000,00,2,3,01,B02
201100004907,0,07,000,00,9,3,17,A01
201100004908,0,01,000,00,0,6,01,B02
201100004908,0,01,000,00,0,6,01,C03
201100004908,0,07,000,00,0,2,01,A01
201100004909,0,07,000,00,0,9,01,A01
201100004910,0,07,000,00,1,2,01,A01
201100004911,0,07,000,13,0,1,01,A01
201100004912,0,33,000,13,0,1,01,A01
201100004913,0,07,000,00,2,8,15,B02
201100004913,0,02,000,00,2,1,17,A01
201100004914,0,10,000,00,2,3,01,B03
201100004914,0,33,000,14,0,1,01,C03
201100004914,0,33,000,00,2,1,01,A03
201100004915,0,07,000,13,0,9,01,A01
201100004916,0,07,000,00,2,7,01,A01
201100004916,0,07,000,00,2,1,01,B02
201100004917,0,30,000,00,2,1,01,A01
201100004917,0,21,000,00,2,1,01,B02
201100004918,0,07,000,00,2,2,21,B02
201100004918,0,07,000,00,2,2,13,A01
201100004919,0,07,000,00,2,3,15,A01
201100004919,0,07,000,00,2,3,01,B02
201100004920,0,07,000,08,0,2,01,A01
201100004921,0,14,000,00,2,6,01,B02
201100004921,0,10,000,00,2,3,01,C03
201100004921,0,07,000,00,2,9,17,A01
201100004922,0,33,000,00,2,7,01,B02
201100004922,0,10,000,00,2,2,19,A01
201100004923,0,07,000,00,0,3,01,B02
201100004923,0,07,000,00,0,1,01,A01
201100004924,0,07,000,13,0,2,01,A01
201100004925,0,07,000,16,0,1,19,A01
201100004926,0,07,000,00,2,3,01,B02
201100004926,0,07,000,00,2,3,13,A01
201100004927,0,07,000,00,2,1,01,A01
201100004927,0,02,000,00,0,4,01,B02
201100004928,0,07,000,00,2,2,13,A01
201100004928,0,07,000,00,2,2,01,B02
201100004929,0,07,000,00,2,8,15,A01
201100004929,0,07,000,00,2,3,01,B02
201100004930,0,31,000,00,1,1,01,A01
201100004931,0,07,000,00,1,1,01,A01
201100004932,0,07,000,00,2,2,17,A01
201100004932,0,07,000,00,2,3,01,B02
201100004933,0,07,000,13,0,3,01,A01
201100004934,0,07,000,03,2,1,01,B02
201100004934,0,07,000,00,2,1,15,A01
201100004935,0,10,000,00,1,3,01,A01
201100004936,0,07,000,00,1,2,01,A01
201100004937,0,07,000,00,1,1,01,A01
201100004938,0,30,000,00,2,7,01,B02
201100004938,0,10,000,00,2,3,09,A01
201100004939,0,07,000,00,1,3,00,A01
201100004940,0,07,000,00,1,1,01,A01
201100004941,0,07,000,00,2,3,01,B02
201100004941,0,33,000,00,2,1,13,A01
201100004942,0,07,000,00,2,2,21,A01
201100004942,0,07,000,00,2,2,17,B02
201100004943,0,07,000,00,2,1,01,A01
201100004943,0,07,000,00,2,3,15,B02
201100004944,0,07,000,13,0,2,01,A01
201100004945,0,33,000,00,2,9,01,A01
201100004945,0,07,000,00,2,1,01,B02
201100004946,0,10,000,08,2,2,15,A01
201100004946,0,10,000,08,2,1,01,B02
201100004947,0,07,000,00,2,3,02,A01
201100004947,0,01,000,00,0,4,02,B02
201100004948,0,07,000,10,0,4,13,A01
201100004949,0,07,000,13,0,8,01,A01
201100004950,0,07,000,00,2,3,13,A01
201100004950,0,07,000,00,2,3,01,B02
201100004950,0,01,000,00,0,0,21,C03
201100004951,0,07,000,02,0,1,00,A01
201100004952,0,10,000,06,0,3,13,A01
201100004953,0,38,000,00,2,3,01,B02
201100004953,0,07,000,00,2,3,13,A01
201100004954,0,07,000,02,0,2,14,A01
201100004955,0,07,000,00,2,1,01,A01
201100004955,0,07,000,00,2,2,01,B02
201100004956,0,07,000,00,2,1,01,B02
201100004956,0,07,000,00,2,3,19,A01
201100004957,0,07,000,00,1,1,01,A01
201100004958,0,33,000,00,2,7,13,A01
201100004958,0,07,000,00,0,8,15,B02
201100004959,0,07,000,00,2,1,01,B02
201100004959,0,07,000,00,2,1,13,A01
201100004960,0,07,000,08,0,1,01,A01
201100004961,0,33,000,13,0,0,02,A01
201100004962,0,07,000,00,0,9,01,A01
201100004963,0,33,000,14,0,1,01,A01
201100004964,0,07,000,00,2,3,15,A01
201100004964,0,33,000,00,2,8,01,B02
201100004965,0,07,000,02,0,1,01,A01
201100004966,0,10,000,00,0,1,15,B02
201100004966,0,33,000,00,0,1,01,A01
201100004966,0,07,000,00,0,6,23,C03
201100004967,0,07,000,06,0,7,17,A01
201100004968,0,07,000,00,0,8,15,A01
201100004968,0,33,000,00,0,7,00,B02
201100004969,0,07,000,00,2,3,13,A01
201100004969,0,07,000,00,2,3,01,B02
201100004970,0,31,000,00,2,4,01,A01
201100004970,0,07,000,00,2,2,01,B02
201100004971,0,07,000,13,0,2,01,A01
201100004972,0,17,000,00,2,1,02,A01
201100004972,0,17,000,00,2,4,02,B02
201100004973,0,07,000,02,0,3,01,A01
201100004974,0,33,000,00,6,7,01,A01
201100004975,0,31,000,06,0,8,01,A01
201100004976,0,07,000,00,0,0,00,A01
201100004977,0,07,000,02,0,1,14,A01
201100004978,0,07,000,00,9,3,01,A01
201100004978,0,01,000,00,2,7,09,B02
201100004979,0,33,000,13,0,7,21,A01
201100004979,0,07,000,00,0,0,13,B02
201100004980,0,07,000,00,2,2,15,A01
201100004980,0,07,000,00,2,1,01,B02
201100004981,0,10,000,00,2,7,19,A01
201100004981,0,07,000,00,2,1,01,B02
201100004982,0,07,000,13,0,9,01,A01
201100004983,0,07,000,00,0,3,01,A01
201100004984,0,17,000,00,2,0,01,B02
201100004984,0,33,000,00,2,0,17,A01
201100004985,0,07,000,00,2,1,01,B02
201100004985,0,30,000,00,2,8,05,A01
201100004986,0,30,000,12,2,1,01,A01
201100004986,0,30,000,00,2,4,01,B02
201100004987,0,14,000,00,2,3,01,B02
201100004987,0,07,000,00,2,1,13,A01
201100004988,0,07,000,00,2,1,01,B02
201100004988,0,07,000,00,2,6,15,A01
201100004989,0,31,000,06,0,1,01,A01
201100004990,0,10,000,00,2,1,01,A01