Num_Acc,senc,catv,occutc,obs,obsm,choc,manv,num_veh
201100004990,0,07,000,00,2,7,19,B02
201100004991,0,07,000,13,0,0,01,A01
201100004992,0,33,000,00,2,8,00,B02
201100004992,0,07,000,00,2,8,01,A01
201100004993,0,07,000,00,2,3,13,A01
201100004993,0,07,000,00,2,3,01,B02
201100004994,0,07,000,02,0,3,01,A01
201100004995,0,07,000,00,2,3,09,B02
201100004995,0,31,000,00,2,4,01,A01
201100004996,0,02,000,00,2,1,19,B02
201100004996,0,07,000,00,0,2,01,A01
201100004997,0,07,000,00,2,1,19,A01
201100004997,0,07,000,00,2,3,01,B02
201100004998,0,07,000,00,0,0,01,A01
201100004999,0,07,000,00,0,2,01,A01
201100005000,0,07,000,00,0,0,00,A01
201100005001,0,07,000,00,2,3,15,B02
201100005001,0,30,000,00,2,1,01,A01
201100005002,0,07,000,00,9,2,17,B02
201100005002,0,01,000,00,0,0,02,A01
201100005003,0,30,000,00,2,4,02,B02
201100005003,0,07,000,00,9,2,02,A01
201100005004,0,07,000,16,2,1,01,B02
201100005004,0,07,000,16,2,2,19,A01
201100005005,0,07,000,03,2,3,01,B02
201100005005,0,07,000,03,2,3,17,A01
201100005006,0,07,000,00,2,3,15,A01
201100005006,0,30,000,00,2,2,17,B02
201100005007,0,07,000,00,0,3,21,B02
201100005007,0,07,000,00,0,0,15,A01
201100005008,0,07,000,02,0,9,01,A01
201100005009,0,07,000,13,0,7,01,A01
201100005010,0,07,000,13,0,8,16,A01
201100005011,0,99,000,00,0,3,00,B02
201100005011,0,07,000,00,0,8,00,C03
201100005011,0,07,000,00,2,1,13,A01
201100005012,0,30,000,00,2,1,01,A01
201100005012,0,07,000,00,2,3,01,B02
201100005013,0,07,000,00,2,1,19,B02
201100005013,0,33,000,00,2,1,01,A01
201100005014,0,30,000,00,0,0,01,A01
201100005015,0,01,000,00,2,1,19,B02
201100005015,0,07,000,00,9,3,01,A01
201100005016,0,31,000,00,0,0,01,A01
201100005017,0,07,000,01,0,2,01,A01
201100005018,0,07,000,00,0,2,14,A01
201100005019,0,17,000,00,2,7,17,A01
201100005019,0,01,000,00,2,3,02,B02
201100005020,0,33,000,00,2,1,02,B02
201100005020,0,33,000,00,2,4,01,A01
201100005021,0,31,000,00,2,8,13,A01
201100005021,0,07,000,00,2,3,01,B02
201100005022,0,20,000,00,2,6,15,A01
201100005022,0,33,000,00,2,1,17,B02
201100005023,0,30,000,00,2,1,05,A01
201100005023,0,07,000,00,2,3,01,B02
201100005024,0,10,000,00,2,2,13,A01
201100005024,0,03,000,00,2,8,19,B02
201100005025,0,33,000,13,0,1,00,A01
201100005026,0,07,000,00,2,8,15,A01
201100005026,0,02,000,00,2,1,01,B02
201100005027,0,07,000,02,0,3,01,A01
201100005028,0,07,000,00,9,2,01,A01
201100005028,0,01,000,00,2,1,01,B02
201100005029,0,10,000,00,2,1,01,B02
201100005029,0,10,000,00,2,7,01,A01
201100005030,0,07,000,14,0,8,01,A01
201100005031,0,07,000,16,0,9,01,A01
201100005032,0,07,000,00,2,1,02,A01
201100005032,0,07,000,00,2,4,23,B02
201100005033,0,03,000,00,2,6,01,B02
201100005033,0,07,000,00,2,1,02,A01
201100005034,0,33,000,00,6,9,00,A01
201100005035,0,31,000,05,0,7,14,A01
201100005036,0,30,000,00,2,1,01,A01
201100005036,0,07,000,00,2,1,01,B02
201100005037,0,07,000,00,2,3,15,A01
201100005037,0,30,000,00,2,3,01,B02
201100005038,0,38,050,00,2,1,01,B02
201100005038,0,07,000,00,2,3,15,A01
201100005039,0,07,000,16,0,1,01,A01
201100005040,0,07,000,00,0,1,00,A01
201100005041,0,07,000,00,2,3,01,B02
201100005041,0,07,000,00,2,3,16,A01
201100005042,0,02,000,00,2,1,16,B02
201100005042,0,07,000,00,2,7,01,A01
201100005043,0,07,000,00,2,1,13,A01
201100005043,0,14,000,00,2,3,01,B02
201100005044,0,07,000,08,0,3,01,A01
201100005045,0,33,000,00,2,4,15,B02
201100005045,0,07,000,00,2,1,01,A01
201100005046,0,10,000,00,2,3,13,A01
201100005046,0,10,000,00,2,3,01,B02
201100005047,0,07,000,00,2,1,01,B02
201100005047,0,07,000,00,2,1,01,A01
201100005048,0,07,000,02,0,1,01,A01
201100005049,1,10,000,00,0,3,13,B02
201100005049,0,10,000,00,2,3,01,A01
201100005050,0,07,000,15,0,9,05,A01
201100005051,0,07,000,15,0,1,13,A01
201100005052,0,07,000,00,2,1,01,B02
201100005052,0,30,000,00,2,3,15,A01
201100005053,0,07,000,02,0,1,06,A01
201100005054,0,01,000,00,5,1,02,A01
201100005055,0,07,000,00,0,9,01,A01
201100005056,0,17,000,00,2,1,21,B02
201100005056,0,07,000,00,2,3,05,A01
201100005057,0,07,000,06,0,1,13,A01
201100005058,0,17,000,00,1,2,01,A01
201100005059,0,07,000,00,2,3,01,B02
201100005059,0,02,000,00,2,1,01,A01
201100005060,0,07,000,00,1,2,01,A01
201100005061,0,07,000,00,0,1,05,A01
201100005061,0,15,000,00,0,3,01,B02
201100005062,0,30,000,06,0,1,00,A01
201100005063,0,07,000,00,2,1,01,A01
201100005063,0,02,000,00,2,1,13,B02
201100005064,0,07,000,02,0,1,01,A01
201100005065,0,07,000,00,2,3,20,A01
201100005065,0,32,000,00,2,1,13,B02
201100005066,0,07,000,06,0,1,01,A01
201100005067,0,33,000,00,2,1,17,A01
201100005067,0,07,000,00,2,3,15,B02
201100005068,0,07,000,16,0,2,01,A01
201100005069,0,10,000,00,2,3,01,B02
201100005069,0,07,000,00,2,3,01,A01
201100005070,0,33,000,13,0,1,01,A01
201100005071,0,17,000,00,2,3,01,B02
201100005071,0,07,000,00,2,3,13,A01
201100005072,0,33,000,13,0,1,01,A01
201100005073,0,10,000,00,6,2,01,A01
201100005073,0,07,000,00,2,3,01,B02
201100005074,0,07,000,02,0,3,02,A01
201100005075,0,07,000,00,0,3,00,B02
201100005075,0,07,000,00,2,2,00,A01
201100005076,0,07,000,00,2,3,17,A01
201100005076,0,07,000,00,2,3,01,B02
201100005076,0,07,000,00,0,6,00,C03
201100005077,0,07,000,00,2,1,01,A01
201100005077,0,07,000,00,2,8,19,B02
201100005078,0,31,000,00,2,1,01,B02
201100005078,0,07,000,00,2,7,17,A01
201100005079,0,10,000,00,1,3,01,A01
201100005080,0,07,000,06,0,3,01,A01
201100005081,0,15,000,13,0,2,01,A01
201100005082,0,07,000,00,2,7,01,A01
201100005082,0,07,000,00,2,1,01,B02
201100005083,0,07,000,08,0,1,01,A01
201100005084,0,07,000,02,0,2,14,A01
201100005085,0,07,000,00,2,5,01,C03
201100005085,0,07,000,00,2,1,15,B02
201100005085,0,33,000,00,2,1,01,A01
201100005086,0,07,000,08,0,8,14,A01
201100005087,0,02,000,00,2,8,02,B02
201100005087,0,33,000,00,2,2,02,A01
201100005088,0,10,000,00,2,2,02,B02
201100005088,0,31,000,00,2,8,01,A01
201100005089,0,33,000,00,2,8,01,B02
201100005089,0,07,000,00,2,1,19,A01
201100005090,0,07,000,02,0,1,01,A01
201100005091,0,07,000,02,0,8,13,A01
201100005092,0,07,000,03,0,2,14,A01
201100005093,0,07,000,02,0,8,01,A01
201100005094,0,07,000,00,2,3,13,A01
201100005094,0,13,000,00,2,3,01,B02
201100005095,0,07,000,02,0,8,01,A01
201100005096,0,10,000,00,2,6,16,B02
201100005096,0,07,000,00,2,1,02,A01
201100005097,0,10,000,00,1,3,01,A01
201100005098,0,07,000,02,0,1,01,A01
201100005099,0,33,000,11,0,2,01,A01
201100005100,0,07,000,00,0,2,17,B02
201100005100,0,07,000,00,2,6,15,A01
201100005101,0,07,000,06,0,8,01,A01
201100005102,0,31,000,16,0,7,01,A01
201100005103,0,33,000,00,2,1,13,A01
201100005103,0,07,000,00,2,1,01,B02
201100005104,0,07,000,00,2,1,01,C03
201100005104,0,07,000,00,2,2,01,A01
201100005104,0,07,000,00,2,3,17,B02
201100005105,0,15,000,00,2,4,23,B02
201100005105,0,15,000,00,2,1,01,A01
201100005106,0,33,000,11,0,1,17,A01
201100005107,0,07,000,13,0,1,01,A01
201100005108,0,07,000,00,2,3,01,A01
201100005108,0,07,000,00,2,3,01,B02
201100005109,0,07,000,00,2,1,01,B02
201100005109,0,15,000,00,2,4,23,A01
201100005110,0,07,000,00,2,3,01,B02
201100005110,0,07,000,00,2,3,13,A01
201100005111,0,07,000,03,2,2,14,A01
201100005111,0,15,000,00,2,1,01,B02
201100005112,0,07,000,00,2,1,13,A01
201100005112,0,17,000,00,2,3,01,B02
201100005112,0,17,000,00,2,1,01,C03
201100005112,0,10,000,00,2,2,01,D04
201100005112,0,17,000,03,2,0,01,E05
201100005113,0,07,000,00,5,2,01,A01
201100005114,0,07,000,00,2,7,01,A01
201100005114,0,07,000,00,2,1,01,B02
201100005115,0,07,000,13,0,3,13,A01
201100005116,0,07,000,00,2,8,15,B02
201100005116,0,33,000,00,2,1,01,A01
201100005117,0,02,000,00,2,7,01,A01
201100005117,0,07,000,00,2,1,15,B02
201100005118,0,07,000,13,0,1,13,A01
201100005119,0,07,000,00,2,3,15,A01
201100005119,0,33,000,00,2,1,17,B02
201100005120,0,33,000,00,2,1,01,A01
201100005120,0,07,000,00,2,4,01,B02
201100005121,0,07,000,00,2,1,13,A01
201100005121,0,07,000,00,2,1,01,B02
201100005122,0,10,000,00,2,5,24,A01
201100005122,0,01,000,01,0,1,01,B02
201100005123,0,07,000,00,2,3,01,A01
201100005123,0,07,000,00,2,2,19,B02
201100005124,0,07,000,00,2,2,19,A01
201100005124,0,31,000,00,2,5,00,B02
201100005125,0,07,000,02,0,3,01,A01
201100005126,0,07,000,00,2,1,01,A01
201100005126,0,03,000,00,2,8,19,B02
201100005127,0,14,000,00,2,4,24,B02
201100005127,0,01,000,01,0,1,02,A01
201100005128,0,15,000,00,2,1,01,B02
201100005128,0,07,000,00,2,1,13,A01
201100005129,0,07,000,02,0,1,14,A01
201100005130,0,07,000,13,0,7,21,C03
201100005130,0,07,000,00,2,3,13,A01
201100005130,0,07,000,00,2,3,01,B02
201100005131,0,07,000,06,2,3,19,B02
201100005131,0,07,000,08,2,2,21,A01
201100005132,0,07,000,02,0,1,14,A01
201100005133,0,07,000,00,1,1,01,A01
201100005134,0,10,000,02,0,2,14,A01
201100005135,0,07,000,00,2,3,13,A01
201100005135,0,14,000,00,2,8,01,B02
201100005136,0,07,000,00,2,3,15,A01
201100005136,0,07,000,00,2,2,01,B02
201100005137,0,07,000,00,1,2,01,A01
201100005138,0,07,000,13,2,3,17,A01
201100005138,0,14,000,13,2,1,01,B02
201100005138,0,07,000,00,2,3,01,C03
201100005139,0,07,000,00,1,5,01,A01
201100005140,0,15,000,00,2,1,01,A01
201100005140,0,07,000,00,2,7,06,B02
201100005141,0,14,000,00,2,1,01,B02
201100005141,0,07,000,00,2,8,19,A01
201100005142,0,07,000,00,2,1,00,B02
201100005143,0,10,000,00,1,4,04,A01
201100005144,0,33,000,06,0,1,00,A01
201100005145,0,33,000,00,2,7,01,A01
201100005145,0,07,000,00,2,8,15,B02
201100005146,0,07,000,00,9,7,01,A01
201100005146,0,01,000,00,2,1,19,B02
201100005147,0,07,000,00,2,3,01,B02
201100005147,0,07,000,00,2,3,13,A01
201100005148,0,07,000,00,2,1,17,A01
201100005148,0,07,000,00,2,1,01,B02
201100005149,0,07,000,00,2,2,09,A01
201100005149,0,33,000,00,2,3,01,B02
201100005150,0,07,000,00,2,1,13,A01
201100005150,0,07,000,00,2,3,01,B02
201100005150,0,10,000,00,2,8,01,C03
201100005150,0,07,000,00,2,1,01,D04
201100005151,0,17,000,04,0,2,01,A01
201100005152,0,07,000,00,1,2,21,A01
201100005153,0,33,000,00,2,1,01,A01
201100005153,1,07,000,,2,8,19,B01
201100005154,0,07,000,06,0,1,01,A01
201100005155,0,14,000,00,2,3,15,B02
201100005155,0,33,000,00,2,1,01,A01
201100005156,0,07,000,00,2,1,13,A01
201100005156,0,30,000,00,2,1,13,B02
201100005157,0,07,000,00,2,2,15,A01
201100005157,0,07,000,00,2,3,01,B02
201100005158,0,07,000,00,2,6,24,A01
201100005158,0,30,000,14,0,1,02,B02
201100005159,0,10,000,08,0,2,15,A01
201100005160,0,07,000,08,0,7,01,A01
201100005161,0,07,000,00,2,1,01,B02
201100005161,0,07,000,00,2,7,01,A01
201100005162,0,02,000,00,2,3,01,A01
201100005162,0,07,000,00,9,3,13,B02
201100005163,0,33,000,13,0,1,01,A01
201100005164,0,07,000,02,0,3,01,A01
201100005165,0,07,000,00,2,1,17,A01
201100005165,0,10,000,00,2,1,01,B02
201100005166,0,07,000,00,2,3,15,A01
201100005166,0,33,000,00,2,1,17,B02
201100005167,0,07,000,08,0,3,19,A01
201100005168,0,07,000,06,0,1,01,A01
201100005169,0,07,000,13,0,1,01,A01
201100005170,0,07,000,13,0,9,01,A01
201100005171,0,07,000,00,2,1,01,B02
201100005171,0,07,000,00,2,3,13,A01
201100005172,0,07,000,02,0,1,14,A01
201100005173,0,07,000,00,2,2,15,A01
201100005173,0,07,000,00,2,1,01,B02
201100005174,0,07,000,13,0,1,14,A01
201100005175,0,07,000,00,2,4,23,A01
201100005175,0,02,000,00,2,9,01,B02
201100005176,0,07,000,00,2,1,15,A01
201100005176,0,33,000,00,2,1,01,B02
201100005177,0,07,000,00,0,6,01,A01
201100005177,0,33,000,00,2,1,01,B02
201100005178,0,07,000,00,1,1,03,A01
201100005179,0,30,000,12,0,0,01,A01
201100005180,0,33,000,00,0,0,02,A01
201100005181,0,30,000,01,0,1,00,A01
201100005182,0,07,000,00,2,2,01,A01
201100005182,0,07,000,00,2,2,01,B02
201100005183,0,07,000,00,2,3,01,A01
201100005183,0,07,000,00,2,2,01,B02
201100005184,0,07,000,00,2,5,23,A01
201100005184,0,30,000,00,2,1,01,B02
201100005185,0,33,000,00,2,7,01,A01
201100005185,0,07,000,00,2,1,01,B02
201100005186,0,07,000,00,9,3,13,A01
201100005186,0,02,000,00,2,1,01,B02
201100005187,0,33,000,00,2,1,17,B02
201100005187,0,07,000,00,0,8,10,A01
201100005188,0,10,000,00,1,0,01,A01
201100005189,0,07,000,06,0,2,13,A01
201100005190,0,07,000,00,0,8,24,B02
201100005190,0,07,000,01,1,2,01,A01
201100005191,0,07,000,00,2,2,01,B02
201100005191,0,15,000,00,2,3,01,A01
201100005192,0,07,000,16,0,1,01,A01
201100005193,0,07,000,00,2,2,15,A01
201100005193,0,02,000,00,2,1,01,B02
201100005194,0,07,000,02,0,8,01,A01
201100005195,0,07,000,13,0,2,02,A01
201100005196,0,07,000,00,2,2,02,B02
201100005196,0,31,000,00,2,8,11,A01
201100005197,0,07,000,02,0,8,19,A01
201100005198,0,10,000,00,0,4,23,B02
201100005198,0,30,000,00,2,1,02,A01
201100005199,0,07,000,02,0,2,01,A01
201100005200,0,07,000,08,0,3,01,A01
201100005201,0,33,000,02,0,9,01,A01
201100005202,0,33,000,00,2,1,17,A01
201100005202,0,36,000,00,2,3,10,B02
201100005203,0,07,000,00,2,8,19,B02
201100005203,0,33,000,00,2,1,01,A01
201100005204,0,07,000,00,2,8,15,B02
201100005204,0,07,000,00,2,1,17,A01
201100005205,0,07,000,00,2,3,02,B02
201100005205,0,33,000,00,0,4,09,A01
201100005206,0,07,000,10,0,0,00,A01
201100005207,0,07,000,16,0,9,01,A01
201100005208,0,33,000,00,9,1,02,A01
201100005208,0,99,000,00,0,4,02,B02
201100005209,0,07,000,02,0,8,01,A01
201100005210,0,07,000,00,2,3,01,B02
201100005210,0,07,000,00,2,2,05,A01
201100005211,0,07,000,00,2,3,19,A01
201100005211,0,33,000,00,2,1,01,B02
201100005212,0,07,000,00,2,1,01,B02
201100005212,0,01,000,00,2,1,05,A01
201100005213,0,07,000,00,1,2,16,A01
201100005214,0,02,000,00,1,0,01,A01
201100005215,0,30,000,00,2,1,15,A01
201100005215,0,07,000,00,2,2,01,B02
201100005216,0,07,000,00,1,2,13,B02
201100005216,0,01,000,00,2,1,19,A01
201100005217,0,07,000,00,2,3,01,B02
201100005217,0,07,000,00,2,2,19,A01
201100005218,0,07,000,00,2,5,15,A01
201100005218,0,30,000,00,2,7,01,B02
201100005219,0,01,000,00,2,3,01,B02
201100005219,0,17,000,00,2,5,01,A01
201100005220,0,07,000,00,2,1,01,A01
201100005220,0,07,000,00,2,8,19,B02
201100005221,0,21,000,16,0,9,01,A01
201100005222,0,33,000,06,0,2,01,A01
201100005223,0,07,000,00,2,2,06,B02
201100005223,0,15,000,00,2,8,01,A01
201100005224,0,07,000,00,2,3,15,A01
201100005224,0,33,000,00,2,1,01,B02
201100005225,0,10,000,00,2,7,01,A01
201100005225,0,01,000,00,2,8,01,B02
201100005226,0,07,000,00,0,9,01,A01
201100005227,0,07,000,00,2,3,01,B02
201100005227,0,14,000,00,2,3,13,A01
201100005228,0,07,000,00,2,8,19,B02
201100005228,0,07,000,00,2,1,01,A01
201100005229,0,07,000,05,0,3,01,A01
201100005230,0,07,000,13,0,5,01,A01
201100005231,0,07,000,00,2,3,13,A01
201100005231,0,07,000,00,2,3,01,B02
201100005232,0,10,000,00,2,3,01,B02
201100005232,0,01,000,00,2,1,13,A01
201100005233,0,07,000,00,2,3,09,A01
201100005233,0,33,000,00,2,1,01,B02
201100005234,0,07,000,06,0,3,15,A01
201100005235,0,07,000,00,2,3,01,A01
201100005235,0,07,000,00,2,3,01,B02
201100005236,0,07,000,00,2,1,02,A01
201100005236,0,07,000,00,2,3,15,B02
201100005237,0,07,000,00,1,2,01,A01
201100005238,0,07,000,00,2,3,13,A01
201100005238,0,07,000,00,2,3,01,B02
201100005239,0,07,000,13,0,1,01,A01
201100005240,0,10,000,00,2,1,01,B02
201100005240,0,07,000,00,2,7,13,A01
201100005241,0,07,000,00,2,7,16,A01
201100005241,0,30,000,00,2,1,18,B02
201100005242,0,07,000,02,0,1,01,A01
201100005243,0,07,000,06,2,1,17,A01
201100005243,0,07,000,00,2,3,15,B02
201100005244,0,07,000,06,0,1,01,A01
201100005245,0,07,000,06,2,3,01,A01
201100005245,0,07,000,00,2,3,13,B02
201100005246,0,10,000,00,2,3,01,A01
201100005246,0,10,000,00,2,3,01,B02
201100005247,0,07,000,00,2,2,01,A01
201100005247,0,07,000,00,2,1,01,B02
201100005248,0,07,000,00,2,8,13,A01
201100005248,0,13,000,00,2,2,19,B02
201100005248,0,07,000,00,2,2,01,C03
201100005249,0,07,000,00,2,4,15,B02
201100005249,0,33,000,00,2,1,02,A01
201100005250,0,07,000,02,0,8,01,A01
201100005251,0,07,000,00,2,6,01,B02
201100005251,0,07,000,00,2,3,01,C03
201100005251,0,33,000,00,2,1,17,A01
201100005252,0,33,000,00,0,0,01,A01
201100005253,0,07,000,00,2,3,15,A01
201100005253,0,34,000,00,2,1,01,B02
201100005254,0,33,000,07,0,9,17,A01
201100005255,0,07,000,00,2,6,15,A01
201100005255,0,30,000,00,2,1,01,B02
201100005256,0,14,000,06,0,1,01,A01
201100005257,0,07,000,02,0,1,00,A01
201100005258,0,07,000,00,2,3,01,B02
201100005258,0,07,000,00,2,3,13,A01
201100005258,0,07,000,14,0,1,01,E05
201100005258,0,07,000,14,0,1,01,C03
201100005258,0,07,000,13,0,8,01,D04
201100005259,0,07,000,00,9,4,01,C03
201100005259,0,30,000,00,2,3,13,A01
201100005259,0,07,000,00,2,3,01,B02
201100005260,0,10,000,00,1,2,01,A01
201100005261,0,01,000,00,2,7,15,A01
201100005261,0,07,000,00,9,1,01,B02
201100005262,0,07,000,08,0,1,01,A01
201100005263,0,07,000,00,1,3,01,A01
201100005264,0,07,000,00,2,3,15,A01
201100005264,0,07,000,00,2,3,01,B02
201100005265,0,36,000,00,1,1,01,A01
201100005266,0,07,000,00,2,2,15,B02
201100005266,0,07,000,00,2,3,01,A01
201100005267,0,02,000,00,2,1,01,A01
201100005267,0,10,000,00,0,5,01,B02
201100005268,0,07,000,13,0,7,01,A01
201100005268,0,07,000,00,2,3,19,B02
201100005269,0,10,000,00,1,4,20,A01
201100005270,0,02,000,00,2,5,00,B02
201100005270,0,07,000,00,2,2,00,A01
201100005271,0,07,000,06,0,1,01,A01
201100005272,0,33,000,00,2,8,01,A01
201100005272,0,07,000,00,2,1,01,B02
201100005273,0,07,000,00,2,1,19,A01
201100005273,0,07,000,00,2,8,01,B02
201100005274,0,31,000,16,0,8,17,A01
201100005275,0,30,000,00,2,1,01,E05
201100005275,0,30,000,00,2,7,17,B02
201100005275,0,30,000,00,0,0,01,C03
201100005275,0,14,000,00,2,1,21,F06
201100005275,0,30,000,00,2,1,01,D04
201100005275,0,30,000,00,2,8,13,A01
201100005276,0,33,000,00,2,7,17,A01
201100005276,0,07,000,00,2,3,15,B02
201100005277,0,01,000,00,2,1,01,B02
201100005277,0,30,000,00,9,1,01,A01
201100005278,0,07,000,00,2,3,01,A01
201100005278,0,07,000,00,2,3,01,B02
201100005279,0,07,000,00,1,7,01,A01
201100005280,0,36,000,00,2,2,01,A01
201100005280,0,01,000,00,2,1,01,B02
201100005281,0,30,000,00,9,8,15,A01
201100005282,0,07,000,06,0,9,14,A01
201100005283,0,10,000,00,2,8,19,A01
201100005283,0,30,000,00,2,1,01,B02
201100005284,0,07,000,00,2,6,16,B02
201100005284,0,30,000,00,2,1,01,A01
201100005285,0,10,000,00,2,1,01,C03
201100005285,0,07,000,00,2,3,13,A01
201100005285,0,07,000,00,2,3,01,B02
201100005286,0,07,000,01,0,9,02,E05
201100005286,0,07,000,01,0,4,02,B02
201100005286,0,07,000,00,0,5,01,A01
201100005286,0,07,000,01,0,9,02,D04
201100005286,0,10,000,01,0,9,02,C03
201100005287,0,07,000,00,2,6,15,A01
201100005287,0,33,000,00,2,1,17,B02
201100005288,0,07,000,00,0,2,01,A01
201100005289,0,07,000,00,2,1,01,B02
201100005289,0,31,000,00,2,1,00,A01
201100005290,0,33,000,00,6,1,13,A01
201100005291,0,30,000,00,2,1,02,A01
201100005291,0,07,000,00,2,4,02,B02
201100005292,0,30,000,00,2,1,01,B02
201100005292,0,07,000,00,2,5,15,A01
201100005293,0,02,000,00,2,1,01,B02
201100005293,0,07,000,00,2,7,15,A01
201100005294,0,07,000,00,2,4,15,B02
201100005294,0,02,000,00,2,1,01,A01
201100005295,0,07,000,16,0,9,01,A01
201100005296,2,07,000,16,0,2,01,A01
201100005297,0,07,000,00,2,1,01,A01
201100005297,0,07,000,00,2,4,15,B02
201100005298,0,07,000,00,2,3,01,A01
201100005298,0,07,000,00,2,3,01,B02
201100005299,0,07,000,02,0,1,01,A01
201100005300,0,07,000,00,1,2,01,A01
201100005301,0,07,000,03,2,2,14,A01
201100005301,0,15,000,04,2,1,13,B02
201100005302,0,07,000,13,0,1,01,A01
201100005303,0,10,000,08,0,1,17,A01
201100005304,0,07,000,06,0,3,13,A01
201100005305,0,17,000,01,0,1,14,A01
201100005306,0,07,000,00,2,2,06,B02
201100005306,0,07,000,00,2,3,01,A01
201100005307,0,01,000,00,2,7,19,B02
201100005307,0,07,000,00,2,1,01,A01
201100005308,0,07,000,02,0,1,01,A01
201100005309,0,07,000,00,1,1,13,A01
201100005310,0,07,000,00,2,5,17,A01
201100005310,0,14,000,00,2,1,01,B02
201100005311,0,07,000,00,2,8,01,B02
201100005311,0,07,000,00,2,7,01,A01
201100005312,0,07,000,02,1,2,01,A01
201100005313,0,21,000,00,0,8,19,A01
201100005313,0,33,000,00,2,1,01,B02
201100005314,0,07,000,00,2,2,13,A01
201100005314,0,07,000,00,2,2,01,B02
201100005315,0,10,000,10,0,1,01,A01
201100005316,0,14,000,00,2,7,01,B02
201100005316,0,30,000,00,2,1,01,A01
201100005317,0,07,000,15,0,1,01,A01
201100005318,0,03,000,00,2,7,15,A01
201100005318,0,07,000,00,2,1,01,B02
201100005319,0,02,000,00,2,6,15,A01
201100005319,0,07,000,00,2,1,02,B02
201100005320,0,07,000,00,1,2,01,A01
201100005321,0,31,000,00,2,1,02,A01
201100005321,0,07,000,00,0,4,02,B02
201100005322,0,31,000,00,2,1,01,B02
201100005322,0,07,000,00,2,1,15,A01
201100005323,0,07,000,02,0,1,01,A01
201100005324,0,07,000,00,2,1,13,A01
201100005324,0,10,000,00,2,3,01,B02
201100005325,0,07,000,00,2,2,13,A01
201100005325,0,07,000,00,2,3,01,B02
201100005325,0,07,000,00,2,3,01,C03
201100005326,0,07,000,00,2,6,13,A01
201100005326,0,07,000,00,2,3,01,B02
201100005327,0,31,000,06,0,1,00,A01
201100005328,0,17,000,00,2,1,01,B02
201100005328,0,10,000,00,2,1,13,A01
201100005329,0,33,000,00,0,9,01,A01
201100005330,0,33,000,00,2,1,01,B02
201100005330,0,07,000,00,2,8,19,A01
201100005331,0,07,000,02,0,3,14,A01
201100005332,0,07,000,01,0,2,01,A01
201100005332,0,07,000,00,0,4,24,B02
201100005333,0,33,000,12,0,9,01,A01
201100005334,0,07,000,00,2,3,10,A01
201100005334,0,33,000,00,2,1,01,B02
201100005335,0,07,000,00,2,1,19,B02
201100005335,0,07,000,00,2,8,15,A01
201100005336,0,07,000,00,2,3,13,A01
201100005336,0,38,000,00,2,3,01,B02
201100005337,0,30,000,00,2,8,00,A01
201100005337,0,07,000,00,2,3,01,B02
201100005338,0,20,000,00,2,4,01,A01
201100005338,0,33,000,00,2,1,01,B02
201100005339,0,07,000,00,2,3,01,A01
201100005339,0,17,000,00,2,8,01,B02
201100005340,0,07,000,02,0,3,01,A01
201100005341,0,07,000,00,2,1,13,A01
201100005341,0,07,000,00,2,1,01,B02
201100005342,0,07,000,02,0,3,14,A01
201100005343,0,31,000,00,2,8,15,B02
201100005343,0,07,000,00,2,2,01,A01
201100005344,0,07,000,00,2,1,01,A01
201100005344,0,10,000,00,2,2,19,B02
201100005345,0,07,000,06,0,7,01,A01
201100005346,0,10,000,00,2,6,19,A01
201100005346,0,33,000,00,2,1,01,B02
201100005347,0,07,000,16,0,9,00,A01
201100005348,0,07,000,08,0,1,01,A01
201100005349,0,07,000,00,2,3,04,B02
201100005349,0,02,000,00,2,2,13,A01
201100005350,0,10,000,08,0,1,01,A01
201100005351,0,07,000,02,0,9,13,A01
201100005352,0,07,000,00,0,1,01,A01
201100005353,0,07,000,13,0,3,01,A01
201100005354,0,07,000,00,2,6,01,C03
201100005354,0,33,000,00,2,7,21,A01
201100005354,0,07,000,00,2,6,01,B02
201100005355,0,07,000,16,0,9,01,A01
201100005356,0,07,000,00,0,3,15,A01
201100005356,0,07,000,00,2,1,01,B02
201100005357,0,07,000,00,2,1,01,A01
201100005357,0,07,000,00,2,1,01,B02
201100005358,0,07,000,00,2,1,01,A01
201100005358,0,07,000,00,2,3,01,B02
201100005359,0,07,000,00,2,1,01,A01
201100005359,0,15,000,00,2,7,01,B02
201100005360,0,07,000,00,2,3,15,A01
201100005360,0,03,000,00,2,3,01,B02
201100005361,0,07,000,00,2,1,01,B02
201100005361,0,07,000,00,2,2,15,A01
201100005362,0,07,000,06,0,2,01,A01
201100005363,0,07,000,06,2,1,01,B02
201100005363,0,07,000,00,2,6,01,C03
201100005363,0,07,000,00,2,1,15,A01
201100005364,0,07,000,00,2,2,19,A01
201100005364,0,30,000,00,2,1,01,B02
201100005365,0,10,000,00,1,4,04,A01
201100005366,0,02,000,00,2,1,13,A01
201100005366,0,07,000,00,2,1,01,B02
201100005367,0,07,000,02,0,1,01,A01
201100005368,0,07,000,13,0,4,13,A01
201100005369,0,10,000,08,0,1,14,A01
201100005370,0,10,000,08,0,2,00,A01
201100005371,0,30,000,00,2,1,19,B02
201100005371,0,07,000,00,2,2,01,A01
201100005372,0,07,000,13,0,1,01,A01
201100005373,0,07,000,00,2,1,01,A01