Num_Acc,senc,catv,occutc,obs,obsm,choc,manv,num_veh
201100005764,0,07,000,00,0,1,01,B02
201100005765,0,07,000,02,0,8,01,A01
201100005766,0,01,000,14,0,1,00,B02
201100005766,0,07,000,00,9,2,19,A01
201100005766,0,01,000,00,0,0,00,C03
201100005767,0,07,000,13,0,3,01,A01
201100005768,0,31,000,00,2,2,01,A01
201100005768,0,07,000,00,2,2,15,B02
201100005769,0,33,000,12,0,7,01,A01
201100005770,0,10,000,00,2,2,01,B02
201100005770,0,07,000,00,2,8,01,C03
201100005770,0,07,000,00,2,7,15,A01
201100005770,0,07,000,00,2,3,01,D04
201100005771,0,07,000,00,2,1,01,B02
201100005771,0,07,000,00,2,1,17,A01
201100005772,0,31,000,00,2,8,01,A01
201100005772,0,07,000,00,2,1,15,B02
201100005773,0,07,000,13,0,1,01,A01
201100005774,0,07,000,00,2,1,01,B02
201100005774,0,07,000,00,0,3,15,A01
201100005775,0,34,000,00,2,1,13,A01
201100005775,0,07,000,00,0,3,00,B02
201100005776,0,32,000,15,0,1,13,A01
201100005777,0,07,000,00,0,8,15,B02
201100005777,0,31,000,00,2,1,17,A01
201100005778,0,33,000,00,2,1,01,A01
201100005778,0,07,000,00,0,3,15,B02
201100005779,0,07,000,02,0,2,01,A01
201100005780,0,17,000,00,0,5,15,A01
201100005780,0,07,000,00,2,2,01,B02
201100005781,0,07,000,00,2,1,01,B02
201100005781,0,32,000,00,2,7,05,A01
201100005782,0,10,000,00,2,3,01,B02
201100005782,0,33,000,00,2,1,13,A01
201100005783,0,07,000,00,2,1,13,A01
201100005783,0,14,000,00,2,1,00,B02
201100005784,0,14,000,06,0,9,01,A01
201100005785,0,07,000,00,2,3,13,A01
201100005785,0,07,000,00,2,3,01,B02
201100005786,0,07,000,00,1,3,01,A01
201100005787,0,07,000,00,2,7,01,A01
201100005787,0,02,000,00,2,1,19,B02
201100005788,0,10,000,02,0,8,01,A01
201100005789,0,01,000,00,2,1,01,B02
201100005789,0,10,000,00,2,3,01,A01
201100005790,0,10,000,00,2,2,01,B02
201100005790,0,10,000,00,2,3,16,A01
201100005791,0,33,000,13,0,1,01,A01
201100005792,0,02,000,00,0,0,01,A01
201100005793,0,07,000,02,0,3,01,A01
201100005794,0,07,000,00,2,7,01,B02
201100005794,0,02,000,00,2,1,19,A01
201100005795,0,33,000,00,2,1,17,A01
201100005795,0,07,000,00,2,3,01,B02
201100005795,0,17,000,00,2,8,01,C03
201100005796,0,30,000,00,2,8,01,A01
201100005797,0,31,000,00,2,2,01,A01
201100005797,0,07,000,00,2,3,01,B02
201100005798,0,07,000,13,0,3,01,A01
201100005799,0,31,000,00,0,7,01,A01
201100005800,0,01,000,00,2,1,11,B02
201100005800,0,07,000,00,2,1,01,A01
201100005801,0,07,000,03,0,1,17,A01
201100005802,0,07,000,00,0,6,15,B02
201100005802,0,33,000,00,2,1,15,A01
201100005803,0,31,000,00,2,1,01,A01
201100005803,0,07,000,00,0,8,15,B02
201100005804,0,07,000,02,0,1,01,A01
201100005805,0,07,000,00,2,7,15,A01
201100005805,0,33,000,00,2,1,01,B02
201100005806,0,33,000,02,0,1,01,A01
201100005807,0,07,000,13,0,7,01,A01
201100005808,0,07,000,00,2,1,17,B02
201100005808,0,07,000,00,2,8,15,A01
201100005809,0,07,000,00,2,1,01,B02
201100005809,0,07,000,00,2,2,19,A01
201100005810,0,07,000,00,1,3,01,A01
201100005811,0,07,000,00,2,1,14,B02
201100005811,0,07,000,00,2,1,13,A01
201100005812,0,02,000,03,0,7,01,A01
201100005813,0,07,000,15,0,1,01,A01
201100005814,0,07,000,02,0,1,01,A01
201100005814,0,10,000,13,0,1,02,B02
201100005815,0,07,000,02,0,1,01,A01
201100005816,0,07,000,02,0,2,14,A01
201100005817,0,33,000,00,0,8,01,A01
201100005818,0,07,000,00,1,1,01,A01
201100005819,0,07,000,00,2,1,15,A01
201100005819,0,07,000,00,0,7,01,B02
201100005820,0,10,000,00,2,1,01,C03
201100005820,0,07,000,00,2,1,01,B02
201100005820,0,07,000,00,2,3,09,A01
201100005821,0,07,000,06,0,3,01,A01
201100005822,0,33,000,08,0,1,17,A01
201100005823,0,07,000,00,1,3,01,A01
201100005823,0,07,000,00,1,3,01,B02
201100005824,0,31,000,00,0,8,01,B02
201100005824,0,07,000,00,2,2,15,A01
201100005825,0,07,000,00,2,1,01,B02
201100005825,0,07,000,00,2,1,01,A01
201100005826,0,14,000,00,1,7,01,A01
201100005827,0,07,000,00,2,7,01,A01
201100005827,0,07,000,00,2,1,01,B02
201100005828,0,02,000,00,2,7,15,B02
201100005828,0,07,000,00,2,3,01,A01
201100005829,0,07,000,01,0,7,01,A01
201100005830,0,07,000,00,1,3,15,A01
201100005831,0,10,000,09,0,3,01,A01
201100005832,0,31,000,00,2,1,01,B02
201100005832,0,07,000,00,0,5,19,A01
201100005833,0,33,000,00,0,0,02,A01
201100005834,0,30,000,00,2,1,01,B02
201100005834,0,07,000,00,0,7,01,A01
201100005835,0,02,000,16,0,8,01,A01
201100005836,0,32,000,00,2,1,01,B02
201100005836,0,07,000,00,2,2,15,A01
201100005837,0,32,000,00,2,1,01,B02
201100005837,0,07,000,00,2,2,15,A01
201100005838,0,30,000,00,2,2,02,A01
201100005838,0,30,000,00,2,8,02,B02
201100005839,0,07,000,03,0,8,17,A01
201100005840,0,07,000,00,2,1,10,A01
201100005840,0,31,000,00,2,1,01,B02
201100005841,0,30,000,00,2,1,01,A01
201100005841,0,07,000,00,2,3,15,B02
201100005842,0,33,000,00,2,4,23,B02
201100005842,0,10,000,00,2,2,02,A01
201100005843,0,34,000,02,0,1,13,A01
201100005844,0,07,000,00,2,1,01,A01
201100005844,0,30,000,00,0,4,01,B02
201100005845,0,07,000,00,0,0,14,C03
201100005845,0,33,000,00,2,6,18,A01
201100005845,0,07,000,00,2,2,14,B02
201100005846,0,07,000,00,0,6,01,B02
201100005846,0,07,000,00,2,2,14,A01
201100005847,0,07,000,01,0,1,01,B02
201100005847,0,15,000,00,0,5,23,A01
201100005848,0,07,000,02,0,3,13,A01
201100005849,0,07,000,00,2,1,13,A01
201100005849,0,07,000,00,2,1,01,B02
201100005850,0,07,000,00,2,3,09,A01
201100005850,0,01,000,00,2,0,01,B02
201100005851,0,07,000,00,1,3,01,A01
201100005852,0,33,000,00,2,1,17,A01
201100005852,0,07,000,00,2,6,15,B02
201100005853,0,07,000,00,2,1,17,A01
201100005853,0,07,000,00,2,8,15,B02
201100005854,0,07,000,00,2,3,13,A01
201100005854,0,07,000,00,2,3,01,B02
201100005855,0,07,000,02,0,2,02,A01
201100005856,0,07,000,13,0,3,13,A01
201100005857,0,07,000,00,2,1,13,B02
201100005857,0,07,000,00,2,1,01,A01
201100005858,0,37,001,00,2,1,13,A01
201100005858,0,14,000,00,2,3,01,B02
201100005859,0,07,000,02,0,2,01,A01
201100005860,0,31,000,00,0,0,01,A01
201100005861,0,07,000,00,1,3,01,A01
201100005862,0,07,000,02,0,1,19,A01
201100005863,0,07,000,02,0,4,13,A01
201100005864,0,07,000,00,2,1,01,C03
201100005864,0,07,000,00,2,1,21,A01
201100005864,0,07,000,00,2,8,23,B02
201100005865,0,33,000,00,2,1,01,B02
201100005865,0,07,000,00,2,2,11,A01
201100005866,0,07,000,01,0,7,01,A01
201100005867,0,07,000,00,1,2,01,A01
201100005868,0,02,000,00,2,2,15,B02
201100005868,0,07,000,00,2,1,01,A01
201100005869,0,33,000,00,2,1,17,B02
201100005869,0,07,000,00,2,8,15,A01
201100005870,0,10,000,02,0,2,01,A01
201100005871,0,33,000,00,2,1,17,A01
201100005871,0,10,000,00,0,3,01,B02
201100005872,0,07,000,00,2,3,01,B02
201100005872,0,02,000,00,2,1,13,A01
201100005873,0,01,000,00,0,4,01,B02
201100005873,0,07,000,00,2,1,01,A01
201100005874,0,07,000,00,5,1,01,A01
201100005875,0,07,000,16,0,1,21,C03
201100005875,0,07,000,00,2,1,01,B02
201100005875,0,07,000,00,2,1,13,A01
201100005876,0,33,000,13,0,1,14,A01
201100005877,0,07,000,00,2,3,01,A01
201100005877,0,01,000,00,2,6,19,B02
201100005878,0,07,000,00,1,4,04,A01
201100005879,0,07,000,08,0,2,01,A01
201100005880,0,07,000,02,0,8,01,A01
201100005881,0,07,000,00,0,6,01,B02
201100005881,0,33,000,00,2,1,01,A01
201100005882,0,14,000,00,1,7,01,A01
201100005883,0,07,000,02,0,8,00,A01
201100005884,0,14,000,00,1,2,02,A01
201100005885,0,07,000,00,2,1,15,B02
201100005885,0,30,000,00,2,1,01,A01
201100005886,0,07,000,00,2,1,05,A01
201100005886,0,07,000,00,2,1,01,B02
201100005887,0,07,000,08,0,6,00,A01
201100005888,0,10,000,00,1,2,16,A01
201100005889,0,10,000,02,0,8,01,A01
201100005890,0,10,000,00,2,1,15,A01
201100005890,0,30,000,00,2,1,01,B02
201100005891,0,07,000,02,0,1,14,A01
201100005892,0,02,000,15,0,1,16,A01
201100005893,0,07,000,00,9,7,15,A01
201100005893,0,33,000,00,2,1,01,B02
201100005894,0,07,000,00,2,2,15,A01
201100005894,0,01,000,00,2,1,01,B02
201100005895,0,02,000,00,2,1,01,A01
201100005895,0,07,000,00,2,3,19,B02
201100005896,0,07,000,13,0,0,01,A01
201100005897,0,10,000,02,0,7,01,A01
201100005898,0,02,000,00,6,1,01,A01
201100005899,0,34,000,00,2,1,01,B02
201100005899,0,14,000,00,2,3,19,A01
201100005900,0,07,000,00,2,3,01,C03
201100005900,0,33,000,00,2,1,02,A01
201100005900,0,10,000,00,2,4,01,B02
201100005901,0,07,000,00,2,2,15,B02
201100005901,0,33,000,00,2,1,01,A01
201100005902,0,07,000,13,0,3,01,A01
201100005903,0,07,000,00,0,9,00,A01
201100005904,0,33,000,00,2,1,01,B02
201100005904,0,07,000,00,2,6,19,A01
201100005905,0,33,000,03,0,9,01,A01
201100005906,0,07,000,06,0,1,01,A01
201100005907,0,31,000,00,2,3,17,A01
201100005907,0,07,000,00,2,3,01,B02
201100005908,0,07,000,00,0,8,01,A01
201100005908,0,07,000,00,2,3,01,B02
201100005909,0,33,000,00,2,1,01,A01
201100005909,0,07,000,00,2,2,15,B02
201100005910,0,07,000,00,1,1,15,A01
201100005911,0,07,000,00,2,1,02,A01
201100005911,0,10,000,00,2,5,02,B02
201100005912,0,13,000,00,0,8,01,B02
201100005912,0,07,000,00,0,8,01,C03
201100005912,0,33,000,00,2,1,17,A01
201100005913,0,30,000,00,2,1,01,B02
201100005913,0,07,000,00,2,8,01,A01
201100005914,0,07,000,13,0,3,13,A01
201100005915,0,07,000,02,0,3,01,A01
201100005916,0,07,000,02,0,1,01,A01
201100005917,0,07,000,14,0,1,01,A01
201100005918,0,07,000,02,0,3,01,A01
201100005919,0,31,000,02,0,1,01,A01
201100005920,0,01,000,01,0,1,00,B02
201100005920,0,07,000,00,9,1,01,A01
201100005921,0,01,000,00,2,1,01,B02
201100005921,0,07,000,00,2,2,15,A01
201100005922,0,07,000,00,0,3,15,A01
201100005922,0,33,000,00,0,1,01,B02
201100005923,0,07,000,00,2,8,16,A01
201100005923,0,07,000,00,2,1,01,B02
201100005924,0,01,000,00,0,4,01,A01
201100005925,0,33,000,03,0,1,01,A01
201100005926,0,07,000,00,2,9,02,B02
201100005926,0,07,000,00,0,4,02,A01
201100005926,0,07,000,00,2,1,02,C03
201100005927,0,36,000,00,1,1,20,A01
201100005928,0,07,000,00,2,1,13,A01
201100005928,0,07,000,00,2,3,01,B02
201100005929,0,07,000,14,0,1,01,A01
201100005930,0,10,000,00,9,3,13,A01
201100005930,0,01,000,00,2,1,01,B02
201100005931,0,07,000,00,1,1,17,A01
201100005932,0,07,000,00,0,1,16,A01
201100005932,0,01,000,00,0,7,02,B02
201100005933,0,07,000,00,2,2,02,A01
201100005933,0,01,000,00,2,4,15,B02
201100005934,0,07,000,00,2,4,02,B02
201100005934,0,07,000,07,2,1,02,A01
201100005935,0,07,000,00,2,3,13,A01
201100005935,0,07,000,00,2,3,01,B02
201100005936,0,07,000,08,0,1,01,A01
201100005937,0,03,000,00,1,2,14,A01
201100005938,0,10,000,00,2,2,15,A01
201100005938,0,10,000,00,2,1,01,B02
201100005939,0,02,000,13,0,1,01,A01
201100005940,0,33,000,02,0,2,01,A01
201100005941,0,30,000,02,0,1,14,A01
201100005942,0,21,000,15,0,1,01,A01
201100005943,0,10,000,02,0,2,01,A01
201100005944,0,07,000,06,0,1,01,A01
201100005945,0,15,000,00,2,3,01,B02
201100005945,0,07,000,00,2,3,15,A01
201100005946,0,07,000,02,0,2,01,A01
201100005947,0,33,000,00,2,7,17,B02
201100005947,0,07,000,00,2,6,17,A01
201100005948,0,07,000,06,0,1,19,A01
201100005949,0,07,000,13,0,8,00,A01
201100005950,0,07,000,02,0,3,13,A01
201100005951,0,07,000,00,2,1,01,A01
201100005951,0,07,000,08,2,1,01,C03
201100005951,0,07,000,00,2,6,23,B02
201100005952,0,07,000,00,2,1,01,C03
201100005952,0,07,000,00,2,5,15,A01
201100005952,0,13,000,00,2,1,01,D04
201100005952,0,07,000,08,2,4,01,B02
201100005953,0,07,000,00,0,2,13,A01
201100005954,0,07,000,02,0,1,13,A01
201100005955,0,07,000,00,2,2,09,A01
201100005955,0,33,000,00,2,7,01,B02
201100005956,0,33,000,02,0,3,01,A01
201100005957,0,07,000,00,2,8,15,B02
201100005957,0,33,000,00,2,1,01,A01
201100005958,0,07,000,13,0,1,01,A01
201100005959,0,14,000,00,2,8,15,B02
201100005959,0,30,000,00,2,2,17,A01
201100005960,0,07,000,00,2,4,15,A01
201100005960,0,07,000,00,2,1,01,B02
201100005961,0,07,000,00,1,4,01,B02
201100005961,0,10,000,00,2,1,01,A01
201100005962,0,31,000,00,0,2,01,A01
201100005963,0,07,000,00,2,3,01,B02
201100005963,0,30,000,00,2,1,15,A01
201100005964,0,07,000,02,0,1,01,A01
201100005965,0,01,000,00,0,1,01,A01
201100005966,0,07,000,10,0,1,01,A01
201100005967,0,07,000,12,0,3,01,A01
201100005968,0,33,000,08,0,3,01,A01
201100005969,0,01,000,00,2,3,01,A01
201100005969,0,07,000,00,2,1,19,B02
201100005970,0,07,000,00,2,0,21,A02
201100005970,0,07,000,00,2,2,05,A01
201100005971,0,07,000,00,2,1,00,B02
201100005971,0,07,000,00,2,1,00,A01
201100005972,0,07,000,00,9,8,01,A01
201100005972,0,07,000,00,2,1,01,B02
201100005973,0,07,000,,0,0,00,A01
201100005974,0,07,000,00,2,3,05,A01
201100005974,0,07,000,00,2,3,01,B02
201100005974,0,07,000,00,2,1,01,C03
201100005975,0,07,000,15,1,1,21,A01
201100005976,0,07,000,06,0,1,01,A01
201100005977,0,07,000,06,0,1,02,A01
201100005978,0,07,000,00,1,3,01,A01
201100005979,0,07,000,07,0,1,01,A01
201100005980,0,07,000,13,0,1,19,A01
201100005981,0,07,000,00,2,2,15,A01
201100005981,0,02,000,00,2,1,01,B02
201100005982,0,07,000,07,2,1,01,B02
201100005982,0,07,000,00,2,1,13,A01
201100005983,1,07,000,00,0,0,00,A01
201100005984,0,33,000,00,0,0,01,A01
201100005985,0,07,000,13,0,3,01,A01
201100005986,0,33,000,00,2,1,01,B02
201100005986,0,07,000,00,2,2,15,A01
201100005987,0,07,000,00,2,1,01,B02
201100005987,0,07,000,00,2,1,13,A01
201100005988,0,07,000,06,0,2,01,A01
201100005989,0,07,000,00,1,3,01,A01
201100005990,0,01,000,00,2,1,01,A01
201100005990,0,07,000,00,2,2,19,B02
201100005991,0,07,000,02,0,7,01,A01
201100005992,0,07,000,03,0,1,01,A01
201100005993,0,10,000,00,2,3,01,A01
201100005993,0,07,000,00,2,3,01,B02
201100005994,0,07,000,00,2,1,15,A01
201100005994,0,07,000,00,2,1,01,B02
201100005994,0,10,000,00,2,3,01,C03
201100005995,0,33,000,00,2,1,17,B02
201100005995,0,10,000,00,2,6,01,C03
201100005995,0,10,000,00,2,6,17,A01
201100005996,0,10,000,00,2,2,17,A01
201100005996,0,31,000,00,2,8,15,B02
201100005997,0,07,000,00,2,9,17,A01
201100005997,0,07,000,00,2,2,01,B02
201100005997,0,07,000,00,2,6,01,C03
201100005998,0,07,000,13,0,9,01,A01
201100005999,0,07,000,00,1,2,01,A01
201100006000,0,07,000,00,1,2,01,A01
201100006001,0,07,000,14,0,1,01,A01
201100006002,0,07,000,00,1,1,01,A01
201100006003,1,07,000,00,0,0,01,A01
201100006004,0,30,000,00,2,1,01,A01
201100006004,0,07,000,00,2,2,01,B02
201100006005,0,36,000,00,0,1,01,A01
201100006006,0,07,000,00,0,9,23,A01
201100006007,0,36,000,00,0,1,01,A01
201100006008,0,07,000,00,2,3,13,A01
201100006008,0,07,000,00,2,3,21,B02
201100006009,0,02,000,00,2,1,01,B02
201100006009,0,07,000,00,2,3,15,A01
201100006010,0,07,000,00,2,1,01,B02
201100006010,0,02,000,00,2,8,19,A01
201100006011,0,07,000,02,0,1,02,A01
201100006012,0,07,000,13,0,2,01,A01
201100006013,0,07,000,00,0,0,14,A01
201100006014,0,07,000,00,1,5,20,A01
201100006015,0,07,000,08,0,3,00,A01
201100006016,0,01,000,00,1,1,01,A01
201100006017,0,07,000,00,2,1,19,A01
201100006017,0,07,000,00,2,8,01,B01
201100006018,0,33,000,00,2,1,17,A01
201100006018,0,07,000,00,0,8,15,B01
201100006019,0,07,000,00,1,2,01,A01
201100006020,2,33,000,03,0,7,13,A01
201100006021,0,07,000,00,2,4,23,B02
201100006021,0,07,000,00,2,1,01,A01
201100006021,0,07,000,00,2,1,01,C03
201100006022,0,07,000,00,2,2,06,A01
201100006022,0,07,000,00,2,3,01,B02
201100006023,0,07,000,06,0,9,00,A01
201100006024,0,07,000,00,1,2,14,A01
201100006025,0,10,000,02,0,3,13,A01
201100006026,0,07,000,02,0,3,01,A01
201100006027,0,07,000,13,0,1,01,A01
201100006028,0,07,000,00,2,2,15,B02
201100006028,0,33,000,00,2,8,01,A01
201100006029,0,33,000,00,2,1,02,B02
201100006029,0,07,000,00,2,3,10,A01
201100006030,0,07,000,02,0,1,01,A01
201100006031,0,07,000,00,2,2,01,B02
201100006031,0,07,000,00,2,2,15,A01
201100006032,0,07,000,02,0,7,01,A01
201100006033,0,07,000,00,0,1,01,B02
201100006033,0,07,000,16,0,7,09,A01
201100006034,0,07,000,02,0,3,13,A01
201100006035,0,07,000,14,0,1,01,A01
201100006036,0,33,000,00,2,1,02,A01
201100006036,0,10,000,00,2,4,02,B02
201100006037,0,02,000,00,2,2,15,A01
201100006037,0,07,000,00,2,2,01,B02
201100006038,0,21,000,00,2,3,19,B02
201100006038,0,33,000,00,2,2,17,A01
201100006039,0,14,000,00,2,1,01,B02
201100006039,0,17,000,00,2,1,13,A01
201100006040,0,07,000,00,2,1,13,A01
201100006040,0,07,000,00,2,1,01,B02
201100006041,0,07,000,00,2,3,01,C03
201100006041,0,13,000,00,2,3,13,A01
201100006041,0,10,000,00,2,3,01,B02
201100006042,0,07,000,00,2,1,01,B02
201100006042,0,07,000,00,2,1,16,A01
201100006043,0,07,000,02,0,7,01,A01
201100006044,0,07,000,00,2,3,13,A01
201100006044,0,07,000,00,2,3,01,C03
201100006044,0,07,000,00,2,1,01,B02
201100006045,0,07,000,03,2,1,01,A01
201100006045,0,07,000,00,2,8,01,B02
201100006046,0,07,000,06,0,1,01,A01
201100006047,0,07,000,00,2,1,01,A01
201100006047,0,07,000,00,2,1,01,B02
201100006048,0,07,000,00,2,1,01,B02
201100006048,0,07,000,00,2,7,13,A01
201100006049,0,10,000,15,0,9,01,A01
201100006050,0,07,000,00,2,1,15,A01
201100006050,0,07,000,00,2,1,01,B02
201100006051,0,07,000,02,0,2,14,A01
201100006052,0,07,000,00,2,1,01,B02
201100006052,0,07,000,00,2,1,13,A01
201100006053,0,07,000,08,0,3,13,A01
201100006054,1,10,000,00,1,3,01,A01
201100006055,0,07,000,00,2,7,16,B02
201100006055,0,33,000,00,2,8,01,A01
201100006056,0,07,000,00,1,3,01,A01
201100006057,0,07,000,00,2,1,13,A01
201100006057,0,07,000,00,0,3,01,B02
201100006058,0,17,000,00,2,0,01,B02
201100006058,0,10,000,00,0,0,01,A01
201100006059,0,07,000,00,2,1,13,A01
201100006059,0,07,000,00,2,1,01,B02
201100006060,0,14,000,02,0,1,01,A01
201100006061,0,32,000,00,2,1,01,A01
201100006061,0,07,000,00,2,7,16,B02
201100006062,0,07,000,00,2,3,13,A01
201100006062,0,07,000,00,2,3,01,B02
201100006063,0,07,000,02,0,1,01,A01
201100006064,1,07,000,00,2,8,13,B02
201100006064,0,33,000,00,2,8,01,A01
201100006065,0,07,000,00,1,4,04,A01
201100006066,0,07,000,00,2,2,01,A01
201100006066,0,07,000,00,2,1,09,B02
201100006067,0,07,000,00,2,3,13,A01
201100006067,0,07,000,00,2,3,01,B02
201100006068,0,07,000,00,0,0,01,A01
201100006069,0,07,000,00,6,0,01,A01
201100006070,0,17,000,00,2,2,01,A01
201100006070,0,07,000,00,2,3,01,C03
201100006071,0,33,000,00,0,1,01,B02
201100006071,0,07,000,00,0,2,15,A01
201100006072,0,14,000,00,2,3,01,B02
201100006073,0,33,000,13,0,1,01,A01
201100006074,0,07,000,00,1,3,01,A01
201100006075,0,33,000,06,0,1,21,A01
201100006076,0,33,000,13,0,1,01,A01
201100006077,0,07,000,02,0,7,01,A01
201100006078,0,07,000,00,2,3,01,B02
201100006078,0,07,000,00,2,3,01,A01
201100006079,0,07,000,00,2,1,01,A01
201100006079,0,07,000,00,2,6,19,B02
201100006080,0,02,000,00,0,7,01,A01
201100006081,0,10,000,00,1,2,02,A01
201100006082,0,07,000,00,2,8,01,B02
201100006082,0,07,000,00,2,3,01,C03
201100006082,0,10,000,00,2,3,13,A01
201100006083,0,31,000,00,0,0,00,A01
201100006084,0,30,000,00,0,7,01,A01
201100006085,0,10,000,00,2,2,13,A01
201100006085,0,07,000,00,2,1,01,B02
201100006086,0,33,000,03,0,7,01,A01
201100006087,0,07,000,00,1,4,20,A01
201100006088,0,07,000,00,2,3,16,B02
201100006088,0,02,000,00,2,1,01,A01
201100006089,0,02,000,02,0,1,01,A01
201100006090,0,07,000,00,2,1,02,C03
201100006090,0,07,000,00,2,1,13,A01
201100006090,0,07,000,00,2,1,01,B02
201100006091,0,07,000,00,1,2,01,A01
201100006092,0,10,000,00,0,0,15,B02
201100006092,0,02,000,00,2,1,17,A01
201100006093,0,07,000,00,0,8,15,A01
201100006093,0,02,000,00,2,1,17,B02
201100006094,0,07,000,00,2,1,01,A01
201100006094,0,07,000,00,2,1,01,B02
201100006095,0,31,000,00,2,1,17,A01
201100006095,0,07,000,00,2,2,01,C03
201100006095,0,07,000,00,2,3,01,B02
201100006096,0,33,000,00,2,3,01,B02
201100006096,0,07,000,00,2,2,06,A01
201100006097,0,07,000,13,0,1,01,A01
201100006098,0,33,000,13,0,9,01,A01
201100006099,0,01,000,06,0,1,01,A01
201100006100,0,07,000,01,0,1,01,A01
201100006100,0,07,000,00,1,5,00,B02
201100006101,0,07,000,13,0,3,01,A01
201100006102,0,02,000,00,2,3,01,A01
201100006102,0,30,000,00,2,3,01,B02
201100006103,0,33,000,00,0,1,17,B02
201100006103,0,07,000,00,0,6,15,A01
201100006104,0,07,000,00,1,3,01,A01
201100006105,0,07,000,00,0,1,05,A01
201100006105,0,10,000,00,0,2,00,B02
201100006106,0,07,000,13,0,2,01,A01
201100006107,0,07,000,00,2,8,01,B02
201100006107,0,07,000,00,2,3,17,A01
201100006107,0,07,000,00,2,1,01,C03
201100006107,0,07,000,00,2,1,01,D04
201100006108,0,07,000,00,2,3,23,B02
201100006108,0,07,000,00,2,2,13,A01
201100006109,0,30,000,00,2,8,01,B02
201100006109,0,07,000,00,0,8,15,A01
201100006110,0,33,000,00,2,1,15,B02
201100006110,0,07,000,00,2,1,01,A01
201100006111,0,07,000,00,2,7,13,A01
201100006111,0,07,000,00,2,1,01,B02
201100006112,0,07,000,00,2,7,01,B02
201100006112,0,17,000,00,2,1,01,A01
201100006113,0,07,000,00,2,1,01,B02
201100006113,0,10,000,00,2,1,13,A01
201100006114,0,10,000,00,2,1,01,B02
201100006114,0,10,000,00,2,8,01,A01
201100006115,0,20,000,00,2,6,24,A01
201100006115,0,07,000,01,0,1,01,B02
201100006116,0,07,000,00,1,2,01,A01
201100006117,0,02,000,00,2,3,15,B02
201100006117,0,07,000,00,2,2,17,A01
201100006118,0,07,000,00,2,1,13,A01
201100006118,0,07,000,00,2,1,01,B02
201100006119,0,07,000,00,2,2,13,B02
201100006119,0,07,000,00,2,3,13,A01
201100006120,0,07,000,00,2,3,01,A01
201100006120,0,07,000,00,2,6,01,B02
201100006121,0,07,000,00,2,1,01,B02
201100006121,0,07,000,00,2,1,17,A01
201100006122,0,07,000,00,2,1,01,C03
201100006122,0,07,000,00,2,1,13,A01
201100006122,0,07,000,03,2,8,01,B02
201100006123,0,33,000,00,2,1,01,B02
201100006123,0,07,000,00,2,1,17,A01
201100006123,0,33,000,00,2,8,01,C03
201100006124,0,10,000,00,2,1,01,A01
201100006124,0,10,000,00,2,8,01,B02
201100006125,0,07,000,00,0,1,01,B02
201100006125,0,07,000,00,0,3,15,A01
201100006126,0,07,000,00,2,4,02,B02
201100006126,0,07,000,00,0,2,02,A01
201100006127,0,01,000,15,0,7,01,A01
201100006128,0,07,000,13,0,1,21,A01
201100006129,0,31,000,00,6,1,19,A01
201100006130,0,01,000,00,2,3,01,B02
201100006130,0,21,000,00,2,6,01,A01
201100006131,0,07,000,13,0,2,01,A01
201100006132,0,10,000,00,2,3,01,A01
201100006132,0,07,000,00,2,5,23,C03
201100006132,0,07,000,00,2,1,01,B02
201100006133,0,33,000,00,0,0,01,A01
201100006134,0,07,000,13,5,2,01,A01
201100006135,0,07,000,13,0,1,14,A01
201100006136,0,07,000,02,0,1,01,A01
201100006137,0,10,000,00,2,1,15,A01
201100006137,0,01,000,00,0,8,01,B02
201100006138,0,07,000,13,0,1,01,A01
201100006139,0,07,000,13,0,7,01,A01
201100006140,0,07,000,00,1,2,01,A01
201100006141,0,07,000,16,0,9,16,A01
201100006142,0,07,000,00,2,6,01,C03
201100006142,0,07,000,00,2,1,01,A01
201100006142,0,07,000,00,2,5,13,B02
201100006143,0,07,000,00,2,1,01,B02
201100006143,0,10,000,00,2,8,19,A01
201100006144,0,33,000,16,0,1,01,A01
201100006145,0,10,000,16,0,1,01,A01
201100006146,0,33,000,00,2,7,01,B02
201100006146,0,07,000,00,2,1,01,A01
201100006147,0,10,000,00,1,2,01,A01
201100006148,0,07,000,02,0,7,14,A01
201100006149,0,07,000,02,0,3,01,A01
201100006150,0,01,000,00,2,4,02,B02
201100006150,0,10,000,00,9,2,02,A01
201100006151,0,07,000,13,0,1,16,A01
201100006152,0,07,000,06,0,1,01,A01
201100006153,0,33,000,13,0,0,01,A01
201100006154,0,07,000,08,0,1,01,A01
201100006155,0,07,000,00,2,3,01,B02
201100006155,0,07,000,00,2,3,13,A01
201100006156,0,07,000,00,0,9,16,A01
201100006157,0,01,000,00,0,0,01,A01
201100006157,0,01,000,14,0,1,01,B02
201100006157,0,01,000,14,0,0,21,C03
201100006157,0,01,000,14,0,0,21,D04
201100006157,0,01,000,14,0,0,21,E05
201100006158,0,02,000,00,2,1,15,A01
201100006158,0,07,000,00,2,1,01,B02
201100006159,0,07,000,00,2,1,01,B02
201100006159,0,07,000,00,2,1,13,A01
201100006160,0,07,000,13,0,1,01,A01
201100006161,0,07,000,02,0,3,01,A01
201100006162,0,07,000,08,0,3,01,A01
201100006163,0,30,000,06,0,7,01,A01
201100006164,0,07,000,13,0,1,01,A01