Num_Acc,senc,catv,occutc,obs,obsm,choc,manv,num_veh
201100006165,0,07,000,00,0,9,00,A01
201100006166,0,07,000,00,2,3,01,B02
201100006166,0,07,000,00,2,3,13,A01
201100006167,0,07,000,00,0,2,00,A01
201100006167,0,33,000,00,0,3,00,B02
201100006168,0,07,000,06,0,2,00,A01
201100006169,0,07,000,00,0,9,01,A01
201100006170,0,07,000,05,0,9,01,A01
201100006171,0,10,000,00,0,0,15,B02
201100006171,0,33,000,00,0,7,01,A01
201100006172,0,07,000,00,1,1,01,A01
201100006173,0,33,000,00,5,1,01,A01
201100006174,0,33,000,00,0,8,02,A01
201100006175,0,01,000,12,0,1,01,A01
201100006176,0,07,000,02,0,1,01,A01
201100006177,0,10,000,00,0,9,01,A01
201100006178,0,07,000,00,2,3,01,B02
201100006178,0,02,000,00,2,7,10,A01
201100006179,2,07,000,13,0,9,00,A01
201100006180,0,07,000,02,0,8,14,A01
201100006181,0,07,000,00,2,1,05,A01
201100006181,0,07,000,00,2,3,01,B02
201100006182,0,07,000,02,0,2,01,A01
201100006183,0,10,000,00,2,1,01,B02
201100006183,0,07,000,00,2,1,01,A01
201100006184,0,07,000,00,2,3,01,B02
201100006184,0,30,000,00,2,7,15,A01
201100006185,0,07,000,00,1,2,01,A01
201100006186,0,02,000,06,0,1,01,A01
201100006187,0,07,000,08,0,3,01,A01
201100006188,0,07,000,00,2,7,01,A01
201100006188,0,01,000,00,2,1,19,B02
201100006189,0,33,000,00,6,8,01,A01
201100006190,0,15,000,00,0,8,16,A01
201100006191,0,07,000,13,0,2,01,A01
201100006192,0,07,000,06,0,1,15,A01
201100006193,0,07,000,13,0,7,01,A01
201100006194,0,15,000,02,0,1,01,A01
201100006195,0,33,000,00,0,7,01,A01
201100006196,0,07,000,08,2,9,17,B02
201100006196,0,07,000,08,2,9,13,A01
201100006197,0,07,000,13,0,9,01,A01
201100006198,0,07,000,08,0,7,01,A01
201100006199,0,01,000,00,2,1,13,A01
201100006199,0,07,000,00,2,2,01,B02
201100006200,0,07,000,00,0,2,00,A01
201100006201,0,14,000,00,0,1,01,A01
201100006202,0,07,000,00,2,1,13,A01
201100006202,0,07,000,00,2,1,00,B02
201100006203,0,07,000,13,0,1,01,A01
201100006204,0,10,000,00,2,8,15,A01
201100006204,0,07,000,00,2,7,17,B02
201100006205,0,07,000,13,0,1,01,A01
201100006206,0,07,000,13,0,9,01,A01
201100006207,0,07,000,13,0,1,01,A01
201100006208,0,01,000,12,0,7,01,A01
201100006209,0,33,000,00,0,8,01,A01
201100006210,0,07,000,00,2,2,01,B02
201100006210,0,07,000,00,2,2,13,A01
201100006211,0,07,000,13,0,9,01,A01
201100006212,0,07,000,08,0,7,01,A01
201100006213,0,15,000,00,2,1,01,B02
201100006213,0,07,000,00,2,2,01,C03
201100006213,0,07,000,00,2,1,13,A01
201100006213,0,07,000,00,0,0,01,D04
201100006214,0,07,000,00,1,8,01,A01
201100006215,0,07,000,00,2,6,01,B02
201100006215,0,33,000,00,2,1,21,A01
201100006216,0,30,000,06,0,2,14,A01
201100006217,0,33,000,13,0,3,01,A01
201100006218,0,33,000,00,5,1,01,A01
201100006219,0,07,000,13,0,2,01,A01
201100006220,0,33,000,00,2,1,01,C03
201100006220,0,33,000,00,2,1,01,A01
201100006220,0,07,000,00,2,1,01,B02
201100006221,0,31,000,00,5,1,01,A01
201100006222,0,07,000,00,2,1,01,A01
201100006222,0,07,000,00,2,8,15,B02
201100006223,0,07,000,13,0,1,01,A01
201100006224,0,07,000,15,0,2,14,A01
201100006225,0,07,000,00,2,1,01,B02
201100006225,0,07,000,00,2,1,13,A01
201100006226,0,07,000,13,0,8,01,A01
201100006227,0,07,000,00,2,5,19,A01
201100006227,0,33,000,00,2,1,01,B02
201100006228,0,07,000,02,0,7,01,A01
201100006229,0,07,000,02,0,1,01,A01
201100006230,0,07,000,02,0,2,01,A01
201100006231,0,07,000,06,0,1,13,A01
201100006232,0,07,000,13,0,7,01,A01
201100006233,0,07,000,02,2,1,03,B02
201100006233,0,07,000,00,2,3,01,A01
201100006234,0,07,000,06,0,3,13,A01
201100006235,0,07,000,13,0,2,01,A01
201100006236,0,02,000,00,0,8,01,B02
201100006236,0,07,000,00,2,2,14,A01
201100006237,0,30,000,00,0,8,01,A01
201100006238,0,07,000,00,2,8,00,B02
201100006238,0,07,000,00,2,3,19,A01
201100006239,0,07,000,00,0,9,01,A01
201100006240,0,07,000,00,2,1,01,B02
201100006240,0,07,000,00,2,1,17,A01
201100006241,0,07,000,00,1,1,01,A01
201100006242,0,07,000,00,2,3,01,B02
201100006242,0,07,000,00,2,1,01,A01
201100006243,0,33,000,16,0,1,01,A01
201100006244,0,07,000,02,0,1,01,A01
201100006245,0,07,000,13,0,3,13,A01
201100006246,0,31,000,00,0,8,01,A01
201100006247,0,07,000,00,2,5,19,A01
201100006247,0,07,000,00,2,1,00,B02
201100006248,0,33,000,13,0,8,01,A01
201100006249,0,07,000,13,0,1,19,A01
201100006250,0,33,000,00,0,8,02,A01
201100006251,0,07,000,00,2,1,01,A01
201100006251,0,07,000,00,2,3,01,B02
201100006252,0,07,000,02,0,8,14,A01
201100006253,0,10,000,00,2,3,09,A01
201100006253,0,07,000,00,2,2,01,B02
201100006253,0,02,000,00,2,3,01,C03
201100006254,0,17,000,00,2,2,01,A01
201100006254,0,07,000,02,2,4,01,C03
201100006255,0,07,000,00,2,3,15,A01
201100006255,0,31,000,00,2,1,01,B02
201100006256,0,07,000,02,0,1,01,A01
201100006257,0,07,000,00,2,7,19,A01
201100006257,0,07,000,00,2,3,01,B02
201100006258,0,10,000,02,0,8,13,A01
201100006259,0,07,000,00,2,1,17,A01
201100006259,0,07,000,00,2,1,01,B02
201100006259,0,10,000,00,2,1,01,C03
201100006260,0,07,000,00,9,3,15,A01
201100006260,0,01,000,00,2,8,01,B02
201100006260,0,07,000,00,2,1,23,C03
201100006261,0,38,000,00,2,1,01,B02
201100006261,0,07,000,00,2,8,19,A01
201100006262,0,07,000,00,2,6,17,A01
201100006262,0,33,000,00,2,7,17,B02
201100006263,0,07,000,07,0,1,00,A01
201100006264,0,10,000,14,2,1,21,B02
201100006264,0,07,000,00,2,2,21,C03
201100006264,0,15,000,00,0,5,04,A01
201100006265,0,07,000,00,2,1,05,B02
201100006265,0,07,000,00,2,1,01,A01
201100006266,0,15,000,00,2,8,01,A01
201100006266,0,07,000,00,2,3,13,C03
201100006267,0,07,000,02,0,1,13,A01
201100006268,0,07,000,00,2,1,01,A01
201100006268,0,07,000,00,2,3,09,B02
201100006269,0,07,000,13,0,1,01,A01
201100006270,0,07,000,00,2,3,15,B02
201100006270,0,33,000,00,2,1,17,A01
201100006271,0,10,000,13,0,2,01,A01
201100006272,0,10,000,00,2,1,01,A01
201100006272,0,07,000,00,2,1,01,B02
201100006273,0,07,000,00,9,7,01,A01
201100006273,0,01,000,00,2,1,19,B02
201100006274,0,07,000,00,6,1,01,A01
201100006275,0,07,000,06,0,1,01,A01
201100006276,0,07,000,02,0,3,19,A01
201100006277,0,07,000,02,2,2,17,A01
201100006277,0,13,000,00,2,3,15,B02
201100006278,0,14,000,00,0,0,02,A01
201100006279,0,30,000,00,6,1,01,A01
201100006280,0,30,000,00,2,1,01,B02
201100006280,0,07,000,00,2,4,01,A01
201100006281,0,30,000,00,2,1,01,A01
201100006281,0,07,000,00,2,8,15,B02
201100006282,0,07,000,00,2,6,15,A01
201100006282,0,17,000,00,2,3,01,B02
201100006283,0,07,000,13,0,1,01,A01
201100006284,0,07,000,00,0,6,10,A01
201100006284,0,33,000,00,2,1,01,B02
201100006285,0,07,000,00,2,3,01,B02
201100006285,0,01,000,00,2,0,15,A01
201100006286,0,07,000,00,2,3,01,B02
201100006286,0,07,000,00,2,3,01,A01
201100006287,0,07,000,13,0,1,01,A01
201100006288,0,07,000,00,2,8,19,A01
201100006288,0,07,000,00,2,1,01,B02
201100006289,0,07,000,03,0,3,14,A01
201100006290,0,07,000,13,0,9,00,A01
201100006291,0,07,000,13,0,1,14,A01
201100006292,0,07,000,14,0,1,14,A01
201100006293,0,17,000,13,0,0,14,A01
201100006294,0,07,000,00,2,2,02,B02
201100006294,0,07,000,00,0,6,11,A01
201100006295,0,07,000,00,0,0,01,A01
201100006296,0,30,000,04,0,1,02,A01
201100006297,0,07,000,00,2,3,02,A01
201100006297,0,07,000,00,2,2,02,B02
201100006298,0,07,000,02,0,1,01,A01
201100006299,0,07,000,02,0,1,01,A01
201100006300,0,07,000,13,0,1,01,A01
201100006301,0,07,000,00,0,3,01,A01
201100006302,0,07,000,06,0,1,01,A01
201100006303,0,07,000,02,0,1,01,A01
201100006304,0,07,000,06,0,1,01,A01
201100006305,0,07,000,02,0,8,01,A01
201100006306,0,07,000,02,0,7,01,A01
201100006307,0,07,000,00,2,2,01,A02
201100006308,0,01,000,00,2,8,01,A01
201100006308,0,07,000,00,2,6,01,B02
201100006309,0,36,000,00,0,0,01,A01
201100006310,0,33,000,08,0,2,01,A01
201100006311,0,07,000,00,2,3,01,B02
201100006311,0,07,000,00,2,2,01,A01
201100006312,0,10,000,00,2,4,23,B02
201100006312,0,07,000,00,2,4,23,C03
201100006312,0,07,000,00,2,1,01,A01
201100006313,0,07,000,00,2,8,17,A01
201100006313,0,33,000,00,2,9,17,B02
201100006314,0,01,000,13,0,0,13,A01
201100006315,0,07,000,00,1,3,01,A01
201100006316,0,07,000,00,2,8,16,A01
201100006316,0,07,000,00,0,3,01,B02
201100006317,0,07,000,00,2,3,01,A01
201100006317,0,10,000,00,2,3,01,B02
201100006318,0,07,000,00,0,3,01,A01
201100006318,0,07,000,00,0,2,15,B02
201100006319,0,07,000,00,2,3,01,B02
201100006319,0,07,000,00,2,3,13,A01
201100006320,0,07,000,00,1,2,01,A01
201100006321,0,30,000,02,0,1,01,A01
201100006322,0,30,000,00,0,0,01,A01
201100006323,0,07,000,00,1,2,01,A01
201100006324,0,07,000,00,2,1,01,B02
201100006324,0,07,000,00,2,7,01,A01
201100006325,0,07,000,00,2,1,15,A01
201100006325,0,33,000,00,2,1,01,B02
201100006326,0,33,000,00,2,8,01,B02
201100006326,0,07,000,00,2,1,15,A01
201100006327,0,07,000,00,2,6,23,B02
201100006327,0,30,000,00,2,1,01,A01
201100006328,0,10,000,00,0,1,01,A01
201100006329,0,07,000,00,2,1,17,A01
201100006329,0,07,000,00,2,3,01,B02
201100006330,0,07,000,13,0,9,01,A01
201100006331,0,07,000,06,0,1,01,A01
201100006332,0,30,000,00,0,7,01,A01
201100006333,0,02,000,00,2,3,01,C03
201100006333,0,02,000,00,2,2,05,A01
201100006333,0,07,000,00,2,1,01,B02
201100006334,0,07,000,00,1,7,01,A01
201100006335,0,07,000,00,2,1,16,B02
201100006335,0,30,000,00,2,1,13,A01
201100006336,0,21,000,13,0,2,01,A01
201100006337,0,10,000,00,0,5,01,B02
201100006337,0,02,000,00,2,1,02,A01
201100006338,0,07,000,00,0,8,15,A01
201100006338,0,33,000,00,2,1,01,B02
201100006339,0,07,000,00,2,3,01,A01
201100006339,0,14,000,00,2,6,01,B02
201100006340,0,07,000,13,0,9,01,A01
201100006341,0,07,000,16,0,1,01,A01
201100006342,0,07,000,13,0,1,01,A01
201100006343,0,01,000,00,2,4,02,B02
201100006343,0,07,000,00,2,2,02,A01
201100006344,0,30,000,00,0,7,01,A01
201100006345,0,07,000,00,9,1,01,B02
201100006345,0,02,000,00,2,1,13,A01
201100006346,0,07,000,13,0,1,14,A01
201100006347,0,07,000,13,0,1,01,A01
201100006348,0,07,000,02,0,1,01,A01
201100006349,0,07,000,00,2,3,01,A01
201100006349,0,07,000,00,2,3,13,B02
201100006350,0,33,000,06,0,1,01,A01
201100006351,0,33,000,02,0,7,21,A01
201100006352,0,07,000,00,2,3,19,A01
201100006352,0,10,000,00,2,1,01,B02
201100006353,0,07,000,02,0,3,01,A01
201100006354,0,07,000,00,0,1,01,B02
201100006354,0,07,000,00,0,7,19,A01
201100006355,0,07,000,00,1,3,01,A01
201100006356,0,07,000,08,0,3,01,A01
201100006357,0,07,000,13,0,1,01,A01
201100006358,0,07,000,06,0,3,01,A01
201100006359,0,07,000,00,0,6,23,B02
201100006359,0,02,000,00,2,2,21,A01
201100006360,0,07,000,13,0,3,13,A01
201100006361,0,02,000,00,2,1,05,A01
201100006361,0,07,000,00,2,3,01,B02
201100006362,0,33,000,07,0,1,16,A01
201100006363,0,01,000,00,2,8,01,B02
201100006363,2,07,000,00,9,7,01,A01
201100006364,0,02,000,00,2,8,16,B02
201100006364,0,07,000,00,2,2,01,A01
201100006365,0,07,000,02,0,2,01,A01
201100006366,0,07,000,06,0,1,01,A01
201100006367,0,07,000,00,2,1,01,B02
201100006367,0,07,000,00,0,3,15,A01
201100006367,0,13,000,00,2,3,01,C03
201100006368,0,07,000,00,2,3,00,A01
201100006368,0,07,000,00,2,3,21,B02
201100006369,0,07,000,00,2,2,15,A01
201100006369,0,31,000,00,2,1,01,B02
201100006370,0,33,000,00,2,1,17,A01
201100006370,0,17,000,00,2,6,01,D04
201100006370,0,07,000,00,2,3,01,B02
201100006370,0,07,000,00,1,3,01,C03
201100006371,0,33,000,00,2,1,17,A01
201100006371,0,13,000,00,2,8,15,B02
201100006372,0,07,000,03,0,1,14,A01
201100006373,0,07,000,00,2,1,01,B02
201100006373,0,07,000,00,2,2,21,C03
201100006373,0,07,000,00,2,1,13,A01
201100006374,0,07,000,00,2,7,01,B02
201100006375,0,07,000,00,0,0,11,B02
201100006375,0,15,000,00,2,0,01,C03
201100006375,0,07,000,00,2,3,01,A01
201100006375,0,15,000,00,2,6,01,D04
201100006376,0,33,000,00,2,1,01,B02
201100006376,0,07,000,00,9,3,15,A01
201100006377,0,14,000,00,1,3,01,A01
201100006378,0,10,000,00,2,2,01,B02
201100006378,0,33,000,00,2,8,01,A01
201100006379,0,07,000,00,2,3,02,A01
201100006379,0,07,000,00,2,8,01,B02
201100006380,0,16,000,13,0,3,21,A01
201100006381,0,07,000,00,2,3,01,A01
201100006381,0,07,000,00,2,3,01,B02
201100006382,0,07,000,00,2,2,13,B02
201100006382,0,15,000,00,2,1,01,A01
201100006383,0,07,000,00,2,8,13,A01
201100006383,0,07,000,00,2,8,01,B02
201100006384,0,07,000,01,0,1,02,A01
201100006384,0,10,000,00,0,4,24,B02
201100006385,0,07,000,06,0,1,19,A01
201100006386,0,17,000,00,1,3,00,A01
201100006387,0,07,000,00,2,1,05,A01
201100006387,0,07,000,00,2,1,01,B02
201100006388,0,07,000,13,0,1,19,A01
201100006389,0,07,000,00,2,1,01,B02
201100006389,0,07,000,00,2,1,13,A01
201100006390,0,02,000,00,2,3,01,A01
201100006390,0,07,000,00,2,1,01,B02
201100006391,0,07,000,06,0,1,01,A01
201100006392,0,02,000,00,2,1,01,B02
201100006392,0,32,000,00,2,1,15,A01
201100006393,0,07,000,00,2,3,01,A01
201100006393,0,07,000,00,2,3,13,B02
201100006394,0,16,000,00,2,2,01,A01
201100006394,0,07,000,00,2,7,01,B02
201100006395,0,10,000,00,0,1,01,A01
201100006396,0,07,000,00,2,8,15,A01
201100006396,0,07,000,00,2,1,01,B02
201100006397,0,07,000,01,1,1,01,A01
201100006397,0,07,000,00,0,8,23,B02
201100006398,0,01,000,13,0,9,14,A01
201100006399,0,07,000,00,2,2,01,A01
201100006399,0,02,000,00,2,1,05,B02
201100006400,0,02,000,00,2,1,01,B02
201100006400,0,37,000,00,2,5,00,A01
201100006401,0,01,000,00,0,0,01,A01
201100006402,0,01,000,00,9,1,01,A01
201100006402,0,01,000,00,0,1,01,B02
201100006403,0,14,000,00,2,5,15,A01
201100006403,0,01,000,00,2,1,00,B02
201100006404,0,14,000,00,2,3,19,A01
201100006404,0,33,000,00,2,1,01,B02
201100006405,0,07,000,00,2,1,15,B02
201100006406,0,07,000,00,2,3,15,A01
201100006406,0,33,000,00,2,1,01,B02
201100006407,0,07,000,06,0,7,13,A01
201100006408,0,07,000,00,2,5,13,A01
201100006408,0,07,000,00,2,1,01,B02
201100006409,0,07,000,00,2,1,01,A01
201100006409,0,07,000,00,2,8,15,B02
201100006410,0,10,000,06,0,1,13,A01
201100006411,0,07,000,13,0,1,01,A01
201100006412,0,01,000,00,0,1,13,B02
201100006412,0,33,000,00,2,1,01,A01
201100006413,0,32,000,00,1,1,01,A01
201100006414,0,33,000,00,0,8,00,A01
201100006415,0,07,000,10,0,9,01,A01
201100006416,0,07,000,13,0,3,01,A01
201100006417,0,07,000,06,0,2,01,A01
201100006418,0,07,000,00,2,2,01,A01
201100006418,0,30,000,00,2,6,15,B02
201100006419,0,07,000,00,1,1,02,A01
201100006420,2,07,000,06,0,3,16,A01
201100006421,0,07,000,00,2,1,05,A01
201100006421,0,07,000,00,2,1,01,C03
201100006421,0,07,000,00,2,1,01,B02
201100006422,0,01,000,01,0,1,01,B02
201100006422,0,07,000,00,0,0,22,A01
201100006423,0,07,000,00,2,1,01,B02
201100006423,0,07,000,00,2,2,15,A01
201100006423,0,07,000,00,2,8,23,C03
201100006424,0,36,000,13,0,1,13,A01
201100006425,0,07,000,00,2,3,15,A01
201100006425,0,10,000,00,2,1,01,B02
201100006426,0,07,000,13,0,9,13,A01
201100006427,0,07,000,16,0,9,01,A01
201100006428,0,07,000,02,0,7,01,A01
201100006429,0,33,000,00,2,1,02,C03
201100006429,0,33,000,00,2,1,13,A01
201100006429,0,15,000,00,2,8,01,B02
201100006430,0,10,000,00,2,1,13,C03
201100006430,0,07,000,00,2,1,00,A01
201100006430,0,14,000,00,2,1,00,B02
201100006431,0,07,000,00,2,1,01,B02
201100006431,0,07,000,00,2,1,13,A01
201100006432,0,07,000,00,0,4,23,B02
201100006432,0,07,000,00,2,3,02,A01
201100006433,0,01,000,00,2,8,01,A01
201100006433,0,07,000,00,2,1,01,B02
201100006434,0,07,000,00,2,1,21,B02
201100006434,0,07,000,00,2,1,13,A01
201100006435,0,07,000,00,5,3,21,A01
201100006436,0,10,000,00,2,1,01,B02
201100006436,0,07,000,00,2,1,13,A01
201100006437,0,07,000,02,0,1,01,A01
201100006438,0,07,000,02,0,7,01,A01
201100006439,0,07,000,00,2,9,01,A01
201100006439,0,15,000,00,2,2,01,B02
201100006440,0,07,000,13,0,1,01,A01
201100006441,0,31,000,00,2,1,13,A01
201100006441,0,10,000,00,2,8,01,B02
201100006442,0,07,000,00,2,3,21,B02
201100006442,0,07,000,00,2,5,09,A01
201100006443,0,10,000,00,2,1,01,C03
201100006443,0,10,000,00,2,4,15,B02
201100006443,0,10,000,00,2,1,02,A01
201100006444,0,07,000,00,2,2,05,A01
201100006444,0,07,000,00,2,1,01,B02
201100006445,0,02,000,00,2,4,15,B02
201100006445,0,07,000,00,2,3,01,C03
201100006445,0,07,000,14,2,1,01,A01
201100006446,0,07,000,13,0,2,01,A01
201100006447,0,07,000,00,0,6,16,B02
201100006447,0,33,000,14,0,2,21,A01
201100006448,0,02,000,08,0,1,01,A01
201100006449,0,01,000,00,2,1,01,B02
201100006449,1,07,000,00,0,0,00,A02
201100006450,0,10,000,02,0,2,01,A01
201100006451,0,01,000,00,2,1,01,B02
201100006451,0,07,000,00,2,2,15,A01
201100006452,0,07,000,00,1,2,01,A01
201100006453,0,01,000,00,2,4,01,C03
201100006453,0,07,000,00,9,4,02,B02
201100006453,0,07,000,00,2,1,02,A01
201100006454,0,07,000,00,2,2,15,A01
201100006454,0,07,000,00,2,2,01,B02
201100006455,0,07,000,16,0,9,01,A01
201100006456,0,07,000,00,0,4,23,B02
201100006456,0,07,000,00,2,1,01,A01
201100006457,0,33,000,00,2,1,01,B02
201100006457,0,07,000,00,2,1,01,C03
201100006457,0,07,000,00,2,7,15,A01
201100006458,0,14,000,00,2,3,01,B02
201100006458,0,07,000,00,2,1,01,A01
201100006459,0,07,000,00,2,1,15,A01
201100006459,0,10,000,00,2,8,01,B02
201100006460,0,07,000,00,0,8,01,B02
201100006460,0,07,000,00,2,8,01,A01
201100006461,0,07,000,13,0,9,01,A01
201100006462,0,30,000,00,2,7,01,A01
201100006462,0,10,000,00,2,1,13,B02
201100006463,0,07,000,00,2,2,13,A01
201100006463,0,07,000,00,2,1,01,B02
201100006464,0,07,000,00,0,7,13,A01
201100006464,0,10,000,00,2,1,01,B02
201100006464,0,07,000,00,2,1,01,D04
201100006464,0,07,000,00,2,1,01,C03
201100006465,0,07,000,00,1,1,01,A01
201100006466,0,07,000,16,6,9,21,A01
201100006467,0,10,000,00,2,8,13,A01
201100006467,0,07,000,00,2,1,01,B02
201100006468,1,07,000,00,1,2,01,A01
201100006469,0,07,000,13,0,1,01,A01
201100006470,0,07,000,00,2,2,13,A01
201100006470,0,07,000,00,2,1,01,B02
201100006470,0,10,000,00,2,1,01,C03
201100006471,0,10,000,00,2,7,01,A01
201100006471,0,07,000,00,2,1,01,B02
201100006472,0,10,000,00,2,8,01,B02
201100006472,0,07,000,00,2,1,01,C03
201100006472,0,07,000,00,2,3,15,A01
201100006473,0,10,000,00,2,7,15,A01
201100006473,0,33,000,00,2,1,01,B02
201100006474,0,10,000,00,2,3,01,B02
201100006474,0,07,000,00,2,1,13,A01
201100006475,0,07,000,02,0,8,01,A01
201100006476,0,07,000,00,2,1,16,C03
201100006476,0,07,000,00,2,1,15,A01
201100006476,0,07,000,00,2,1,01,B02
201100006477,0,07,000,00,2,7,01,A01
201100006477,0,07,000,00,2,2,15,B02
201100006478,0,07,000,02,0,2,01,A01
201100006479,0,33,000,00,2,7,09,B02
201100006479,0,07,000,00,2,3,09,A01
201100006480,0,07,000,00,2,7,15,A01
201100006480,0,07,000,00,2,1,01,B02
201100006481,0,07,000,00,2,2,21,A01
201100006481,0,01,000,00,2,6,02,B02
201100006482,0,07,000,00,2,1,15,A01
201100006482,0,31,000,00,2,8,01,B02
201100006483,0,30,000,09,0,0,01,A01
201100006484,0,07,000,00,1,1,01,A01
201100006485,0,07,000,00,2,1,19,A01
201100006485,0,33,000,00,2,7,17,B02
201100006486,0,07,000,00,2,1,15,A01
201100006486,0,30,000,00,2,1,01,B02
201100006487,0,07,000,00,2,8,10,A01
201100006487,0,30,000,00,2,1,17,B02
201100006488,0,07,000,00,1,8,21,A01
201100006488,0,07,000,00,0,0,23,B02
201100006489,0,07,000,00,2,4,23,A01
201100006489,0,07,000,00,2,1,02,B02
201100006490,0,07,000,00,2,8,13,A01
201100006490,0,13,000,00,2,2,01,B01
201100006491,0,07,000,00,0,4,23,A03
201100006491,0,07,000,00,2,1,01,A01
201100006491,0,07,000,00,2,9,23,A02
201100006492,0,07,000,00,0,9,14,A01
201100006493,0,07,000,00,1,7,02,A01
201100006494,0,07,000,00,2,8,09,A01
201100006494,0,13,000,00,2,1,01,B01
201100006495,0,02,000,00,2,1,01,B01
201100006495,0,07,000,00,0,6,15,A01
201100006496,0,07,000,00,1,1,01,A01
201100006497,0,33,000,06,0,9,13,A01
201100006498,0,01,000,00,2,7,11,B01
201100006498,0,07,000,00,2,8,15,A01
201100006499,0,07,000,00,2,0,01,B02
201100006499,0,10,000,00,2,1,13,A01
201100006500,0,01,000,00,0,8,21,B01
201100006500,0,07,000,00,0,0,24,A01
201100006501,0,07,000,00,2,1,01,A01
201100006501,0,07,000,00,2,8,09,B01
201100006502,0,07,000,,2,1,01,B02
201100006502,0,07,000,00,2,1,13,A01
201100006503,0,07,000,00,2,1,15,A01
201100006503,0,02,000,00,2,1,01,B02
201100006504,0,02,000,,2,9,10,A01
201100006504,0,07,000,00,2,1,02,A02
201100006505,0,30,000,00,1,1,01,A01
201100006506,0,07,000,00,1,2,16,A01
201100006507,1,07,000,00,0,0,00,A01
201100006508,0,07,000,00,2,7,01,B02
201100006508,0,07,000,00,2,1,01,A01
201100006509,0,01,000,00,2,2,13,A01
201100006509,0,07,000,00,9,3,01,B02
201100006510,0,07,000,00,2,2,02,A01
201100006510,0,07,000,00,2,6,02,B02
201100006511,0,07,000,03,0,2,14,A01
201100006512,0,07,000,00,1,1,01,A01
201100006513,0,07,000,02,0,7,01,A01
201100006514,0,21,000,00,2,7,01,A01
201100006514,0,30,000,00,2,1,01,B02
201100006515,0,07,000,00,2,3,13,A01
201100006515,0,07,000,00,2,3,01,B02
201100006516,0,02,000,00,2,1,01,B02
201100006516,0,07,000,00,2,1,15,A01
201100006517,0,10,000,00,2,1,13,A01
201100006517,0,07,000,00,2,2,01,B02
201100006517,0,07,000,00,2,7,01,C03
201100006518,0,07,000,02,0,1,01,A01
201100006519,0,07,000,02,0,1,01,A01
201100006520,0,33,000,13,0,7,01,A01
201100006520,0,07,000,00,0,1,09,B02
201100006521,0,07,000,02,0,2,14,A01
201100006522,0,07,000,00,1,3,01,A01
201100006523,0,07,000,00,1,1,01,A01
201100006524,0,07,000,03,0,3,01,A01
201100006525,0,10,000,02,0,2,01,A01
201100006526,0,31,000,00,2,1,01,A01
201100006526,0,07,000,00,2,5,16,B02
201100006527,0,07,000,02,0,1,13,A01
201100006528,0,07,000,02,0,1,01,A01
201100006529,0,10,000,00,0,4,23,B02
201100006529,0,07,000,00,2,1,01,A01
201100006530,0,33,000,13,0,1,02,A01
201100006531,0,33,000,00,2,1,02,A01
201100006531,0,07,000,00,2,2,15,B02
201100006532,0,07,000,02,0,8,01,A01
201100006533,0,07,000,02,0,1,01,A01
201100006534,0,07,000,02,0,1,13,A01
201100006535,0,07,000,00,2,7,17,A01
201100006535,0,02,000,00,2,1,15,B02
201100006536,0,07,000,02,0,1,01,A01
201100006537,0,07,000,00,2,3,01,A01
201100006537,0,10,000,00,2,3,01,B02
201100006538,0,07,000,02,0,1,01,A01
201100006539,0,07,000,13,0,1,13,A01
201100006540,0,07,000,00,2,2,13,A01
201100006540,0,07,000,00,2,1,01,B02
201100006541,0,03,000,00,2,3,01,B02
201100006541,0,07,000,00,2,1,17,A01
201100006542,0,33,000,00,2,1,01,A01
201100006542,0,07,000,00,2,1,01,B02
201100006543,0,21,000,00,2,3,01,A01
201100006543,0,07,000,00,2,1,01,B02
201100006544,0,10,000,00,2,4,01,B02
201100006544,0,07,000,00,2,4,01,D04
201100006544,0,17,000,00,2,2,01,A01
201100006544,0,07,000,00,2,4,01,C03
201100006545,0,07,000,02,0,1,01,A01
201100006546,0,33,000,00,2,2,01,A01
201100006546,0,10,000,00,2,6,01,B02
201100006547,0,07,000,03,0,1,21,A01
201100006548,0,07,000,00,0,9,01,A01
201100006549,0,10,000,00,2,1,00,A01
201100006549,0,21,000,00,2,6,01,B02
201100006550,0,07,000,13,0,9,13,A01
201100006551,0,30,000,02,2,1,01,B02
201100006551,0,07,000,02,2,1,17,A01
201100006552,0,02,000,00,9,1,13,A01
201100006552,0,01,000,00,2,1,01,B02
201100006553,0,07,000,00,2,3,13,A01
201100006553,0,37,000,00,2,3,01,B02
201100006554,0,07,000,00,2,8,01,D04
201100006554,0,07,000,00,2,8,01,A01
201100006554,0,07,000,00,2,9,01,C03
201100006554,0,07,000,00,2,9,01,F06
201100006554,0,99,000,00,2,1,01,B02
201100006555,0,07,000,00,2,3,01,B02
201100006555,0,33,000,00,2,1,01,A01
201100006556,0,07,000,02,0,1,01,A01
201100006557,0,01,000,00,0,1,01,B02
201100006557,0,07,000,00,0,2,01,A01
201100006558,0,02,000,02,0,1,14,A01
201100006559,0,07,000,00,2,8,01,B02
201100006559,0,07,000,00,2,8,13,A01
201100006560,0,07,000,00,2,3,15,A01
201100006560,0,30,000,00,2,1,01,B02
201100006561,0,10,000,00,1,3,01,A01
201100006562,0,07,000,02,0,3,01,A01
201100006563,0,10,000,02,0,1,14,A01
201100006564,0,31,000,00,2,1,01,B02
201100006564,0,07,000,00,2,1,05,A01
201100006565,0,07,000,00,2,1,13,A01