Num_Acc,senc,catv,occutc,obs,obsm,choc,manv,num_veh
201100006944,0,07,000,00,2,1,13,A01
201100006944,0,14,000,00,2,2,01,B02
201100006945,0,07,000,00,2,3,01,B02
201100006945,0,07,000,00,2,8,02,C03
201100006945,0,07,000,00,2,2,15,A01
201100006946,0,10,000,00,2,2,02,A01
201100006946,0,07,000,00,0,6,23,B02
201100006947,0,07,000,00,2,1,01,A01
201100006947,0,07,000,00,2,3,09,B02
201100006948,0,07,000,00,2,1,01,A01
201100006948,0,07,000,00,2,2,19,B02
201100006949,0,33,000,00,2,1,02,A01
201100006949,0,07,000,00,2,4,23,B02
201100006950,0,10,000,00,1,2,01,A01
201100006951,0,07,000,00,1,2,01,A01
201100006952,0,07,000,00,2,3,15,B02
201100006952,0,02,000,00,2,1,01,A01
201100006953,0,07,000,02,0,1,01,A01
201100006954,0,07,000,00,2,1,13,A01
201100006954,0,10,000,00,2,1,01,B02
201100006955,0,13,000,00,0,2,16,B02
201100006955,0,01,000,00,2,4,18,A01
201100006956,0,01,000,00,2,7,01,B02
201100006956,0,07,000,00,2,1,01,A01
201100006957,0,07,000,02,0,1,17,A01
201100006958,0,07,000,02,0,3,14,A01
201100006959,0,15,000,00,0,1,01,B02
201100006959,0,07,000,00,0,4,23,A01
201100006960,0,07,000,00,2,1,01,A01
201100006960,0,07,000,00,2,1,01,B02
201100006960,0,07,000,00,2,1,19,C03
201100006961,0,07,000,00,0,9,15,A01
201100006961,0,07,000,00,0,8,01,C03
201100006961,0,07,000,00,0,1,01,B02
201100006962,0,07,000,00,2,4,23,B02
201100006962,0,07,000,00,2,1,01,A01
201100006963,0,07,000,02,0,9,01,A01
201100006964,0,07,000,00,2,1,13,A01
201100006964,0,07,000,00,2,1,01,B02
201100006965,0,15,000,00,2,1,01,B02
201100006965,0,07,000,00,2,1,13,A01
201100006966,0,10,000,00,0,0,00,A01
201100006967,0,33,000,00,6,2,21,A01
201100006968,0,30,000,16,0,8,01,A01
201100006969,1,07,000,00,2,1,01,B02
201100006969,0,07,000,00,2,7,13,A01
201100006970,0,07,000,00,2,1,01,A01
201100006970,0,02,000,00,2,8,02,B02
201100006971,0,07,000,00,2,1,01,A01
201100006971,0,30,000,00,2,8,16,B02
201100006972,0,07,000,13,0,1,01,A01
201100006973,0,07,000,00,2,3,01,B02
201100006973,0,31,000,00,2,1,13,A01
201100006974,0,07,000,00,2,1,01,B02
201100006974,0,07,000,00,2,1,13,A01
201100006975,0,30,000,00,0,7,16,A01
201100006976,0,07,000,00,0,4,02,A01
201100006976,0,07,000,00,2,1,01,B02
201100006977,0,07,000,09,0,1,09,A01
201100006978,0,31,000,00,2,1,01,B02
201100006978,0,07,000,00,2,5,19,A01
201100006979,0,07,000,00,1,2,16,A01
201100006980,0,07,000,00,1,2,01,A01
201100006981,0,07,000,00,2,2,01,B02
201100006981,0,07,000,00,2,1,19,A01
201100006982,0,07,000,00,2,1,00,A01
201100006982,0,03,000,00,2,1,00,B02
201100006983,0,07,000,00,2,3,15,A01
201100006983,0,33,000,01,2,8,01,B02
201100006983,0,07,000,00,2,8,23,C03
201100006984,0,33,000,00,2,4,02,C03
201100006984,0,07,000,00,2,1,01,A01
201100006984,0,07,000,00,2,6,02,B02
201100006985,0,33,000,00,0,3,15,A01
201100006985,0,33,000,00,0,2,15,B02
201100006986,0,07,000,00,2,3,09,A01
201100006986,0,31,000,00,2,1,01,B02
201100006987,0,07,000,00,2,1,02,C03
201100006987,0,07,000,00,2,1,13,A01
201100006987,0,07,000,00,2,3,01,B02
201100006988,0,07,000,01,1,2,00,A01
201100006989,0,07,000,00,0,7,01,A01
201100006989,0,15,000,00,0,1,01,B02
201100006990,0,07,000,16,0,1,21,A01
201100006991,0,10,000,00,2,3,21,B02
201100006991,0,07,000,00,2,3,17,A01
201100006992,0,01,000,00,2,3,01,B02
201100006992,0,07,000,00,2,7,15,A01
201100006993,0,10,000,00,2,1,01,A01
201100006993,0,02,000,00,2,3,15,B02
201100006994,0,07,000,00,2,5,15,A01
201100006994,0,30,000,00,2,1,01,B02
201100006995,0,07,000,00,1,1,01,A01
201100006996,0,07,000,00,2,7,13,A01
201100006996,0,07,000,00,2,1,01,B02
201100006997,0,07,000,00,1,1,01,A01
201100006998,0,33,000,02,0,9,00,A01
201100006999,0,07,000,00,0,6,15,B02
201100006999,0,33,000,00,2,1,02,A01
201100007000,0,32,000,00,2,1,01,B02
201100007000,0,07,000,00,2,3,15,A01
201100007001,0,07,000,00,2,3,19,A01
201100007001,0,31,000,00,2,1,01,B02
201100007002,0,07,000,02,0,8,01,A01
201100007003,0,07,000,06,0,1,13,A01
201100007004,0,07,000,00,2,3,01,C03
201100007004,0,33,000,00,2,3,13,A01
201100007004,0,07,000,00,2,3,01,B02
201100007005,0,07,000,00,2,3,01,B02
201100007005,0,07,000,00,2,2,13,A01
201100007006,0,31,000,13,0,1,15,A01
201100007007,0,07,000,16,0,3,01,A01
201100007008,0,07,000,00,0,9,01,A01
201100007009,0,33,000,00,2,7,01,B02
201100007009,0,07,000,00,2,5,15,A01
201100007010,0,02,000,00,2,1,01,B02
201100007010,0,10,000,00,0,6,01,A01
201100007011,0,07,000,00,1,1,01,A01
201100007012,0,14,000,00,1,2,16,A01
201100007013,0,07,000,02,0,3,01,A01
201100007014,0,32,000,01,0,1,01,A01
201100007015,0,07,000,00,6,9,02,A01
201100007016,0,07,000,08,0,1,13,A01
201100007017,0,07,000,00,2,1,02,A01
201100007017,0,07,000,00,2,4,02,B02
201100007017,0,07,000,00,2,1,23,C03
201100007018,0,07,000,00,2,2,01,A01
201100007018,0,38,000,00,2,1,09,B02
201100007019,0,07,000,06,0,2,01,A01
201100007020,0,07,000,00,0,1,13,A01
201100007020,0,07,000,00,0,3,01,B02
201100007021,0,07,000,00,2,8,01,A01
201100007021,0,07,000,00,2,1,01,C03
201100007021,0,07,000,00,2,1,19,B02
201100007022,0,07,000,08,0,3,00,A01
201100007023,0,99,000,00,2,8,01,B02
201100007023,0,07,000,00,2,8,13,A01
201100007024,0,01,000,00,2,1,13,B02
201100007024,0,07,000,00,9,3,01,A01
201100007025,0,07,000,00,2,2,01,A01
201100007025,0,01,000,00,2,1,00,B02
201100007026,0,07,000,00,2,3,15,A01
201100007026,0,02,000,00,2,1,01,B02
201100007027,0,30,000,00,2,1,01,B02
201100007027,0,10,000,00,0,2,06,A01
201100007028,0,07,000,13,0,1,14,A01
201100007029,0,07,000,00,2,3,01,A01
201100007029,0,33,000,00,2,3,17,B02
201100007030,0,07,000,00,2,1,13,A01
201100007030,0,15,000,00,2,1,01,B02
201100007031,0,07,000,00,1,3,01,A01
201100007032,0,01,000,00,2,1,15,A01
201100007032,0,07,000,00,2,2,01,B02
201100007033,0,10,000,02,0,2,01,A01
201100007034,0,07,000,00,2,2,01,A01
201100007034,0,30,000,00,2,1,05,B02
201100007035,0,07,000,00,2,3,06,B02
201100007035,0,33,000,00,2,1,01,A01
201100007036,0,10,000,02,0,1,14,A01
201100007037,0,07,000,00,1,1,01,A01
201100007038,0,03,000,00,2,2,15,A01
201100007038,0,07,000,00,2,1,01,B02
201100007039,0,07,000,00,2,2,17,A01
201100007039,0,07,000,00,2,3,01,B02
201100007040,0,07,000,00,2,1,17,A01
201100007040,0,07,000,02,2,4,01,B02
201100007041,0,10,000,00,2,7,15,A01
201100007041,0,30,000,00,2,1,01,B02
201100007042,0,30,000,00,2,8,15,B02
201100007042,0,31,000,00,2,1,01,A01
201100007043,0,07,000,00,2,6,23,B02
201100007043,0,07,000,00,2,2,01,A01
201100007044,0,15,000,00,0,0,00,A01
201100007045,0,07,000,00,2,2,01,A01
201100007045,0,01,000,00,2,8,19,B02
201100007046,0,07,000,00,0,8,24,A01
201100007046,0,01,000,01,0,1,01,B02
201100007047,0,07,000,00,0,3,13,A01
201100007047,0,33,000,00,2,2,01,B02
201100007048,0,07,000,00,2,6,19,A01
201100007048,0,02,000,00,2,1,17,B02
201100007049,0,07,000,00,2,8,10,A01
201100007049,0,07,000,00,2,1,01,B02
201100007050,0,07,000,00,0,2,01,A01
201100007050,0,99,000,00,2,1,19,B02
201100007051,0,07,000,00,2,8,01,A01
201100007051,0,33,000,00,2,8,01,B02
201100007052,0,07,000,02,0,7,01,A01
201100007053,0,32,000,00,2,1,01,B02
201100007053,0,07,000,00,0,2,19,A01
201100007054,0,07,000,02,0,3,01,A01
201100007055,0,07,000,00,2,1,00,B02
201100007055,0,07,000,00,2,1,00,A01
201100007056,0,07,000,02,0,8,01,A01
201100007057,0,07,000,03,2,3,17,A01
201100007057,0,07,000,00,0,6,02,B02
201100007057,0,07,000,03,2,3,01,C03
201100007058,0,07,000,06,2,1,01,A01
201100007058,0,07,000,00,2,1,01,B02
201100007059,0,33,000,00,2,1,01,A01
201100007059,0,07,000,00,2,1,09,B02
201100007060,0,07,000,00,0,0,01,A01
201100007060,0,33,000,00,0,0,02,B02
201100007061,0,07,000,00,2,3,01,A01
201100007061,0,01,000,00,2,2,19,B02
201100007062,0,33,000,00,2,1,01,B02
201100007062,0,07,000,00,2,6,15,A01
201100007063,0,07,000,00,2,1,01,A01
201100007063,0,07,000,00,0,7,01,B02
201100007064,0,07,000,00,2,3,01,B02
201100007064,0,07,000,00,2,6,01,C03
201100007064,0,07,000,00,2,3,13,A01
201100007065,0,07,000,00,2,1,00,B02
201100007065,0,07,000,00,2,1,00,A01
201100007066,0,33,000,00,2,1,13,A01
201100007066,0,31,000,00,2,1,01,B02
201100007067,0,10,000,00,0,9,01,A01
201100007068,0,07,000,02,0,1,01,A01
201100007069,0,07,000,02,0,1,01,A01
201100007070,0,07,000,00,2,1,13,A01
201100007070,0,07,000,00,2,1,01,B02
201100007071,0,07,000,00,1,5,01,A01
201100007072,0,07,000,00,2,7,01,B02
201100007072,0,02,000,00,2,8,10,A01
201100007073,0,33,000,16,0,1,14,A01
201100007074,0,07,000,00,0,6,15,A01
201100007074,0,02,000,00,2,1,02,B02
201100007075,0,33,000,06,0,2,01,A01
201100007076,0,01,000,14,0,2,01,A01
201100007077,0,33,000,00,2,1,01,A01
201100007077,0,07,000,00,2,5,15,B02
201100007078,0,07,000,00,1,1,01,A01
201100007079,0,33,000,00,0,1,17,A01
201100007079,0,07,000,00,0,3,01,B02
201100007079,0,07,000,00,0,2,01,C03
201100007080,0,07,000,00,1,1,01,A01
201100007081,0,10,000,00,1,3,04,A01
201100007082,0,10,000,00,2,4,02,B02
201100007082,0,10,000,00,2,4,02,C03
201100007082,0,10,000,00,2,1,02,A01
201100007083,0,02,000,12,0,1,01,A01
201100007084,0,07,000,06,0,9,01,A01
201100007085,0,33,000,00,0,8,01,A01
201100007086,0,07,000,02,0,1,01,A01
201100007087,0,01,000,10,0,1,01,A01
201100007087,0,01,000,00,2,1,01,B02
201100007088,0,07,000,00,2,3,01,A01
201100007088,0,07,000,00,2,1,15,B02
201100007089,0,99,000,02,0,1,01,A01
201100007090,0,07,000,00,1,2,01,A01
201100007091,0,07,000,06,0,1,02,A01
201100007091,0,07,000,00,2,8,01,B02
201100007092,0,31,000,01,2,5,16,B02
201100007092,0,07,000,00,2,2,02,A01
201100007093,0,07,000,00,2,2,16,B02
201100007093,0,02,000,00,2,1,01,A01
201100007094,0,01,000,00,0,1,15,A01
201100007094,0,07,000,00,0,7,01,B02
201100007095,0,07,000,03,0,1,01,A01
201100007096,0,07,000,00,2,3,09,A01
201100007096,0,02,000,00,2,7,16,B02
201100007097,0,07,000,00,2,1,01,B02
201100007097,0,07,000,02,2,1,13,A01
201100007098,0,33,000,06,0,0,01,A01
201100007099,0,02,000,00,2,8,01,B02
201100007099,0,07,000,00,2,3,13,A01
201100007100,0,07,000,00,2,1,01,B02
201100007100,0,07,000,00,2,1,19,A01
201100007101,0,10,000,00,2,2,13,A01
201100007101,0,10,000,00,2,1,01,B02
201100007102,0,07,000,06,0,9,01,A01
201100007103,0,07,000,00,0,8,00,A01
201100007103,0,02,000,00,0,8,03,B02
201100007104,0,07,000,00,2,1,01,A01
201100007104,0,14,000,00,2,2,01,B02
201100007105,0,07,000,00,2,3,13,A01
201100007105,0,07,000,00,2,3,01,B02
201100007106,0,07,000,00,2,2,01,B02
201100007106,0,07,000,00,2,2,19,A01
201100007107,0,07,000,02,0,1,01,A01
201100007108,0,07,000,00,2,1,01,B02
201100007108,0,07,000,00,2,1,01,A01
201100007109,0,14,000,00,1,4,04,A01
201100007110,0,01,000,00,1,1,01,A01
201100007111,0,31,000,00,0,0,01,A01
201100007112,0,01,000,01,0,1,01,B02
201100007112,0,15,000,00,2,6,23,A01
201100007113,0,07,000,00,2,2,09,A01
201100007113,0,34,000,00,2,4,01,B02
201100007114,0,07,000,00,2,4,23,B02
201100007114,0,07,000,00,2,4,01,A01
201100007115,0,07,000,00,2,1,01,B02
201100007115,0,07,000,00,2,1,09,A01
201100007116,0,07,000,08,0,3,05,A01
201100007117,0,07,000,13,0,1,00,A01
201100007118,0,30,000,12,0,1,01,A01
201100007119,0,10,000,00,1,7,17,A01
201100007120,0,07,000,00,0,3,20,A01
201100007120,0,33,000,00,2,1,01,B02
201100007121,0,21,000,00,2,8,15,B02
201100007121,0,31,000,00,2,1,01,A01
201100007122,0,07,000,00,2,2,15,A01
201100007122,0,07,000,00,2,1,01,B02
201100007122,0,07,000,00,2,1,01,C03
201100007123,0,10,000,10,0,2,17,A01
201100007124,0,01,000,00,9,4,01,B02
201100007124,0,01,000,00,9,1,01,A01
201100007125,0,30,000,05,0,5,01,A01
201100007126,0,36,000,02,0,2,01,A01
201100007127,0,36,000,02,0,2,00,A01
201100007128,0,07,000,00,2,3,01,B02
201100007128,0,30,000,00,2,1,05,A01
201100007129,0,07,000,00,2,1,01,A01
201100007129,0,30,000,00,2,1,01,B02
201100007130,0,07,000,02,0,1,01,A01
201100007131,0,07,000,00,1,1,01,A01
201100007132,0,07,000,00,2,1,01,A01
201100007132,0,03,000,00,2,2,15,B02
201100007133,0,07,000,00,2,2,19,A01
201100007133,0,07,000,00,2,1,01,B02
201100007134,0,33,000,00,6,7,01,A01
201100007135,0,07,000,13,0,1,01,A01
201100007136,0,07,000,00,1,2,01,A01
201100007137,0,07,000,13,0,1,13,A01
201100007138,0,07,000,16,0,9,14,A01
201100007139,0,07,000,02,0,1,01,A01
201100007140,0,10,000,13,0,3,01,A01
201100007141,0,10,000,00,1,3,15,A01
201100007142,0,07,000,00,2,2,15,A01
201100007142,0,02,000,00,2,1,16,B02
201100007143,0,07,000,08,0,3,01,A01
201100007144,1,07,000,00,1,7,17,A01
201100007144,0,01,000,00,2,8,01,B02
201100007145,0,03,000,00,0,1,16,A01
201100007146,0,07,000,07,0,1,00,A01
201100007147,0,01,000,00,2,1,00,B02
201100007147,0,07,000,00,9,5,15,A01
201100007148,0,33,000,00,1,1,01,A01
201100007149,0,07,000,13,0,1,00,A01
201100007150,0,07,000,00,2,1,11,A01
201100007150,0,07,000,00,2,1,01,B02
201100007151,0,10,000,00,1,3,01,A01
201100007152,0,07,000,00,2,1,02,B02
201100007152,0,07,000,00,2,4,23,A01
201100007153,0,02,000,00,2,1,01,B02
201100007153,0,14,000,00,2,7,16,A01
201100007154,0,33,000,00,0,0,01,A01
201100007155,0,33,000,00,2,1,01,A01
201100007155,0,07,000,00,2,3,01,B02
201100007156,0,33,000,00,0,1,17,A01
201100007157,0,07,000,13,0,1,01,A01
201100007158,0,07,000,00,2,1,23,B02
201100007158,0,33,000,01,0,7,01,A01
201100007159,0,07,000,00,0,0,00,A01
201100007160,0,07,000,08,0,8,01,A01
201100007161,0,07,000,00,1,2,01,A01
201100007162,0,33,000,13,0,1,01,A01
201100007163,0,33,000,02,0,7,01,A01
201100007164,0,07,000,00,1,2,01,A01
201100007165,0,10,000,00,1,2,01,A01
201100007166,0,07,000,00,2,3,15,A01
201100007166,0,30,000,09,2,7,17,B02
201100007167,0,17,000,00,0,8,13,A01
201100007168,0,33,000,08,0,1,17,A01
201100007169,0,21,000,00,2,6,15,A01
201100007169,0,33,000,00,2,1,01,B02
201100007170,0,02,000,11,0,1,17,A01
201100007171,0,07,000,00,1,1,16,A01
201100007172,0,07,000,00,2,8,15,A01
201100007172,0,07,000,00,2,3,01,B02
201100007173,0,07,000,00,0,3,01,A01
201100007174,0,36,000,00,2,2,14,A01
201100007174,0,33,000,00,0,2,21,B02
201100007175,0,07,000,00,2,7,01,B02
201100007175,0,07,000,00,2,3,13,A01
201100007175,0,07,000,00,2,7,01,C03
201100007176,0,10,000,00,2,2,20,A01
201100007176,0,30,000,00,2,1,00,B02
201100007177,0,33,000,00,2,1,01,B02
201100007177,0,07,000,00,2,1,15,A01
201100007178,0,33,000,08,0,1,14,A01
201100007179,0,33,000,00,0,1,01,A01
201100007179,0,07,000,00,0,7,06,B02
201100007180,0,07,000,00,0,7,01,A01
201100007180,0,07,000,00,0,1,01,B02
201100007181,0,07,000,00,0,2,00,B02
201100007181,0,07,000,00,0,2,00,A01
201100007182,0,01,000,00,2,4,19,B02
201100007182,0,07,000,00,9,3,13,A01
201100007183,0,33,000,00,2,9,17,A01
201100007183,0,07,000,00,2,1,01,B02
201100007184,0,10,000,00,2,4,24,B02
201100007184,0,07,000,01,0,3,01,A01
201100007185,0,02,000,00,2,1,13,A01
201100007185,0,07,000,00,2,1,01,B02
201100007186,0,07,000,16,0,9,01,A01
201100007187,0,30,000,00,0,0,01,A01
201100007188,0,07,000,13,0,2,01,A01
201100007189,0,30,000,00,2,8,01,A01
201100007189,0,07,000,00,2,7,17,B02
201100007190,0,10,000,00,1,4,20,A01
201100007191,0,07,000,02,0,7,00,A01
201100007192,0,07,000,16,0,9,01,A01
201100007193,0,07,000,00,1,7,01,A01
201100007194,0,07,000,00,2,3,01,B02
201100007194,0,33,000,00,2,1,13,A01
201100007195,0,07,000,00,2,3,01,A01
201100007195,0,07,000,00,2,3,01,B02
201100007196,0,07,000,00,2,2,01,B02
201100007196,0,07,000,00,2,4,17,A01
201100007197,0,07,000,00,2,1,17,C03
201100007197,0,07,000,00,2,3,01,B02
201100007197,0,33,000,00,2,8,01,A01
201100007198,0,10,000,00,2,3,00,B02
201100007198,0,33,000,00,2,1,13,A01
201100007199,0,30,000,14,0,1,00,A01
201100007200,0,07,000,00,0,3,00,B02
201100007200,0,07,000,00,0,1,00,A01
201100007201,0,07,000,00,2,1,01,B02
201100007201,0,07,000,00,2,2,13,A01
201100007202,0,07,000,13,0,1,01,A01
201100007203,0,07,000,00,2,3,01,A01
201100007203,0,10,000,00,2,3,15,B02
201100007204,0,03,000,00,2,3,13,A01
201100007204,0,07,000,00,2,3,01,B02
201100007205,0,10,000,13,0,1,01,A01
201100007206,0,30,000,05,0,1,01,A01
201100007207,0,07,000,13,0,2,01,A01
201100007208,0,07,000,00,0,9,01,A01
201100007209,0,07,000,02,0,2,01,A01
201100007210,0,31,000,00,2,2,13,A01
201100007210,0,07,000,00,2,1,01,B02
201100007211,0,07,000,00,0,3,01,B02
201100007211,0,07,000,00,0,3,01,A01
201100007212,0,07,000,02,0,3,01,A01
201100007213,0,07,000,00,0,3,13,B02
201100007213,0,07,000,00,0,3,01,A01
201100007214,0,07,000,00,1,1,01,A01
201100007215,0,07,000,02,0,2,01,A01
201100007216,0,07,000,13,0,1,14,A01
201100007217,0,07,000,00,2,1,01,B02
201100007217,0,07,000,00,2,1,17,A01
201100007218,0,07,000,00,2,7,13,A01
201100007218,0,10,000,00,2,1,01,B02
201100007219,0,07,000,13,0,2,01,A01
201100007220,0,07,000,16,0,9,01,C03
201100007220,0,07,000,00,2,3,01,B02
201100007220,0,07,000,00,2,3,13,A01
201100007221,0,07,000,00,2,1,01,A01
201100007221,0,07,000,00,0,4,15,B02
201100007222,0,33,000,00,2,1,01,B02
201100007222,0,10,000,00,2,3,15,A01
201100007223,0,07,000,13,0,2,01,A01
201100007224,0,33,000,03,0,1,01,A01
201100007225,0,10,000,00,2,5,02,C03
201100007225,0,10,000,00,2,1,05,A01
201100007225,0,07,000,00,2,1,01,B02
201100007226,0,07,000,13,0,1,01,A01
201100007227,0,30,000,00,0,0,01,A01
201100007227,0,07,000,00,1,3,01,B02
201100007228,0,30,000,00,0,7,01,A01
201100007229,0,07,000,00,2,3,13,A01
201100007229,0,10,000,00,2,1,01,B02
201100007230,0,07,000,02,0,2,01,A01
201100007231,0,07,000,00,0,3,01,B02
201100007231,0,07,000,00,0,3,01,A01
201100007232,0,07,000,00,0,3,15,B02
201100007232,0,33,000,00,2,1,17,A01
201100007233,0,01,000,00,9,1,01,A01
201100007233,0,01,000,00,9,4,01,B02
201100007233,0,07,000,00,9,0,16,C03
201100007234,1,07,000,00,9,0,00,B02
201100007234,0,01,000,00,2,0,00,A01
201100007235,0,07,000,06,0,7,01,A01
201100007236,0,07,000,00,2,3,13,A01
201100007236,0,07,000,00,2,3,13,B02
201100007237,0,07,000,00,2,1,02,A01
201100007237,0,07,000,00,2,4,23,D04
201100007237,0,07,000,00,2,4,23,C03
201100007237,0,07,000,00,2,1,02,B02
201100007238,0,07,000,00,0,3,00,A01
201100007238,0,14,000,00,0,0,00,B02
201100007239,0,07,000,00,2,0,16,A01
201100007239,0,01,000,00,2,0,01,B02
201100007240,0,10,000,06,0,2,14,A01
201100007241,0,31,000,00,2,1,01,B02
201100007241,0,10,000,00,2,3,15,A01
201100007242,0,33,000,02,0,8,01,A01
201100007243,0,07,000,08,0,3,13,A01
201100007244,0,33,000,00,0,1,01,A01
201100007245,0,07,000,00,0,6,00,B02
201100007245,0,07,000,00,2,3,02,A01
201100007246,0,07,000,08,0,2,01,A01
201100007247,0,33,000,06,0,2,01,A01
201100007248,0,07,000,13,0,1,14,A01
201100007249,0,10,000,00,1,2,01,A01
201100007250,0,07,000,13,0,9,14,A01
201100007251,0,33,000,00,2,1,13,A01
201100007251,0,07,000,00,2,3,00,B02
201100007252,0,07,000,08,2,2,17,A01
201100007252,0,07,000,00,2,3,15,B02
201100007253,0,07,000,16,0,9,17,A01
201100007254,0,07,000,00,2,1,13,B02
201100007254,0,07,000,00,2,1,01,A01
201100007255,0,07,000,00,2,1,01,B02
201100007255,0,07,000,00,2,3,01,C03
201100007255,0,07,000,00,2,7,13,A01
201100007256,0,14,000,00,2,1,01,C03
201100007256,0,07,000,00,2,3,01,B02
201100007256,0,07,000,00,2,1,13,A01
201100007257,0,07,000,00,9,1,05,A01
201100007257,0,13,000,00,2,1,02,B02
201100007258,0,07,000,00,0,6,21,A01
201100007258,0,07,000,00,0,8,01,B02
201100007259,0,31,000,00,2,1,01,A01
201100007259,0,10,000,00,2,1,15,B02
201100007260,1,07,000,00,2,6,04,A01
201100007260,0,32,000,00,2,1,01,B02
201100007261,0,15,000,08,0,6,01,B02
201100007261,0,07,000,00,2,3,13,A01
201100007262,0,33,000,00,0,8,01,B02
201100007262,0,07,000,00,0,3,15,A01
201100007263,0,33,000,02,0,1,14,A01
201100007264,0,14,000,00,0,8,04,A01
201100007264,0,33,000,00,2,2,01,B02
201100007265,0,07,000,13,0,3,01,A01
201100007266,0,07,000,00,2,4,04,A01
201100007266,0,33,000,00,2,1,01,B02
201100007267,0,07,000,00,0,1,01,B02
201100007267,0,07,000,00,2,1,05,A01
201100007268,0,07,000,00,2,7,19,B02
201100007268,0,07,000,00,2,1,01,A01
201100007269,0,07,000,00,0,1,01,A01
201100007270,0,07,000,00,1,1,02,A01
201100007271,0,07,000,00,2,1,19,C03
201100007271,0,07,000,00,2,1,21,B02
201100007271,0,33,000,00,2,1,01,A01
201100007272,0,07,000,06,0,1,01,A01
201100007273,0,07,000,13,0,1,14,A01
201100007274,0,17,000,00,2,8,01,B02
201100007274,0,30,000,00,2,1,09,A01
201100007275,0,14,000,00,2,1,01,B02
201100007275,0,07,000,00,2,1,13,A01
201100007276,0,07,000,00,2,4,02,B02
201100007276,0,07,000,00,2,1,02,A01
201100007277,0,07,000,00,2,5,19,A01
201100007277,0,07,000,00,2,1,01,B02
201100007278,0,14,000,00,2,1,01,A01
201100007278,0,07,000,00,2,8,19,B02
201100007279,0,07,000,00,2,3,13,A01
201100007279,0,14,000,00,2,6,01,B02
201100007280,0,10,000,00,1,2,01,A01
201100007281,0,07,000,00,2,3,19,A01
201100007281,0,33,000,00,2,1,01,B02
201100007282,0,07,000,08,0,2,02,A01
201100007283,0,07,000,00,0,3,13,A01
201100007284,0,07,000,00,2,1,01,B02
201100007284,0,30,000,00,2,1,01,A01
201100007285,0,07,000,00,9,3,01,B02
201100007286,0,33,000,00,2,1,13,B02
201100007287,0,33,000,00,2,1,01,B02
201100007287,0,07,000,00,2,7,19,A01
201100007288,0,33,000,00,2,1,01,B02
201100007288,0,10,000,00,2,3,15,A01
201100007289,0,07,000,02,0,7,01,A01
201100007290,0,07,000,00,2,3,01,B02
201100007290,0,07,000,00,2,3,13,A01
201100007291,0,33,000,02,0,7,14,A01
201100007292,0,07,000,00,1,4,04,A01
201100007293,0,07,000,00,2,1,01,B02
201100007293,0,33,000,00,2,1,13,A01
201100007294,0,33,000,00,1,2,01,A01
201100007295,0,07,000,00,1,1,16,A01
201100007296,0,07,000,00,2,0,15,A01
201100007296,0,01,000,00,2,1,01,B02
201100007297,0,31,000,16,0,9,14,A01
201100007298,0,07,000,00,2,1,01,B01
201100007298,0,07,000,00,2,5,17,A01
201100007299,0,10,000,00,2,2,01,B02
201100007299,0,02,000,00,2,1,13,A01
201100007300,0,07,000,00,1,1,01,A01
201100007301,0,02,000,16,0,0,01,A01
201100007302,0,07,000,00,1,2,15,A01
201100007303,0,07,000,00,2,2,01,A01
201100007303,0,30,000,00,2,1,09,B01
201100007304,0,02,000,00,2,7,17,A01
201100007304,0,01,000,00,0,8,02,A02
201100007305,0,07,000,00,0,0,02,B02
201100007305,0,33,000,00,2,7,17,A01
201100007306,0,07,000,00,1,1,16,A01
201100007307,0,07,000,00,1,1,01,A01
201100007308,0,01,000,00,2,1,05,B01
201100007308,0,30,000,00,2,1,13,A01
201100007309,0,02,000,00,2,1,13,A01
201100007309,0,07,000,00,2,8,15,B01
201100007310,0,07,000,00,1,1,01,A01
201100007311,1,07,000,00,2,1,15,A02
201100007311,0,02,000,00,2,1,01,A01
201100007312,0,20,000,00,1,3,01,A01
201100007313,0,07,000,06,0,0,15,A01
201100007314,0,07,000,03,2,3,13,A01
201100007314,0,07,000,00,2,2,01,B01
201100007315,0,03,000,00,2,5,01,B01
201100007315,0,07,000,00,2,2,15,A01
201100007316,0,13,000,14,2,1,01,A01
201100007316,0,07,000,00,0,4,23,B01
201100007317,0,07,000,00,2,3,10,B01
201100007317,0,02,000,00,0,1,01,A01
201100007318,0,07,000,00,2,1,01,A01
201100007318,0,07,000,00,2,8,15,B01
201100007319,0,07,000,00,2,1,01,B01
201100007319,0,07,000,00,2,3,09,A01
201100007320,0,07,000,00,2,3,17,A01
201100007320,0,01,000,00,2,1,01,B01
201100007321,0,07,000,08,0,1,01,A01
201100007322,0,07,000,00,2,1,01,A01
201100007322,0,31,000,00,2,4,23,B01
201100007323,0,07,000,00,2,1,16,B01
201100007323,0,07,000,00,2,3,19,A01
201100007324,0,01,000,00,2,1,01,B01
201100007324,0,07,000,00,2,3,15,A01
201100007325,0,07,000,00,1,2,01,A01
201100007326,0,07,000,00,2,1,13,A01
201100007326,0,07,000,00,2,3,01,B01
201100007327,0,31,000,02,0,7,01,A01
201100007328,0,07,000,00,1,2,01,A01
201100007329,1,07,000,00,2,2,01,A01
201100007329,0,02,000,00,2,1,01,B01
201100007330,0,07,000,00,1,3,01,A01
201100007331,0,07,000,00,2,2,12,A01
201100007331,0,33,000,00,2,1,12,B01
201100007332,0,07,000,00,2,4,23,B01
201100007332,0,07,000,14,0,1,01,A01