Num_Acc,senc,catv,occutc,obs,obsm,choc,manv,num_veh
201100007711,0,07,000,00,0,1,05,B02
201100007712,0,10,000,00,1,2,19,A01
201100007713,0,07,000,00,2,2,01,B02
201100007713,0,03,000,00,2,7,19,A01
201100007714,0,07,000,00,2,1,01,A02
201100007714,0,10,000,00,2,5,01,B01
201100007715,0,07,000,00,0,4,16,B02
201100007715,0,02,000,00,2,1,02,A01
201100007716,0,30,000,00,2,1,01,B02
201100007716,0,07,000,00,0,5,19,A01
201100007717,0,33,000,00,2,9,17,B02
201100007717,0,30,000,00,2,9,13,A01
201100007718,0,02,000,05,0,1,00,A01
201100007719,0,07,000,00,0,8,01,A01
201100007719,0,10,000,00,2,1,01,B02
201100007720,0,07,000,00,1,1,01,A01
201100007721,0,07,000,06,0,1,01,A01
201100007722,0,07,000,06,0,2,01,A01
201100007723,0,31,000,00,0,7,01,A01
201100007724,0,07,000,02,0,1,13,A01
201100007725,0,07,000,00,2,7,01,B02
201100007725,0,07,000,00,2,1,01,A01
201100007726,0,07,000,00,0,2,01,A01
201100007727,0,07,000,00,2,2,15,A01
201100007727,0,07,000,00,2,1,01,B02
201100007728,0,07,000,06,0,1,01,A01
201100007729,0,07,000,00,9,2,01,A01
201100007729,0,01,000,00,0,4,01,B02
201100007730,0,07,000,00,2,2,21,B02
201100007730,0,07,000,00,2,1,21,A01
201100007731,0,02,000,00,2,1,01,B02
201100007731,0,07,000,00,2,3,01,A01
201100007732,0,07,000,00,0,2,01,B02
201100007732,0,07,000,00,0,3,15,A01
201100007733,0,30,000,13,0,1,01,A01
201100007734,0,07,000,00,2,2,01,B02
201100007734,0,07,000,00,2,8,01,A01
201100007735,0,33,000,00,2,1,01,B02
201100007735,0,07,000,00,2,3,01,A01
201100007736,0,07,000,00,2,8,01,A01
201100007736,0,07,000,00,2,1,01,B02
201100007737,0,07,000,00,0,1,05,A01
201100007737,0,07,000,00,2,1,01,B02
201100007738,0,31,000,00,0,1,00,A01
201100007738,0,07,000,00,0,3,00,B02
201100007739,0,07,000,01,0,2,01,A01
201100007740,0,31,000,00,2,1,13,A01
201100007740,0,07,000,00,2,2,01,B02
201100007740,0,07,000,00,2,4,24,C03
201100007741,0,07,000,00,0,2,01,A01
201100007742,0,07,000,06,0,1,01,A01
201100007743,0,07,000,00,2,5,15,A01
201100007743,0,07,000,00,2,3,00,B02
201100007744,0,07,000,00,2,4,13,A01
201100007744,0,07,000,00,2,1,01,B02
201100007745,0,15,000,00,2,1,01,A01
201100007745,0,07,000,00,2,2,13,B02
201100007746,0,07,000,06,0,1,01,A01
201100007747,0,07,000,00,2,1,15,A01
201100007747,0,33,000,00,2,1,01,B02
201100007748,0,07,000,00,2,7,15,B02
201100007748,0,07,000,00,2,1,01,A01
201100007748,0,07,000,00,2,3,23,C03
201100007749,0,33,000,00,2,1,01,A01
201100007749,0,07,000,00,2,8,01,B02
201100007750,0,07,000,00,2,1,01,C03
201100007750,0,07,000,00,2,5,15,A01
201100007750,0,07,000,00,2,3,23,B02
201100007751,0,31,000,00,2,1,21,A01
201100007751,0,07,000,00,2,2,01,B02
201100007752,0,33,000,00,2,1,00,B02
201100007752,0,07,000,00,2,2,15,A01
201100007753,0,07,000,06,0,1,01,A01
201100007754,0,15,000,00,1,3,17,A01
201100007755,0,33,000,06,0,1,01,A01
201100007756,0,10,000,00,0,8,01,A01
201100007756,0,31,000,00,0,8,01,B02
201100007757,0,07,000,00,2,0,21,E05
201100007757,0,10,000,00,0,3,05,A01
201100007757,0,07,000,00,2,8,05,D04
201100007757,0,07,000,02,2,1,05,C03
201100007757,0,07,000,00,2,1,05,B02
201100007758,0,07,000,00,0,2,15,A01
201100007758,0,33,000,00,0,7,13,B02
201100007759,0,07,000,06,0,1,01,A01
201100007760,0,07,000,00,2,1,01,C03
201100007760,0,07,000,00,2,1,01,A01
201100007760,0,07,000,00,2,1,13,B02
201100007761,0,33,000,00,2,1,02,A01
201100007761,0,30,000,00,0,6,01,B02
201100007762,0,07,000,00,0,2,15,A01
201100007762,0,07,000,00,0,1,01,B02
201100007762,0,07,000,00,0,1,21,C03
201100007763,0,07,000,00,2,3,01,B02
201100007763,0,07,000,02,2,2,21,A01
201100007764,0,07,000,00,2,8,01,C03
201100007764,0,07,000,00,2,3,01,B02
201100007764,0,07,000,00,2,3,13,A01
201100007765,0,07,000,00,2,2,17,A01
201100007765,0,07,000,00,0,8,15,B02
201100007766,0,07,000,00,2,8,01,A01
201100007766,0,07,000,00,2,1,01,B02
201100007767,0,07,000,00,2,5,19,B02
201100007767,0,07,000,00,2,1,01,A01
201100007768,0,07,000,06,0,3,19,A01
201100007769,0,07,000,00,2,6,01,B02
201100007770,0,31,000,00,0,7,01,A01
201100007771,0,07,000,00,2,8,01,A01
201100007771,2,07,000,00,2,1,01,B02
201100007772,0,07,000,13,0,2,01,A01
201100007773,0,07,000,00,0,1,01,A01
201100007774,0,07,000,00,2,1,01,C03
201100007774,0,14,000,00,2,3,01,B02
201100007774,0,07,000,00,2,8,01,D04
201100007774,0,07,000,00,2,1,17,A01
201100007775,0,07,000,00,1,2,01,A01
201100007776,0,07,000,00,0,1,02,B02
201100007776,0,07,000,00,2,4,02,A01
201100007777,0,07,000,13,0,2,01,A01
201100007778,0,07,000,00,2,1,01,A01
201100007778,0,07,000,00,2,1,17,B02
201100007779,0,07,000,00,9,1,01,A01
201100007779,0,01,000,00,2,8,00,B02
201100007780,0,14,000,00,2,1,01,B02
201100007780,0,33,000,00,2,1,13,A01
201100007781,0,07,000,00,2,1,13,A01
201100007781,0,07,000,00,2,3,01,B02
201100007782,0,07,000,00,0,0,01,C03
201100007782,0,07,000,00,0,2,15,A01
201100007782,0,07,000,00,0,8,15,B02
201100007783,0,10,000,00,1,2,01,A01
201100007784,0,07,000,00,2,1,05,B02
201100007784,0,32,000,00,2,1,00,A01
201100007785,0,10,000,00,2,8,01,B02
201100007785,0,10,000,00,2,1,01,A01
201100007786,0,07,000,00,0,5,00,A01
201100007786,0,07,000,00,0,1,00,B02
201100007787,0,07,000,00,0,8,19,A01
201100007787,0,33,000,00,2,1,01,B02
201100007788,0,07,000,00,2,3,01,B02
201100007788,0,07,000,00,2,2,17,A01
201100007789,0,07,000,00,2,3,13,B02
201100007789,0,07,000,00,2,3,01,A01
201100007790,0,33,000,09,0,1,21,A01
201100007791,0,14,000,03,2,0,23,C03
201100007791,0,30,000,03,2,1,17,A01
201100007791,0,14,000,03,2,3,01,B02
201100007792,0,07,000,00,0,0,01,A01
201100007793,0,01,000,00,2,8,01,B02
201100007793,0,07,000,00,9,1,19,A01
201100007794,0,07,000,00,0,3,23,B02
201100007794,0,33,000,00,2,9,13,A01
201100007795,0,30,000,00,2,1,19,B02
201100007795,0,21,000,00,0,7,01,A01
201100007796,0,33,000,00,2,1,01,B02
201100007796,0,07,000,00,2,1,17,A01
201100007797,0,10,000,00,2,3,01,B02
201100007797,0,07,000,00,2,3,01,A01
201100007798,0,07,000,00,2,1,01,B02
201100007798,0,07,000,00,2,2,01,A01
201100007799,0,07,000,00,2,3,13,A01
201100007799,0,33,000,00,2,6,13,B02
201100007800,0,07,000,00,1,1,01,A01
201100007801,0,07,000,06,0,3,01,A01
201100007802,0,07,000,00,9,3,00,A01
201100007802,0,01,000,00,2,3,01,B02
201100007803,0,07,000,02,0,8,01,A01
201100007804,0,07,000,00,2,1,15,A01
201100007804,0,32,000,00,2,1,01,B02
201100007805,0,10,000,00,2,3,09,A01
201100007805,0,30,000,00,2,8,09,B02
201100007806,0,21,000,00,2,3,19,A01
201100007806,0,33,000,00,2,1,01,B02
201100007807,0,30,000,00,1,1,01,A01
201100007808,0,01,000,00,2,4,01,B02
201100007808,0,01,000,00,2,4,01,D04
201100007808,0,01,000,00,2,4,01,C03
201100007808,0,07,000,00,2,1,17,A01
201100007809,0,07,000,15,1,1,15,A01
201100007810,0,07,000,00,2,1,13,A01
201100007810,0,07,000,00,2,1,01,B02
201100007811,0,07,000,00,2,7,13,A01
201100007811,0,07,000,00,2,1,01,B02
201100007812,0,07,000,00,2,2,13,A01
201100007812,0,07,000,00,2,2,01,B02
201100007813,0,15,000,13,0,3,13,A01
201100007814,0,33,000,00,2,8,13,A01
201100007814,0,07,000,00,2,8,01,B02
201100007815,0,33,000,16,0,0,14,A01
201100007816,0,07,000,00,2,1,01,B02
201100007816,0,07,000,00,2,7,13,A01
201100007817,0,33,000,00,0,1,01,A01
201100007818,0,39,000,00,2,7,00,B02
201100007818,0,36,000,00,4,1,00,A01
201100007819,0,14,000,13,0,1,00,A01
201100007820,0,07,000,00,2,1,01,B02
201100007820,0,33,000,00,2,1,05,A01
201100007821,0,14,000,00,1,7,02,A01
201100007822,0,01,000,00,0,1,00,A01
201100007823,0,07,000,06,0,2,01,A01
201100007824,0,33,000,14,0,8,01,A01
201100007825,0,10,000,00,2,3,01,B02
201100007825,0,07,000,00,2,7,01,A01
201100007826,0,07,000,00,9,1,01,A01
201100007826,0,01,000,00,2,4,01,B02
201100007827,0,02,000,00,2,1,01,A01
201100007827,0,07,000,00,2,8,01,B02
201100007828,0,07,000,00,1,2,01,A01
201100007829,0,07,000,00,1,1,01,A01
201100007830,0,02,000,08,0,3,01,A01
201100007831,0,33,000,00,0,0,00,A01
201100007831,0,33,000,00,0,1,00,B02
201100007832,0,07,000,02,0,3,01,A01
201100007833,0,02,000,01,0,2,14,A01
201100007834,0,07,000,00,1,2,01,A01
201100007835,0,07,000,00,0,6,21,B02
201100007835,0,33,000,00,0,7,01,A01
201100007836,0,10,000,00,2,2,19,A01
201100007836,0,14,000,00,2,3,01,B02
201100007837,0,07,000,02,0,3,14,A01
201100007838,0,07,000,00,2,1,01,B02
201100007838,0,07,000,00,2,2,13,A01
201100007839,0,01,000,00,0,7,19,B02
201100007839,0,07,000,00,2,2,01,A01
201100007840,0,07,000,13,0,2,01,A01
201100007841,0,07,000,13,0,2,01,A01
201100007842,0,02,000,06,0,1,01,A01
201100007843,0,07,000,08,0,1,16,A01
201100007844,0,07,000,00,2,7,05,A01
201100007844,0,07,000,00,2,1,01,B02
201100007845,0,10,000,00,0,2,01,A01
201100007846,0,07,000,00,2,8,19,A01
201100007846,0,07,000,00,2,1,01,B02
201100007847,0,33,000,08,0,8,01,A01
201100007848,0,07,000,00,2,8,01,A01
201100007849,0,21,000,00,2,2,15,B02
201100007849,0,07,000,00,2,3,01,A01
201100007850,0,07,000,02,0,7,19,A01
201100007851,0,07,000,00,2,3,01,B02
201100007851,0,07,000,00,2,3,13,A01
201100007852,0,01,000,00,0,0,15,A01
201100007853,0,07,000,00,1,3,01,A01
201100007854,0,30,000,02,0,1,01,A01
201100007855,0,07,000,00,1,8,02,A01
201100007856,0,07,000,02,0,1,01,A01
201100007857,0,14,000,00,2,3,01,B02
201100007857,0,07,000,00,2,7,01,A01
201100007858,0,31,000,06,0,1,01,A01
201100007859,0,07,000,00,0,2,01,A01
201100007860,0,07,000,00,2,2,15,B02
201100007860,0,33,000,00,2,8,21,A01
201100007861,0,07,000,00,1,2,17,A01
201100007862,0,07,000,00,2,1,09,A01
201100007862,0,01,000,00,2,7,01,B02
201100007863,0,07,000,00,2,3,13,B02
201100007863,0,01,000,00,2,6,01,C03
201100007863,0,07,000,00,2,3,01,A01
201100007864,0,10,000,00,2,8,15,B02
201100007864,0,01,000,00,2,8,01,A01
201100007865,0,31,000,13,0,1,15,A01
201100007866,0,07,000,00,2,4,23,B02
201100007866,0,02,000,00,2,1,02,A01
201100007867,0,07,000,00,2,8,15,A01
201100007867,0,33,000,00,2,7,17,B02
201100007868,0,07,000,00,2,2,01,A01
201100007868,0,07,000,00,2,3,01,B02
201100007869,0,33,000,00,2,1,01,B02
201100007869,0,07,000,00,2,7,15,A01
201100007870,0,33,000,13,0,1,01,A01
201100007871,0,30,000,00,2,1,10,A01
201100007871,0,33,000,00,2,1,01,B02
201100007872,0,01,000,00,2,1,01,B02
201100007872,0,07,000,00,2,2,01,A01
201100007873,0,07,000,00,1,1,01,A01
201100007874,0,07,000,00,1,7,01,A01
201100007875,0,07,000,00,2,6,09,A01
201100007875,0,02,000,00,2,1,01,B02
201100007876,0,10,000,00,2,3,01,B02
201100007876,0,07,000,00,2,1,13,A01
201100007877,0,07,000,02,0,1,13,A01
201100007878,0,07,000,00,2,3,01,A01
201100007878,0,17,000,00,0,1,01,B02
201100007879,0,07,000,00,1,2,01,A01
201100007880,0,07,000,00,0,9,01,A01
201100007881,0,07,000,13,0,1,01,A01
201100007882,0,07,000,09,4,9,13,A01
201100007882,0,39,000,00,2,3,01,B02
201100007883,0,10,000,00,2,1,01,B02
201100007883,0,07,000,00,2,8,15,A01
201100007884,0,07,000,00,2,5,13,A01
201100007884,0,07,000,00,2,2,01,B02
201100007885,0,07,000,05,0,9,01,A01
201100007886,0,07,000,00,2,2,01,C03
201100007886,0,07,000,00,0,9,01,A01
201100007886,0,07,000,00,2,2,23,B02
201100007887,0,33,000,00,2,7,13,A01
201100007887,0,07,000,00,2,2,01,B02
201100007888,0,33,000,00,0,1,01,A01
201100007889,0,10,000,00,2,1,13,A01
201100007889,0,13,000,00,2,1,01,B02
201100007890,0,07,000,00,2,2,01,A01
201100007890,0,33,000,00,2,3,01,B02
201100007891,0,33,000,00,2,1,13,B02
201100007891,0,07,000,00,2,3,15,A01
201100007892,0,33,000,13,0,2,01,A01
201100007893,0,07,000,00,2,1,15,A01
201100007893,0,31,000,00,2,7,13,B02
201100007894,0,33,000,13,0,1,00,A01
201100007895,0,01,000,00,0,3,10,B02
201100007895,0,07,000,00,0,2,13,A01
201100007896,0,33,000,13,0,7,01,A01
201100007897,0,07,000,06,0,1,13,A01
201100007898,0,30,000,00,2,5,01,A01
201100007898,0,07,000,00,2,3,01,B02
201100007899,0,33,000,00,2,3,13,A01
201100007899,0,10,000,00,2,8,01,B02
201100007900,0,07,000,00,5,1,01,A01
201100007901,0,07,000,00,2,4,13,A01
201100007901,0,07,000,00,2,1,01,B02
201100007902,0,07,000,00,1,3,01,A01
201100007903,0,31,000,00,2,1,01,A01
201100007903,0,07,000,00,2,2,01,B02
201100007904,0,01,000,00,2,0,01,B02
201100007904,0,07,000,00,0,0,19,A01
201100007905,0,33,000,00,0,1,01,A01
201100007906,0,30,000,00,0,3,15,A01
201100007906,0,01,000,00,2,1,17,B02
201100007907,0,07,000,02,0,1,01,A01
201100007908,0,01,000,00,2,4,15,A01
201100007908,0,07,000,00,9,1,15,B02
201100007909,0,07,000,00,2,7,01,A01
201100007909,0,10,000,00,2,1,01,B02
201100007910,0,07,000,00,2,1,09,A01
201100007910,0,07,000,00,2,1,01,B02
201100007911,0,07,000,00,2,3,13,A01
201100007911,0,14,000,00,2,3,01,B02
201100007912,0,07,000,00,2,1,17,A01
201100007912,0,07,000,00,2,1,01,B02
201100007913,0,07,000,14,0,1,01,A01
201100007914,0,30,000,00,0,0,01,A01
201100007915,0,07,000,00,2,3,01,B02
201100007915,0,02,000,00,2,1,13,A01
201100007916,0,33,000,00,2,1,01,B02
201100007916,0,07,000,00,2,1,17,A01
201100007917,0,07,000,03,0,7,14,A01
201100007918,0,07,000,06,0,1,01,A01
201100007919,0,30,000,01,0,1,14,A01
201100007920,0,07,000,13,0,3,01,A01
201100007921,0,07,000,00,2,1,01,B02
201100007921,0,07,000,00,2,1,13,A01
201100007922,0,14,000,00,0,2,13,A01
201100007923,0,07,000,00,1,2,01,A01
201100007924,0,07,000,00,2,1,01,B02
201100007924,0,07,000,00,2,4,13,A01
201100007925,0,33,000,00,2,1,01,B02
201100007925,0,07,000,00,2,3,10,A01
201100007926,0,07,000,00,2,1,01,B02
201100007926,0,31,000,00,2,1,13,A01
201100007927,0,07,000,08,0,1,21,A01
201100007928,0,07,000,00,2,2,01,A01
201100007928,0,07,000,00,2,3,19,B02
201100007929,0,07,000,03,2,1,13,A01
201100007929,0,07,000,13,2,1,02,B02
201100007930,0,07,000,00,2,1,01,B02
201100007930,0,07,000,00,2,3,15,A01
201100007931,0,07,000,08,0,1,01,A01
201100007932,0,14,000,00,2,2,02,B02
201100007932,0,02,000,03,2,4,02,A01
201100007933,0,07,000,00,2,1,00,D04
201100007933,0,10,000,00,2,6,02,A01
201100007933,0,07,000,00,2,1,01,C03
201100007933,0,10,000,00,2,1,21,B02
201100007934,0,07,000,00,2,3,15,A01
201100007934,0,02,000,00,2,1,01,B02
201100007935,0,30,000,00,2,1,01,B02
201100007935,0,07,000,00,2,2,17,A01
201100007936,0,07,000,06,0,1,01,A01
201100007937,0,30,000,00,2,1,13,B02
201100007937,0,07,000,00,2,3,01,A01
201100007938,0,33,000,03,0,1,01,A01
201100007939,0,16,000,13,0,1,01,A01
201100007940,0,07,000,02,0,2,01,A01
201100007941,0,14,000,08,0,7,14,A01
201100007942,0,33,000,06,0,7,01,A01
201100007943,0,31,000,14,0,1,01,A01
201100007944,0,01,000,00,0,1,00,A01
201100007945,0,33,000,00,0,7,01,A01
201100007946,0,07,000,00,2,1,01,B02
201100007946,0,07,000,00,2,3,05,A01
201100007947,0,07,000,00,2,2,15,A01
201100007947,0,33,000,00,2,1,01,B02
201100007948,0,07,000,00,2,1,05,A01
201100007948,0,07,000,00,2,1,01,B02
201100007949,0,07,000,00,1,1,01,A01
201100007950,0,07,000,00,2,3,13,A01
201100007950,0,07,000,00,2,3,01,B02
201100007951,0,07,000,00,2,5,04,B02
201100007951,0,10,000,06,2,2,01,A01
201100007952,0,07,000,06,0,1,01,A01
201100007953,0,33,000,00,2,8,17,A01
201100007953,0,07,000,00,2,8,15,B02
201100007954,0,07,000,00,2,7,06,A01
201100007954,0,07,000,00,2,3,01,B02
201100007955,0,30,000,02,0,0,01,A01
201100007956,0,07,000,00,2,3,13,A01
201100007956,0,07,000,00,2,3,01,B02
201100007957,0,30,000,16,0,1,01,A01
201100007958,0,07,000,00,2,1,15,A01
201100007958,0,33,000,00,2,1,01,B02
201100007959,0,32,000,00,0,0,01,A01
201100007960,0,07,000,02,0,1,01,A01
201100007961,0,07,000,16,0,9,00,A01
201100007962,0,07,000,04,0,1,01,A01
201100007963,0,33,000,08,0,3,01,A01
201100007964,0,07,000,00,2,1,01,B02
201100007964,0,01,000,00,2,1,13,A01
201100007965,0,33,000,05,0,1,02,A01
201100007966,0,07,000,00,1,1,01,A01
201100007967,0,30,000,00,1,1,01,A01
201100007968,0,10,000,00,1,2,01,A01
201100007969,0,07,000,00,0,9,00,A01
201100007970,0,07,000,00,2,1,01,B02
201100007970,0,07,000,00,2,8,19,A01
201100007971,0,07,000,00,0,1,02,A01
201100007971,0,07,000,00,0,4,15,B02
201100007972,0,07,000,00,2,1,01,B02
201100007972,0,13,000,00,2,2,15,A01
201100007973,0,07,000,00,1,3,01,A01
201100007974,0,07,000,00,2,1,01,B02
201100007974,0,33,000,13,2,1,13,A01
201100007975,0,33,000,03,0,1,01,A01
201100007976,0,07,000,00,1,1,01,A01
201100007977,0,07,000,00,1,3,02,A01
201100007978,0,07,000,00,0,9,01,A01
201100007979,0,33,000,06,0,8,01,A01
201100007980,0,07,000,02,0,1,01,A01
201100007981,0,33,000,00,0,0,01,A01
201100007982,0,07,000,00,1,1,01,A01
201100007983,0,07,000,00,2,3,00,B02
201100007983,0,07,000,00,2,1,00,A01
201100007984,0,33,000,00,2,1,01,B02
201100007984,0,07,000,00,0,3,15,A01
201100007985,0,07,000,00,0,8,01,A01
201100007986,0,07,000,00,2,7,13,A01
201100007986,0,07,000,00,2,1,01,B02
201100007987,0,07,000,00,2,2,01,B02
201100007987,0,07,000,00,2,2,05,A01
201100007988,0,33,000,00,0,0,01,A01
201100007989,0,07,000,00,2,1,01,C03
201100007989,0,07,000,00,2,3,01,B02
201100007989,0,07,000,00,2,2,05,A01
201100007990,0,07,000,00,1,2,01,A01
201100007991,0,07,000,00,2,8,15,B02
201100007991,0,07,000,00,2,1,01,A01
201100007992,0,10,000,00,2,2,01,B02
201100007992,0,07,000,00,0,0,13,C03
201100007992,0,07,000,00,2,2,13,A01
201100007993,0,07,000,14,0,2,02,B02
201100007993,0,17,000,00,2,6,01,D04
201100007993,0,10,000,00,2,7,13,C03
201100007993,0,07,000,00,2,1,01,A01
201100007994,0,01,000,00,2,0,13,B02
201100007994,0,07,000,00,9,7,17,A01
201100007995,0,01,000,00,2,1,01,B02
201100007995,0,07,000,00,2,6,15,A01
201100007996,0,07,000,13,0,1,01,A01
201100007997,0,33,000,00,2,1,01,B02
201100007997,0,07,000,00,2,8,15,A01
201100007998,0,10,000,00,2,7,13,A01
201100007998,0,07,000,00,2,1,01,B02
201100007998,0,03,000,00,2,3,01,C03
201100007999,0,02,000,03,0,9,01,A01
201100008000,0,07,000,00,0,0,21,A01
201100008001,0,31,000,00,0,7,01,A01
201100008002,0,07,000,00,9,1,01,A01
201100008002,0,07,000,00,9,1,01,B02
201100008003,0,07,000,00,0,3,09,A01
201100008003,0,33,000,00,2,1,01,B02
201100008004,0,07,000,00,5,2,01,C03
201100008004,0,07,000,00,5,1,01,B02
201100008004,0,07,000,00,5,2,01,A01
201100008004,0,07,000,00,5,1,01,D04
201100008005,0,07,000,00,2,8,23,B02
201100008005,0,33,000,14,2,7,01,A01
201100008006,0,01,000,00,2,1,01,A01
201100008006,0,01,000,00,2,1,21,B02
201100008006,0,07,000,00,9,3,15,C03
201100008007,0,07,000,00,1,2,01,A01
201100008008,0,07,000,00,0,0,01,A01
201100008009,0,10,000,00,2,1,01,A01
201100008009,0,07,000,00,2,8,15,B02
201100008010,0,33,000,06,0,7,01,A01
201100008011,0,07,000,00,1,2,01,A01
201100008012,0,07,000,00,2,3,05,A01
201100008012,0,01,000,00,2,1,01,B02
201100008013,0,07,000,13,0,0,14,A01
201100008014,0,07,000,00,2,8,15,A01
201100008014,0,33,000,00,2,7,17,B02
201100008015,0,10,000,16,0,2,01,A01
201100008016,0,10,000,00,1,5,04,A01
201100008017,0,07,000,00,2,3,01,B02
201100008017,0,31,000,00,2,1,13,A01
201100008018,0,07,000,00,2,1,01,B02
201100008018,0,10,000,00,2,3,13,A01
201100008019,0,33,000,00,0,7,01,B02
201100008019,0,07,000,00,0,2,15,A01
201100008020,0,07,000,00,2,3,01,B02
201100008020,0,07,000,00,0,3,13,A01
201100008021,0,07,000,00,1,1,15,A01
201100008022,0,07,000,00,2,3,13,A01
201100008022,0,07,000,00,2,3,01,B02
201100008023,0,07,000,01,0,2,01,B02
201100008023,0,07,000,00,0,2,24,A01
201100008024,0,07,000,00,0,7,16,A01
201100008025,0,07,000,00,0,0,01,A01
201100008026,0,07,000,00,0,0,01,A01
201100008027,0,07,000,06,0,8,01,A01
201100008028,0,01,000,00,2,8,01,B02
201100008028,0,33,000,00,2,2,17,A01
201100008029,0,07,000,00,2,1,17,A01
201100008029,0,33,000,00,2,1,01,B02
201100008030,0,33,000,00,2,1,13,A01
201100008030,0,07,000,00,2,3,01,B02
201100008031,0,07,000,00,0,1,02,A01
201100008032,0,07,000,00,1,1,01,A01
201100008033,0,33,000,00,2,7,01,B02
201100008033,0,07,000,00,0,8,19,A01
201100008034,0,07,000,00,1,2,01,A01
201100008035,0,07,000,00,2,3,01,A01
201100008035,0,14,000,00,2,6,13,B02
201100008036,0,07,000,02,0,1,14,A01
201100008037,0,07,000,06,0,3,11,A01
201100008038,0,07,000,00,2,1,01,B02
201100008038,0,10,000,00,2,1,01,A01
201100008039,0,07,000,00,2,2,01,B02
201100008039,0,07,000,00,2,2,19,A01
201100008040,0,01,000,00,0,0,01,A01
201100008041,0,07,000,00,2,3,01,B02
201100008041,0,07,000,00,2,3,13,A01
201100008042,0,07,000,00,2,2,11,A01
201100008042,0,07,000,00,2,1,01,B02
201100008043,0,07,000,00,2,1,17,A01
201100008043,0,10,000,00,2,1,00,B02
201100008044,0,33,000,00,2,1,01,B02
201100008044,0,07,000,00,2,7,15,A01
201100008045,0,33,000,00,2,1,01,B02
201100008045,0,07,000,00,2,3,15,A01
201100008046,0,07,000,00,2,3,17,B02
201100008046,0,30,000,00,2,1,01,A01
201100008047,0,07,000,00,2,6,01,B02
201100008047,0,07,000,00,2,1,19,A01
201100008047,0,07,000,00,2,1,01,C03
201100008048,0,14,000,00,2,8,17,B02
201100008048,0,07,000,00,2,7,17,A01
201100008049,0,33,000,00,2,1,01,A01
201100008049,0,07,000,00,2,5,19,B02
201100008050,0,07,000,00,2,1,01,B02
201100008050,0,33,000,00,2,1,01,A01
201100008051,0,30,000,00,0,9,00,B02
201100008051,0,07,000,00,0,5,01,A01
201100008052,0,30,000,00,2,1,13,A01
201100008052,0,07,000,00,2,1,01,B02
201100008053,0,33,000,02,0,1,02,A01
201100008054,0,07,000,06,0,8,01,A01
201100008055,0,07,000,00,2,1,01,B02
201100008055,0,30,000,00,2,1,15,A01
201100008056,0,07,000,02,0,8,00,A01
201100008057,0,07,000,08,0,9,19,A01
201100008058,0,07,000,00,0,9,13,A01
201100008059,0,07,000,00,2,7,01,C03
201100008059,0,17,000,03,2,1,01,A01
201100008059,0,07,000,00,2,1,01,B02
201100008060,0,02,000,00,0,4,01,B02
201100008060,0,07,000,00,2,0,17,A01
201100008061,0,07,000,16,0,9,19,A01
201100008062,0,31,000,00,2,1,02,A01
201100008062,0,13,000,00,0,6,02,B02
201100008063,0,07,000,00,1,1,10,A01
201100008064,0,07,000,13,0,1,13,A01
201100008065,0,31,000,00,2,1,01,B02
201100008065,0,07,000,00,2,3,15,A01
201100008066,0,07,000,03,2,5,17,A01
201100008066,0,07,000,13,2,3,01,B02
201100008067,0,33,000,00,2,7,17,B02
201100008067,0,07,000,00,2,8,20,A01
201100008068,0,33,000,00,0,7,15,A01
201100008069,0,33,000,13,0,3,16,A01
201100008070,0,07,000,00,1,6,04,A01
201100008071,0,07,000,00,2,1,13,A01
201100008071,0,07,000,00,2,1,01,B02
201100008072,0,02,000,00,2,1,21,B02
201100008072,0,07,000,00,2,0,19,A01
201100008073,0,07,000,00,2,1,01,B02
201100008073,0,33,000,00,2,9,13,A01
201100008073,0,07,000,00,1,1,01,C03
201100008074,0,07,000,00,2,3,01,B02
201100008074,0,01,000,00,2,1,13,A01
201100008075,0,07,000,00,2,8,15,A01
201100008075,0,30,000,00,2,1,01,B02
201100008076,0,36,000,13,0,0,01,A01
201100008077,0,01,000,00,0,7,01,A01
201100008078,0,07,000,02,0,9,13,A01
201100008079,0,07,000,00,2,7,19,A01
201100008079,0,01,000,00,2,1,01,B02
201100008080,0,07,000,00,2,3,13,B02
201100008080,0,07,000,00,2,3,01,A01
201100008081,0,07,000,00,2,2,01,A01
201100008081,0,07,000,00,2,8,09,B02
201100008082,0,07,000,00,2,3,01,B02
201100008082,0,07,000,00,2,3,13,A01
201100008083,0,07,000,00,2,3,01,B02
201100008083,0,07,000,00,2,1,13,A01
201100008084,0,07,000,00,2,1,13,A01
201100008084,0,34,000,00,2,1,01,B02
201100008085,0,02,000,15,0,1,01,A01
201100008086,0,33,000,00,2,1,01,B02
201100008086,0,07,000,00,2,2,15,A01
201100008087,0,07,000,06,0,1,01,A01
201100008088,0,01,000,00,2,1,01,B02
201100008088,0,07,000,00,9,5,19,A01
201100008089,0,01,000,00,2,1,13,A01
201100008089,0,33,000,00,2,1,01,B02
201100008090,0,15,000,00,2,0,01,A01
201100008090,0,33,000,14,2,1,17,B02
201100008091,0,07,000,00,9,1,19,A01
201100008091,0,01,000,00,2,7,01,B02
201100008092,0,33,000,00,2,1,17,A01
201100008092,0,10,000,00,2,3,09,B02
201100008093,0,33,000,00,2,1,01,A01
201100008093,0,33,000,00,2,8,15,B02
201100008094,0,07,000,00,2,3,01,A01
201100008094,0,07,000,00,2,2,19,B02
201100008095,0,07,000,00,2,1,13,B02