Num_Acc,senc,catv,occutc,obs,obsm,choc,manv,num_veh
201100012022,0,07,000,00,0,1,01,B02
201100012023,0,07,000,00,0,2,17,A01
201100012023,0,07,000,00,0,3,01,B02
201100012023,0,33,000,00,0,1,01,C03
201100012024,0,07,000,00,2,1,01,B02
201100012024,0,07,000,00,2,7,21,A01
201100012025,0,07,000,16,0,2,00,A01
201100012026,0,30,000,13,0,2,14,A01
201100012027,0,07,000,00,0,1,01,B02
201100012027,0,10,000,00,0,1,13,A01
201100012028,0,07,000,06,0,2,01,A01
201100012029,0,07,000,00,0,0,01,A01
201100012030,0,14,000,00,2,3,13,A01
201100012030,0,07,000,00,2,3,01,B02
201100012031,0,07,000,00,2,1,01,A01
201100012031,0,07,000,00,2,7,15,B02
201100012032,0,07,000,00,0,4,02,B02
201100012032,0,07,000,00,2,1,02,A01
201100012033,0,07,000,00,2,1,01,A01
201100012033,0,07,000,00,2,1,01,B02
201100012034,0,33,000,00,5,1,01,A01
201100012035,0,07,000,00,0,1,13,A01
201100012035,0,15,000,00,2,3,01,B02
201100012036,0,07,000,00,2,1,01,B02
201100012036,0,07,000,00,6,1,01,A01
201100012037,0,07,000,00,2,2,13,A01
201100012037,0,07,000,00,2,3,01,B02
201100012038,0,30,000,00,2,1,17,B02
201100012038,0,07,000,00,2,8,19,A01
201100012039,0,10,000,00,2,1,01,B02
201100012039,0,07,000,04,2,1,01,A01
201100012040,0,07,000,08,0,7,19,A01
201100012041,0,07,000,00,2,1,13,A01
201100012041,0,07,000,00,2,1,01,B02
201100012042,0,07,000,00,2,1,13,A01
201100012042,0,07,000,00,2,1,09,C03
201100012042,0,07,000,00,2,7,09,B02
201100012043,0,07,000,15,0,1,01,A01
201100012044,0,33,000,00,2,8,17,A01
201100012044,0,07,000,00,2,3,01,B02
201100012045,0,07,000,00,2,2,15,A01
201100012045,0,02,000,00,2,1,01,B02
201100012046,0,07,000,02,0,5,17,A01
201100012047,0,07,000,00,2,3,13,A01
201100012047,0,07,000,00,2,3,01,B02
201100012048,0,02,000,00,2,1,02,B02
201100012048,0,07,000,00,2,4,01,A01
201100012049,0,07,000,00,2,3,13,A01
201100012049,0,07,000,00,2,9,01,B02
201100012050,0,07,000,00,0,8,01,C03
201100012050,0,10,000,00,2,1,01,A01
201100012050,0,10,000,00,2,4,15,B02
201100012051,0,07,000,00,2,2,01,C03
201100012051,0,07,000,14,2,3,01,B02
201100012051,0,07,000,00,2,9,13,A01
201100012052,0,31,000,00,2,1,02,A01
201100012052,0,07,000,00,2,4,02,B02
201100012053,0,07,000,00,2,6,01,C03
201100012053,0,07,000,00,2,1,01,B02
201100012053,0,07,000,00,2,3,15,A01
201100012054,0,30,000,00,1,1,01,A01
201100012055,0,33,000,00,2,1,17,B02
201100012055,0,07,000,00,2,3,15,A01
201100012056,0,30,000,00,2,1,17,A01
201100012056,0,07,000,00,2,6,15,B02
201100012057,0,07,000,00,2,3,15,A01
201100012057,0,33,000,12,2,1,01,B02
201100012058,0,07,000,00,2,1,01,C03
201100012058,0,31,000,00,2,1,17,A01
201100012058,0,07,000,00,2,3,01,B02
201100012059,0,31,000,00,0,2,01,A01
201100012060,0,02,000,00,2,1,01,B02
201100012060,0,07,000,02,0,1,01,A01
201100012061,0,07,000,00,2,8,01,B02
201100012061,0,30,000,00,2,2,17,A01
201100012062,0,07,000,00,2,2,19,A01
201100012062,0,33,000,00,2,1,01,B02
201100012063,0,07,000,00,2,1,15,A01
201100012063,0,32,000,00,2,2,17,B02
201100012063,0,33,000,00,2,1,02,C03
201100012064,0,33,000,00,2,1,17,A01
201100012064,0,07,000,00,2,6,01,B02
201100012065,0,07,000,00,1,8,15,A01
201100012066,0,07,000,00,2,5,01,A01
201100012066,0,33,000,00,2,1,01,B02
201100012067,0,07,000,00,2,2,01,A01
201100012067,0,31,000,01,2,1,15,B02
201100012068,0,07,000,00,2,1,01,B02
201100012068,0,31,000,00,2,1,05,A01
201100012069,0,07,000,02,0,1,01,A01
201100012070,0,34,000,00,1,1,03,A01
201100012071,0,07,000,00,2,3,15,A01
201100012071,0,30,000,00,2,1,01,B02
201100012072,0,07,000,02,0,1,01,A01
201100012073,0,32,000,01,0,1,01,A01
201100012073,0,07,000,00,2,4,23,B02
201100012074,0,07,000,02,0,3,01,A01
201100012075,0,30,000,00,2,1,01,B02
201100012075,0,07,000,00,2,2,15,A01
201100012076,0,32,000,13,0,1,01,A01
201100012077,0,07,000,00,2,3,19,B02
201100012077,0,33,000,00,2,1,17,A01
201100012078,0,10,000,00,0,1,00,C03
201100012078,0,07,000,00,2,3,01,A01
201100012078,0,10,000,00,2,8,01,B02
201100012079,0,02,000,07,0,1,01,A01
201100012080,0,07,000,00,0,1,01,A01
201100012081,0,07,000,00,2,1,01,B02
201100012081,0,07,000,00,2,1,13,A01
201100012082,0,38,000,00,2,3,01,B02
201100012082,0,07,000,00,2,3,01,A01
201100012083,0,34,000,12,0,9,01,A01
201100012084,0,07,000,00,2,3,15,B02
201100012084,0,33,000,01,2,1,01,A01
201100012085,0,07,000,00,9,3,14,A01
201100012085,0,32,000,00,2,1,01,B02
201100012086,0,30,000,00,0,0,01,A01
201100012087,0,33,000,00,9,1,01,A01
201100012088,0,07,000,00,1,1,01,A01
201100012089,0,07,000,00,0,8,19,A01
201100012089,0,07,000,00,2,1,01,B02
201100012090,0,07,000,00,2,8,19,B02
201100012090,0,07,000,00,2,3,01,A01
201100012091,0,07,000,00,2,3,01,A01
201100012091,0,07,000,00,2,1,01,D04
201100012091,0,07,000,00,2,4,23,B02
201100012091,0,07,000,00,2,8,01,C03
201100012092,0,07,000,00,2,3,13,A01
201100012092,0,33,000,00,0,1,01,B02
201100012092,0,33,000,00,2,6,01,C03
201100012093,0,02,000,00,2,8,01,B02
201100012093,0,07,000,00,2,3,15,A01
201100012094,0,07,000,00,2,3,05,A01
201100012094,0,33,000,00,2,1,01,B02
201100012095,0,07,000,00,2,6,10,A01
201100012095,0,33,000,00,2,1,01,B02
201100012096,0,10,000,04,0,1,14,A01
201100012097,0,07,000,01,0,3,21,A01
201100012097,0,07,000,00,2,3,01,C03
201100012097,0,07,000,00,2,5,23,B02
201100012098,0,07,000,00,1,3,01,A01
201100012099,0,07,000,00,1,3,01,A01
201100012100,0,33,000,06,0,7,01,A01
201100012101,0,30,000,00,2,1,01,A01
201100012101,0,99,000,00,0,8,15,B02
201100012102,0,32,000,00,2,8,17,A01
201100012102,0,07,000,00,2,2,20,B02
201100012103,0,01,000,00,2,2,16,B02
201100012103,0,07,000,00,0,6,18,A01
201100012104,0,10,000,00,2,8,01,C03
201100012104,0,07,000,00,0,3,01,B02
201100012104,0,07,000,00,2,3,13,A01
201100012105,0,07,000,00,0,7,20,B02
201100012105,0,33,000,02,2,1,21,A01
201100012106,0,33,000,00,2,7,01,B02
201100012106,0,30,000,00,2,8,15,A01
201100012107,0,07,000,00,1,2,01,A01
201100012108,0,10,000,00,2,0,17,A01
201100012108,0,30,000,00,2,3,01,B02
201100012109,0,07,000,00,2,6,01,A01
201100012109,0,07,000,00,2,3,01,B02
201100012110,0,07,000,00,2,4,23,B02
201100012110,0,33,000,00,2,3,17,A01
201100012111,0,31,000,00,2,1,01,B02
201100012111,0,30,000,00,2,1,17,A01
201100012112,0,07,000,06,0,1,01,A01
201100012113,0,15,000,00,2,0,01,B02
201100012113,0,31,000,00,2,0,01,A01
201100012114,0,02,000,00,2,1,17,A01
201100012114,0,07,000,00,2,8,15,B02
201100012115,0,07,000,00,2,1,01,B02
201100012115,0,07,000,00,2,1,05,A01
201100012116,0,33,000,00,2,6,01,B02
201100012116,0,07,000,00,2,3,05,A01
201100012117,0,07,000,00,2,1,00,B02
201100012117,0,07,000,00,2,1,05,A01
201100012118,0,07,000,00,1,2,01,A01
201100012119,0,07,000,00,2,8,15,B02
201100012119,0,33,000,00,2,1,01,A01
201100012120,0,32,000,00,2,1,01,A01
201100012120,0,01,000,00,2,7,19,B02
201100012121,0,07,000,00,0,7,15,A01
201100012121,0,33,000,00,2,1,01,B02
201100012122,0,07,000,02,0,1,01,A01
201100012123,0,07,000,00,2,3,13,A01
201100012123,0,07,000,00,2,3,01,B02
201100012124,0,10,000,02,2,7,13,A01
201100012124,0,07,000,00,2,1,01,B02
201100012125,0,07,000,02,0,9,13,A01
201100012126,0,02,000,00,0,0,01,A01
201100012127,0,07,000,00,2,1,15,A01
201100012127,0,07,000,00,2,1,01,B02
201100012128,0,07,000,00,2,1,02,A01
201100012128,0,01,000,00,2,4,02,B02
201100012129,0,33,000,00,2,8,01,B02
201100012129,0,33,000,04,2,8,13,A01
201100012130,0,31,000,00,2,1,01,B02
201100012130,0,13,000,00,2,3,09,A01
201100012131,0,07,000,00,2,3,01,B02
201100012131,0,07,000,00,2,3,13,A01
201100012132,0,07,000,00,2,2,01,B02
201100012132,0,07,000,00,2,2,05,A01
201100012133,0,07,000,00,0,4,15,B02
201100012133,0,33,000,00,2,1,02,A01
201100012134,0,07,000,00,2,1,13,A01
201100012134,0,07,000,00,0,0,01,C03
201100012134,0,07,000,00,2,8,01,B02
201100012135,0,07,000,00,2,6,15,A01
201100012135,0,07,000,00,2,1,01,B02
201100012136,0,01,000,00,2,8,01,B02
201100012136,0,14,000,00,2,7,01,A01
201100012137,0,33,000,00,0,1,13,A01
201100012137,0,07,000,00,0,1,01,B02
201100012138,0,30,000,00,2,1,01,B02
201100012138,0,07,000,00,2,3,01,A01
201100012139,0,02,000,14,0,1,01,A01
201100012140,0,07,000,00,2,3,01,B02
201100012140,0,02,000,00,2,1,19,A01
201100012141,0,10,000,00,1,7,01,A01
201100012142,0,02,000,16,0,3,01,A01
201100012143,0,07,000,00,2,7,14,B02
201100012143,0,07,000,00,2,2,23,A01
201100012144,0,07,000,00,2,3,13,A01
201100012144,0,02,000,00,2,6,01,B02
201100012145,0,07,000,00,0,6,01,C03
201100012145,0,07,000,00,2,1,05,A01
201100012145,0,33,000,00,2,1,01,B02
201100012146,0,33,000,00,2,1,01,A01
201100012146,0,07,000,00,2,3,19,B02
201100012147,0,02,000,00,2,1,01,B02
201100012147,0,10,000,00,2,3,15,A01
201100012148,0,34,000,00,2,1,01,A01
201100012148,0,32,000,00,2,2,15,B02
201100012149,0,33,000,00,2,1,01,A01
201100012149,0,07,000,00,2,3,13,B02
201100012150,0,33,000,00,2,1,01,A01
201100012150,0,07,000,00,0,8,09,B02
201100012151,0,07,000,03,0,1,13,A01
201100012152,0,07,000,00,2,3,17,A01
201100012152,0,07,000,00,2,3,01,B02
201100012153,0,07,000,13,0,1,00,A01
201100012154,0,33,000,00,2,1,01,C03
201100012154,0,07,000,00,2,1,13,A01
201100012154,0,33,000,09,2,3,01,B02
201100012155,0,07,000,02,0,2,14,A01
201100012156,0,07,000,08,0,1,13,A01
201100012157,0,30,000,00,1,0,00,A01
201100012158,0,07,000,00,1,2,17,A01
201100012159,0,07,000,00,2,3,13,A01
201100012159,0,07,000,00,2,3,01,B02
201100012160,0,33,000,01,0,1,15,A01
201100012161,0,07,000,00,1,1,01,A01
201100012161,0,07,000,00,1,1,02,B02
201100012162,0,07,000,00,2,6,23,C03
201100012162,0,07,000,00,2,1,01,A01
201100012162,0,10,000,00,2,1,15,B02
201100012163,0,07,000,00,2,9,01,A01
201100012163,0,07,000,00,2,1,01,D04
201100012163,0,16,000,00,2,3,01,B02
201100012163,0,10,000,00,2,8,01,E05
201100012163,0,07,000,00,2,1,01,C03
201100012164,0,33,000,00,2,1,17,A01
201100012164,0,07,000,00,2,6,15,B02
201100012165,0,07,000,00,2,8,01,A01
201100012165,0,07,000,00,2,2,19,B02
201100012166,0,15,000,00,2,1,01,B02
201100012166,0,07,000,00,2,5,13,A01
201100012167,0,33,000,00,2,1,01,B02
201100012167,0,07,000,00,2,8,01,A01
201100012168,0,02,000,00,0,1,01,A01
201100012169,0,07,000,00,1,2,01,A01
201100012170,1,31,000,00,2,4,01,B02
201100012170,0,02,000,00,2,1,01,A01
201100012171,0,07,000,00,2,9,01,B02
201100012171,0,07,000,00,2,1,01,A01
201100012172,0,07,000,00,0,9,01,A01
201100012173,0,07,000,00,0,0,15,A01
201100012173,0,33,000,00,0,0,01,B02
201100012174,0,14,000,00,0,1,01,B02
201100012174,0,07,000,00,0,1,01,A01
201100012175,0,07,000,08,0,3,01,A01
201100012176,0,38,000,00,2,7,01,B02
201100012176,0,02,000,00,2,2,15,A01
201100012177,0,31,000,12,0,1,01,A01
201100012178,0,31,000,00,2,1,09,A01
201100012178,0,07,000,00,2,2,01,B02
201100012179,0,07,000,00,1,7,01,A01
201100012180,0,07,000,00,1,1,01,A01
201100012181,0,10,000,00,9,7,16,A01
201100012181,0,01,000,00,2,1,01,B02
201100012182,0,02,000,00,2,1,01,B02
201100012182,0,07,000,00,2,7,15,A01
201100012183,0,02,000,00,0,8,19,B02
201100012183,0,07,000,00,0,1,21,A01
201100012184,0,07,000,08,0,1,14,A01
201100012185,0,07,000,13,0,1,14,A01
201100012186,0,07,000,00,0,9,01,A01
201100012187,0,07,000,13,0,5,00,A01
201100012188,0,07,000,13,0,1,01,A01
201100012189,0,01,000,00,2,8,13,A01
201100012189,0,07,000,00,9,7,01,B02
201100012190,0,07,000,00,2,2,15,A01
201100012190,0,30,000,00,2,1,01,B02
201100012191,0,30,000,00,2,1,01,A01
201100012191,0,07,000,00,2,3,01,B02
201100012192,0,07,000,00,0,4,01,B02
201100012192,0,32,000,00,2,1,01,A01
201100012193,0,01,000,00,2,1,15,B02
201100012193,0,07,000,00,2,3,01,A01
201100012194,0,07,000,00,2,3,01,A01
201100012194,0,02,000,00,2,2,19,B02
201100012195,0,07,000,00,2,8,15,A01
201100012195,0,33,000,00,2,7,17,B02
201100012196,0,07,000,04,2,2,01,A01
201100012196,0,07,000,04,2,6,01,B02
201100012197,0,07,000,00,0,8,10,A01
201100012197,0,33,000,00,2,1,01,B02
201100012198,0,07,000,00,2,2,01,B02
201100012198,0,07,000,00,2,6,11,A01
201100012199,0,14,000,00,1,7,01,A01
201100012200,0,99,000,00,2,0,09,B02
201100012200,0,07,000,00,2,2,01,A01
201100012201,0,07,000,00,0,5,01,A01
201100012201,0,02,000,00,0,1,01,B02
201100012202,0,07,000,00,2,8,01,C03
201100012202,0,07,000,00,2,2,01,A01
201100012202,0,07,000,00,2,6,15,B02
201100012203,0,07,000,00,0,4,23,C03
201100012203,0,10,000,14,0,1,02,A01
201100012203,0,07,000,14,0,9,23,B02
201100012204,0,02,000,00,2,2,17,B02
201100012204,0,07,000,00,2,3,02,A01
201100012205,0,33,000,00,2,1,13,B02
201100012205,0,07,000,00,2,1,01,A01
201100012206,0,07,000,06,0,2,02,A01
201100012207,0,07,000,00,2,2,02,A01
201100012207,0,01,000,00,0,4,02,B02
201100012208,0,07,000,08,0,1,01,A01
201100012209,0,07,000,00,2,2,09,A01
201100012209,0,33,000,00,2,1,01,B02
201100012210,0,07,000,00,2,1,02,B02
201100012210,0,14,000,00,0,5,16,A01
201100012211,0,07,000,00,0,1,00,B02
201100012211,0,07,000,00,0,4,02,A01
201100012212,0,07,000,00,2,1,13,A01
201100012212,0,07,000,00,2,1,01,B02
201100012212,0,07,000,00,2,3,01,C03
201100012213,0,07,000,00,2,1,01,C03
201100012213,0,07,000,00,2,3,13,A01
201100012213,0,07,000,00,2,3,01,B02
201100012214,0,07,000,02,0,1,01,A01
201100012215,0,07,000,08,0,1,14,A01
201100012216,0,10,000,00,0,1,01,A01
201100012217,0,10,000,00,1,2,01,A01
201100012218,0,07,000,00,0,1,02,A01
201100012218,0,14,000,00,0,4,16,B02
201100012219,0,07,000,16,0,1,13,A01
201100012220,0,10,000,00,1,4,04,A01
201100012221,0,07,000,00,2,3,01,A01
201100012221,0,10,000,00,2,2,01,B02
201100012222,0,07,000,00,2,3,01,A01
201100012222,0,07,000,00,2,1,00,B02
201100012223,0,07,000,00,2,3,13,A01
201100012223,0,07,000,00,0,3,01,B02
201100012224,0,07,000,00,2,3,09,B02
201100012224,0,07,000,00,2,2,01,A01
201100012225,0,07,000,02,0,3,01,A01
201100012226,0,07,000,00,2,3,13,B02
201100012226,0,07,000,00,2,3,01,A01
201100012227,0,07,000,00,1,1,02,A01
201100012228,0,07,000,00,2,7,13,A01
201100012228,0,07,000,00,2,1,01,B02
201100012229,0,07,000,08,0,9,01,A01
201100012230,1,07,000,00,9,1,02,A01
201100012230,0,01,000,00,0,4,01,B02
201100012231,0,10,000,16,0,9,01,A01
201100012232,0,07,000,00,2,3,01,B02
201100012232,0,07,000,00,2,2,15,A01
201100012233,0,07,000,00,1,2,01,A01
201100012234,0,30,000,08,0,3,01,A01
201100012235,0,01,000,00,2,1,01,B02
201100012235,0,07,000,00,0,3,17,A01
201100012236,0,07,000,02,0,8,01,A01
201100012237,0,10,000,00,1,2,15,A01
201100012238,0,07,000,00,2,3,15,A01
201100012238,0,33,000,00,2,1,01,B02
201100012239,0,10,000,00,1,2,19,A01
201100012240,0,33,000,13,0,1,01,A01
201100012240,0,33,000,13,0,1,01,B02
201100012241,0,07,000,02,0,9,01,A01
201100012242,0,07,000,00,2,3,01,B02
201100012242,0,07,000,00,2,1,13,A01
201100012243,0,07,000,00,2,3,01,A01
201100012243,0,07,000,00,2,3,01,B02
201100012244,0,14,000,10,0,7,01,A01
201100012245,0,07,000,14,0,2,01,A01
201100012246,0,10,000,00,0,2,15,A01
201100012246,0,33,000,00,0,1,01,B02
201100012247,0,07,000,00,1,1,15,A01
201100012248,0,07,000,00,2,1,15,A01
201100012248,0,33,000,00,2,1,01,B02
201100012249,0,07,000,02,0,8,01,A01
201100012250,0,07,000,08,0,1,01,A01
201100012251,0,15,000,00,2,7,16,A01
201100012251,0,33,000,00,2,8,01,B02
201100012252,0,07,000,16,0,8,01,A01
201100012253,0,34,000,00,2,3,01,A01
201100012253,0,33,000,00,2,3,01,B02
201100012254,0,07,000,00,2,1,09,A01
201100012254,0,07,000,00,2,4,01,B02
201100012255,0,33,000,03,0,2,01,A01
201100012256,0,07,000,02,0,7,01,A01
201100012257,0,07,000,13,0,1,01,A01
201100012258,0,07,000,15,0,1,01,A01
201100012259,0,07,000,13,0,8,13,A01
201100012260,0,33,000,14,0,1,01,A01
201100012261,0,33,000,00,2,0,21,A01
201100012261,0,07,000,00,9,1,01,B02
201100012262,0,33,000,13,0,1,01,A01
201100012263,0,07,000,02,0,7,01,A01
201100012264,0,07,000,02,0,7,01,A01
201100012265,0,07,000,00,2,8,17,A01
201100012265,0,33,000,00,2,7,17,B02
201100012266,0,33,000,00,0,4,02,A01
201100012267,0,07,000,00,2,7,19,A01
201100012267,0,31,000,00,2,1,01,B02
201100012268,0,01,000,10,0,1,01,A01
201100012269,0,10,000,02,0,3,13,A01
201100012270,0,07,000,00,2,7,15,A01
201100012270,0,30,000,00,2,1,01,B02
201100012271,0,01,000,00,0,0,01,A01
201100012272,0,07,000,00,2,3,01,A01
201100012272,0,33,000,00,2,6,01,B02
201100012273,0,33,000,13,0,2,01,A01
201100012274,0,07,000,00,2,2,19,A01
201100012274,0,07,000,00,2,3,01,B02
201100012275,0,33,000,06,0,3,00,A01
201100012276,0,07,000,06,0,1,01,A01
201100012277,0,01,000,00,0,0,00,C03
201100012277,0,03,000,00,2,4,16,A01
201100012277,0,01,000,00,0,0,00,B02
201100012278,0,07,000,08,0,1,01,A01
201100012279,0,30,000,00,2,1,01,B02
201100012279,0,07,000,00,2,8,15,A01
201100012280,0,07,000,13,0,2,14,A01
201100012281,0,33,000,00,0,8,01,A01
201100012282,0,07,000,06,0,8,14,A01
201100012283,0,07,000,13,0,2,01,A01
201100012284,0,07,000,14,0,1,01,C03
201100012284,0,21,000,00,2,4,01,A01
201100012284,0,07,000,00,2,1,01,B02
201100012285,0,14,000,00,2,2,01,A01
201100012285,0,07,000,08,2,3,15,B02
201100012286,0,07,000,00,2,8,13,A01
201100012286,0,10,000,00,2,9,01,B02
201100012287,0,17,000,11,0,8,14,A01
201100012288,0,10,000,00,0,4,02,A01
201100012288,0,07,000,00,2,2,02,B02
201100012289,0,33,000,00,0,0,17,A01
201100012290,0,07,000,00,0,3,00,A01
201100012290,0,07,000,00,0,3,05,B02
201100012291,0,07,000,00,2,2,15,A01
201100012291,0,07,000,00,2,1,01,B02
201100012292,0,07,000,00,2,3,09,A01
201100012292,0,07,000,00,2,1,01,B02
201100012293,0,30,000,02,0,2,14,A01
201100012294,0,33,000,02,0,1,01,A01
201100012295,0,07,000,07,0,9,01,A01
201100012296,0,17,000,00,2,6,01,C03
201100012296,0,07,000,00,2,1,01,A01
201100012296,0,07,000,00,2,3,01,B02
201100012297,0,33,000,00,0,1,01,A01
201100012298,0,01,000,00,2,3,01,B02
201100012298,0,31,000,00,9,3,01,A01
201100012299,0,07,000,00,2,1,01,B02
201100012299,0,07,000,00,2,1,01,A01
201100012300,0,07,000,00,0,5,00,A01
201100012300,0,33,000,00,2,1,00,B02
201100012301,0,07,000,00,1,1,01,A01
201100012302,0,07,000,00,2,1,05,A01
201100012302,0,15,000,00,2,1,01,B02
201100012303,0,10,000,00,2,2,15,B02
201100012303,0,33,000,00,2,1,01,A01
201100012304,0,07,000,00,2,8,19,A01
201100012304,0,33,000,00,2,1,01,B02
201100012305,0,07,000,00,2,3,13,A01
201100012305,0,07,000,00,2,1,01,B02
201100012306,0,07,000,00,1,1,01,A01
201100012307,0,07,000,00,2,6,13,A01
201100012307,0,07,000,00,2,3,01,B02
201100012308,0,07,000,00,0,3,15,A01
201100012308,0,07,000,00,2,1,01,B02
201100012309,0,31,000,03,0,7,01,A01
201100012310,0,30,000,00,2,7,01,B02
201100012310,0,37,000,00,2,1,09,A01
201100012311,0,30,000,00,2,1,15,B02
201100012312,0,07,000,00,2,3,05,A01
201100012312,0,07,000,00,2,3,01,B02
201100012313,0,33,000,00,2,7,01,A01
201100012313,0,07,000,00,2,1,19,B02
201100012314,0,30,000,00,2,1,01,A01
201100012314,0,07,000,00,2,2,15,B02
201100012315,0,07,000,00,2,1,02,A01
201100012315,0,07,000,00,0,4,00,C03
201100012315,0,07,000,00,2,3,21,B02
201100012316,0,07,000,00,1,3,01,A01
201100012317,0,31,000,00,0,0,00,A01
201100012317,0,07,000,00,0,7,15,B02
201100012318,0,07,000,00,2,1,01,B02
201100012318,0,07,000,00,2,7,01,A01
201100012319,0,10,000,00,2,3,02,A01
201100012319,0,10,000,00,0,5,00,B02
201100012320,0,07,000,00,2,2,02,A01
201100012320,0,01,000,00,0,4,11,B02
201100012321,0,10,000,00,0,2,17,A01
201100012321,0,21,000,00,2,8,15,B02
201100012322,0,07,000,00,2,3,15,A01
201100012322,0,33,000,00,2,1,01,B02
201100012323,0,07,000,00,1,6,20,A01
201100012324,0,33,000,00,0,8,01,A01
201100012325,0,07,000,00,1,2,01,A01
201100012326,0,07,000,00,0,7,15,A01
201100012326,0,31,000,00,0,1,01,B02
201100012327,0,33,000,00,0,1,17,B02
201100012327,0,07,000,00,0,3,15,A01
201100012328,0,07,000,00,1,1,01,A01
201100012329,0,07,000,02,0,9,02,A01
201100012330,0,07,000,06,0,3,05,A01
201100012331,0,07,000,00,2,3,13,A01
201100012331,0,07,000,00,2,3,01,B02
201100012332,0,07,000,00,1,2,01,A01
201100012333,0,07,000,13,0,1,01,A01
201100012334,0,07,000,13,0,2,01,A01
201100012335,0,07,000,00,0,2,01,A01
201100012336,0,07,000,00,0,2,01,A01
201100012337,0,07,000,00,1,2,02,A01
201100012338,0,07,000,12,0,2,01,A01
201100012339,0,30,000,00,0,7,01,A01
201100012340,0,07,000,00,2,2,01,B02
201100012340,0,07,000,00,2,1,09,A01
201100012341,0,07,000,13,0,1,13,A01
201100012342,0,07,000,04,2,1,19,A01
201100012342,0,33,000,00,0,8,01,B02
201100012343,0,07,000,09,0,2,01,A01
201100012344,0,07,000,02,0,9,13,A01
201100012345,0,07,000,00,0,2,01,A01
201100012346,0,07,000,00,2,1,17,A01
201100012346,0,07,000,00,2,1,01,D04
201100012346,0,07,000,00,2,8,01,B02
201100012346,0,07,000,00,2,8,01,C03
201100012347,0,31,000,00,4,1,19,A01
201100012347,0,40,001,00,2,2,01,B02
201100012348,0,31,000,00,2,1,01,B02
201100012348,0,07,000,00,2,3,15,A01
201100012349,0,07,000,00,2,2,15,B02
201100012349,0,07,000,00,2,1,01,A01
201100012350,0,07,000,00,2,1,13,A01
201100012350,0,10,000,00,2,3,01,B02
201100012351,0,33,000,00,0,9,01,A01
201100012352,0,07,000,00,2,2,15,A01
201100012352,0,33,000,00,2,1,01,B02
201100012353,0,10,000,00,9,2,01,B02
201100012353,0,01,000,00,2,1,13,A01
201100012354,0,07,000,00,2,2,16,A01
201100012354,0,32,000,00,2,3,01,B02
201100012355,0,30,000,00,9,1,02,B02
201100012355,0,10,000,00,0,0,01,A01
201100012356,0,07,000,00,1,2,01,A01
201100012357,0,02,000,00,2,5,19,B02
201100012357,0,33,000,00,2,1,01,A01
201100012358,0,02,000,00,2,1,01,B01
201100012358,0,07,000,00,2,3,15,A02
201100012358,0,07,000,00,2,3,01,C03
201100012359,0,15,000,00,0,8,15,A01
201100012359,0,02,000,00,2,1,01,B02
201100012360,0,07,000,00,1,2,17,A01
201100012361,0,10,000,00,1,3,01,A01
201100012362,0,07,000,13,0,3,01,A01
201100012363,0,07,000,00,2,1,13,A01
201100012363,0,07,000,00,2,3,01,B02
201100012364,0,07,000,00,2,3,01,A01
201100012364,0,01,000,00,2,3,01,B02
201100012365,0,07,000,00,2,1,01,B02
201100012365,0,07,000,00,2,5,15,A01
201100012366,0,13,000,00,2,1,01,C03
201100012366,0,07,000,00,2,4,01,A01
201100012366,0,07,000,00,2,4,01,B02
201100012367,0,07,000,02,0,0,01,A01
201100012368,0,07,000,00,2,3,01,B02
201100012368,0,07,000,00,2,3,13,A01
201100012369,0,07,000,00,2,1,01,B02
201100012369,0,07,000,00,2,7,13,A01
201100012370,0,07,000,02,5,2,21,A01
201100012371,0,07,000,00,2,7,01,A01
201100012371,0,07,000,00,2,1,00,B02
201100012372,0,07,000,00,2,1,00,B02
201100012372,0,10,000,00,2,1,00,A01
201100012373,0,07,000,00,1,2,01,A01
201100012374,0,10,000,00,1,2,01,A01
201100012375,0,30,000,00,2,3,05,B02
201100012375,0,10,000,00,2,7,21,A01
201100012376,0,07,000,00,0,4,01,A01
201100012376,0,30,000,15,0,1,01,B02
201100012377,0,33,000,00,0,6,13,B02
201100012377,0,07,000,00,0,2,01,A01
201100012378,0,07,000,02,0,3,00,A01
201100012379,0,33,000,00,0,4,01,B02
201100012379,0,07,000,00,2,3,13,A01
201100012380,0,07,000,00,2,7,01,A01
201100012380,0,01,000,00,2,8,15,B02
201100012381,0,07,000,00,1,1,01,A01
201100012382,0,01,000,00,2,8,00,B02
201100012382,0,10,000,00,2,1,01,A01
201100012383,0,07,000,00,2,1,01,A01
201100012383,0,01,000,00,2,8,19,B02
201100012384,0,07,000,00,2,3,15,B02
201100012384,0,30,000,00,2,1,01,A01
201100012385,0,07,000,13,0,3,01,A01
201100012386,0,07,000,00,2,3,01,B02
201100012386,0,07,000,00,2,3,13,A01
201100012387,0,31,000,00,2,1,02,B02
201100012387,0,07,000,00,2,6,15,A01
201100012388,0,07,000,00,9,2,09,B02
201100012388,0,01,000,00,2,1,05,A01
201100012389,0,07,000,00,1,2,01,A01
201100012390,0,10,000,00,2,4,02,A01
201100012390,0,02,000,00,2,1,02,B02
201100012391,0,07,000,13,0,9,01,A01
201100012392,0,07,000,00,0,7,01,A01
201100012393,0,31,000,01,0,1,01,A01
201100012394,0,07,000,00,2,5,15,A01
201100012394,0,32,000,00,2,1,01,B02
201100012395,0,07,000,02,0,1,01,A01