Num_Acc,senc,catv,occutc,obs,obsm,choc,manv,num_veh
201100013191,0,07,000,00,2,3,01,B02
201100013192,0,07,000,00,0,3,13,A01
201100013192,0,07,000,00,0,3,00,B02
201100013193,0,07,000,10,0,2,14,A01
201100013194,0,33,000,13,0,1,01,A01
201100013195,0,07,000,10,0,1,01,A01
201100013196,0,07,000,12,2,2,13,A01
201100013196,0,07,000,00,2,2,23,B02
201100013197,0,07,000,00,2,6,01,B02
201100013197,0,31,000,00,2,2,01,A01
201100013198,0,07,000,00,2,6,15,B02
201100013198,0,33,000,00,2,3,16,A01
201100013199,0,07,000,00,2,3,21,B02
201100013199,0,07,000,00,2,3,13,A01
201100013200,0,33,000,00,2,1,01,A01
201100013200,0,07,000,00,2,3,01,B02
201100013201,0,10,000,02,0,2,01,A01
201100013202,0,33,000,12,0,1,01,A01
201100013203,0,31,000,09,0,1,01,A01
201100013204,0,07,000,13,0,3,13,A01
201100013205,0,07,000,13,0,1,01,A01
201100013206,0,07,000,00,2,1,13,A01
201100013206,0,07,000,00,2,1,01,B02
201100013207,0,07,000,00,0,3,06,A01
201100013207,0,07,000,00,0,3,01,B02
201100013208,0,10,000,00,2,3,01,B02
201100013208,0,33,000,00,2,1,13,A01
201100013209,0,36,000,13,0,2,01,A01
201100013210,0,07,000,08,0,8,01,A01
201100013211,0,07,000,14,0,2,01,A01
201100013212,0,07,000,00,4,2,01,A01
201100013212,0,39,003,00,2,8,01,B02
201100013213,0,99,000,00,0,0,00,A01
201100013213,0,07,000,00,2,1,13,B02
201100013214,0,07,000,00,2,8,15,A01
201100013214,0,33,000,00,2,2,17,B02
201100013215,0,07,000,00,2,2,13,A01
201100013215,0,07,000,00,2,3,01,B02
201100013216,0,10,000,00,0,0,02,B02
201100013216,0,33,000,00,2,7,02,A01
201100013217,0,33,000,00,2,1,01,B02
201100013217,0,10,000,00,2,3,09,A01
201100013218,0,33,000,00,2,8,01,A01
201100013218,0,33,000,00,2,8,01,B02
201100013219,0,33,000,00,2,9,17,B02
201100013219,0,07,000,00,2,3,01,A01
201100013219,0,07,000,00,2,1,01,C03
201100013220,0,07,000,00,2,3,01,D04
201100013220,0,07,000,00,2,3,01,B02
201100013220,0,07,000,00,2,3,01,C03
201100013220,0,15,000,00,2,6,01,A01
201100013220,0,07,000,00,2,3,01,E05
201100013221,0,38,001,00,0,6,23,A01
201100013221,0,01,000,01,0,2,01,B02
201100013222,0,07,000,13,2,8,00,A01
201100013223,0,10,000,00,2,1,15,A01
201100013223,0,33,000,00,2,1,00,B02
201100013224,0,07,000,00,1,1,01,A01
201100013225,0,02,000,00,2,2,17,A01
201100013225,0,07,000,00,2,3,15,B02
201100013226,0,07,000,00,1,4,20,A01
201100013227,0,07,000,10,0,1,01,A01
201100013228,0,07,000,00,1,1,01,A01
201100013229,0,31,000,00,0,9,01,A01
201100013230,0,34,000,00,2,1,01,B02
201100013230,0,07,000,00,0,5,16,A01
201100013231,0,07,000,00,2,3,13,A01
201100013231,0,07,000,00,2,3,01,B02
201100013232,0,07,000,00,2,3,01,B02
201100013232,0,07,000,00,2,3,01,A01
201100013233,0,07,000,00,2,3,01,B02
201100013233,0,07,000,10,2,6,17,A01
201100013234,0,31,000,00,0,8,01,A01
201100013235,0,31,000,00,2,1,01,A01
201100013235,0,10,000,00,2,3,01,B02
201100013236,0,07,000,00,2,6,15,B02
201100013236,0,32,000,00,2,1,17,A01
201100013237,0,33,000,00,0,7,01,A01
201100013238,0,32,000,13,0,1,01,A01
201100013239,0,30,000,00,2,8,13,A01
201100013239,0,07,000,00,2,1,01,B02
201100013240,0,33,000,08,0,7,01,A01
201100013241,0,07,000,00,2,3,01,B02
201100013241,0,07,000,00,2,3,01,A01
201100013242,0,07,000,00,0,3,01,B02
201100013242,0,33,000,00,2,3,13,A01
201100013243,0,14,000,00,2,1,01,B02
201100013243,0,07,000,00,2,1,01,C03
201100013243,0,07,000,00,2,2,13,A01
201100013244,0,07,000,08,0,1,01,A01
201100013245,0,07,000,08,0,9,01,A01
201100013246,0,01,000,00,2,8,01,B02
201100013246,0,07,000,00,9,7,17,A01
201100013247,0,31,000,06,0,1,13,A01
201100013248,0,33,000,13,0,7,13,A01
201100013249,0,07,000,00,2,3,01,B02
201100013249,0,02,000,00,2,3,13,A01
201100013250,0,07,000,00,2,2,15,A01
201100013250,0,07,000,00,2,1,01,B02
201100013251,0,07,000,04,0,2,21,A01
201100013252,0,31,000,00,2,8,15,B02
201100013252,0,07,000,00,2,1,17,A01
201100013253,0,07,000,00,2,8,13,A01
201100013254,0,07,000,00,2,1,17,A01
201100013254,0,07,000,00,2,1,01,B02
201100013255,0,07,000,06,0,2,01,A01
201100013256,0,07,000,00,2,3,13,A01
201100013256,0,07,000,00,2,3,01,B02
201100013257,0,07,000,01,1,1,01,A01
201100013257,0,14,000,00,0,4,23,B02
201100013258,0,30,000,00,2,8,15,A01
201100013258,0,07,000,00,2,7,17,B02
201100013259,0,07,000,00,2,2,13,B02
201100013259,0,07,000,00,2,1,01,A01
201100013260,0,07,000,00,1,2,00,A01
201100013261,0,07,000,00,0,7,01,A01
201100013262,0,33,000,00,0,0,01,A01
201100013263,0,01,000,00,2,1,15,A01
201100013263,0,10,000,00,9,3,01,B02
201100013264,0,10,000,00,2,8,10,A01
201100013264,0,31,000,00,2,1,01,B02
201100013265,0,07,000,06,0,1,01,A01
201100013266,0,10,000,16,0,1,01,A01
201100013267,0,07,000,00,2,3,01,A01
201100013267,0,07,000,00,2,3,01,B02
201100013268,0,33,000,00,2,1,13,A01
201100013268,0,10,000,00,2,3,01,B02
201100013269,0,07,000,02,0,0,01,A01
201100013270,0,07,000,00,0,6,15,A01
201100013270,0,07,000,00,2,3,17,B02
201100013271,0,07,000,00,2,3,01,A01
201100013271,0,07,000,00,2,3,01,B02
201100013272,0,07,000,00,0,1,13,A01
201100013272,0,14,000,00,2,8,01,B02
201100013273,0,07,000,00,2,1,13,A01
201100013273,0,07,000,00,2,1,01,B02
201100013274,0,10,000,10,0,3,13,A01
201100013274,0,10,000,04,0,3,01,B02
201100013275,0,02,000,00,0,4,02,D04
201100013275,0,30,000,00,0,1,00,B02
201100013276,0,07,000,00,2,3,01,B02
201100013276,0,07,000,00,2,1,01,A01
201100013276,0,07,000,00,2,1,01,C03
201100013277,0,07,000,00,0,6,01,B02
201100013277,0,33,000,00,2,1,01,A01
201100013278,0,33,000,00,0,0,01,A01
201100013279,0,33,000,00,0,1,16,A01
201100013280,0,31,000,00,5,1,01,A01
201100013281,0,07,000,13,0,1,01,A01
201100013282,0,07,000,00,2,2,13,A01
201100013282,0,07,000,00,2,2,01,B02
201100013283,0,07,000,00,2,7,13,A01
201100013283,0,10,000,00,2,1,01,B02
201100013284,0,10,000,08,0,1,14,A01
201100013285,0,07,000,00,6,1,01,A01
201100013286,0,07,000,08,0,1,01,A01
201100013287,0,07,000,00,2,1,01,B02
201100013287,0,07,000,00,2,4,19,A01
201100013288,0,07,000,00,0,3,01,B02
201100013288,0,07,000,00,0,3,01,A01
201100013289,0,10,000,00,0,2,01,A01
201100013290,0,07,000,00,0,6,01,B02
201100013290,0,33,000,00,2,1,01,A01
201100013291,0,07,000,00,2,3,01,B02
201100013291,0,07,000,00,2,3,13,A01
201100013292,0,07,000,00,2,1,13,A01
201100013292,0,14,000,00,2,1,01,B02
201100013293,0,17,000,00,0,0,01,A01
201100013293,0,33,000,00,9,0,01,B02
201100013294,0,07,000,00,1,2,01,A01
201100013295,0,07,000,00,6,1,01,B02
201100013295,0,07,000,00,6,3,01,A01
201100013296,0,10,000,13,0,1,01,A01
201100013297,0,07,000,00,0,4,00,B02
201100013297,0,07,000,00,0,1,00,A01
201100013298,0,07,000,06,0,2,01,A01
201100013299,0,07,000,00,2,2,01,B02
201100013299,0,07,000,00,2,1,13,A01
201100013300,0,07,000,00,0,9,01,A01
201100013301,0,07,000,01,0,2,01,A01
201100013301,0,07,000,01,2,6,24,B02
201100013301,0,07,000,01,0,4,24,C03
201100013302,0,36,000,00,6,2,21,A01
201100013303,0,36,000,00,0,7,01,A01
201100013304,0,07,000,00,0,1,02,A01
201100013304,0,07,000,00,0,4,02,B02
201100013305,0,10,000,00,2,6,15,B02
201100013305,0,10,000,00,2,2,17,A01
201100013306,0,38,002,00,2,8,24,C03
201100013306,0,33,000,01,2,1,17,B02
201100013306,0,07,000,01,2,3,17,A01
201100013307,0,07,000,14,0,0,01,A01
201100013308,0,07,000,01,0,2,00,A01
201100013308,0,07,000,00,0,6,24,B02
201100013309,0,07,000,00,2,1,01,B02
201100013309,0,07,000,00,2,1,13,A01
201100013310,0,07,000,00,2,3,01,B02
201100013310,0,07,000,00,2,3,13,A01
201100013311,0,33,000,14,0,9,17,B02
201100013311,0,33,000,00,2,1,17,A01
201100013311,0,07,000,00,0,3,15,C03
201100013312,0,33,000,02,0,1,17,A01
201100013313,0,34,000,02,0,1,01,A01
201100013314,0,07,000,00,2,3,01,B02
201100013314,0,07,000,00,0,5,15,A01
201100013315,0,07,000,00,1,7,01,A01
201100013316,0,10,000,00,2,1,01,A01
201100013316,0,01,000,00,2,7,19,B02
201100013317,0,07,000,00,2,1,01,A01
201100013317,0,32,000,00,2,1,13,B02
201100013318,0,33,000,00,2,1,17,B02
201100013318,0,07,000,00,2,8,09,A01
201100013319,0,31,000,00,2,3,10,A01
201100013319,0,07,000,00,2,2,17,B02
201100013320,0,07,000,00,2,1,13,A01
201100013320,0,10,000,00,2,2,01,B02
201100013321,0,07,000,00,0,7,23,A01
201100013321,0,07,000,02,2,1,18,B02
201100013322,0,07,000,00,2,3,01,B02
201100013322,0,07,000,00,2,3,13,A01
201100013323,0,07,000,00,2,3,15,A01
201100013323,0,30,000,00,2,2,17,B02
201100013324,0,07,000,05,2,3,13,A01
201100013324,0,07,000,05,2,3,01,B02
201100013325,0,07,000,00,2,8,01,B02
201100013325,0,07,000,00,2,9,01,A01
201100013326,0,99,000,00,0,9,00,A01
201100013327,0,07,000,00,2,1,01,A01
201100013327,0,07,000,00,0,4,01,B01
201100013328,0,07,000,00,0,4,01,B01
201100013328,0,33,000,00,2,1,01,A01
201100013329,0,07,000,06,0,2,14,A01
201100013330,0,07,000,00,,5,16,A01
201100013330,0,33,000,00,2,3,13,B02
201100013331,0,10,000,05,0,1,01,A01
201100013332,0,07,000,00,0,4,02,C02
201100013332,0,07,000,00,2,1,02,A01
201100013332,0,07,000,00,,4,01,B02
201100013333,0,01,000,00,,3,01,B01
201100013333,0,07,000,00,2,7,02,A01
201100013334,0,01,000,00,1,1,02,A01
201100013335,0,07,000,13,0,1,01,A01
201100013336,0,33,000,00,2,1,21,B02
201100013336,0,07,000,00,,6,15,A01
201100013337,0,07,000,00,1,1,01,A01
201100013338,0,01,000,00,,1,01,B01
201100013338,0,07,000,00,2,2,15,A01
201100013339,0,07,000,00,1,3,01,A01
201100013340,0,07,000,00,2,7,17,A01
201100013340,0,07,000,00,,3,01,B01
201100013340,0,07,000,00,2,2,21,C01
201100013341,0,10,000,06,0,1,14,A01
201100013342,0,07,000,00,1,1,01,A01
201100013343,0,07,000,00,1,2,14,A01
201100013344,0,31,000,12,0,1,01,A01
201100013345,0,36,000,00,,2,01,B01
201100013345,0,07,000,00,2,3,09,A01
201100013346,0,07,000,00,1,1,01,A01
201100013347,0,33,000,00,2,1,23,A01
201100013347,0,33,000,00,,7,01,B01
201100013348,0,01,000,00,,1,05,A01
201100013348,0,07,000,00,2,2,01,B01
201100013349,0,07,000,,2,1,16,A01
201100013349,0,01,000,00,,1,19,B02
201100013350,0,07,000,00,1,1,01,A01
201100013351,0,07,000,00,1,2,01,A01
201100013352,0,33,000,06,2,4,21,A02
201100013352,0,07,000,00,,3,01,B01
201100013353,0,01,000,00,2,4,19,A01
201100013353,0,33,000,00,2,1,01,B01
201100013354,0,07,000,06,0,4,01,B01
201100013354,0,07,000,00,2,1,01,A01
201100013355,0,07,000,00,0,3,01,B01
201100013355,0,01,000,00,2,1,01,A01
201100013356,0,31,000,00,,7,15,B01
201100013356,0,07,000,00,2,3,15,A01
201100013357,0,07,000,00,2,1,01,E01
201100013357,0,07,000,00,2,6,12,B01
201100013357,0,15,000,00,2,2,12,A01
201100013357,0,07,000,01,,3,01,C01
201100013358,0,07,000,00,2,2,15,B01
201100013358,0,33,000,00,,7,01,A01
201100013359,0,07,000,00,1,2,15,A01
201100013360,0,33,000,00,1,1,23,A01
201100013361,0,07,000,00,2,4,23,B01
201100013361,0,14,000,00,2,1,01,A01
201100013361,0,07,000,00,,4,23,C01
201100013362,0,10,000,00,1,1,01,A01
201100013363,0,33,000,00,,1,01,B01
201100013363,0,07,000,00,2,3,15,A01
201100013364,0,10,000,00,1,8,15,A01
201100013365,0,31,000,00,,1,01,B01
201100013365,0,07,000,00,2,2,15,A01
201100013366,0,33,000,00,,1,01,B02
201100013366,0,07,000,00,2,8,16,A01
201100013367,0,02,000,00,1,1,17,A01
201100013368,0,07,000,00,1,2,16,A01
201100013369,0,02,000,00,0,4,16,B01
201100013369,0,02,000,00,2,1,01,A01
201100013370,0,10,000,00,1,7,01,A01
201100013371,0,07,000,00,,3,01,B01
201100013371,0,07,000,00,2,1,15,A01
201100013372,0,10,000,08,0,2,02,A01
201100013373,0,07,000,00,2,1,17,A01
201100013373,0,07,000,00,2,3,01,B02
201100013374,0,07,000,06,0,6,00,A01
201100013375,0,07,000,00,1,2,01,A01
201100013376,0,07,000,13,0,1,01,A01
201100013377,0,07,000,00,0,9,17,A01
201100013378,0,01,000,00,2,8,13,B02
201100013378,0,07,000,00,9,2,17,A01
201100013379,0,07,000,00,2,4,02,B02
201100013379,0,33,000,00,2,1,02,A01
201100013380,0,07,000,00,2,2,13,A01
201100013380,0,14,000,00,2,2,01,B02
201100013381,0,07,000,00,2,6,15,A01
201100013381,0,33,000,00,2,1,17,B02
201100013382,0,07,000,00,0,9,01,A01
201100013383,0,07,000,00,1,2,00,A01
201100013384,0,07,000,00,2,8,21,A01
201100013385,0,07,000,00,2,1,01,B02
201100013385,2,07,000,00,2,2,15,A01
201100013386,0,07,000,00,2,1,01,A01
201100013386,0,07,000,00,2,8,13,B02
201100013387,0,07,000,00,0,0,14,A01
201100013388,0,33,000,00,2,1,01,A01
201100013388,0,07,000,00,2,1,15,B02
201100013389,0,07,000,00,0,9,01,A01
201100013390,0,30,000,00,2,1,01,B02
201100013390,0,07,000,00,2,1,15,A01
201100013391,0,31,000,12,0,7,01,A01
201100013392,0,07,000,13,0,0,01,A01
201100013393,0,33,000,02,0,1,01,A01
201100013394,0,15,000,00,2,3,01,C03
201100013394,0,33,000,00,2,1,01,A01
201100013394,0,07,000,00,2,3,17,B02
201100013395,0,33,000,00,2,1,13,A01
201100013395,0,07,000,00,2,1,01,B02
201100013396,0,33,000,00,1,7,12,B02
201100013396,0,33,000,,2,7,14,A01
201100013397,0,07,000,,2,1,01,A01
201100013397,0,10,000,00,2,1,01,B02
201100013398,0,01,000,00,2,4,01,B02
201100013398,0,07,000,00,2,1,01,A01
201100013399,1,07,000,00,1,2,21,A01
201100013400,0,07,000,00,2,3,01,A01
201100013400,0,07,000,00,2,3,13,B02
201100013401,0,07,000,08,0,1,01,A01
201100013402,0,07,000,12,0,2,00,A01
201100013403,0,33,000,00,2,3,01,A01
201100013403,0,07,000,00,2,8,15,B02
201100013404,0,07,000,13,0,1,00,A01
201100013405,0,07,000,00,2,3,17,A01
201100013405,0,07,000,00,2,3,01,B02
201100013406,0,07,000,00,0,3,01,A01
201100013406,0,33,000,00,0,3,01,B02
201100013407,0,07,000,00,2,2,01,B02
201100013407,0,02,000,00,2,8,00,A01
201100013408,0,07,000,01,2,6,14,A01
201100013408,0,07,000,09,2,3,01,B02
201100013409,0,07,000,00,2,8,01,B02
201100013409,0,07,000,00,2,8,19,A01
201100013410,0,33,000,00,0,0,01,A01
201100013411,0,07,000,00,2,1,01,B02
201100013411,0,07,000,00,2,1,03,A01
201100013412,0,07,000,02,0,9,01,A01
201100013413,0,07,000,00,2,7,17,B01
201100013413,0,01,000,00,2,8,15,A01
201100013414,0,07,000,00,2,3,01,C03
201100013414,0,34,000,00,2,9,01,B02
201100013414,0,33,000,00,2,9,17,A01
201100013415,0,33,000,00,0,3,01,B02
201100013415,0,33,000,00,0,3,01,A01
201100013415,0,33,000,00,0,8,01,C03
201100013416,0,33,000,00,2,3,01,A01
201100013416,0,07,000,00,2,7,17,B02
201100013417,0,07,000,00,2,3,13,A01
201100013417,0,07,000,00,2,6,01,B02
201100013418,0,33,000,00,2,1,17,A01
201100013418,0,07,000,00,2,1,01,B02
201100013419,0,07,000,02,0,1,15,A01
201100013420,0,07,000,00,0,1,19,A01
201100013421,0,31,000,00,2,1,17,B02
201100013421,0,07,000,00,2,3,01,A01
201100013422,0,30,000,00,2,1,01,A01
201100013422,0,07,000,00,2,3,01,B02
201100013423,0,07,000,02,0,1,01,A01
201100013424,0,07,000,00,2,3,13,A01
201100013424,0,07,000,00,2,3,01,B02
201100013425,0,07,000,00,2,3,13,A01
201100013425,0,07,000,00,2,3,01,B02
201100013426,0,02,000,16,0,1,01,A01
201100013427,0,30,000,01,0,1,01,A01
201100013428,0,02,000,00,2,1,01,B02
201100013428,0,07,000,00,0,5,15,A01
201100013429,0,07,000,00,1,2,01,A01
201100013430,0,33,000,00,1,1,06,A01
201100013431,0,33,000,00,2,0,01,C03
201100013431,0,33,000,00,2,0,01,D04
201100013431,0,07,000,00,2,6,23,A01
201100013431,0,33,000,00,2,0,01,B02
201100013432,0,02,000,00,1,1,00,A01
201100013433,0,07,000,00,2,3,01,B02
201100013433,0,02,000,00,2,1,01,A01
201100013434,0,07,000,00,1,3,01,A01
201100013435,0,07,000,15,0,1,01,A01
201100013436,0,07,000,00,0,7,01,A01
201100013437,0,07,000,00,2,3,01,A01
201100013437,0,02,000,00,2,1,01,B02
201100013438,0,07,000,00,2,8,15,A01
201100013438,0,10,000,00,2,1,01,B02
201100013439,0,07,000,00,2,3,01,C03
201100013439,0,33,000,00,2,8,03,A01
201100013439,0,07,000,00,2,2,12,B02
201100013440,0,33,000,00,1,1,01,A01
201100013441,0,07,000,00,2,1,01,B02
201100013441,0,01,000,00,2,7,21,A01
201100013442,0,07,000,00,2,7,15,B02
201100013442,0,33,000,00,2,1,01,A01
201100013443,0,07,000,00,2,3,01,C03
201100013443,0,07,000,00,2,1,21,B02
201100013443,0,07,000,00,0,0,17,A01
201100013444,0,07,000,16,0,0,01,A01
201100013445,0,07,000,00,2,3,13,A01
201100013445,0,17,000,00,2,3,01,B02
201100013446,0,33,000,03,0,5,01,A01
201100013447,0,30,000,00,2,1,19,A01
201100013448,0,07,000,02,0,1,01,A01
201100013449,0,07,000,09,0,1,01,A01
201100013450,0,07,000,00,2,3,01,A01
201100013450,0,02,000,00,2,1,01,B02
201100013451,0,07,000,00,2,6,01,B02
201100013451,0,07,000,00,2,3,01,A01
201100013452,0,07,000,00,0,4,23,B02
201100013452,0,07,000,00,2,1,01,A01
201100013453,0,35,000,00,2,8,00,A01
201100013453,0,10,000,00,2,2,01,B02
201100013454,0,07,000,02,0,1,00,A01
201100013455,0,33,000,00,2,7,06,B02
201100013455,0,10,000,00,2,1,01,A01
201100013456,0,07,000,00,1,3,15,A01
201100013457,0,07,000,12,0,1,01,A01
201100013458,0,32,000,13,0,3,01,A01
201100013459,0,07,000,16,0,1,01,A01
201100013460,0,07,000,00,2,1,02,A01
201100013460,0,33,000,00,2,4,15,B02
201100013461,0,07,000,00,2,1,01,B02
201100013461,0,07,000,13,2,9,01,A01
201100013462,0,31,000,00,0,1,01,A01
201100013463,0,10,000,00,0,3,01,A01
201100013464,0,17,000,00,2,7,15,B02
201100013464,0,30,000,00,2,3,21,A01
201100013465,0,15,000,00,1,2,17,A01
201100013466,1,07,000,00,1,2,13,A01
201100013467,0,07,000,00,2,1,01,B02
201100013467,1,07,000,00,2,1,09,A01
201100013468,0,33,000,00,2,4,05,A01
201100013468,0,38,001,00,2,1,16,B02
201100013469,0,33,000,03,0,1,03,A01
201100013470,0,07,000,00,0,1,01,A01
201100013470,0,33,000,00,0,2,05,B02
201100013471,0,07,000,00,0,1,16,B02
201100013472,0,10,000,00,2,2,19,B02
201100013472,0,33,000,00,2,1,01,A01
201100013473,0,14,000,00,2,1,01,B02
201100013473,0,07,000,00,2,3,11,A01
201100013474,0,07,000,00,0,9,01,A01
201100013475,0,07,000,00,2,5,13,A01
201100013475,0,07,000,00,2,1,01,B02
201100013476,0,07,000,00,2,1,01,A01
201100013476,0,10,000,00,2,3,01,B02
201100013477,0,07,000,00,2,2,19,A01
201100013477,0,07,000,00,2,1,01,B02
201100013478,0,07,000,00,2,2,15,B02
201100013478,0,33,000,00,2,1,01,A01
201100013479,0,10,000,00,1,2,01,A01
201100013480,0,07,000,00,2,1,01,C03
201100013480,0,07,000,00,2,7,11,A01
201100013480,0,07,000,00,1,1,01,B02
201100013481,0,07,000,00,2,8,01,A01
201100013481,0,02,000,00,2,1,02,B02
201100013482,0,14,000,01,2,4,04,B02
201100013482,0,02,000,00,2,1,23,A01
201100013483,0,07,000,13,0,1,01,A01
201100013484,0,10,000,00,2,3,01,B02
201100013484,0,15,000,00,2,1,01,A01
201100013485,0,01,000,00,2,1,15,B02
201100013485,0,07,000,00,2,2,13,A01
201100013486,0,33,000,00,2,1,01,B02
201100013486,0,07,000,00,0,2,15,A01
201100013487,0,07,000,01,0,2,14,A01
201100013488,0,33,000,00,2,3,01,A01
201100013488,0,07,000,00,2,5,16,B02
201100013489,0,07,000,00,2,1,17,A01
201100013489,0,07,000,00,2,1,01,B02
201100013490,0,07,000,00,2,1,01,B02
201100013490,0,38,003,00,2,1,06,A01
201100013491,0,10,000,00,2,1,15,A01
201100013491,0,07,000,00,2,8,01,B02
201100013492,0,07,000,02,0,1,01,A01
201100013493,0,07,000,02,0,1,01,A01
201100013494,0,15,000,00,2,1,19,B02
201100013494,0,07,000,00,2,1,01,A01
201100013495,0,07,000,00,2,2,01,B02
201100013495,0,07,000,00,2,2,01,A01
201100013496,0,31,000,00,2,1,13,A01
201100013496,0,07,000,00,2,1,01,B02
201100013497,0,07,000,00,1,1,01,A01
201100013498,0,07,000,08,2,1,01,A01
201100013498,0,33,000,00,2,1,01,B02
201100013499,0,07,000,02,0,8,13,A01
201100013500,0,07,000,00,0,8,01,A01
201100013501,0,07,000,00,1,7,01,A01
201100013502,0,30,000,01,0,1,01,A01
201100013503,0,30,000,08,0,1,01,A01
201100013504,0,07,000,01,0,1,01,A01
201100013505,0,07,000,00,2,3,15,A01
201100013505,0,30,000,00,2,1,01,B02
201100013506,0,07,000,04,0,9,01,A01
201100013507,0,07,000,00,2,1,20,B02
201100013507,0,02,000,00,2,1,01,A01
201100013508,0,07,000,00,1,4,20,A01
201100013509,0,07,000,00,1,2,01,A01
201100013510,0,07,000,06,0,1,01,A01
201100013511,0,33,000,00,2,4,02,B02
201100013511,0,33,000,00,2,1,01,A01
201100013512,0,02,000,00,0,1,01,A01
201100013513,0,07,000,00,2,7,01,A01
201100013513,0,31,000,00,2,8,09,B02
201100013514,0,07,000,02,0,1,01,A01
201100013515,0,34,000,00,2,1,21,A01
201100013515,0,07,000,00,2,5,02,C03
201100013515,0,07,000,00,2,4,02,B02
201100013516,0,07,000,00,2,3,01,B02
201100013516,0,07,000,00,2,3,13,A01
201100013517,0,33,000,00,2,1,17,A01
201100013517,0,07,000,00,2,6,10,B02
201100013518,0,33,000,00,2,7,17,B02
201100013518,0,07,000,00,2,6,10,A01
201100013519,0,33,000,11,0,1,17,A01
201100013520,0,07,000,01,1,6,02,B02
201100013520,0,07,000,01,0,2,01,A01
201100013521,0,07,000,00,2,7,01,B02
201100013521,0,07,000,00,2,7,05,A01
201100013522,0,07,000,00,2,3,17,A01
201100013522,0,07,000,00,2,3,01,B02
201100013523,0,07,000,00,2,1,19,B02
201100013523,0,33,000,12,2,7,01,A01
201100013524,0,07,000,00,0,8,02,B02
201100013524,0,07,000,00,0,1,19,A01
201100013525,0,07,000,11,1,2,02,A01
201100013526,0,07,000,00,0,3,01,A01
201100013527,0,07,000,00,2,1,15,A01
201100013527,0,38,001,00,2,1,01,B02
201100013528,0,07,000,00,2,3,13,A01
201100013528,0,02,000,00,2,3,01,B02
201100013529,0,07,000,02,0,3,14,A01
201100013530,0,17,000,00,2,6,01,A01
201100013530,0,02,000,00,2,1,02,B02
201100013531,0,07,000,00,2,2,15,A01
201100013531,0,33,000,00,2,1,01,B02
201100013532,0,10,000,00,2,5,12,A01
201100013532,0,33,000,00,2,1,03,B02
201100013533,0,07,000,00,1,1,01,A01
201100013534,0,07,000,16,0,9,01,A01
201100013535,0,07,000,02,0,8,01,A01
201100013536,0,31,000,00,2,1,17,A01
201100013536,0,10,000,00,2,3,15,B02
201100013537,0,07,000,00,2,4,13,B02
201100013537,0,10,000,00,2,2,01,A01
201100013538,0,07,000,00,2,1,05,A01
201100013538,0,07,000,00,2,1,01,B02
201100013539,0,07,000,00,2,3,15,A01
201100013539,0,31,000,00,2,2,17,B02
201100013540,0,07,000,00,2,3,01,B02
201100013540,0,07,000,00,2,2,13,A01
201100013541,0,07,000,00,2,2,01,A01
201100013541,0,07,000,00,2,3,15,B02
201100013542,0,10,000,00,2,1,15,A01
201100013542,0,07,000,00,2,3,16,B02
201100013543,0,33,000,00,0,8,01,A01
201100013544,0,07,000,00,2,3,13,A01
201100013544,0,07,000,00,2,3,01,B02
201100013544,0,07,000,00,2,1,02,C03
201100013545,0,07,000,00,2,1,01,A01
201100013545,0,01,000,00,2,1,01,B02
201100013546,0,01,000,00,2,1,01,B02
201100013546,0,07,000,00,2,5,15,A01
201100013547,0,07,000,00,2,1,01,B02
201100013547,0,07,000,00,2,1,01,A01
201100013548,0,14,000,00,2,7,00,B02
201100013548,0,99,000,00,2,8,01,A01
201100013549,0,07,000,00,2,2,13,A01
201100013549,0,07,000,00,2,2,01,B02
201100013550,0,01,000,00,2,1,01,B02
201100013550,0,01,000,00,2,1,01,A01
201100013551,0,33,000,00,0,7,17,B02
201100013552,0,07,000,00,2,1,01,A01
201100013552,0,07,000,00,2,3,19,B02
201100013553,0,07,000,00,2,2,11,A01
201100013553,0,33,000,00,2,1,01,B02
201100013554,0,31,000,00,2,1,01,A01
201100013554,0,07,000,00,2,1,01,B02
201100013555,0,07,000,13,0,9,01,A01
201100013556,0,07,000,00,2,1,13,A01
201100013556,0,07,000,00,2,1,01,B02
201100013557,0,07,000,02,0,3,01,A01
201100013558,0,07,000,00,2,1,01,A01
201100013558,0,07,000,00,2,1,01,B02
201100013559,0,07,000,00,2,3,01,B02
201100013559,0,07,000,00,2,3,13,A01
201100013560,0,07,000,00,2,1,05,A01
201100013560,0,14,000,00,2,1,01,B02
201100013561,0,07,000,02,0,3,13,A01
201100013562,0,10,000,00,2,4,01,A01
201100013562,0,07,000,00,2,1,17,D04
201100013562,0,07,000,00,2,1,02,B02
201100013562,0,07,000,00,2,1,11,C03
201100013563,0,07,000,13,0,1,01,A01
201100013564,0,07,000,00,2,7,05,A01
201100013564,0,07,000,00,2,2,01,B02
201100013565,0,07,000,02,0,8,01,A01
201100013566,0,07,000,16,0,1,01,A01
201100013567,0,07,000,00,2,8,15,A01
201100013567,0,07,000,00,2,1,01,B02
201100013568,0,07,000,02,0,1,01,A01
201100013569,0,15,000,00,2,3,01,B02
201100013569,0,07,000,00,2,3,13,A01
201100013570,0,01,000,,2,3,01,B02
201100013570,0,10,000,,2,3,10,A01
201100013571,0,02,000,00,2,3,01,B02
201100013571,0,02,000,00,2,3,01,A01
201100013572,0,07,000,00,2,3,01,B02