Num_Acc,senc,catv,occutc,obs,obsm,choc,manv,num_veh
201100013572,0,07,000,00,2,3,01,A01
201100013573,0,07,000,00,2,3,13,A01
201100013573,0,07,000,00,2,3,01,B02
201100013574,0,07,000,00,2,1,13,A01
201100013574,0,07,000,00,2,2,01,B02
201100013574,0,07,000,00,2,1,01,D04
201100013574,0,07,000,00,2,3,01,C03
201100013575,0,07,000,00,2,1,01,B02
201100013575,0,07,000,00,2,1,17,A01
201100013576,0,33,000,00,6,1,01,A01
201100013577,0,01,000,00,2,1,01,B02
201100013577,0,07,000,00,2,2,15,A01
201100013578,0,15,000,00,2,3,01,A01
201100013578,0,07,000,00,2,3,13,B02
201100013579,0,07,000,16,0,9,01,A01
201100013580,2,07,000,13,0,9,16,A01
201100013581,0,01,000,00,2,1,17,A01
201100013581,0,07,000,00,2,2,16,B02
201100013582,0,07,000,00,2,3,15,B02
201100013582,0,07,000,00,2,3,01,A01
201100013583,0,07,000,,2,8,01,A01
201100013583,0,01,000,,2,1,15,B02
201100013584,0,07,000,00,2,3,13,A01
201100013584,0,14,000,00,2,1,21,C03
201100013584,0,10,000,00,2,3,01,B02
201100013585,0,17,000,00,2,4,23,A01
201100013585,0,07,000,14,0,1,01,B02
201100013586,0,07,000,00,2,1,01,B02
201100013586,0,07,000,00,2,1,13,A01
201100013587,0,33,000,00,2,7,16,B02
201100013587,0,07,000,00,2,1,18,A01
201100013588,0,07,000,00,2,2,02,B02
201100013588,0,10,000,00,2,6,02,A01
201100013589,0,33,000,09,0,2,01,A01
201100013590,0,31,000,00,2,8,15,B02
201100013590,0,33,000,00,2,1,01,A01
201100013591,0,07,000,06,0,1,01,A01
201100013592,0,07,000,06,2,2,01,B02
201100013592,0,07,000,00,2,6,11,A01
201100013593,0,07,000,00,2,8,15,B02
201100013593,0,10,000,00,2,1,01,A01
201100013594,0,07,000,00,2,8,15,A01
201100013594,0,07,000,00,2,1,01,B02
201100013595,0,07,000,02,0,8,13,A01
201100013596,0,07,000,00,2,4,02,B02
201100013596,0,33,000,00,2,1,02,A01
201100013597,0,33,000,00,2,2,02,A01
201100013597,0,07,000,00,2,6,15,B02
201100013598,0,32,000,00,2,6,02,B02
201100013598,0,10,000,00,2,2,02,A01
201100013599,0,07,000,00,2,2,02,A01
201100013599,0,01,000,00,2,5,19,B02
201100013600,0,07,000,00,2,2,15,A01
201100013600,0,31,000,00,2,1,01,B02
201100013601,0,07,000,00,1,2,01,A01
201100013602,0,30,000,00,2,1,01,B02
201100013602,0,07,000,00,2,3,19,A01
201100013603,1,10,000,00,1,4,04,A01
201100013604,0,07,000,00,2,4,01,A01
201100013604,0,30,000,00,2,1,01,B02
201100013605,0,07,000,00,2,1,01,B02
201100013605,0,07,000,00,2,2,01,A01
201100013606,0,07,000,00,2,1,13,B02
201100013606,0,07,000,00,2,1,01,A01
201100013607,0,07,000,00,2,4,23,A01
201100013607,0,07,000,01,,1,01,B02
201100013608,0,07,000,00,1,2,19,A01
201100013609,0,32,000,02,0,1,01,A01
201100013610,0,10,000,00,2,8,01,A01
201100013610,0,30,000,00,2,1,01,B02
201100013611,0,07,000,00,1,1,01,A01
201100013612,0,10,000,00,2,6,19,A01
201100013612,0,10,000,00,2,1,01,B02
201100013613,0,07,000,00,2,1,02,D04
201100013613,0,10,000,00,2,3,14,B02
201100013613,0,07,000,00,2,3,13,A01
201100013613,0,07,000,00,2,1,02,C03
201100013614,0,33,000,00,0,1,01,A01
201100013615,0,33,000,08,0,1,01,A01
201100013616,0,02,000,06,0,1,01,A01
201100013617,0,07,000,11,0,6,00,A01
201100013618,0,07,000,06,0,1,19,A01
201100013619,0,07,000,01,9,2,15,B01
201100013619,0,01,000,00,2,2,01,A02
201100013620,0,33,000,00,2,3,01,B02
201100013620,0,07,000,00,2,1,19,A01
201100013621,0,07,000,00,2,5,15,A01
201100013621,0,33,000,00,2,2,01,B02
201100013622,2,07,000,00,9,3,15,A01
201100013622,0,01,000,00,2,1,01,B02
201100013623,0,07,000,00,2,1,19,A01
201100013623,0,07,000,00,2,6,01,B02
201100013623,0,13,000,00,2,2,01,C03
201100013624,0,15,000,00,2,1,02,A01
201100013624,0,07,000,00,2,4,11,B02
201100013625,0,07,000,00,2,1,02,A01
201100013625,0,07,000,00,2,4,01,B02
201100013625,0,07,000,00,2,1,01,C03
201100013626,0,37,001,00,1,7,20,A01
201100013627,0,07,000,00,2,3,01,B02
201100013627,0,31,000,00,2,1,19,A01
201100013628,0,07,000,13,0,2,14,A01
201100013629,0,07,000,00,9,2,01,A01
201100013629,0,01,000,00,2,1,01,B02
201100013630,0,21,000,00,0,8,16,B02
201100013630,0,33,000,00,2,1,01,A01
201100013631,0,17,000,00,2,2,01,A01
201100013631,0,07,000,00,2,6,19,B02
201100013632,0,07,000,00,0,3,13,A01
201100013632,0,07,000,00,0,3,01,B02
201100013633,0,07,000,04,0,1,01,A01
201100013634,0,01,000,00,0,6,02,B02
201100013634,0,07,000,15,9,6,02,A01
201100013635,0,07,000,00,2,0,15,B02
201100013635,0,07,000,00,2,7,01,A01
201100013636,0,07,000,00,2,1,13,A01
201100013636,0,07,000,00,2,3,01,B02
201100013637,0,34,000,12,0,1,13,A01
201100013638,0,07,000,03,2,4,01,A01
201100013638,0,07,000,03,2,1,01,B02
201100013639,0,07,000,00,2,2,13,A01
201100013639,0,07,000,00,2,3,01,B02
201100013640,0,10,000,00,9,2,19,A01
201100013640,0,30,000,00,2,1,01,B01
201100013641,0,07,000,00,0,5,04,A01
201100013641,0,33,000,00,0,1,01,B02
201100013642,0,33,000,00,2,1,01,A01
201100013642,0,07,000,00,2,3,15,B02
201100013643,0,07,000,00,2,2,15,B02
201100013643,0,07,000,00,2,3,01,A01
201100013644,0,33,000,00,1,0,19,A01
201100013645,0,34,000,03,0,9,01,A01
201100013646,0,07,000,00,0,2,01,A01
201100013647,0,30,000,00,2,1,15,A01
201100013647,0,30,000,00,2,2,01,B02
201100013648,0,07,000,00,0,9,00,A01
201100013649,0,07,000,13,0,1,13,A01
201100013650,1,07,000,00,1,0,00,A01
201100013651,0,07,000,00,2,3,01,B02
201100013651,0,07,000,00,2,3,01,A01
201100013652,0,37,001,08,0,2,14,A01
201100013653,0,07,000,00,0,1,01,B02
201100013653,0,07,000,00,0,5,01,A01
201100013654,0,30,000,00,0,8,16,A01
201100013655,0,07,000,08,0,8,01,A01
201100013656,0,33,000,00,2,1,11,A01
201100013656,0,07,000,00,0,2,01,B02
201100013657,0,31,000,00,0,0,01,A01
201100013658,0,07,000,00,2,2,01,A01
201100013658,0,03,000,01,2,1,13,B02
201100013659,0,07,000,06,0,3,01,A01
201100013660,0,07,000,00,2,2,15,A01
201100013660,0,02,000,00,2,1,01,B02
201100013661,0,07,000,02,0,1,01,A01
201100013662,0,07,000,08,2,1,01,A01
201100013662,0,07,000,00,2,3,23,B02
201100013662,0,07,000,00,2,2,19,C03
201100013663,0,07,000,00,1,2,01,A01
201100013664,0,07,000,02,0,1,01,A01
201100013665,0,07,000,00,0,0,15,A01
201100013665,0,31,000,00,2,1,00,B02
201100013666,0,33,000,00,2,0,00,B02
201100013666,0,07,000,00,2,7,15,A01
201100013667,0,14,000,00,2,3,01,A01
201100013667,0,07,000,00,2,1,13,B02
201100013667,0,07,000,00,2,1,00,C03
201100013668,0,07,000,00,1,2,02,A01
201100013669,0,07,000,00,2,6,15,A01
201100013669,0,33,000,00,2,1,17,B02
201100013670,0,07,000,00,1,2,21,A01
201100013671,0,07,000,06,0,1,13,A01
201100013672,0,07,000,00,2,1,02,A01
201100013672,0,07,000,00,2,4,01,A02
201100013673,0,32,000,03,0,1,01,A01
201100013674,0,17,000,00,2,8,15,A01
201100013674,0,10,000,00,2,1,01,B02
201100013675,0,07,000,00,2,1,17,A01
201100013675,0,10,000,00,2,1,01,B02
201100013676,0,07,000,00,9,8,19,A01
201100013676,0,02,000,00,2,1,02,B02
201100013677,0,33,000,02,0,1,01,A01
201100013677,0,07,000,00,0,0,15,B02
201100013678,0,07,000,00,0,6,17,A01
201100013678,0,33,000,00,0,1,17,B02
201100013679,0,07,000,13,0,3,01,A01
201100013680,0,33,000,00,2,1,01,B02
201100013680,0,07,000,00,2,3,13,A02
201100013681,0,07,000,00,0,1,01,A01
201100013682,0,07,000,00,2,1,05,A01
201100013682,0,07,000,00,2,1,01,B02
201100013683,0,21,000,00,1,2,01,A01
201100013684,0,07,000,00,6,9,01,A01
201100013685,1,07,000,00,0,0,00,A01
201100013686,0,07,000,00,2,6,01,A01
201100013686,0,34,000,00,2,7,17,B02
201100013687,0,07,000,00,0,9,19,A01
201100013688,0,07,000,00,2,1,02,A01
201100013688,0,01,000,00,2,4,02,B02
201100013689,0,10,000,00,2,1,01,B02
201100013689,0,07,000,00,2,1,01,A01
201100013690,0,07,000,02,0,5,01,A01
201100013691,0,07,000,00,2,1,02,A01
201100013691,0,07,000,00,2,4,02,B02
201100013691,0,07,000,00,2,4,02,C03
201100013692,0,07,000,00,2,1,13,A01
201100013692,0,17,000,00,2,1,01,B02
201100013693,0,07,000,13,0,1,01,A01
201100013694,0,10,000,00,0,6,01,A01
201100013694,0,07,000,00,2,3,17,B02
201100013694,0,34,000,00,4,3,01,C02
201100013695,0,15,000,00,2,0,00,A01
201100013695,0,10,000,00,9,1,02,B02
201100013696,0,30,000,00,2,3,13,A01
201100013696,0,07,000,00,2,3,01,B02
201100013697,0,07,000,13,0,9,13,A01
201100013698,0,33,000,00,2,1,11,A01
201100013698,0,17,000,00,2,3,15,B02
201100013699,0,07,000,00,2,8,19,B02
201100013699,0,07,000,00,2,3,21,A01
201100013700,0,33,000,00,0,9,00,A01
201100013700,0,33,000,00,2,9,01,B02
201100013701,0,07,000,08,0,9,00,A01
201100013702,0,33,000,00,1,1,17,A01
201100013703,0,07,000,00,0,9,01,A01
201100013704,0,33,000,00,0,0,01,A01
201100013705,0,07,000,00,2,8,01,A01
201100013705,0,07,000,00,2,3,19,B02
201100013706,0,07,000,00,9,2,02,A01
201100013706,0,01,000,00,2,6,02,B02
201100013707,0,33,000,13,0,8,15,A01
201100013708,0,21,000,00,0,2,16,A01
201100013708,0,33,000,00,0,1,01,B02
201100013709,0,33,000,00,0,0,01,A01
201100013710,0,07,000,00,9,1,01,A01
201100013710,0,01,000,00,2,7,19,B02
201100013711,0,07,000,01,0,1,00,A01
201100013711,0,10,000,00,0,4,24,B02
201100013712,0,07,000,00,2,1,01,B02
201100013712,0,07,000,00,2,8,19,A01
201100013713,0,07,000,00,2,1,13,A01
201100013713,0,07,000,00,2,1,01,B02
201100013714,0,07,000,00,2,1,02,A01
201100013714,0,07,000,00,2,4,15,B02
201100013714,0,07,000,00,2,3,01,C03
201100013715,0,07,000,07,0,9,01,A01
201100013716,0,07,000,08,0,1,01,A01
201100013717,0,07,000,00,2,1,01,A01
201100013717,0,21,000,00,2,3,01,B02
201100013718,0,33,000,08,0,0,01,A01
201100013719,0,07,000,16,0,2,01,A01
201100013720,0,07,000,02,0,7,00,A01
201100013721,0,07,000,02,0,8,13,A01
201100013722,0,07,000,00,1,1,01,A01
201100013723,0,07,000,06,0,2,14,A01
201100013724,0,16,000,00,2,8,02,A01
201100013724,0,33,000,00,2,1,02,B02
201100013725,0,07,000,08,0,7,01,A01
201100013726,0,10,000,02,0,4,01,A01
201100013727,0,07,000,00,2,3,01,A01
201100013727,1,35,000,00,2,0,19,B02
201100013728,0,10,000,14,0,2,01,B02
201100013729,0,07,000,00,1,3,17,A01
201100013730,0,07,000,08,0,1,01,A01
201100013731,0,32,000,00,0,1,17,A01
201100013731,0,07,000,00,0,3,15,B02
201100013732,0,31,000,00,2,1,13,A01
201100013732,0,02,000,00,2,1,01,B02
201100013733,0,07,000,00,0,3,15,A01
201100013734,0,33,000,00,2,1,02,B02
201100013734,0,07,000,00,2,5,02,A01
201100013735,0,34,000,00,2,1,13,A01
201100013735,0,38,001,00,2,3,21,B02
201100013736,0,07,000,02,0,1,01,A01
201100013737,0,30,000,16,0,1,01,A01
201100013738,0,10,000,00,2,2,02,A01
201100013738,0,03,000,00,0,6,02,B02
201100013739,0,07,000,00,2,3,01,A01
201100013739,0,10,000,00,0,4,01,B02
201100013739,0,07,000,14,0,1,01,C03
201100013740,0,07,000,00,6,1,01,A01
201100013741,0,07,000,13,0,1,01,A01
201100013742,0,07,000,00,0,8,19,A01
201100013742,0,07,000,00,2,1,01,B02
201100013743,0,07,000,13,0,1,00,A01
201100013744,0,14,000,00,1,3,01,A01
201100013745,0,10,000,13,0,2,01,A01
201100013746,0,07,000,00,2,1,13,A01
201100013746,0,07,000,00,2,1,01,B02
201100013747,0,07,000,13,2,3,21,A01
201100013747,0,07,000,00,2,2,01,B02
201100013748,0,10,000,00,2,2,19,A01
201100013748,0,33,000,00,2,1,01,B02
201100013749,0,07,000,13,0,1,01,A01
201100013750,0,07,000,13,0,3,00,A01
201100013751,0,07,000,00,2,3,13,A01
201100013751,0,07,000,00,2,1,01,B02
201100013751,0,14,000,00,2,3,01,C03
201100013751,0,17,000,00,2,3,01,D04
201100013752,0,07,000,13,0,1,01,A01
201100013753,0,07,000,00,0,0,14,A01
201100013754,0,34,000,00,2,1,00,A01
201100013754,0,07,000,00,2,1,15,B01
201100013755,0,07,000,00,0,9,14,A01
201100013756,0,33,000,00,2,8,10,A01
201100013756,0,07,000,00,2,2,17,B02
201100013757,0,07,000,00,2,3,13,A01
201100013757,0,33,000,00,2,3,01,B02
201100013758,0,07,000,00,2,1,13,A01
201100013758,0,15,000,00,2,1,01,B02
201100013759,0,33,000,00,0,0,01,A01
201100013760,0,10,000,00,2,3,13,A01
201100013760,0,15,000,00,2,3,01,B02
201100013761,0,07,000,00,0,8,01,B01
201100013761,0,07,000,00,0,1,19,A02
201100013762,0,07,000,00,2,3,13,A01
201100013762,0,07,000,00,2,3,01,B02
201100013763,0,30,000,00,0,0,14,A01
201100013764,0,07,000,00,2,3,13,A01
201100013764,0,07,000,00,2,3,01,B02
201100013765,0,07,000,00,2,3,11,A01
201100013765,0,07,000,00,2,1,11,B02
201100013766,0,15,000,00,2,3,01,A01
201100013766,0,07,000,00,2,1,01,B02
201100013766,0,10,000,00,2,3,01,C03
201100013767,0,07,000,13,0,2,14,A01
201100013768,0,10,000,00,2,1,15,B02
201100013768,0,07,000,00,0,2,15,A01
201100013769,0,07,000,00,2,1,13,A01
201100013769,0,07,000,00,2,8,01,B02
201100013770,0,33,000,06,0,1,00,A01
201100013771,0,07,000,00,2,7,13,A01
201100013771,0,07,000,00,2,1,01,B02
201100013772,0,01,000,00,2,4,01,A01
201100013772,0,07,000,00,9,2,01,C03
201100013773,0,33,000,00,2,1,01,A01
201100013773,0,07,000,00,2,1,19,B02
201100013774,0,07,000,00,2,7,13,A01
201100013774,0,07,000,00,2,1,01,B02
201100013775,0,33,000,00,2,1,02,A01
201100013775,0,07,000,00,0,6,01,B02
201100013776,0,07,000,00,0,2,01,A01
201100013777,0,07,000,08,0,3,01,A01
201100013778,0,07,000,00,2,6,01,B02
201100013778,0,07,000,15,2,3,17,A01
201100013779,0,07,000,08,0,3,01,A01
201100013780,0,07,000,00,2,3,01,A01
201100013780,0,14,000,00,2,3,13,B02
201100013781,0,07,000,02,0,1,01,A01
201100013782,0,07,000,00,1,2,16,A01
201100013783,0,99,000,00,2,1,01,A01
201100013783,0,07,000,00,2,3,09,B02
201100013784,0,07,000,02,0,9,01,A01
201100013785,0,07,000,13,0,9,01,A01
201100013786,0,07,000,06,0,2,21,A01
201100013787,0,07,000,00,2,2,01,B02
201100013787,0,07,000,00,2,2,15,A01
201100013788,0,07,000,13,0,9,01,A01
201100013789,0,07,000,06,0,1,01,A01
201100013790,0,33,000,00,2,1,01,B02
201100013790,0,07,000,00,2,1,15,A01
201100013791,0,07,000,00,2,3,13,A01
201100013791,0,17,000,00,2,3,01,B02
201100013792,0,07,000,00,1,2,01,A01
201100013793,0,07,000,00,1,2,01,A01
201100013794,0,33,000,09,0,1,01,A01
201100013795,0,07,000,01,0,3,17,A01
201100013796,0,07,000,02,0,8,01,A01
201100013797,0,07,000,00,1,7,01,A01
201100013798,0,07,000,00,2,3,13,A01
201100013798,0,17,000,00,2,3,01,B02
201100013799,0,30,000,00,2,1,01,A01
201100013799,0,07,000,00,2,3,16,B02
201100013800,0,07,000,00,1,2,01,A01
201100013801,0,07,000,06,0,3,01,A01
201100013802,0,07,000,02,6,7,21,A01
201100013803,0,07,000,00,2,2,01,A01
201100013803,0,03,000,00,2,3,15,B02
201100013804,0,07,000,00,0,6,15,B02
201100013804,0,33,000,00,2,2,17,A01
201100013805,0,07,000,00,2,3,01,B02
201100013805,0,33,000,00,2,8,17,A01
201100013806,0,07,000,13,0,9,01,A01
201100013807,0,07,000,02,0,1,01,A01
201100013808,0,07,000,00,2,3,13,A01
201100013808,0,07,000,00,2,3,01,B02
201100013809,0,07,000,02,0,6,21,A01
201100013810,0,10,000,00,2,1,01,B02
201100013810,0,07,000,00,2,3,17,A01
201100013811,0,07,000,00,2,2,01,B02
201100013811,0,07,000,08,2,3,01,A01
201100013812,0,07,000,00,2,3,15,A01
201100013812,0,07,000,00,2,2,01,B02
201100013813,0,07,000,08,0,1,01,A01
201100013814,0,31,000,00,2,3,16,B02
201100013814,0,07,000,00,2,2,01,A01
201100013815,0,07,000,01,0,8,01,A01
201100013816,0,07,000,00,2,1,01,B02
201100013816,0,31,000,00,2,6,01,A01
201100013817,0,33,000,00,2,1,17,A01
201100013817,0,07,000,00,0,6,01,B02
201100013818,0,01,000,00,2,1,01,A01
201100013818,0,07,000,00,2,3,15,B02
201100013819,0,07,000,00,2,8,21,C03
201100013819,0,07,000,01,2,3,13,A01
201100013819,0,17,000,00,0,8,24,E05
201100013819,0,07,000,01,2,3,01,B02
201100013819,0,14,000,00,0,8,24,D04
201100013820,0,10,000,00,1,2,01,A01
201100013821,0,33,000,13,0,1,01,A01
201100013822,0,07,000,00,1,1,01,A01
201100013823,0,07,000,00,2,3,13,A01
201100013823,0,07,000,13,2,3,01,B02
201100013824,0,02,000,15,0,7,01,A01
201100013825,0,07,000,13,1,1,01,A01
201100013826,0,07,000,02,0,1,01,A01
201100013827,0,07,000,00,2,1,01,C03
201100013827,0,07,000,00,2,7,13,A01
201100013827,0,07,000,00,2,1,01,B02
201100013828,0,07,000,00,2,1,01,B02
201100013828,0,10,000,00,2,1,13,A01
201100013829,0,33,000,00,2,3,13,A01
201100013829,0,14,000,00,2,6,01,B02
201100013830,0,33,000,08,0,8,01,A01
201100013831,1,07,000,00,1,3,00,A01
201100013832,0,07,000,06,0,2,01,A01
201100013833,0,07,000,00,2,3,13,A01
201100013833,0,07,000,00,2,3,01,B02
201100013834,0,38,001,01,1,6,04,A01
201100013835,0,07,000,08,0,8,01,A01
201100013836,0,07,000,16,0,9,01,A01
201100013837,0,07,000,00,1,1,01,A01
201100013838,0,07,000,00,2,3,01,B02
201100013838,0,07,000,00,2,3,13,A01
201100013839,0,07,000,00,2,7,13,A01
201100013839,0,07,000,00,2,1,01,B02
201100013840,0,07,000,00,2,3,01,B02
201100013840,0,07,000,00,2,3,13,A01
201100013841,1,10,000,00,2,8,01,B02
201100013841,1,10,000,00,2,6,13,A01
201100013841,0,07,000,00,2,3,01,C03
201100013842,0,07,000,06,0,2,01,A01
201100013843,0,07,000,16,0,2,01,A01
201100013844,0,07,000,08,0,3,01,A01
201100013845,0,10,000,00,0,7,01,B02
201100013845,0,01,000,00,2,1,15,A01
201100013846,0,10,000,00,0,5,23,B02
201100013846,0,02,000,14,0,1,02,A01
201100013847,0,17,000,00,2,4,23,A01
201100013847,0,17,000,00,2,1,02,C03
201100013847,0,17,000,00,2,4,23,B02
201100013848,0,07,000,00,2,3,01,B02
201100013848,0,07,000,00,2,3,13,A01
201100013849,0,07,000,10,0,3,14,A01
201100013850,0,07,000,00,2,3,13,A01
201100013850,0,07,000,00,2,8,21,B02
201100013850,0,07,000,00,2,2,21,C03
201100013851,0,33,000,16,0,9,01,A01
201100013852,0,07,000,16,0,9,01,A01
201100013853,0,33,000,16,0,8,01,A01
201100013854,0,07,000,00,2,1,01,A01
201100013854,0,07,000,00,2,1,15,B02
201100013855,0,03,000,06,0,1,01,A01
201100013856,0,01,000,00,2,2,01,B02
201100013856,0,07,000,00,2,6,01,A01
201100013857,0,07,000,13,0,9,13,A01
201100013858,0,02,000,00,2,1,01,B02
201100013858,0,07,000,00,2,3,01,A01
201100013859,0,07,000,00,2,8,15,B02
201100013859,0,32,000,00,2,1,01,A01
201100013860,0,10,000,00,2,1,01,B02
201100013860,0,17,000,00,2,2,01,A01
201100013861,0,07,000,13,0,1,01,A01
201100013862,0,07,000,15,0,6,15,B02
201100013862,0,07,000,00,2,2,17,A01
201100013863,0,07,000,00,0,6,01,B02
201100013863,0,07,000,00,2,1,01,C03
201100013863,0,33,000,00,2,1,17,A01
201100013864,0,07,000,03,2,1,01,A01
201100013865,0,07,000,00,2,1,01,B02
201100013865,0,07,000,00,2,7,01,A01
201100013866,0,07,000,00,0,8,23,C03
201100013866,0,07,000,00,2,3,01,A01
201100013866,0,07,000,00,2,2,15,B02
201100013867,0,07,000,00,2,2,15,B02
201100013867,0,33,000,00,2,1,01,A01
201100013868,0,07,000,00,2,1,13,A01
201100013868,0,17,000,00,2,1,01,B02
201100013869,0,01,000,00,2,1,09,A01
201100013869,0,07,000,00,2,3,01,B02
201100013870,0,07,000,08,0,1,14,A01
201100013871,0,07,000,00,2,1,10,B02
201100013871,0,33,000,00,2,1,13,A01
201100013872,0,33,000,00,2,1,13,A01
201100013872,0,07,000,00,2,8,21,B02
201100013873,0,07,000,06,0,7,13,A01
201100013874,0,31,000,00,2,1,01,A01
201100013874,0,07,000,00,0,7,15,B02
201100013875,0,07,000,13,0,3,13,A01
201100013876,0,07,000,02,0,9,13,A01
201100013877,0,10,000,00,2,2,17,A01
201100013877,0,01,000,00,2,3,15,B02
201100013878,0,02,000,00,2,8,19,A01
201100013878,0,10,000,00,2,1,01,B02
201100013879,0,02,000,00,2,1,01,A01
201100013879,0,15,000,00,2,8,01,B02
201100013879,0,07,000,00,0,4,01,C03
201100013880,0,33,000,12,0,8,01,A01
201100013881,0,07,000,16,0,9,01,A01
201100013882,0,02,000,00,0,6,15,A01
201100013882,0,30,000,00,2,1,01,B02
201100013883,0,07,000,13,0,1,01,A01
201100013884,0,07,000,00,2,1,15,A01
201100013884,0,07,000,00,2,1,01,B02
201100013885,0,07,000,08,0,1,13,A01
201100013886,0,33,000,00,2,1,13,A01
201100013886,0,07,000,00,2,3,21,B02
201100013887,0,07,000,00,2,2,01,B02
201100013887,0,07,000,00,2,3,13,A01
201100013888,0,10,000,00,2,3,09,A01
201100013888,0,01,000,00,2,1,01,B02
201100013889,0,33,000,00,0,1,01,A01
201100013890,0,07,000,00,2,2,13,A01
201100013890,0,30,000,00,2,2,01,B02
201100013891,0,07,000,00,2,1,01,B02
201100013891,0,07,000,00,2,7,13,A01
201100013892,0,01,000,00,2,3,01,B02
201100013892,0,15,000,00,2,5,17,A01
201100013893,0,30,000,00,2,8,01,B02
201100013893,0,07,000,00,2,3,17,A01
201100013894,0,07,000,16,0,9,01,A01
201100013895,0,33,000,00,2,1,01,A01
201100013895,0,38,025,00,2,7,01,B02
201100013896,0,07,000,00,1,7,01,A01
201100013897,0,33,000,00,0,1,01,A01
201100013898,0,07,000,00,1,1,01,A01
201100013899,0,33,000,13,0,1,01,A01
201100013900,0,31,000,06,0,1,01,A01
201100013901,0,07,000,00,2,3,01,B02
201100013901,0,07,000,00,2,3,13,A01
201100013902,0,33,000,02,0,1,01,A01
201100013903,0,02,000,12,0,2,01,A01
201100013904,0,07,000,02,0,3,01,A01
201100013905,0,07,000,13,0,7,01,A01
201100013906,0,33,000,00,0,1,01,A01
201100013907,0,33,000,16,0,1,01,A01
201100013908,0,07,000,13,0,9,01,A01
201100013909,0,07,000,00,2,3,13,B02
201100013909,0,07,000,00,2,3,01,A01
201100013910,0,07,000,00,2,1,01,B02
201100013910,0,30,000,00,2,8,15,A01
201100013911,0,07,000,08,0,6,01,A01
201100013912,0,07,000,00,2,1,01,B02
201100013912,0,07,000,00,2,1,13,A01
201100013913,0,07,000,02,0,1,01,A01
201100013914,0,07,000,07,0,9,01,A01
201100013915,0,07,000,00,2,2,17,A01
201100013915,0,01,000,00,0,6,01,B02
201100013916,0,07,000,02,0,1,01,A01
201100013917,0,07,000,02,0,1,13,A01
201100013918,0,07,000,13,0,1,13,A01
201100013919,0,01,000,00,2,1,00,B02
201100013919,0,07,000,00,2,2,01,A01
201100013920,0,03,000,00,2,1,13,A01
201100013920,0,10,000,00,2,3,01,B02
201100013921,0,07,000,08,0,3,13,A01
201100013922,0,07,000,02,0,3,14,A01
201100013923,0,33,000,02,0,2,01,A01
201100013924,0,07,000,00,2,7,17,A01
201100013924,0,07,000,00,2,1,01,B02
201100013925,0,30,000,00,2,1,01,B02
201100013925,0,07,000,00,2,3,01,A01
201100013926,0,07,000,00,2,3,10,A01
201100013926,0,07,000,00,2,1,01,B02
201100013927,0,07,000,00,2,1,01,C03
201100013927,0,07,000,00,2,2,01,D04
201100013927,0,07,000,00,2,1,13,A01
201100013927,0,07,000,00,2,3,01,B02
201100013928,0,33,000,00,2,1,01,B02
201100013928,0,07,000,00,2,7,01,A01
201100013929,0,30,000,08,0,1,13,A01
201100013930,0,07,000,00,2,8,01,A01
201100013930,0,07,000,05,2,3,13,B02
201100013931,0,33,000,00,2,1,01,B02
201100013931,0,07,000,00,2,7,15,A01
201100013932,0,07,000,00,1,2,01,A01
201100013933,0,07,000,00,2,1,01,B02
201100013933,0,07,000,00,2,7,13,A01
201100013934,0,07,000,00,2,1,13,A01
201100013934,0,21,000,00,2,1,01,B02
201100013935,0,33,000,00,2,1,01,A01
201100013935,0,33,000,00,2,1,01,B02
201100013936,0,17,000,00,2,3,01,A01
201100013936,0,07,000,00,2,7,01,B02
201100013937,0,33,000,13,0,1,01,A01
201100013938,0,07,000,00,2,2,15,A01
201100013938,0,07,000,00,2,3,01,B02
201100013939,0,07,000,00,2,7,13,A01
201100013939,0,07,000,00,2,2,01,B02
201100013940,0,07,000,13,0,1,13,A01
201100013941,0,07,000,16,0,9,17,A01
201100013942,0,33,000,00,5,1,01,A01
201100013943,0,02,000,00,2,1,13,A01
201100013943,0,07,000,00,2,3,01,B02
201100013944,0,07,000,00,2,3,01,A01
201100013944,0,10,000,00,2,1,16,B02
201100013945,1,07,000,00,1,7,01,A01
201100013946,0,07,000,00,2,1,23,C03
201100013946,0,07,000,00,2,7,05,A01
201100013946,0,07,000,00,2,1,19,B02
201100013947,0,07,000,00,2,3,01,B02
201100013947,0,07,000,00,2,3,13,A01
201100013948,0,07,000,00,6,2,01,A01
201100013949,0,07,000,00,1,1,01,A01
201100013950,0,07,000,13,0,9,14,A01
201100013951,0,07,000,00,0,5,01,A01
201100013951,0,01,000,00,2,0,02,B02
201100013952,0,02,000,00,2,7,01,B02
201100013952,0,07,000,00,2,3,01,A01
201100013953,0,01,000,00,2,3,01,A01
201100013953,0,07,000,00,9,2,01,B02
201100013954,0,07,000,14,0,3,01,A01
201100013955,0,07,000,00,2,8,24,A01
201100013955,0,01,000,01,0,1,01,B02
201100013956,0,07,000,13,0,1,17,A01
201100013957,0,01,000,01,0,4,02,B02
201100013957,0,31,000,00,0,1,02,A01
201100013958,0,07,000,13,0,1,01,A01
201100013959,0,10,000,02,0,2,01,A01
201100013960,0,10,000,08,0,8,01,A01
201100013961,0,17,000,00,0,7,01,A01
201100013962,0,33,000,13,0,1,01,A01
201100013963,1,07,000,00,1,2,01,A01
201100013964,0,07,000,00,2,3,13,B02