Num_Acc,senc,catv,occutc,obs,obsm,choc,manv,num_veh
201100013964,0,07,000,00,2,3,01,A01
201100013965,0,07,000,00,1,1,01,A01
201100013966,0,07,000,00,2,1,01,A01
201100013966,0,07,000,00,2,1,01,B02
201100013967,0,07,000,00,1,3,01,A01
201100013968,0,33,000,00,2,1,02,A01
201100013968,0,07,000,00,0,4,23,B02
201100013969,0,07,000,00,2,1,01,A01
201100013969,0,07,000,09,2,2,19,B02
201100013970,0,33,000,13,0,1,01,A01
201100013971,0,10,000,13,0,1,01,A01
201100013972,0,07,000,06,0,3,01,A01
201100013973,0,07,000,00,0,3,13,A01
201100013974,0,07,000,13,0,1,01,A01
201100013975,0,31,000,00,6,1,01,A01
201100013976,0,15,000,00,2,7,01,B02
201100013976,0,33,000,00,2,1,19,A01
201100013977,0,17,000,00,2,8,01,C03
201100013977,0,07,000,02,2,1,17,A01
201100013977,0,17,000,00,0,0,02,B02
201100013978,0,15,000,02,0,1,13,A01
201100013979,0,07,000,13,0,1,13,A01
201100013980,0,21,000,00,2,3,01,A01
201100013980,0,30,000,00,2,2,01,B02
201100013981,0,07,000,00,0,9,01,A01
201100013982,0,07,000,00,2,1,01,A01
201100013982,0,07,000,00,2,1,01,B02
201100013983,0,07,000,00,2,2,01,A01
201100013983,0,07,000,00,2,5,15,B02
201100013984,0,07,000,00,1,2,20,A01
201100013985,0,07,000,13,0,9,01,A01
201100013986,0,15,000,00,2,1,11,A01
201100013986,0,99,000,00,0,4,11,B02
201100013987,0,07,000,08,0,8,01,A01
201100013988,0,37,000,00,9,2,22,A01
201100013989,0,07,000,02,0,3,13,A01
201100013990,0,07,000,00,1,3,01,A01
201100013991,0,07,000,00,1,3,01,A01
201100013992,0,01,000,00,0,2,01,C03
201100013992,0,01,000,00,0,2,01,B02
201100013992,0,01,000,00,0,2,01,A01
201100013993,0,07,000,00,2,3,13,A01
201100013993,0,07,000,00,2,3,01,B02
201100013994,0,07,000,02,0,3,01,A01
201100013995,0,07,000,00,2,6,13,A01
201100013995,0,15,000,00,2,1,01,B02
201100013995,0,07,000,00,2,1,01,C03
201100013996,0,33,000,00,0,7,14,A01
201100013997,0,33,000,12,0,1,01,A01
201100013997,0,33,000,12,0,1,01,B02
201100013998,0,10,000,00,2,3,15,A01
201100013998,0,07,000,02,2,9,17,B02
201100013999,0,17,000,00,2,3,01,B02
201100013999,0,07,000,00,2,3,13,A01
201100014000,0,07,000,00,2,1,01,B02
201100014000,0,07,000,00,2,1,05,A01
201100014001,0,07,000,00,1,1,01,A01
201100014002,0,33,000,00,2,1,15,B02
201100014002,0,03,000,00,2,3,01,A01
201100014003,0,07,000,00,1,1,01,A01
201100014004,0,07,000,13,0,3,19,A01
201100014005,0,07,000,00,2,3,02,B02
201100014005,0,07,000,00,2,1,02,D04
201100014005,0,07,000,13,0,6,21,C03
201100014005,0,07,000,00,2,5,02,A01
201100014006,0,07,000,00,1,1,01,A01
201100014007,0,30,000,00,2,7,01,B02
201100014007,0,10,000,00,2,1,15,A01
201100014008,0,33,000,00,0,1,01,A01
201100014009,0,07,000,00,2,1,01,A01
201100014009,0,07,000,00,2,2,15,B02
201100014010,0,07,000,13,0,1,01,A01
201100014011,0,07,000,00,0,8,19,A01
201100014011,0,10,000,00,2,1,01,B02
201100014012,0,02,000,00,2,1,01,B02
201100014012,0,07,000,00,2,3,19,A01
201100014013,0,30,000,00,1,1,01,A01
201100014014,0,07,000,00,2,3,01,B02
201100014014,0,07,000,00,0,2,15,A01
201100014015,0,07,000,00,0,2,01,A01
201100014016,0,02,000,00,0,1,01,A01
201100014017,0,02,000,12,0,1,01,A01
201100014018,0,07,000,00,2,3,01,B02
201100014018,0,07,000,00,2,3,01,A01
201100014019,0,02,000,00,0,0,01,A01
201100014020,0,01,000,00,2,8,13,A01
201100014020,0,07,000,00,2,1,01,B02
201100014021,0,07,000,06,0,8,01,A01
201100014022,0,07,000,00,2,1,01,B02
201100014022,0,02,000,00,2,1,13,A01
201100014023,0,07,000,00,1,2,01,A01
201100014024,0,07,000,13,0,1,01,A01
201100014025,0,07,000,00,2,2,01,C03
201100014025,0,07,000,00,2,1,17,A01
201100014025,0,07,000,00,2,3,01,B02
201100014026,0,03,000,00,2,1,01,A01
201100014026,0,07,000,00,2,7,01,B02
201100014027,0,10,000,00,2,2,01,B02
201100014027,0,07,000,00,2,7,15,A01
201100014028,0,07,000,00,2,7,01,B02
201100014028,0,07,000,00,2,1,09,A01
201100014029,0,07,000,09,0,1,01,A01
201100014030,0,33,000,00,2,1,01,A01
201100014030,0,07,000,00,2,3,15,B02
201100014031,0,07,000,00,0,8,01,B02
201100014031,0,01,000,00,2,1,19,A01
201100014032,0,07,000,06,0,1,01,A01
201100014033,0,07,000,06,0,3,01,A01
201100014034,0,07,000,00,0,9,01,A01
201100014035,0,17,000,13,0,7,01,A01
201100014036,0,07,000,00,1,3,09,A01
201100014037,0,07,000,08,0,1,13,A01
201100014038,0,33,000,00,2,1,01,A01
201100014038,0,07,000,00,2,1,19,B02
201100014039,0,33,000,00,2,1,18,A01
201100014039,0,21,000,00,0,7,16,B02
201100014040,0,07,000,00,1,1,01,A01
201100014041,0,07,000,00,2,1,01,B02
201100014041,0,07,000,00,2,2,13,A01
201100014042,0,31,000,00,2,3,13,B02
201100014042,0,31,000,00,2,3,01,A01
201100014043,0,07,000,13,0,3,13,A01
201100014044,0,07,000,00,2,1,13,A01
201100014044,0,15,000,00,2,1,01,B02
201100014045,0,07,000,00,2,1,01,B02
201100014045,0,07,000,00,2,7,19,A01
201100014046,0,07,000,02,0,1,01,A01
201100014047,0,07,000,00,2,3,19,A01
201100014047,0,33,000,00,2,1,01,B02
201100014048,0,32,000,00,2,1,01,B02
201100014048,0,07,000,00,2,3,15,A01
201100014049,0,33,000,00,0,0,17,A01
201100014050,0,07,000,13,0,8,15,A01
201100014050,0,10,000,13,2,1,17,B02
201100014051,0,07,000,11,0,0,01,A01
201100014052,0,30,000,00,0,8,01,A01
201100014053,0,07,000,00,2,1,15,B02
201100014053,0,30,000,00,2,7,01,A01
201100014054,0,07,000,08,0,1,14,A01
201100014055,0,07,000,00,1,0,01,A01
201100014056,0,07,000,00,2,3,15,B02
201100014056,0,07,000,00,2,3,01,A01
201100014057,0,07,000,02,0,1,00,A01
201100014058,0,07,000,02,0,8,14,A01
201100014059,0,21,000,00,9,1,01,B02
201100014059,0,33,000,00,2,1,13,A01
201100014060,0,07,000,00,2,1,17,A01
201100014060,0,07,000,00,2,1,02,C03
201100014060,0,07,000,00,2,1,01,B02
201100014061,0,07,000,00,2,1,01,B02
201100014061,2,07,000,00,2,1,17,A01
201100014062,0,07,000,00,2,1,15,A01
201100014062,0,07,000,00,2,1,01,B02
201100014063,0,07,000,02,0,2,01,A01
201100014064,0,33,000,12,0,1,01,A01
201100014065,0,07,000,08,0,1,01,A01
201100014066,0,07,000,00,2,1,01,B02
201100014066,0,07,000,00,2,1,17,A01
201100014067,0,07,000,00,0,8,01,A01
201100014067,0,31,000,00,2,1,01,B02
201100014068,0,07,000,00,2,3,20,A01
201100014068,0,30,000,00,2,1,01,B02
201100014069,0,07,000,13,0,1,01,A01
201100014070,0,07,000,00,2,4,01,A01
201100014070,0,07,000,00,2,1,01,B02
201100014071,0,10,000,00,1,2,01,A01
201100014072,0,14,000,16,0,1,16,A01
201100014073,0,07,000,00,2,3,15,B02
201100014073,0,02,000,00,2,1,17,A01
201100014074,0,10,000,00,0,7,01,A01
201100014074,0,33,000,00,0,3,15,B02
201100014075,0,30,000,00,2,1,15,A01
201100014075,0,07,000,00,2,2,01,B02
201100014076,0,30,000,00,1,1,00,A01
201100014077,0,07,000,00,2,8,01,A01
201100014077,0,07,000,00,2,1,01,B02
201100014078,0,07,000,02,0,1,14,A01
201100014079,0,07,000,00,2,1,02,B02
201100014079,0,07,000,00,2,8,02,A01
201100014080,0,07,000,00,2,7,01,A01
201100014080,0,32,000,00,2,1,01,B02
201100014081,0,10,000,00,2,3,01,A01
201100014081,0,07,000,00,2,8,15,B02
201100014082,0,10,000,02,0,1,12,A01
201100014083,0,10,000,00,2,7,01,A01
201100014083,0,10,000,00,2,1,01,B02
201100014084,0,10,000,00,2,8,17,A01
201100014084,0,33,000,00,2,2,17,B02
201100014085,0,07,000,13,0,1,01,A01
201100014086,0,01,000,00,2,3,01,B02
201100014086,0,07,000,00,2,3,01,A01
201100014087,0,07,000,00,2,3,15,A01
201100014087,0,30,000,00,2,1,01,B02
201100014088,0,07,000,02,0,7,01,A01
201100014089,0,07,000,00,2,3,01,A01
201100014089,0,14,000,00,2,3,01,B02
201100014090,0,07,000,00,1,2,01,A01
201100014091,0,07,000,00,0,9,01,A01
201100014092,0,07,000,00,2,1,01,A01
201100014092,0,07,000,00,2,7,01,B02
201100014093,0,30,000,00,2,8,15,A01
201100014093,0,07,000,00,2,2,02,B02
201100014094,0,17,000,00,2,3,23,B02
201100014094,0,07,000,00,2,2,01,A01
201100014095,0,07,000,00,2,1,05,A01
201100014095,0,07,000,00,2,1,01,B02
201100014096,0,07,000,00,2,7,01,B02
201100014096,0,07,000,00,2,1,01,A01
201100014097,0,14,000,00,2,3,01,B02
201100014097,0,07,000,00,2,3,13,A01
201100014098,0,07,000,00,2,7,15,A01
201100014098,0,02,000,00,2,1,01,B02
201100014099,0,10,000,00,2,3,01,B02
201100014099,0,07,000,00,2,3,13,A01
201100014100,0,07,000,00,0,1,01,A01
201100014100,0,15,000,00,2,3,01,B02
201100014100,0,07,000,00,0,8,01,C03
201100014101,0,30,000,00,0,1,01,A01
201100014102,0,07,000,00,2,1,01,A01
201100014102,0,07,000,00,2,4,13,B02
201100014103,0,07,000,00,0,2,15,A01
201100014103,0,07,000,00,0,1,01,B02
201100014104,0,01,000,00,0,6,01,B02
201100014104,0,07,000,00,2,2,01,A01
201100014105,0,07,000,06,0,7,00,A01
201100014106,0,07,000,13,0,2,01,A01
201100014107,0,07,000,13,0,2,01,A01
201100014108,0,07,000,02,0,3,13,A01
201100014109,0,07,000,00,2,1,01,B02
201100014109,0,07,000,00,2,3,15,A01
201100014110,0,15,000,00,2,4,01,B02
201100014110,0,15,000,00,2,1,01,A01
201100014111,0,07,000,00,0,6,14,A01
201100014112,0,07,000,00,2,3,12,A01
201100014112,0,10,000,00,1,1,01,B02
201100014112,0,15,000,00,0,0,00,C03
201100014113,0,07,000,02,0,3,01,A01
201100014114,0,10,000,08,2,1,19,B02
201100014114,0,07,000,00,2,7,01,A01
201100014115,0,07,000,00,9,7,01,A01
201100014115,0,01,000,00,2,8,19,B02
201100014116,0,30,000,00,2,1,01,B02
201100014116,0,07,000,00,2,6,01,A01
201100014117,0,07,000,00,2,1,13,A01
201100014117,0,17,000,00,2,2,01,B02
201100014118,0,07,000,02,0,1,01,A01
201100014119,0,07,000,14,0,1,01,A01
201100014120,0,07,000,00,0,0,01,A01
201100014121,0,33,000,00,0,0,01,A01
201100014122,0,33,000,13,0,1,01,A01
201100014123,0,33,000,00,0,0,21,A01
201100014124,0,07,000,00,2,3,13,A01
201100014124,0,30,000,00,2,7,17,B02
201100014125,0,07,000,00,2,2,15,A01
201100014125,0,30,000,00,2,1,01,B02
201100014126,0,07,000,00,2,2,02,B02
201100014126,0,07,000,00,2,4,16,A01
201100014127,0,30,000,00,2,1,02,A01
201100014127,0,21,000,00,2,5,02,B02
201100014128,0,30,000,00,0,1,01,B02
201100014128,0,14,000,00,0,1,16,A01
201100014129,0,07,000,13,0,1,21,A01
201100014130,0,30,000,12,0,8,05,A01
201100014131,0,33,000,13,0,1,01,A01
201100014132,0,07,000,00,0,1,13,A01
201100014132,0,07,000,00,0,1,00,B02
201100014133,0,10,000,00,2,2,17,A01
201100014133,0,17,000,00,2,6,15,B02
201100014134,0,10,000,13,0,0,01,A01
201100014135,0,07,000,00,0,9,01,A01
201100014135,0,07,000,02,0,5,13,B02
201100014136,0,17,000,00,2,1,01,A01
201100014136,0,17,000,00,2,4,01,B02
201100014137,0,07,000,02,0,8,01,A01
201100014138,0,15,000,00,2,5,01,B02
201100014138,0,07,000,00,2,3,02,A01
201100014139,0,01,000,00,0,7,01,A01
201100014140,0,07,000,16,0,9,01,A01
201100014141,0,07,000,00,2,1,05,A01
201100014141,0,07,000,00,2,1,01,B02
201100014142,0,33,000,00,0,9,01,A01
201100014143,0,33,000,00,0,0,01,A01
201100014144,0,07,000,13,0,3,01,A01
201100014145,0,33,000,00,0,7,00,A01
201100014146,0,07,000,13,0,1,01,A01
201100014147,0,07,000,02,2,3,01,A01
201100014148,0,07,000,00,2,7,21,A01
201100014148,0,07,000,00,2,1,01,B02
201100014149,0,07,000,00,2,5,19,A01
201100014149,0,30,000,00,2,1,01,B02
201100014150,0,33,000,16,0,7,13,A01
201100014151,0,07,000,00,0,1,21,A01
201100014152,0,07,000,00,2,7,01,A01
201100014152,0,07,000,00,2,1,01,B02
201100014153,0,02,000,00,2,1,17,A01
201100014153,0,07,000,00,0,4,15,B02
201100014154,0,33,000,00,2,1,01,A01
201100014154,0,07,000,00,2,3,19,B02
201100014155,0,33,000,00,0,3,02,A01
201100014155,0,33,000,00,0,4,02,B02
201100014156,0,30,000,00,1,0,01,A01
201100014157,0,14,000,00,2,1,15,A01
201100014157,0,30,000,00,2,1,01,B02
201100014158,0,07,000,13,0,2,14,A01
201100014159,0,10,000,08,2,1,15,B02
201100014159,0,10,000,06,2,8,01,A01
201100014160,0,07,000,16,0,0,13,A01
201100014161,0,07,000,00,2,7,01,B02
201100014161,0,07,000,00,2,1,01,A01
201100014162,0,17,000,00,2,6,01,A01
201100014162,0,10,000,00,2,1,01,B02
201100014162,0,07,000,00,2,3,01,C03
201100014163,0,07,000,00,0,0,01,A01
201100014164,0,07,000,00,0,1,19,A01
201100014164,0,07,000,00,2,8,01,B02
201100014165,0,07,000,00,1,2,01,A01
201100014166,0,07,000,00,0,9,00,A01
201100014167,0,07,000,00,2,3,17,A01
201100014167,0,33,000,00,2,1,01,B02
201100014168,0,07,000,00,2,3,01,B02
201100014168,0,07,000,00,2,3,13,A01
201100014169,0,07,000,00,2,3,09,A01
201100014169,0,01,000,00,2,1,01,B02
201100014170,0,07,000,08,0,2,01,A01
201100014171,0,30,000,00,0,7,15,A01
201100014171,0,07,000,00,0,1,01,B02
201100014172,0,07,000,00,1,1,01,A01
201100014173,0,07,000,13,0,9,01,A01
201100014174,0,31,000,00,2,7,18,B02
201100014174,0,07,000,00,2,3,15,A01
201100014175,0,02,000,00,2,1,19,A01
201100014175,0,10,000,00,0,0,01,C03
201100014176,0,07,000,00,2,2,01,A01
201100014176,0,03,000,00,2,3,15,B02
201100014177,0,07,000,00,1,1,09,A01
201100014178,0,14,000,00,2,3,01,A01
201100014178,0,07,000,00,2,3,01,B02
201100014179,0,07,000,00,6,3,01,A01
201100014180,0,07,000,00,2,1,01,B02
201100014180,0,30,000,00,6,1,21,A01
201100014181,0,30,000,00,0,0,01,A01
201100014182,0,07,000,06,0,1,13,A01
201100014183,0,07,000,06,0,1,01,A01
201100014184,0,07,000,08,0,3,01,A01
201100014185,0,01,000,00,2,3,09,B02
201100014185,0,07,000,00,2,2,01,A01
201100014186,0,10,000,00,1,7,01,A01
201100014187,0,30,000,00,2,1,01,C03
201100014187,0,30,000,00,2,1,01,B02
201100014187,0,21,000,00,2,2,15,A01
201100014188,0,07,000,00,2,8,13,A01
201100014188,0,07,000,00,2,1,01,B02
201100014189,0,30,000,00,0,8,14,A01
201100014190,0,21,000,00,2,6,01,A01
201100014190,0,33,000,00,2,1,01,B02
201100014191,0,07,000,00,2,7,15,A01
201100014191,0,33,000,00,2,1,01,B02
201100014192,0,07,000,02,6,1,21,A01
201100014193,0,33,000,00,2,1,13,A01
201100014193,0,07,000,00,2,7,19,B02
201100014194,0,07,000,00,2,2,01,A01
201100014194,0,02,000,00,2,4,02,B02
201100014195,0,07,000,06,0,3,15,A01
201100014196,0,10,000,00,2,2,17,A01
201100014196,0,33,000,00,2,3,01,B02
201100014197,0,07,000,00,2,1,15,A01
201100014197,0,01,000,00,2,1,01,C03
201100014197,0,01,000,00,2,1,01,B02
201100014198,0,33,000,00,2,1,02,A01
201100014198,0,10,000,00,2,4,15,B02
201100014199,0,33,000,00,2,1,01,B02
201100014199,0,17,000,00,2,3,17,A01
201100014200,0,33,000,00,2,1,01,B02
201100014200,0,07,000,00,2,3,19,A01
201100014201,0,10,000,02,0,1,13,A01
201100014202,0,07,000,13,0,1,01,A01
201100014203,0,07,000,00,1,3,21,A01
201100014204,0,07,000,13,0,9,01,A01
201100014205,0,07,000,00,1,2,01,A01
201100014206,0,07,000,00,2,2,17,A02
201100014206,0,02,000,00,2,8,15,B01
201100014207,0,07,000,05,0,1,01,A01
201100014208,0,07,000,00,2,1,01,B02
201100014208,0,07,000,00,2,7,17,A01
201100014209,0,02,000,16,0,1,01,A01
201100014210,0,07,000,02,0,1,01,A01
201100014211,0,07,000,00,2,3,01,B02
201100014211,0,07,000,00,2,3,13,A01
201100014212,0,33,000,00,2,4,01,B02
201100014212,0,33,000,00,2,1,01,A01
201100014213,0,02,000,00,2,1,01,A01
201100014213,0,07,000,00,2,3,01,B02
201100014214,0,07,000,00,2,1,01,B02
201100014214,0,07,000,00,2,1,13,A01
201100014215,0,07,000,00,2,2,01,A01
201100014215,0,10,000,00,2,3,21,B02
201100014216,0,01,000,00,0,8,01,B02
201100014216,0,07,000,00,9,5,19,A01
201100014217,0,07,000,13,0,2,01,A01
201100014218,0,07,000,13,0,3,21,A01
201100014219,0,07,000,00,2,2,21,A01
201100014219,0,07,000,00,2,2,21,B02
201100014220,0,07,000,00,1,1,01,A01
201100014221,0,37,001,00,2,5,17,A01
201100014221,0,01,000,00,2,3,13,B02
201100014222,0,30,000,02,0,8,01,A01
201100014223,0,07,000,02,0,2,14,A01
201100014224,0,02,000,16,0,1,01,A01
201100014225,0,01,000,00,2,4,02,B02
201100014225,0,07,000,00,2,2,02,A01
201100014226,0,02,000,00,2,1,13,A01
201100014226,0,07,000,00,2,3,01,B02
201100014227,0,07,000,13,0,1,01,A01
201100014228,0,07,000,00,2,3,13,A01
201100014228,0,07,000,00,2,8,01,B02
201100014229,0,07,000,00,2,1,13,A01
201100014229,0,07,000,00,2,1,13,B02
201100014230,0,07,000,00,2,1,01,B02
201100014230,0,07,000,00,2,8,19,A01
201100014231,0,33,000,15,0,1,01,A01
201100014232,0,33,000,16,0,1,01,A01
201100014233,0,30,000,00,6,7,21,A01
201100014234,0,10,000,00,2,2,17,A01
201100014234,0,07,000,00,2,8,01,B02
201100014235,0,07,000,00,2,1,15,A01
201100014235,0,07,000,00,2,3,01,B01
201100014236,0,07,000,13,0,2,14,A01
201100014237,0,36,000,06,0,2,01,A01
201100014238,0,07,000,00,2,8,10,A01
201100014238,0,07,000,00,2,1,01,B02
201100014239,0,10,000,00,2,3,21,A01
201100014239,0,07,000,00,2,3,01,B02
201100014240,0,07,000,13,0,2,14,A01
201100014241,0,07,000,06,0,3,13,A01
201100014242,0,17,000,00,0,5,16,B02
201100014242,0,10,000,00,2,1,01,A01
201100014243,0,31,000,13,0,7,01,A01
201100014244,0,10,000,13,0,1,01,A01
201100014245,0,33,000,06,0,1,13,A01
201100014246,0,07,000,00,2,1,13,A01
201100014246,0,16,000,00,2,1,01,B02
201100014247,0,01,000,00,2,8,01,B02
201100014247,2,07,000,00,2,5,17,A01
201100014248,0,07,000,00,2,3,09,A01
201100014248,0,01,000,15,2,1,01,B02
201100014249,0,33,000,14,0,8,21,A01
201100014250,0,03,000,13,0,1,01,A01
201100014251,0,03,000,08,0,1,01,A01
201100014252,0,07,000,00,1,1,01,A01
201100014253,0,07,000,00,2,2,02,A01
201100014253,0,30,000,00,0,8,02,B02
201100014254,0,07,000,16,0,8,17,A01
201100014255,1,07,000,00,1,7,14,A01
201100014256,0,07,000,00,2,1,01,B02
201100014256,0,07,000,03,0,7,01,C03
201100014256,0,07,000,00,2,7,13,A01
201100014257,0,07,000,13,0,1,19,A01
201100014258,0,02,000,00,2,7,01,B02
201100014258,0,10,000,00,2,1,15,A01
201100014259,0,07,000,13,0,1,14,A01
201100014260,0,07,000,00,2,1,13,A01
201100014260,0,07,000,00,2,1,01,B02
201100014261,0,02,000,00,1,1,01,A01
201100014262,0,01,000,00,0,0,01,A01
201100014263,0,07,000,00,1,1,01,A01
201100014264,0,07,000,00,2,1,01,B02
201100014264,0,10,000,00,2,7,01,A01
201100014265,0,30,000,06,0,1,01,A01
201100014266,0,07,000,00,2,1,19,A01
201100014266,0,07,000,00,2,5,01,B02
201100014267,0,02,000,00,2,1,01,A01
201100014267,0,07,000,00,2,7,01,B02
201100014268,0,10,000,00,2,1,01,B02
201100014268,0,03,000,00,2,8,19,A01
201100014269,0,33,000,13,0,1,01,A01
201100014270,0,31,000,00,2,1,01,A01
201100014270,0,07,000,00,2,2,15,B02
201100014271,0,33,000,00,2,1,01,B02
201100014271,0,07,000,00,2,5,15,A01
201100014272,2,07,000,00,2,3,17,A01
201100014272,0,07,000,00,2,3,01,B02
201100014273,0,36,000,13,0,0,13,A01
201100014274,0,31,000,13,0,1,14,A01
201100014275,0,33,000,00,6,1,01,A01
201100014276,0,07,000,00,0,3,23,C03
201100014276,0,07,000,00,0,7,17,A01
201100014276,0,15,000,00,2,1,01,B02
201100014277,0,07,000,00,2,3,15,A01
201100014277,0,07,000,00,2,3,01,B02
201100014278,0,07,000,00,1,1,11,A01
201100014279,0,07,000,13,0,9,01,A01
201100014280,0,07,000,00,2,8,15,B02
201100014280,0,07,000,00,2,1,01,A01
201100014281,0,07,000,03,0,8,13,A01
201100014282,0,07,000,00,2,2,01,A01
201100014282,0,07,000,00,2,3,01,B02
201100014283,0,02,000,00,2,1,01,A01
201100014283,0,07,000,00,2,1,15,B02
201100014284,0,30,000,00,2,1,01,A01
201100014284,0,07,000,00,2,3,15,B02
201100014285,0,07,000,00,2,3,00,B02
201100014285,0,07,000,00,2,3,15,A01
201100014286,0,07,000,00,2,5,17,A01
201100014286,0,07,000,00,2,3,15,B02
201100014287,0,07,000,02,0,8,01,A01
201100014288,0,07,000,00,2,7,13,A01
201100014288,0,07,000,00,2,2,01,B02
201100014289,0,07,000,15,0,2,13,A01
201100014290,0,07,000,00,2,3,19,A01
201100014290,0,07,000,00,2,2,01,B02
201100014291,0,33,000,13,0,7,01,A01
201100014292,0,33,000,00,2,2,17,B02
201100014292,0,07,000,00,2,3,15,A01
201100014293,0,07,000,16,0,9,14,A01
201100014294,0,33,000,00,2,2,17,A01
201100014294,0,10,000,00,2,8,15,B02
201100014295,0,31,000,00,0,0,01,A01
201100014296,0,30,000,08,0,1,01,A01
201100014297,0,10,000,13,0,9,00,A01
201100014298,0,07,000,00,1,1,01,A01
201100014299,0,07,000,13,0,1,01,A01
201100014300,0,01,000,00,2,1,01,B02
201100014300,0,38,003,00,2,7,01,A01
201100014301,0,15,000,00,2,2,17,A01
201100014301,0,03,000,00,2,8,15,B02
201100014302,0,07,000,00,2,3,13,A01
201100014302,0,07,000,00,2,3,01,B02
201100014303,0,07,000,13,0,2,01,A01
201100014304,0,07,000,00,2,3,05,A01
201100014304,0,07,000,00,2,3,01,B02
201100014305,0,07,000,00,0,7,19,A01
201100014305,0,07,000,00,2,1,01,B02
201100014306,0,33,000,00,0,0,21,A01
201100014307,0,10,000,00,2,2,01,A01
201100014307,0,30,000,00,2,8,01,B02
201100014308,0,07,000,00,2,7,13,B02
201100014308,0,07,000,00,2,1,01,A01
201100014309,0,07,000,00,1,7,01,A01
201100014310,0,07,000,00,2,3,15,A01
201100014310,0,31,000,00,2,1,02,B02
201100014311,0,14,000,00,2,6,01,B02
201100014311,0,07,000,02,2,2,17,A01
201100014312,0,07,000,00,1,1,20,A01
201100014313,0,30,000,00,2,1,01,A01
201100014313,0,07,000,00,2,7,01,B02
201100014314,0,07,000,11,0,1,01,A01
201100014315,0,32,000,00,2,1,02,B02
201100014315,0,14,000,00,2,3,05,C03
201100014315,0,07,000,00,2,4,02,A01
201100014316,0,10,000,03,2,1,01,C03
201100014316,0,07,000,00,2,1,01,A01
201100014317,0,07,000,13,0,2,14,A01
201100014318,0,33,000,08,0,7,13,A01
201100014319,0,30,000,00,1,1,01,A01
201100014320,0,33,000,00,2,1,01,A01
201100014320,0,03,000,00,2,4,02,B02
201100014321,0,33,000,00,1,2,01,A01
201100014322,0,01,000,00,2,8,01,B02
201100014322,0,07,000,00,9,7,17,A01
201100014323,0,07,000,00,2,2,15,A01
201100014323,0,02,000,00,2,1,01,B02
201100014324,0,33,000,15,0,1,17,A01
201100014325,0,01,000,01,0,1,01,A01
201100014325,0,13,000,00,9,4,24,B02
201100014326,0,07,000,00,1,2,13,A01
201100014327,0,07,000,00,2,3,01,A01
201100014327,0,07,000,00,2,3,01,B02
201100014328,0,07,000,00,2,3,15,A01
201100014328,0,07,000,00,2,3,01,B02
201100014329,0,07,000,13,0,1,13,A01
201100014330,0,07,000,00,2,1,02,A01
201100014330,0,10,000,00,2,4,02,B02
201100014331,0,07,000,06,0,2,01,A01
201100014332,0,07,000,00,1,1,01,A01
201100014333,0,02,000,00,2,1,13,A01
201100014333,0,21,000,00,0,6,01,B02
201100014334,0,10,000,13,2,2,14,A01
201100014335,0,07,000,00,0,1,05,A01
201100014335,0,07,000,00,0,1,01,B02
201100014336,0,14,000,12,0,9,01,A01
201100014337,0,07,000,00,2,1,17,A01
201100014337,0,07,000,00,2,1,01,B02
201100014338,0,33,000,06,0,1,06,A01
201100014339,0,01,000,00,0,0,01,A01
201100014340,0,33,000,06,0,7,01,A01
201100014341,0,07,000,00,2,1,19,A01
201100014341,0,07,000,00,2,3,01,B02
201100014342,0,07,000,00,2,1,15,A01
201100014342,0,34,000,00,2,1,01,B02
201100014343,0,33,000,00,2,7,17,A01
201100014343,0,07,000,00,2,8,15,B02
201100014344,0,07,000,00,2,4,04,A01
201100014344,0,33,000,00,2,1,23,B02
201100014345,0,33,000,00,2,1,17,B02
201100014345,0,21,000,00,2,6,15,A01
201100014346,0,31,000,13,2,7,01,A01
201100014346,0,21,000,00,0,0,19,B01
201100014347,0,07,000,00,2,7,19,B02
201100014347,0,07,000,00,2,1,01,A01
201100014348,0,33,000,11,0,1,01,A01
201100014349,0,37,006,00,1,8,15,A01
201100014350,1,07,000,00,1,2,14,A01
201100014351,0,07,000,00,2,1,23,A01
201100014351,0,07,000,00,0,4,11,C03
201100014351,0,07,000,00,0,4,01,B02
201100014352,0,07,000,00,1,1,01,A01
201100014353,0,07,000,00,1,1,01,A01
201100014354,0,07,000,00,1,1,01,A01
201100014355,0,07,000,00,2,3,01,B02
201100014355,0,07,000,00,0,0,00,A01
201100014356,0,02,000,00,2,1,17,A01
201100014356,0,07,000,00,9,6,15,B02
201100014357,0,07,000,00,2,3,15,B02
201100014357,0,07,000,00,2,1,01,A01
201100014358,0,30,000,00,0,7,01,A01
201100014359,0,07,000,06,0,7,01,A01
201100014360,0,07,000,00,0,9,14,A01
201100014361,0,31,000,08,0,2,01,A01
201100014362,0,07,000,00,0,9,01,A01
201100014363,0,33,000,02,0,1,13,A01
201100014364,0,01,000,00,2,3,16,B02
201100014364,0,07,000,00,2,3,15,A01
201100014365,0,07,000,00,2,3,13,A01
201100014365,0,07,000,00,2,3,01,B02
201100014366,0,30,000,00,2,1,01,B02
201100014366,0,07,000,00,2,1,15,A01
201100014367,0,30,000,00,2,3,13,A01
201100014367,0,07,000,00,2,1,00,B02
201100014368,0,07,000,13,0,1,01,A01
201100014369,0,07,000,00,2,5,19,A01
201100014369,0,07,000,00,2,1,01,B02
201100014370,0,33,000,12,0,1,01,A01