Num_Acc,senc,catv,occutc,obs,obsm,choc,manv,num_veh
201100015848,0,07,000,00,2,4,01,B01
201100015848,0,30,000,00,2,1,01,A01
201100015849,0,02,000,00,1,1,01,A01
201100015850,0,07,000,00,1,1,01,A01
201100015851,0,07,000,00,2,1,01,A01
201100015851,0,31,000,00,2,0,01,B01
201100015852,0,10,000,00,2,8,15,A01
201100015852,0,33,000,00,2,1,21,B01
201100015853,0,07,000,00,2,2,16,A01
201100015853,0,30,000,00,2,3,01,B01
201100015854,0,07,000,00,2,2,16,B01
201100015854,0,07,000,00,2,1,01,A01
201100015855,0,30,000,00,0,0,00,A01
201100015855,0,37,001,00,2,2,01,B01
201100015856,0,32,000,00,2,1,01,B01
201100015856,0,32,000,00,2,1,15,A01
201100015857,0,07,000,00,2,1,01,A01
201100015857,0,07,000,00,2,8,01,B01
201100015858,0,07,000,00,2,3,15,B01
201100015858,0,01,000,00,2,1,01,A01
201100015859,0,10,000,00,2,1,01,B01
201100015859,0,10,000,00,2,2,01,A01
201100015860,0,33,000,00,2,1,01,B01
201100015860,0,07,000,00,2,8,10,A01
201100015861,0,31,000,00,2,2,01,B01
201100015861,0,07,000,00,2,6,15,A01
201100015862,0,10,000,00,1,0,01,A01
201100015863,0,02,000,00,2,1,01,A01
201100015863,0,07,000,00,2,1,01,B01
201100015864,0,10,000,00,0,0,01,A01
201100015865,0,07,000,00,1,7,01,A01
201100015866,0,07,000,00,2,1,01,B01
201100015866,0,02,000,00,2,3,01,A01
201100015867,0,02,000,00,2,2,01,B01
201100015867,0,07,000,00,2,3,13,A01
201100015868,0,07,000,00,1,1,01,A01
201100015869,0,40,000,00,1,0,01,A01
201100015870,0,07,000,00,2,1,01,A01
201100015870,0,07,000,00,2,4,01,C01
201100015870,0,07,000,00,2,4,01,B01
201100015871,0,10,000,00,2,1,09,A01
201100015871,0,07,000,00,2,1,01,B01
201100015872,0,33,000,00,2,1,01,B01
201100015872,0,07,000,00,2,2,15,A01
201100015873,0,33,000,00,2,1,01,A01
201100015873,0,07,000,00,2,5,01,B01
201100015874,0,10,000,00,1,1,15,A01
201100015875,0,10,000,00,2,1,16,A01
201100015876,0,01,000,00,2,1,01,A01
201100015876,0,02,000,00,2,1,01,B01
201100015877,1,32,000,00,1,0,01,Z01
201100015878,0,07,000,00,2,6,01,B01
201100015878,0,07,000,00,2,1,01,A01
201100015879,0,02,000,00,1,1,01,A01
201100015880,0,31,000,00,2,2,01,A01
201100015880,0,07,000,00,2,2,19,B01
201100015881,0,33,000,00,2,1,00,A01
201100015881,0,07,000,00,2,1,01,B01
201100015882,0,07,000,14,2,7,13,A01
201100015882,0,07,000,00,2,1,01,B01
201100015883,1,07,000,00,2,0,00,Z01
201100015884,0,07,000,00,2,7,01,C01
201100015884,0,07,000,00,2,7,00,A01
201100015884,0,10,000,00,2,1,16,B01
201100015885,0,14,000,00,2,1,01,A01
201100015885,0,07,000,00,2,4,02,B01
201100015886,0,10,000,00,1,4,04,A01
201100015887,0,07,000,00,0,0,16,A01
201100015887,0,31,000,00,0,9,01,B01
201100015888,0,10,000,00,2,1,02,A01
201100015888,0,10,000,00,2,4,02,B01
201100015889,0,07,000,01,2,8,01,B01
201100015889,0,07,000,08,2,1,01,A01
201100015890,0,33,000,00,2,1,09,A01
201100015890,0,37,001,00,2,3,15,B01
201100015891,0,07,000,00,2,1,01,A01
201100015891,0,07,000,00,2,4,01,B01
201100015892,0,07,000,00,2,3,15,A01
201100015892,0,33,000,00,2,2,01,B01
201100015893,0,33,000,00,2,8,01,B01
201100015893,0,07,000,00,2,2,01,A01
201100015894,0,07,000,00,1,8,01,A01
201100015895,0,33,000,00,2,1,01,A01
201100015895,0,07,000,00,2,4,02,B01
201100015896,0,40,000,00,2,0,00,B01
201100015896,0,02,000,00,2,2,09,A01
201100015897,0,02,000,00,2,1,01,A01
201100015897,0,07,000,00,2,2,15,B01
201100015898,0,07,000,00,1,1,16,A01
201100015899,0,07,000,00,2,8,15,B01
201100015899,2,33,000,00,2,1,07,A01
201100015900,0,07,000,00,2,1,01,B01
201100015900,0,07,000,00,2,8,01,A01
201100015901,0,07,000,02,0,1,14,A01
201100015902,0,07,000,00,2,4,01,B01
201100015902,0,30,000,00,2,1,01,A01
201100015903,0,07,000,00,2,1,01,A01
201100015903,0,33,000,00,2,4,02,B01
201100015904,0,30,000,00,2,1,01,A01
201100015904,0,07,000,00,0,3,00,B01
201100015905,0,33,000,08,0,9,01,A01
201100015906,0,07,000,00,1,2,01,A01
201100015907,0,07,000,12,0,0,21,C01
201100015907,0,07,000,08,2,1,13,A01
201100015907,0,07,000,00,2,8,01,B01
201100015908,0,37,014,00,2,7,01,B01
201100015908,0,33,000,00,2,1,01,A01
201100015909,0,32,000,00,2,1,02,A01
201100015909,0,07,000,00,2,4,02,B01
201100015910,0,30,000,00,2,3,01,A01
201100015910,0,33,000,00,2,1,01,B01
201100015911,0,33,000,16,0,1,01,A01
201100015911,0,07,000,00,2,4,23,B01
201100015912,0,31,000,00,2,2,09,A01
201100015912,0,33,000,00,2,1,01,B01
201100015913,0,10,000,00,2,1,01,A01
201100015913,0,10,000,00,2,4,01,B01
201100015914,0,34,000,00,2,2,01,B01
201100015914,0,10,000,00,2,6,10,A01
201100015915,0,07,000,00,1,1,01,A01
201100015916,0,30,000,00,2,3,09,A01
201100015916,0,37,000,00,2,2,01,B01
201100015917,0,30,000,00,2,1,01,B01
201100015917,0,07,000,00,2,3,00,A01
201100015918,0,34,000,00,2,1,01,B01
201100015918,0,07,000,00,2,2,19,A01
201100015919,0,07,000,00,2,4,02,B01
201100015919,0,31,000,14,0,1,01,A01
201100015920,0,31,000,00,2,0,17,B01
201100015920,0,07,000,00,2,3,15,A01
201100015921,0,07,000,00,2,6,00,A01
201100015921,0,31,000,00,2,8,00,B01
201100015922,1,07,000,00,0,3,16,Z01
201100015922,0,31,000,00,2,2,01,B01
201100015923,0,07,000,00,2,4,23,B01
201100015923,0,07,000,00,2,9,01,A01
201100015923,1,07,000,00,2,1,01,Z01
201100015924,0,07,000,00,2,1,01,B01
201100015924,0,07,000,00,2,7,01,A01
201100015925,0,33,000,00,2,7,14,A01
201100015925,0,32,000,00,2,3,18,B01
201100015926,0,07,000,00,2,5,16,A01
201100015926,0,37,001,00,2,8,01,B01
201100015927,0,10,000,00,2,1,01,B01
201100015927,0,07,000,00,2,1,05,A01
201100015928,0,07,000,00,2,1,02,A01
201100015928,0,07,000,00,2,4,02,B01
201100015929,0,30,000,00,2,1,13,A01
201100015929,0,07,000,00,2,1,01,B01
201100015930,0,31,000,00,2,8,01,A01
201100015930,0,07,000,00,0,0,01,B01
201100015931,0,30,000,00,2,1,01,A01
201100015931,0,07,000,00,2,7,01,B01
201100015932,0,07,000,00,4,2,01,B01
201100015932,0,40,000,00,2,2,01,A01
201100015933,0,02,000,00,2,7,01,A01
201100015933,0,40,000,00,2,1,01,B01
201100015934,0,07,000,00,2,7,15,A01
201100015934,0,34,000,00,2,8,01,B01
201100015935,0,07,000,00,2,2,14,A01
201100015935,0,02,000,00,2,1,01,B01
201100015936,0,07,000,00,2,8,15,B01
201100015936,0,02,000,00,2,1,15,A01
201100015937,0,07,000,00,2,2,09,A01
201100015938,0,07,000,00,2,1,01,A01
201100015938,0,02,000,00,2,4,02,B01
201100015939,0,07,000,08,0,1,14,A01
201100015940,0,13,000,00,2,1,01,A01
201100015940,0,07,000,00,2,4,01,B01
201100015941,0,15,000,06,2,8,01,A01
201100015941,0,07,000,00,2,7,01,B01
201100015942,0,07,000,00,2,4,01,B01
201100015942,0,31,000,00,2,1,01,A01
201100015943,0,07,000,00,2,1,01,B01
201100015943,0,30,000,00,2,7,01,A01
201100015944,0,07,000,00,2,2,01,A01
201100015944,0,07,000,00,2,3,01,B01
201100015945,0,07,000,00,2,8,09,A01
201100015945,0,33,000,00,2,1,01,B01
201100015946,0,02,000,00,2,1,01,A01
201100015946,0,07,000,00,2,4,01,B01
201100015947,0,07,000,00,2,2,00,A01
201100015947,0,33,000,00,2,1,00,B01
201100015948,0,07,000,00,2,1,15,A01
201100015948,0,02,000,00,2,1,01,B01
201100015949,0,07,000,00,2,2,15,A01
201100015949,0,32,000,00,2,1,01,B01
201100015950,0,37,016,00,2,1,01,B01
201100015950,0,33,000,00,2,1,13,A01
201100015951,0,31,000,00,0,0,01,A01
201100015952,0,07,000,00,1,7,01,A01
201100015953,0,07,000,04,2,3,13,A01
201100015953,0,10,000,00,2,3,01,B01
201100015954,0,31,000,00,1,1,01,B01
201100015955,0,07,000,01,1,1,21,A01
201100015956,0,07,000,00,2,1,01,B01
201100015956,0,02,000,00,2,1,05,A01
201100015957,0,02,000,00,4,1,01,A01
201100015957,0,40,000,00,2,6,01,B01
201100015958,0,30,000,00,2,1,01,A01
201100015958,0,07,000,00,2,1,01,B01
201100015959,0,07,000,00,1,0,01,A01
201100015960,0,07,000,14,2,4,02,B01
201100015960,0,07,000,14,2,4,02,C01
201100015960,0,07,000,00,2,4,02,D01
201100015960,0,07,000,14,0,1,01,A01
201100015961,0,07,000,00,2,3,01,B01
201100015961,0,07,000,00,2,1,01,A01
201100015962,0,07,000,00,2,5,01,B01
201100015962,0,33,000,00,2,1,01,A01
201100015963,0,32,000,00,2,7,01,B01
201100015963,0,02,000,00,2,3,01,A01
201100015964,0,07,000,00,2,1,01,B01
201100015964,0,07,000,00,2,3,09,A01
201100015965,0,31,000,00,2,1,01,A01
201100015965,0,07,000,00,2,4,01,B01
201100015966,0,33,000,00,2,2,01,B01
201100015966,0,07,000,00,2,3,10,A01
201100015967,0,07,000,00,1,4,04,A01
201100015968,0,31,000,11,0,0,00,A01
201100015969,0,07,000,00,2,2,12,A01
201100015969,0,33,000,00,2,7,00,B01
201100015970,0,02,000,00,2,1,01,A01
201100015970,0,07,000,00,2,1,01,B01
201100015971,0,07,000,00,2,7,00,B01
201100015971,0,07,000,00,2,3,13,A01
201100015972,0,07,000,00,2,1,05,A01
201100015972,0,07,000,00,2,1,01,B01
201100015973,0,07,000,00,1,2,20,A01
201100015974,0,02,000,08,0,1,14,A01
201100015975,0,33,000,00,1,1,01,A01
201100015976,0,07,000,00,1,1,01,A01
201100015977,0,01,000,00,0,9,01,A01
201100015978,0,02,000,00,2,7,17,B01
201100015978,0,07,000,00,2,8,15,A01
201100015979,0,31,000,00,2,8,01,B01
201100015979,0,07,000,00,2,7,01,A01
201100015980,0,30,000,00,1,1,01,A01
201100015981,0,34,000,00,2,1,01,A01
201100015981,0,07,000,01,2,2,13,B01
201100015982,0,07,000,00,2,4,04,A01
201100015983,0,02,000,00,2,2,17,A01
201100015983,0,07,000,00,2,3,15,B01
201100015984,0,07,000,00,2,3,01,A01
201100015984,0,07,000,00,2,2,01,B01
201100015985,0,07,000,00,2,6,00,B01
201100015985,0,07,000,00,2,1,01,A01
201100015986,0,31,000,14,2,1,01,A01
201100015986,0,33,000,00,2,4,23,B01
201100015986,0,37,015,00,2,4,23,C01
201100015987,0,07,000,00,1,2,21,A01
201100015988,0,33,000,00,2,1,01,A01
201100015989,0,02,000,01,0,2,14,A01
201100015990,0,07,000,00,2,2,15,A01
201100015990,0,10,000,00,2,3,01,B01
201100015991,0,30,000,00,2,1,09,A01
201100015991,0,07,000,00,2,5,01,B01
201100015992,0,07,000,00,2,4,02,B01
201100015992,0,07,000,00,2,1,02,A01
201100015992,0,07,000,00,2,4,02,C01
201100015993,0,07,000,00,2,4,02,B01
201100015993,0,30,000,00,2,1,01,A01
201100015994,0,07,000,00,2,2,09,A01
201100015994,0,31,000,00,2,1,01,B01
201100015995,0,01,000,00,2,0,00,A01
201100015995,0,07,000,00,2,1,00,B01
201100015996,0,07,000,00,2,2,15,A01
201100015996,0,01,000,00,2,1,01,B01
201100015997,0,07,000,00,1,1,01,A01
201100015998,0,10,000,00,2,1,01,B01
201100015998,0,31,000,00,2,1,01,C01
201100015998,0,07,000,00,2,5,01,A01
201100015999,0,10,000,00,1,4,04,A01
201100016000,0,07,000,00,2,2,01,B01
201100016000,0,30,000,09,2,8,01,A01
201100016001,0,07,000,00,2,3,15,A01
201100016001,0,33,000,00,2,1,01,B01
201100016002,0,07,000,00,2,2,14,A01
201100016002,0,33,000,00,2,0,01,B01
201100016003,0,07,000,00,2,1,16,A01
201100016003,0,02,000,00,2,7,01,B01
201100016004,0,30,000,00,2,3,01,B01
201100016004,0,07,000,00,2,2,01,A01
201100016005,0,07,000,00,1,3,01,A01
201100016006,0,32,000,00,2,7,17,A01
201100016006,0,07,000,00,2,3,15,B01
201100016007,0,07,000,00,1,2,21,A01
201100016008,0,02,000,01,0,1,13,A01
201100016009,0,31,000,00,2,8,01,B01
201100016009,0,07,000,00,2,3,15,A01
201100016010,0,07,000,00,2,4,02,B01
201100016010,0,17,000,00,2,1,01,A01
201100016011,0,32,000,00,2,7,17,A01
201100016011,0,10,000,00,2,3,15,B01
201100016012,0,07,000,00,2,1,01,B01
201100016012,0,31,000,00,2,1,01,A01
201100016013,0,30,000,00,2,8,00,A01
201100016013,0,07,000,00,2,1,00,B01
201100016014,0,32,000,00,2,7,01,B01
201100016014,0,01,000,00,2,0,13,A01
201100016015,0,07,000,00,2,5,02,B01
201100016015,0,02,000,00,2,8,01,A01
201100016016,0,07,000,00,2,3,09,A01
201100016016,0,02,000,00,2,2,01,B01
201100016017,0,02,000,00,0,1,01,A01
201100016017,0,07,000,00,2,4,01,B01
201100016018,0,37,002,00,0,0,00,B01
201100016018,0,07,000,00,0,4,00,A01
201100016019,0,02,000,00,2,7,01,B01
201100016019,0,07,000,00,2,8,11,A01
201100016020,0,07,000,00,2,3,01,C01
201100016020,0,30,000,00,2,2,13,A01
201100016020,0,07,000,00,2,6,01,B01
201100016021,0,31,000,00,0,8,01,A01
201100016021,0,07,000,00,0,0,09,B01
201100016022,0,02,000,00,2,2,00,A01
201100016022,0,30,000,00,2,8,01,B01
201100016023,0,07,000,00,1,8,01,A01
201100016024,0,07,000,00,2,3,13,A01
201100016024,0,10,000,00,2,9,01,B01
201100016025,0,07,000,06,0,9,01,A01
201100016026,0,07,000,00,2,2,00,A01
201100016026,0,07,000,00,2,6,00,B01
201100016027,0,02,000,00,2,9,01,A01
201100016027,0,07,000,00,2,1,01,B01
201100016028,0,07,000,00,2,1,01,A01
201100016028,0,33,000,00,2,4,01,B01
201100016029,0,07,000,00,1,1,01,A01
201100016030,0,02,000,00,2,8,01,B01
201100016030,1,07,000,00,2,0,00,Z01
201100016031,0,07,000,00,1,4,04,A01
201100016032,0,07,000,00,2,5,16,B01
201100016032,0,02,000,00,2,3,01,A01
201100016033,0,07,000,00,1,1,01,A01
201100016034,0,02,000,00,2,3,01,A01
201100016034,0,07,000,00,2,2,14,B01
201100016035,0,31,000,00,1,1,01,A01
201100016036,0,07,000,00,2,7,23,B01
201100016036,0,02,000,14,0,3,18,A01
201100016037,0,07,000,00,0,4,15,A01
201100016037,0,33,000,00,2,1,00,B01
201100016038,0,01,000,01,0,2,01,B01
201100016038,0,07,000,00,2,8,22,A01
201100016039,0,07,000,00,2,7,23,A01
201100016039,0,02,000,00,2,8,01,B01
201100016040,0,07,000,00,2,2,13,A01
201100016040,0,33,000,00,2,7,01,B01
201100016041,0,34,000,00,2,8,01,A01
201100016041,0,07,000,00,2,4,01,B01
201100016042,0,07,000,00,2,8,16,B01
201100016042,0,10,000,00,0,0,16,A01
201100016043,0,07,000,00,2,1,01,A01
201100016043,0,07,000,00,2,1,01,C01
201100016043,0,07,000,00,2,4,15,B01
201100016044,0,07,000,00,2,3,24,B01
201100016044,0,07,000,01,0,3,21,A01
201100016045,0,07,000,00,2,1,16,A01
201100016045,0,07,000,00,2,1,01,B01
201100016046,0,33,000,04,0,9,13,A01
201100016047,0,30,000,00,2,1,01,A01
201100016047,0,07,000,00,2,4,02,B01
201100016048,0,07,000,00,2,4,24,B01
201100016048,0,34,000,00,1,9,01,A01
201100016049,0,07,000,00,2,4,01,B01
201100016049,0,07,000,14,0,1,01,A01
201100016050,0,07,000,00,2,3,01,A01
201100016051,0,02,000,06,0,2,14,A01
201100016052,0,07,000,14,0,1,01,A01
201100016052,0,07,000,14,2,1,02,B01
201100016052,0,07,000,00,2,4,02,C01
201100016053,0,30,000,00,2,1,18,A01
201100016053,0,07,000,00,2,2,16,B01
201100016054,0,31,000,00,2,7,01,A01
201100016054,0,07,000,00,2,1,01,B01
201100016055,0,07,000,00,2,1,01,A01
201100016055,0,03,000,00,2,4,01,B01
201100016056,0,07,000,00,1,1,01,A01
201100016057,0,02,000,00,1,1,01,A01
201100016058,0,07,000,01,2,2,20,A01
201100016058,0,02,000,00,2,1,01,B01
201100016059,0,32,000,00,2,1,01,B01
201100016059,0,07,000,00,2,2,15,A01
201100016060,0,02,000,00,1,1,01,A01
201100016061,0,30,000,00,2,3,01,B01
201100016061,0,07,000,00,2,2,16,A01
201100016062,0,07,000,00,2,1,01,A01
201100016062,0,07,000,00,2,7,01,B01
201100016063,0,07,000,00,1,2,16,A01
201100016064,0,07,000,00,2,6,01,B01
201100016064,0,02,000,00,2,5,01,A01
201100016065,0,07,000,00,2,3,01,B01
201100016065,0,07,000,00,2,1,01,A01
201100016066,0,10,000,00,2,3,13,A01
201100016066,0,32,000,14,2,5,01,B01
201100016066,0,07,000,00,2,4,23,C01
201100016067,0,31,000,00,2,7,01,B01
201100016067,0,07,000,00,2,6,01,A01
201100016068,0,07,000,00,2,2,15,A01
201100016068,0,31,000,00,2,9,01,B01
201100016069,0,07,000,00,2,4,02,B01
201100016069,0,32,000,14,0,1,01,A01
201100016070,0,07,000,00,1,4,04,A01
201100016071,0,02,000,00,2,1,02,A01
201100016071,0,07,000,00,2,4,02,B01
201100016072,0,07,000,14,2,4,01,B01
201100016072,0,07,000,14,0,1,01,A01
201100016072,0,07,000,00,2,4,02,C01
201100016073,0,32,000,00,2,1,01,A01
201100016073,0,07,000,00,2,4,02,B01
201100016074,0,33,000,00,2,1,01,A01
201100016074,0,07,000,00,2,4,01,B01
201100016075,0,07,000,00,1,0,01,A01
201100016076,0,07,000,00,2,1,02,A01
201100016076,0,07,000,00,2,4,02,B01
201100016077,0,31,000,00,2,1,01,B01
201100016077,1,07,000,00,2,5,01,A01
201100016078,0,07,000,00,1,1,01,A01
201100016079,0,34,000,00,0,0,01,A01
201100016080,0,07,000,00,2,1,01,A01
201100016080,0,07,000,00,2,4,01,B01
201100016081,0,07,000,00,1,1,15,A01
201100016082,0,02,000,00,2,1,01,B01
201100016082,0,07,000,00,2,4,01,A01
201100016083,0,07,000,00,2,4,01,B01
201100016083,0,07,000,06,2,3,00,A01
201100016084,0,02,000,00,2,3,16,A01
201100016084,0,07,000,00,2,7,14,B01
201100016085,0,30,000,00,2,3,01,B01
201100016085,0,07,000,00,2,2,01,A01
201100016086,0,02,000,00,2,7,17,A01
201100016086,0,07,000,00,2,3,15,B01
201100016087,0,07,000,00,2,4,01,C01
201100016087,0,07,000,00,2,1,01,A01
201100016087,0,07,000,00,2,9,01,B01
201100016088,0,07,000,00,2,6,04,A01
201100016088,0,02,000,00,2,7,01,B01
201100016089,0,07,000,00,2,3,00,B01
201100016089,0,32,000,01,2,2,12,A01
201100016090,0,07,000,14,2,1,01,A01
201100016090,0,07,000,00,1,3,01,B01
201100016091,0,07,000,00,2,2,15,A01
201100016091,0,33,000,00,2,1,01,B01
201100016092,0,07,000,00,2,2,01,B01
201100016092,0,02,000,00,2,8,09,A01
201100016093,0,07,000,00,2,1,01,Z01
201100016094,0,07,000,00,2,2,09,A01
201100016094,0,32,000,00,2,8,01,B01
201100016095,0,40,000,00,1,1,01,A01
201100016096,0,07,000,00,1,1,01,A01
201100016097,0,33,000,00,2,9,17,B01
201100016097,0,07,000,00,2,8,15,A01
201100016098,0,07,000,00,2,3,15,A01
201100016098,0,30,000,00,2,2,01,B01
201100016099,0,07,000,00,2,4,02,B01
201100016099,0,07,000,00,2,1,02,A01
201100016100,0,07,000,00,2,0,00,A01
201100016100,0,31,000,00,2,0,00,B01
201100016101,0,07,000,00,1,1,15,A01
201100016102,0,07,000,00,0,0,13,B01
201100016102,0,02,000,00,2,3,18,A01
201100016103,0,32,000,00,2,1,00,B01
201100016103,1,07,000,00,2,1,00,A01
201100016104,0,33,000,00,2,7,01,C01
201100016104,1,07,000,00,2,0,12,Z01
201100016104,0,32,000,00,2,1,01,B01
201100016105,0,31,000,00,2,1,01,B01
201100016105,0,07,000,00,2,3,09,A01
201100016106,0,07,000,00,2,1,01,B01
201100016106,0,07,000,00,2,2,13,A01
201100016107,0,10,000,00,2,1,01,A01
201100016107,0,33,000,00,2,4,01,B01
201100016108,0,07,000,00,1,1,15,A01
201100016109,0,37,001,00,2,7,09,C01
201100016109,0,01,000,00,2,8,17,B01
201100016109,0,07,000,00,0,0,24,A01
201100016110,0,07,000,00,2,4,02,B01
201100016110,0,07,000,00,2,1,02,A01
201100016110,0,07,000,00,2,4,02,C01
201100016111,0,07,000,00,2,1,15,A01
201100016111,0,31,000,00,2,9,18,B01
201100016112,0,07,000,00,2,1,01,A01
201100016112,0,10,000,00,2,6,16,B01
201100016113,0,02,000,00,2,1,01,B01
201100016113,0,07,000,00,2,3,09,A01
201100016114,0,07,000,00,2,0,13,A01
201100016114,0,33,000,00,2,3,01,B01
201100016115,0,07,000,02,0,5,13,A01
201100016116,0,07,000,00,2,1,02,A01
201100016116,0,01,000,00,2,4,01,B01
201100016117,0,10,000,00,1,1,00,A01
201100016118,0,07,000,08,0,1,00,A01
201100016119,0,31,000,00,2,0,23,A01
201100016119,0,14,000,00,2,0,01,B01
201100016120,0,07,000,00,2,1,01,B01
201100016120,0,07,000,00,2,3,15,A01
201100016121,0,07,000,00,2,1,01,B01
201100016121,0,02,000,00,2,1,13,A01
201100016122,0,10,000,00,1,1,15,A01
201100016123,0,07,000,00,2,2,16,A01
201100016123,0,30,000,00,2,3,01,B01
201100016124,0,10,000,00,2,3,15,A01
201100016124,0,30,000,00,2,1,01,B01
201100016125,0,33,000,00,2,1,01,B01
201100016125,0,07,000,00,2,3,15,A01
201100016126,0,07,000,00,2,2,15,A01
201100016126,0,31,000,00,2,1,01,B01
201100016127,0,07,000,00,2,7,01,B01
201100016127,0,07,000,00,2,2,09,A01
201100016128,0,33,000,00,2,9,01,A01
201100016128,0,07,000,00,2,6,01,B01
201100016128,0,07,000,00,2,3,01,C01
201100016129,0,07,000,00,2,2,15,A01
201100016129,0,33,000,00,2,1,01,B01
201100016130,0,02,000,00,2,1,01,B01
201100016130,0,10,000,00,2,4,04,A01
201100016131,0,07,000,00,2,2,00,B01
201100016131,0,32,000,00,2,0,00,A01
201100016132,0,07,000,00,2,4,01,C01
201100016132,0,32,000,00,2,4,01,B01
201100016132,0,07,000,00,2,1,01,A01
201100016133,0,37,001,00,1,2,01,A01
201100016134,0,07,000,00,2,4,01,B01
201100016134,1,07,000,00,2,1,01,Z01
201100016135,0,07,000,00,1,1,01,A01
201100016136,0,31,000,01,2,1,01,B01
201100016136,0,07,000,00,2,1,09,A01
201100016137,0,07,000,00,2,1,15,A01
201100016137,0,31,000,00,2,8,01,B01
201100016138,0,07,000,00,1,1,01,A01
201100016139,0,07,000,00,2,9,01,B01
201100016139,0,07,000,00,2,1,01,A01
201100016139,0,07,000,00,2,5,01,C01
201100016140,0,07,000,00,2,4,15,B01
201100016140,0,30,000,00,2,1,01,A01
201100016141,0,07,000,00,2,3,15,B01
201100016141,0,30,000,00,2,1,01,A01
201100016142,0,07,000,00,2,4,02,B01
201100016142,0,10,000,00,2,1,02,A01
201100016143,0,99,000,00,2,3,09,A01
201100016143,0,02,000,00,2,1,01,B01
201100016144,0,07,000,00,2,3,00,A01
201100016144,0,33,000,00,2,7,17,B01
201100016145,0,31,000,00,2,3,01,B01
201100016145,0,07,000,00,2,7,16,A01
201100016146,0,02,000,00,1,9,01,A01
201100016147,0,38,001,00,1,7,00,A01
201100016148,0,10,000,00,2,1,01,B01
201100016148,0,02,000,00,2,1,01,A01
201100016149,0,99,000,00,2,1,02,A01
201100016149,0,10,000,00,2,4,02,B01
201100016150,0,02,000,00,1,8,01,A01
201100016151,0,07,000,00,2,4,01,B01
201100016151,0,33,000,00,2,1,01,A01
201100016152,0,07,000,00,2,1,15,A01
201100016152,0,31,000,00,2,7,01,B01
201100016153,0,07,000,06,0,1,00,A01
201100016154,0,07,000,00,0,1,01,A01
201100016155,0,30,000,00,2,1,02,A01
201100016155,0,07,000,00,2,4,02,B01
201100016156,0,07,000,00,2,1,01,A01
201100016157,0,31,000,00,2,0,01,A01
201100016157,0,07,000,00,0,0,01,B01
201100016158,0,07,000,00,1,1,01,A01
201100016159,0,07,000,00,2,7,16,A01
201100016159,0,02,000,00,2,9,01,B01
201100016160,0,07,000,00,2,4,01,B01
201100016160,0,33,000,00,2,1,01,A01
201100016161,0,02,000,01,2,8,13,B01
201100016161,0,02,000,00,2,7,01,A01
201100016162,1,07,000,00,2,2,15,A01
201100016162,0,31,000,00,2,1,01,B01
201100016163,0,07,000,01,0,3,01,A01
201100016164,0,30,000,01,0,1,02,A01
201100016165,0,10,000,00,1,2,16,A01
201100016166,0,31,000,08,0,1,14,A01
201100016167,0,07,000,00,2,2,16,A01
201100016167,0,32,000,00,2,1,01,B01
201100016168,0,99,000,00,1,3,15,A01
201100016169,0,07,000,00,2,0,15,A01
201100016170,0,07,000,00,1,4,04,A01
201100016171,0,07,000,00,2,8,15,A01
201100016171,0,07,000,00,2,7,01,B01
201100016172,0,31,000,00,2,4,23,B01
201100016172,1,07,000,14,0,1,01,Z01
201100016173,0,07,000,00,2,2,10,A01
201100016173,0,33,000,00,2,1,01,B01
201100016174,0,07,000,00,0,0,04,A01
201100016174,0,33,000,00,2,7,01,B01
201100016175,0,01,000,00,2,8,01,B01
201100016175,0,07,000,00,2,7,09,A01
201100016176,0,07,000,00,2,4,02,B01
201100016176,0,07,000,00,2,1,01,A01
201100016177,0,07,000,00,2,1,01,A01
201100016177,0,07,000,00,2,4,01,B01
201100016178,0,10,000,00,2,4,04,A01
201100016178,0,31,000,00,4,1,01,B01
201100016179,0,07,000,00,2,2,15,A01
201100016179,0,32,000,00,2,1,01,B01
201100016180,0,02,000,00,2,1,01,A01
201100016180,0,01,000,00,2,4,02,B01
201100016181,0,07,000,00,2,1,01,A01
201100016181,0,07,000,00,2,4,01,B01
201100016182,0,02,000,00,2,1,01,A01
201100016182,0,07,000,00,2,4,01,B01
201100016183,0,07,000,00,2,2,01,B01
201100016183,0,31,000,00,2,9,09,A01
201100016184,0,07,000,06,0,1,01,A01
201100016185,0,33,000,00,2,1,01,B01
201100016185,0,07,000,00,2,3,10,A01
201100016186,0,07,000,06,0,1,00,A01
201100016187,0,30,000,00,2,2,01,A01
201100016187,0,07,000,00,2,3,01,B01
201100016188,0,07,000,00,2,3,15,B01
201100016188,0,32,000,00,2,1,01,A01
201100016189,0,07,000,00,1,1,01,A01
201100016190,0,01,000,00,2,8,01,B01
201100016190,0,07,000,00,2,1,01,A01
201100016191,0,10,000,00,1,1,15,A01
201100016192,0,07,000,00,2,4,01,B01
201100016192,0,07,000,00,2,1,01,A01
201100016193,0,07,000,00,2,1,01,A01
201100016193,0,33,000,00,2,4,02,B01
201100016194,0,07,000,00,1,1,01,A01
201100016195,0,01,000,00,2,6,01,B01
201100016195,0,07,000,00,1,3,14,A01
201100016196,0,07,000,00,2,0,16,B01
201100016196,0,34,000,00,2,8,14,A01
201100016197,0,07,000,00,2,1,14,B01
201100016197,0,07,000,00,2,1,01,C01
201100016197,0,34,000,00,2,9,01,A01
201100016198,0,07,000,00,1,1,01,A01
201100016199,0,07,000,00,1,2,01,A01