Num_Acc,senc,catv,occutc,obs,obsm,choc,manv,num_veh
201100016548,0,07,000,00,2,2,19,A01
201100016549,0,07,000,00,1,1,01,A01
201100016550,0,10,000,00,0,6,15,A01
201100016550,0,31,000,00,2,0,17,B01
201100016551,0,01,000,00,2,8,15,B01
201100016551,0,07,000,00,9,0,15,A01
201100016552,0,02,000,00,2,7,17,A01
201100016552,0,07,000,00,2,3,15,B01
201100016553,0,07,000,00,2,1,01,C01
201100016553,0,07,000,00,2,3,19,A01
201100016553,0,07,000,00,2,3,01,B01
201100016554,0,17,000,00,0,6,13,A01
201100016554,0,07,000,00,0,3,01,B01
201100016555,0,07,000,00,2,2,15,A01
201100016555,0,31,000,00,2,1,21,B01
201100016556,0,07,000,12,1,3,13,A01
201100016557,0,07,000,00,2,1,15,A01
201100016557,0,33,000,00,2,1,01,B01
201100016558,0,02,000,00,2,1,02,A01
201100016558,0,07,000,00,0,2,00,B01
201100016559,0,07,000,00,1,2,01,A01
201100016560,0,07,000,00,2,2,15,A01
201100016560,0,02,000,00,2,1,01,B01
201100016561,0,07,000,00,2,2,15,A01
201100016561,0,37,001,00,2,3,01,B01
201100016562,0,07,000,00,2,1,01,B01
201100016562,0,07,000,00,2,1,15,A01
201100016563,0,33,000,00,2,4,18,A01
201100016563,0,07,000,00,9,3,01,B01
201100016564,0,33,000,00,0,0,17,A01
201100016564,0,07,000,00,0,0,01,B01
201100016565,0,07,000,06,0,1,01,A01
201100016566,0,01,000,00,2,5,01,B01
201100016566,0,07,000,00,2,3,16,A01
201100016567,0,32,000,00,2,1,01,B01
201100016567,0,07,000,00,2,2,15,A01
201100016568,0,07,000,00,2,1,16,B01
201100016568,0,01,000,00,2,1,05,A01
201100016569,0,01,000,00,2,1,13,A01
201100016569,0,07,000,00,9,3,01,B01
201100016570,0,07,000,00,2,3,01,B01
201100016570,0,07,000,00,2,3,17,A01
201100016571,0,07,000,00,2,1,01,B01
201100016571,0,07,000,00,2,5,01,A01
201100016572,0,07,000,00,2,1,13,A01
201100016572,0,15,000,00,2,3,01,B01
201100016573,0,07,000,00,2,7,15,A01
201100016573,0,33,000,00,2,1,01,B01
201100016574,0,07,000,00,2,2,01,D01
201100016574,0,07,000,14,2,1,01,A01
201100016574,0,07,000,14,2,8,01,B01
201100016574,0,07,000,04,2,1,01,C01
201100016575,0,07,000,00,2,2,10,A01
201100016575,0,07,000,00,2,1,01,B02
201100016576,0,07,000,06,0,2,19,A01
201100016577,0,07,000,00,2,2,01,B02
201100016577,0,07,000,00,2,2,17,A01
201100016578,0,07,000,00,2,3,19,A01
201100016578,0,33,000,00,2,1,01,B02
201100016579,0,07,000,00,2,8,01,A01
201100016579,0,07,000,00,2,1,01,B02
201100016580,0,07,000,00,0,5,16,A01
201100016580,0,01,000,00,0,0,00,B02
201100016581,0,02,000,00,2,1,01,B02
201100016581,0,07,000,00,2,3,17,A01
201100016582,0,07,000,00,0,9,01,A01
201100016583,0,30,000,08,0,1,14,A01
201100016584,0,07,000,00,2,9,13,A01
201100016584,0,07,000,00,2,3,01,C01
201100016584,0,07,000,06,2,6,01,B01
201100016585,0,07,000,00,0,8,15,A01
201100016585,0,33,000,00,2,1,17,B01
201100016586,0,07,000,00,2,1,11,B01
201100016586,0,07,000,00,2,1,01,A01
201100016587,0,07,000,00,2,2,16,B01
201100016587,0,02,000,02,2,0,18,A01
201100016588,0,07,000,00,2,1,01,B01
201100016588,0,07,000,00,2,8,13,A01
201100016589,0,07,000,00,2,2,01,B01
201100016589,0,07,000,00,2,1,09,A01
201100016590,0,30,000,00,2,8,01,B01
201100016590,1,07,000,00,2,7,17,A01
201100016591,0,07,000,00,1,1,01,A01
201100016592,0,07,000,00,2,7,00,A01
201100016592,0,07,000,00,2,1,01,B01
201100016593,0,07,000,02,0,1,01,A01
201100016594,0,30,000,00,0,0,02,B01
201100016594,0,07,000,00,0,6,14,A01
201100016595,0,02,000,00,1,1,01,A01
201100016596,0,07,000,00,0,3,20,B01
201100016596,0,33,000,00,2,2,01,A01
201100016597,0,07,000,00,1,1,01,A01
201100016598,0,07,000,00,2,1,01,B01
201100016598,0,07,000,00,2,1,11,A01
201100016599,0,30,000,00,0,1,01,A01
201100016600,0,07,000,00,2,3,15,B02
201100016600,0,07,000,00,2,2,01,A01
201100016601,0,33,000,00,2,1,01,B02
201100016601,0,07,000,00,2,2,15,A01
201100016602,0,31,000,00,2,2,01,A01
201100016602,0,07,000,00,2,3,09,B02
201100016603,0,33,000,13,0,1,01,A01
201100016604,0,07,000,13,0,2,01,A01
201100016605,0,07,000,02,0,2,01,A01
201100016606,0,07,000,00,2,1,02,C03
201100016606,0,07,000,00,2,3,01,B02
201100016606,0,07,000,00,2,2,17,A01
201100016606,0,07,000,00,2,1,01,D04
201100016607,0,07,000,03,2,1,13,A01
201100016607,0,07,000,00,2,2,01,B02
201100016608,0,31,000,00,2,1,05,B01
201100016608,0,07,000,00,2,2,09,A02
201100016609,0,07,000,00,2,8,01,A01
201100016609,0,32,000,00,2,2,02,B02
201100016610,0,33,000,13,0,1,01,A01
201100016611,0,07,000,00,1,3,01,A01
201100016612,0,01,000,00,0,1,23,B02
201100016612,0,10,000,00,9,3,15,A01
201100016613,0,07,000,00,2,1,09,B02
201100016613,0,01,000,00,2,4,01,A01
201100016614,0,07,000,00,1,1,01,A01
201100016615,0,07,000,03,0,2,01,A01
201100016616,0,07,000,00,2,3,01,A01
201100016616,0,07,000,00,2,3,13,B02
201100016617,0,33,000,03,2,1,01,A01
201100016617,0,07,000,16,0,8,09,B02
201100016618,0,34,000,00,2,1,17,A02
201100016618,0,02,000,00,2,6,15,B01
201100016619,0,07,000,00,1,2,01,A01
201100016620,0,07,000,08,0,1,13,A01
201100016621,0,07,000,13,0,2,17,A01
201100016622,0,02,000,00,2,1,01,C03
201100016622,0,02,000,01,2,7,01,A01
201100016623,0,07,000,00,0,1,01,A01
201100016624,0,07,000,00,2,3,13,A01
201100016624,0,07,000,00,0,0,00,B02
201100016625,0,07,000,00,2,1,15,A01
201100016625,0,15,000,00,2,2,01,B02
201100016626,0,07,000,04,0,1,01,A01
201100016627,0,07,000,00,0,0,00,A01
201100016628,0,10,000,00,2,4,23,A01
201100016628,0,07,000,01,2,1,01,B02
201100016629,0,15,000,00,2,1,02,A01
201100016629,0,07,000,00,2,4,01,B02
201100016630,0,07,000,04,0,3,13,A01
201100016631,0,14,000,03,0,1,14,A01
201100016632,0,07,000,01,2,1,01,A01
201100016632,0,07,000,01,2,4,02,B02
201100016633,0,07,000,01,0,2,14,A01
201100016634,0,07,000,13,0,2,14,A01
201100016635,0,07,000,00,2,1,01,B02
201100016635,0,07,000,00,0,3,01,A01
201100016636,0,07,000,13,0,2,01,A01
201100016637,0,07,000,13,0,2,01,A01
201100016638,0,07,000,04,0,5,01,A01
201100016639,0,15,000,00,0,7,01,A01
201100016639,0,07,000,14,0,1,01,B02
201100016640,0,07,000,13,0,3,01,A01
201100016641,0,07,000,00,2,6,23,B02
201100016641,0,07,000,00,2,2,21,A01
201100016642,0,07,000,04,0,1,01,A01
201100016643,0,17,000,00,0,6,24,A01
201100016643,0,14,000,01,0,2,14,C03
201100016644,0,02,000,01,0,1,15,A01
201100016644,0,10,000,00,0,5,24,B02
201100016645,0,07,000,00,2,3,01,B02
201100016645,0,07,000,12,2,1,05,A01
201100016646,0,07,000,00,2,5,19,A01
201100016646,0,07,000,00,2,1,01,B02
201100016647,0,07,000,00,2,3,21,B02
201100016647,0,07,000,00,2,3,17,A01
201100016648,0,01,000,00,2,4,02,B02
201100016648,0,07,000,00,2,2,17,A01
201100016649,0,33,000,00,2,1,21,A01
201100016649,0,21,000,00,2,2,09,B02
201100016650,0,07,000,00,1,2,01,A01
201100016651,0,33,000,03,0,3,00,A01
201100016652,0,07,000,02,0,3,19,A01
201100016653,0,33,000,14,0,1,19,A01
201100016654,0,10,000,00,2,1,01,B02
201100016654,0,07,000,00,2,2,13,A01
201100016655,0,07,000,00,2,3,15,A01
201100016655,0,30,000,00,2,1,01,B01
201100016656,0,07,000,00,2,2,15,A01
201100016656,0,02,000,00,2,7,03,B02
201100016657,0,07,000,06,0,1,01,A01
201100016658,0,07,000,00,2,1,01,B02
201100016658,0,07,000,00,2,1,13,A01
201100016659,0,07,000,00,2,3,01,A01
201100016659,0,07,000,00,0,1,01,B02
201100016660,0,14,000,00,2,7,17,A01
201100016660,0,02,000,00,2,0,15,B02
201100016661,0,07,000,00,2,3,01,B02
201100016661,0,07,000,00,2,3,17,A01
201100016662,0,15,000,00,2,3,00,B02
201100016662,0,10,000,00,2,3,01,A01
201100016663,0,07,000,00,1,2,01,A01
201100016664,0,07,000,13,0,1,00,A01
201100016665,0,07,000,05,0,8,01,A01
201100016666,0,07,000,00,9,2,01,A01
201100016666,0,01,000,00,2,8,01,B02
201100016667,0,07,000,00,2,2,15,B02
201100016667,0,33,000,00,2,7,01,A01
201100016668,0,07,000,00,0,0,00,A01
201100016668,0,07,000,00,2,2,01,B02
201100016669,0,07,000,00,2,1,13,A01
201100016669,0,07,000,00,2,1,01,B02
201100016670,0,07,000,08,0,1,01,A01
201100016671,0,07,000,13,0,3,01,A01
201100016672,0,30,000,00,0,3,01,A01
201100016672,0,07,000,00,0,3,01,B02
201100016673,0,01,000,00,2,3,15,B02
201100016673,0,07,000,00,2,2,01,A01
201100016674,0,33,000,02,0,2,00,A01
201100016675,0,32,000,00,2,1,01,A01
201100016675,0,01,000,00,2,1,01,B02
201100016676,0,07,000,00,2,3,01,B02
201100016676,0,10,000,00,2,3,13,A01
201100016677,0,02,000,00,2,1,01,B02
201100016677,0,07,000,00,2,2,05,A01
201100016678,0,31,000,00,2,2,13,A01
201100016678,0,07,000,00,2,2,01,B02
201100016679,0,07,000,00,2,1,01,B02
201100016679,0,07,000,00,2,1,13,A01
201100016680,0,07,000,00,2,7,13,A01
201100016680,0,07,000,00,2,1,01,B02
201100016681,0,32,000,00,0,9,13,A01
201100016682,0,07,000,00,2,1,13,A01
201100016682,0,07,000,00,2,1,01,B02
201100016683,0,07,000,13,0,1,01,A01
201100016684,0,07,000,00,1,2,01,A01
201100016685,0,33,000,00,2,3,01,B02
201100016685,0,07,000,00,2,7,15,A01
201100016686,0,07,000,00,0,4,01,B02
201100016686,0,02,000,00,2,1,01,A01
201100016687,0,07,000,00,2,2,15,A01
201100016687,0,02,000,00,2,1,01,B02
201100016688,0,07,000,13,6,1,02,A01
201100016689,0,02,000,00,2,1,01,A01
201100016689,0,07,000,00,2,2,19,B02
201100016689,0,07,000,00,2,3,23,C03
201100016690,0,07,000,00,9,3,15,A01
201100016690,0,30,000,00,2,1,01,B02
201100016691,0,07,000,00,1,8,15,A01
201100016692,0,07,000,00,2,2,17,A01
201100016692,0,02,000,00,2,8,01,B02
201100016693,0,33,000,09,0,1,14,A01
201100016694,0,31,000,06,0,2,01,A01
201100016695,0,02,000,00,2,1,01,B02
201100016695,0,07,000,00,2,2,15,A01
201100016696,0,07,000,00,5,9,01,A01
201100016697,0,14,000,00,0,4,02,B02
201100016697,0,07,000,00,2,0,02,A01
201100016698,0,03,000,16,0,6,01,A01
201100016698,0,07,000,00,2,1,01,B02
201100016699,0,07,000,00,1,1,15,A01
201100016700,0,07,000,08,0,1,01,A01
201100016701,0,33,000,00,6,1,01,A01
201100016702,0,33,000,06,0,2,01,A01
201100016703,0,07,000,00,2,2,13,A01
201100016703,0,07,000,00,2,3,01,B02
201100016704,0,07,000,13,0,3,00,A01
201100016705,0,07,000,00,1,1,01,A01
201100016706,0,07,000,04,0,3,01,A01
201100016707,0,07,000,00,0,6,02,B02
201100016707,0,07,000,00,2,2,21,A01
201100016708,0,07,000,00,2,4,02,B02
201100016708,0,07,000,00,2,1,02,A01
201100016709,0,07,000,00,2,2,01,A01
201100016709,0,15,000,00,2,6,02,B02
201100016710,0,07,000,04,2,5,17,A01
201100016710,0,17,000,00,2,5,13,B02
201100016711,0,07,000,00,2,1,17,A01
201100016711,0,10,000,00,2,8,17,B02
201100016711,0,17,000,00,2,8,01,C02
201100016712,0,07,000,00,2,9,05,A01
201100016712,0,07,000,00,2,3,01,B02
201100016713,0,07,000,13,0,2,00,A01
201100016714,0,07,000,04,2,1,01,A01
201100016715,0,07,000,00,0,4,23,A02
201100016715,0,07,000,13,1,1,14,A01
201100016716,0,07,000,00,0,4,23,A01
201100016716,0,14,000,00,2,1,01,A02
201100016717,0,07,000,03,2,3,19,A01
201100016717,0,15,000,00,2,8,01,B02
201100016718,0,10,000,00,2,2,14,A01
201100016718,0,07,000,00,0,6,01,B02
201100016719,0,33,000,00,0,2,01,A01
201100016720,0,07,000,00,2,2,02,A01
201100016720,0,17,000,00,2,3,02,B02
201100016721,0,33,000,00,2,1,21,A01
201100016721,0,07,000,00,0,6,02,B02
201100016721,0,07,000,00,2,3,01,C03
201100016722,0,07,000,00,0,4,00,A01
201100016722,0,07,000,01,2,1,02,B02
201100016723,0,33,000,00,2,3,18,A01
201100016723,0,37,001,00,2,5,12,B02
201100016723,0,17,000,00,2,3,21,C03
201100016724,0,07,000,00,2,1,00,A01
201100016724,0,10,000,00,0,4,01,B02
201100016725,0,07,000,00,0,9,00,A01
201100016726,0,07,000,00,2,2,03,A01
201100016726,0,17,000,00,0,6,01,B02
201100016727,0,07,000,00,0,0,23,A01
201100016727,0,07,000,00,9,1,02,B02
201100016727,0,07,000,00,2,1,02,C03
201100016728,0,07,000,13,0,2,12,A01
201100016729,0,07,000,04,0,3,01,A01
201100016730,0,17,000,13,0,2,01,A01
201100016731,0,07,000,04,0,3,11,A01
201100016732,0,07,000,00,2,1,02,A01
201100016732,0,15,000,00,0,6,00,B02
201100016733,0,07,000,00,2,1,14,A01
201100016733,0,15,000,00,0,4,23,B02
201100016734,0,07,000,04,0,1,01,A01
201100016735,0,07,000,00,2,1,02,F06
201100016735,0,07,000,00,0,4,01,A01
201100016735,0,07,000,00,2,4,02,B02
201100016735,0,07,000,00,2,4,02,C03
201100016735,0,07,000,00,2,4,02,E05
201100016735,0,07,000,00,2,4,02,G07
201100016735,0,07,000,00,2,4,02,D04
201100016735,0,07,000,00,2,4,02,H08
201100016736,0,07,000,13,0,9,14,A01
201100016737,0,33,000,00,0,7,00,A01
201100016738,0,07,000,02,0,1,01,A01
201100016739,0,07,000,13,0,2,01,A01
201100016740,0,07,000,10,0,1,01,A01
201100016740,0,07,000,00,2,1,01,B02
201100016741,0,07,000,00,2,2,01,A01
201100016741,0,13,000,00,0,6,01,B02
201100016741,0,07,000,00,0,3,01,C03
201100016742,0,07,000,00,2,5,02,A01
201100016742,0,17,000,00,2,3,00,B02
201100016743,0,15,000,00,0,4,01,B02
201100016743,0,07,000,00,2,1,17,A01
201100016744,0,07,000,13,0,1,01,A01
201100016745,0,07,000,04,2,1,11,B02
201100016745,0,07,000,04,2,6,01,A01
201100016746,0,07,000,14,0,2,01,B02
201100016746,0,07,000,04,0,9,01,A01
201100016747,0,17,000,03,0,1,01,A01
201100016748,0,15,000,00,0,4,14,A01
201100016749,0,07,000,00,2,4,02,B02
201100016749,0,07,000,00,2,1,02,A01
201100016750,0,07,000,00,2,2,01,A01
201100016750,0,07,000,00,2,4,01,B02
201100016751,0,07,000,04,0,9,21,A01
201100016752,0,07,000,00,2,8,00,B02
201100016752,0,10,000,00,2,7,01,A01
201100016753,0,17,000,04,0,3,01,A01
201100016754,0,07,000,04,0,3,01,A01
201100016755,0,07,000,00,2,3,01,B02
201100016755,0,07,000,04,2,4,09,A01
201100016756,0,07,000,03,0,7,01,A01
201100016757,0,07,000,00,2,2,21,B02
201100016757,0,07,000,04,0,1,01,A01
201100016758,0,10,000,00,2,6,23,A01
201100016758,0,17,000,01,0,2,14,B02
201100016759,0,07,000,14,0,1,01,B02
201100016759,0,07,000,03,0,1,01,A01
201100016760,0,10,000,00,0,3,00,A01
201100016761,0,17,000,00,0,4,00,B02
201100016761,0,07,000,00,0,0,00,A01
201100016762,0,17,000,00,2,4,02,B02
201100016762,0,17,000,00,2,3,21,D04
201100016762,0,17,000,00,2,8,01,C03
201100016762,0,07,000,04,2,1,02,A01
201100016763,0,07,000,03,0,2,14,A01
201100016764,0,07,000,03,0,1,13,A01
201100016765,0,10,000,00,2,1,02,A01
201100016765,0,10,000,00,2,6,02,B02
201100016766,0,17,000,00,2,8,01,C03
201100016766,0,07,000,00,2,4,02,B02
201100016766,0,07,000,00,2,1,02,A01
201100016767,0,10,000,00,2,2,11,A01
201100016767,0,15,000,00,0,0,01,B02
201100016768,0,07,000,00,0,2,19,A01
201100016768,0,07,000,00,2,1,01,B02
201100016769,0,07,000,04,0,1,00,A01
201100016770,0,07,000,04,0,8,13,A01
201100016771,0,07,000,04,0,3,17,A01
201100016772,0,17,000,03,0,7,01,A01
201100016773,0,07,000,00,2,3,00,A01
201100016773,0,07,000,00,2,3,00,B02
201100016774,0,07,000,00,2,1,02,B02
201100016774,0,07,000,00,2,4,02,A01
201100016775,0,17,000,00,2,1,02,A01
201100016775,0,07,000,00,0,4,02,C03
201100016776,0,07,000,04,2,7,21,B02
201100016776,0,07,000,00,2,8,13,A01
201100016777,0,07,000,14,0,3,02,B02
201100016777,0,07,000,04,0,3,13,A01
201100016778,0,07,000,00,0,1,02,B02
201100016778,0,07,000,00,0,4,02,A01
201100016779,0,07,000,00,2,1,02,A01
201100016779,0,17,000,00,2,0,01,B02
201100016780,0,14,000,00,0,1,01,A01
201100016781,0,07,000,00,1,3,01,A01
201100016782,0,07,000,00,2,7,01,B02
201100016782,0,33,000,00,2,8,11,A01
201100016783,0,07,000,00,2,2,01,B02
201100016783,0,10,000,03,2,6,18,A01
201100016784,0,07,000,00,2,4,02,C03
201100016784,0,07,000,00,2,4,02,B02
201100016784,0,07,000,14,0,0,02,A01
201100016785,0,07,000,00,2,1,02,B02
201100016785,0,07,000,00,2,1,13,A01
201100016786,0,33,000,00,0,8,01,A01
201100016787,0,07,000,00,0,4,01,B02
201100016787,0,07,000,00,2,1,02,A01
201100016788,0,07,000,03,0,4,01,A01
201100016789,0,33,000,00,2,1,02,C03
201100016789,0,33,000,00,2,1,02,A01
201100016789,0,07,000,00,0,5,01,B02
201100016790,0,07,000,00,2,1,01,B02
201100016790,0,07,000,00,2,1,05,A01
201100016791,0,07,000,00,0,6,01,B02
201100016791,0,07,000,00,2,2,02,A01
201100016792,0,15,000,00,2,2,01,B02
201100016793,0,33,000,00,2,1,02,A01
201100016793,0,07,000,00,0,5,02,B02
201100016794,0,38,000,00,2,3,01,B02
201100016794,0,07,000,03,2,1,01,A01
201100016795,0,07,000,00,9,3,17,B02
201100016795,0,07,000,03,0,3,13,A01
201100016796,0,07,000,14,0,1,02,C03
201100016796,0,07,000,00,2,1,02,A01
201100016796,0,15,000,00,2,4,02,B02
201100016797,0,07,000,00,0,6,02,C03
201100016797,0,07,000,00,2,6,01,B02
201100016797,0,07,000,00,2,1,02,A01
201100016797,0,07,000,00,2,2,02,D04
201100016798,0,07,000,08,0,1,14,A01
201100016799,0,07,000,01,0,2,01,A01
201100016799,0,17,000,00,2,6,23,B02
201100016800,0,07,000,03,0,3,02,B02
201100016800,0,07,000,00,2,1,02,C03
201100016800,0,07,000,03,0,3,02,A01
201100016800,0,07,000,00,0,6,02,D04
201100016801,0,07,000,00,2,5,12,A01
201100016801,0,07,000,00,2,3,01,B02
201100016802,0,33,000,00,0,8,01,A01
201100016803,0,07,000,00,2,2,02,A01
201100016803,0,07,000,00,0,6,01,B02
201100016804,0,07,000,10,0,1,01,A01
201100016805,0,10,000,14,0,2,12,B02
201100016805,0,15,000,03,0,2,01,A01
201100016806,0,15,000,00,1,5,02,B02
201100016806,0,07,000,03,0,2,01,A01
201100016807,0,07,000,03,0,3,01,A01
201100016808,0,17,000,00,2,4,02,B02
201100016808,0,10,000,00,2,1,02,A01
201100016809,0,10,000,03,0,2,01,A01
201100016809,0,07,000,01,0,1,01,C03
201100016809,0,17,000,00,2,3,01,B02
201100016810,0,07,000,03,0,3,17,A01
201100016811,0,07,000,00,2,3,01,A01
201100016811,0,33,000,00,2,3,01,B02
201100016812,0,17,000,01,0,2,01,A01
201100016812,0,15,000,00,0,6,23,B02
201100016813,0,10,000,00,2,1,02,A01
201100016813,0,10,000,00,0,4,02,B02
201100016814,0,17,000,00,2,1,01,C03
201100016814,0,33,000,00,2,1,17,A01
201100016814,0,17,000,00,0,4,17,B02
201100016815,0,07,000,16,0,9,02,A01
201100016816,0,17,000,00,2,6,01,B02
201100016816,0,10,000,00,2,2,11,A01
201100016817,0,07,000,00,2,1,01,B02
201100016817,0,15,000,00,2,4,01,A01
201100016818,0,10,000,00,2,7,23,A01
201100016819,0,07,000,00,2,6,23,A01
201100016819,0,07,000,04,2,1,01,B02
201100016820,0,14,000,00,1,2,01,A01
201100016821,0,07,000,04,2,8,00,A01
201100016821,0,07,000,00,2,7,01,B02
201100016822,0,07,000,00,0,0,00,A01
201100016823,0,07,000,14,2,1,02,B02
201100016823,0,07,000,14,2,1,02,D04
201100016823,0,07,000,14,2,2,21,C03
201100016823,0,07,000,03,0,2,14,A01
201100016824,0,10,000,00,9,1,01,E05
201100016824,0,07,000,00,9,1,01,D04
201100016824,0,10,000,00,2,3,02,A01
201100016824,0,14,000,00,0,6,02,B02
201100016824,0,07,000,14,0,1,01,C03
201100016825,0,10,000,00,0,4,02,A01
201100016825,0,17,000,00,2,1,02,B02
201100016826,0,14,000,06,0,2,14,A01
201100016827,0,07,000,04,0,2,01,A01
201100016828,0,07,000,03,0,1,01,A01
201100016829,0,33,000,00,0,7,01,A01
201100016830,0,07,000,00,2,2,14,A01
201100016830,0,15,000,00,2,6,01,B02
201100016831,0,10,000,04,0,8,01,A01
201100016832,0,07,000,00,2,3,21,A01
201100016832,0,14,000,00,2,7,01,B02
201100016832,0,07,000,00,2,5,01,C03
201100016833,0,07,000,04,0,2,14,A01
201100016834,0,10,000,00,2,2,03,A01
201100016834,0,07,000,00,0,6,01,B02
201100016835,0,07,000,04,0,3,13,A01
201100016836,0,07,000,03,2,4,01,B02
201100016836,0,07,000,03,2,1,01,A01
201100016837,0,07,000,01,0,1,01,A01
201100016837,0,07,000,00,2,4,23,B02
201100016838,0,33,000,08,0,7,01,A01
201100016839,0,01,000,00,0,0,21,C03
201100016839,0,10,000,00,2,3,17,A01
201100016839,0,10,000,00,2,3,01,B02
201100016840,0,07,000,00,1,1,01,A01
201100016841,0,07,000,00,2,3,01,B02
201100016841,0,30,000,00,2,1,13,A01
201100016842,0,07,000,00,2,8,01,B02
201100016842,0,30,000,00,2,1,13,A01
201100016843,0,07,000,00,2,3,16,B02
201100016843,0,07,000,00,2,2,01,A01
201100016844,0,07,000,00,2,7,13,A01
201100016844,0,07,000,00,2,1,01,B02
201100016845,0,07,000,00,2,3,13,A01
201100016845,0,07,000,00,2,3,01,B02
201100016846,0,02,000,00,2,1,01,B02
201100016846,0,07,000,00,2,3,15,A01
201100016847,0,07,000,00,2,1,01,B02
201100016847,0,07,000,00,2,1,01,A01
201100016848,0,03,000,00,2,3,13,A01
201100016848,0,07,000,00,2,3,01,B02
201100016849,0,02,000,00,2,1,01,B02
201100016849,0,07,000,00,2,3,15,A01
201100016850,2,07,000,00,1,0,01,A01
201100016851,0,07,000,03,0,3,21,A01
201100016852,0,10,000,00,2,5,02,B02
201100016852,0,15,000,00,2,0,09,C03
201100016852,0,07,000,00,2,1,13,A01
201100016853,0,07,000,00,2,4,23,B02
201100016853,0,17,000,01,0,3,02,C03
201100016853,0,07,000,04,0,2,23,A01
201100016854,0,14,000,03,0,2,14,A01
201100016855,0,07,000,03,0,1,01,A01
201100016856,0,99,000,00,0,0,00,A01
201100016856,0,14,000,00,0,4,02,B02
201100016857,0,07,000,04,0,6,01,A01
201100016858,0,07,000,00,0,8,19,A01
201100016858,0,07,000,00,2,1,01,B02
201100016859,0,07,000,00,2,1,02,A01
201100016859,0,07,000,00,0,4,01,B02
201100016860,0,07,000,04,0,3,01,A01
201100016861,0,07,000,00,2,1,01,A01
201100016862,0,07,000,00,0,0,00,B02
201100016862,0,07,000,00,0,0,00,A01
201100016863,0,07,000,00,2,1,02,C03
201100016863,0,07,000,00,2,1,01,B02
201100016863,0,07,000,00,2,6,17,A01
201100016864,0,33,000,00,2,4,12,A01
201100016864,0,33,000,00,2,1,12,B02
201100016865,0,07,000,00,2,1,21,C02
201100016865,0,07,000,04,1,3,01,B01
201100016866,0,17,000,00,2,1,01,A01
201100016866,0,17,000,00,0,6,01,B02
201100016867,0,07,000,13,0,0,01,A01
201100016868,0,07,000,00,2,4,01,A01
201100016868,0,07,000,00,2,1,02,C03
201100016868,0,07,000,00,2,1,02,B02
201100016869,0,07,000,04,0,1,01,A01
201100016870,0,07,000,04,0,2,00,A01
201100016871,0,07,000,00,2,1,02,A01
201100016871,0,14,000,00,2,3,02,B02
201100016872,0,07,000,03,0,9,14,A01
201100016873,0,07,000,00,2,2,05,A01
201100016873,0,17,000,00,2,2,01,B02
201100016874,0,17,000,01,1,1,24,A01
201100016875,0,14,000,03,0,9,01,A01
201100016876,0,07,000,00,2,1,01,A01
201100016876,0,07,000,00,2,4,01,B02
201100016877,0,07,000,04,0,1,00,A01
201100016878,0,17,000,00,0,0,01,B02
201100016878,0,07,000,00,2,1,01,A01
201100016879,0,07,000,04,0,1,17,A01
201100016880,0,17,000,00,0,6,01,B02
201100016880,0,10,000,14,0,1,02,C03
201100016880,0,07,000,00,2,1,01,A01
201100016881,0,17,000,04,0,1,01,A01
201100016882,0,07,000,16,0,1,14,A01
201100016883,0,07,000,04,0,3,13,A01
201100016884,0,10,000,00,0,0,01,A01
201100016884,0,07,000,00,0,1,01,C03
201100016884,0,07,000,00,0,4,00,B02
201100016885,0,10,000,03,0,8,01,A01
201100016886,0,15,000,00,0,6,01,B02
201100016886,0,10,000,00,2,2,14,A01
201100016887,0,07,000,00,2,8,01,A01
201100016887,0,07,000,00,2,1,01,D04
201100016887,0,07,000,00,2,1,01,C03
201100016888,0,15,000,00,2,5,02,B02
201100016888,0,17,000,00,2,4,02,F06
201100016888,0,17,000,00,2,5,02,E05
201100016888,0,17,000,00,2,4,02,D04
201100016888,0,14,000,00,2,7,02,C03
201100016888,0,15,000,00,2,1,12,A01
201100016889,0,33,000,00,0,8,01,B02
201100016889,0,10,000,16,0,1,01,A01
201100016890,0,07,000,00,0,1,14,A01
201100016891,0,07,000,00,0,1,13,A01
201100016892,0,07,000,00,0,6,01,A01
201100016892,0,17,000,00,2,2,02,B02
201100016892,0,10,000,00,2,1,21,C03
201100016893,0,07,000,00,0,4,23,A01
201100016893,0,15,000,00,0,0,01,D04
201100016893,0,14,000,00,0,4,23,C03
201100016893,0,17,000,00,0,0,23,B02
201100016894,0,07,000,00,0,3,00,A01
201100016895,0,10,000,00,2,1,02,A01
201100016895,0,07,000,00,2,4,02,B02
201100016896,0,07,000,00,2,1,01,A01
201100016897,0,07,000,00,0,1,00,B02
201100016897,0,07,000,00,0,1,15,A01
201100016898,0,33,000,00,0,0,01,A01
201100016899,0,07,000,00,2,3,16,A01
201100016899,0,07,000,00,2,1,01,B02
201100016900,0,07,000,00,2,1,01,A01
201100016900,0,01,000,00,2,8,15,B02
201100016901,0,33,000,02,0,1,01,A01
201100016902,0,33,000,00,2,1,13,A01
201100016902,0,07,000,00,2,1,01,B02
201100016903,0,07,000,00,2,3,01,B02
201100016903,0,07,000,00,2,2,10,A01
201100016904,0,10,000,04,0,3,01,A01
201100016905,0,07,000,00,1,6,04,A01
201100016906,0,17,000,01,0,7,14,A01
201100016906,0,10,000,00,2,8,23,B02
201100016907,0,07,000,00,2,1,02,A01