Num_Acc,senc,catv,occutc,obs,obsm,choc,manv,num_veh
201100016907,0,17,000,00,0,4,02,B02
201100016908,0,10,000,00,2,1,02,A01
201100016908,0,07,000,00,2,4,23,B02
201100016908,0,07,000,00,2,4,23,C03
201100016908,0,10,000,00,2,4,23,D04
201100016908,0,17,000,00,2,6,23,E05
201100016909,0,07,000,04,0,3,00,A01
201100016910,0,07,000,04,0,3,01,A01
201100016911,0,07,000,04,0,1,21,A01
201100016912,0,07,000,13,0,9,13,A01
201100016912,0,17,000,00,0,0,01,B02
201100016913,0,07,000,00,2,1,02,A01
201100016913,0,07,000,00,2,4,02,B02
201100016913,0,07,000,00,2,2,21,C03
201100016914,0,07,000,00,2,1,02,A01
201100016914,0,17,000,00,2,4,02,B02
201100016915,0,07,000,13,0,1,01,A01
201100016916,0,17,000,00,0,6,02,B02
201100016916,0,07,000,00,2,2,02,A01
201100016917,0,10,000,00,0,7,01,A01
201100016918,0,07,000,00,2,1,02,A01
201100016918,0,10,000,00,0,4,02,B02
201100016918,0,07,000,00,9,1,02,C03
201100016919,0,07,000,05,0,1,01,A01
201100016920,0,07,000,13,0,0,11,B02
201100016920,0,07,000,13,0,0,14,A01
201100016921,0,07,000,00,9,2,17,B02
201100016921,0,07,000,03,0,1,13,A01
201100016922,0,07,000,03,0,9,01,A01
201100016923,0,14,000,00,2,1,02,A01
201100016923,0,15,000,00,0,4,02,B02
201100016924,1,10,000,00,1,8,13,A01
201100016925,0,07,000,00,2,2,17,A01
201100016925,0,07,000,00,2,4,01,B02
201100016926,0,10,000,01,0,1,02,C03
201100016926,0,10,000,00,0,4,23,B02
201100016926,0,07,000,04,0,1,01,A01
201100016926,0,14,000,00,2,8,21,D04
201100016927,0,07,000,00,2,1,01,A01
201100016927,0,37,003,00,0,4,23,C03
201100016927,0,36,000,14,2,4,23,B02
201100016928,0,10,000,00,2,1,01,A01
201100016928,0,07,000,00,2,7,19,B02
201100016929,0,33,000,00,2,5,16,A01
201100016929,0,30,000,00,2,2,01,B02
201100016930,0,14,000,00,2,2,15,A01
201100016930,0,07,000,00,2,1,01,B02
201100016931,0,07,000,13,0,3,01,A01
201100016932,0,07,000,08,0,2,01,A01
201100016933,0,07,000,16,0,1,01,A01
201100016934,0,07,000,00,0,3,09,B02
201100016934,0,30,000,00,0,1,01,A01
201100016935,0,33,000,13,0,2,14,A01
201100016936,0,07,000,00,2,6,13,A01
201100016936,0,02,000,00,2,1,01,B02
201100016937,0,07,000,08,0,2,01,A01
201100016938,0,07,000,00,2,2,19,B02
201100016938,0,33,000,00,2,1,01,A01
201100016939,0,07,000,00,2,3,01,B02
201100016939,0,07,000,00,2,3,13,A01
201100016940,0,07,000,13,0,1,01,A01
201100016941,0,33,000,16,0,0,15,A01
201100016942,0,07,000,16,0,9,01,A01
201100016943,0,07,000,00,0,4,01,B02
201100016943,0,10,000,00,0,8,01,C03
201100016943,0,33,000,00,2,1,01,A01
201100016944,0,33,000,00,0,1,01,B02
201100016944,0,15,000,00,0,6,19,A01
201100016945,0,07,000,00,2,3,01,B02
201100016945,0,21,000,00,2,1,01,A01
201100016946,0,01,000,00,2,1,13,A01
201100016946,0,07,000,00,2,3,01,B02
201100016946,0,01,000,00,0,8,01,C03
201100016946,0,01,000,00,0,8,01,D04
201100016947,0,33,000,00,2,3,05,A01
201100016948,0,07,000,00,2,3,01,B02
201100016948,0,10,000,00,2,3,13,A01
201100016949,0,07,000,00,2,7,17,A01
201100016949,0,14,000,00,2,1,01,B02
201100016950,0,07,000,09,0,2,01,A01
201100016951,0,14,000,13,0,9,01,A01
201100016952,0,07,000,00,2,2,21,B02
201100016952,0,10,000,00,2,5,01,A01
201100016953,0,07,000,00,1,1,17,A01
201100016954,0,07,000,00,0,4,02,A01
201100016954,0,07,000,00,2,1,02,B02
201100016955,0,33,000,00,2,7,01,B02
201100016955,0,07,000,00,2,3,09,A01
201100016956,0,30,000,00,1,1,01,A01
201100016957,0,33,000,16,0,1,01,A01
201100016958,0,07,000,00,2,2,01,A01
201100016958,0,01,000,00,2,1,01,B02
201100016959,0,07,000,03,0,2,02,A01
201100016960,0,07,000,13,0,9,01,A01
201100016961,0,31,000,03,0,7,17,A01
201100016962,0,07,000,13,0,2,14,A01
201100016963,0,07,000,00,2,3,05,A01
201100016963,0,07,000,00,2,1,01,B02
201100016964,0,07,000,00,2,2,17,A01
201100016964,0,99,000,00,0,0,01,C03
201100016965,0,07,000,00,2,1,01,C03
201100016965,0,07,000,03,0,6,01,B02
201100016965,0,07,000,00,2,2,14,A01
201100016966,0,07,000,03,0,8,09,A01
201100016967,0,07,000,03,0,8,17,A01
201100016968,0,07,000,12,0,3,16,A01
201100016969,0,07,000,03,0,2,11,A01
201100016970,0,10,000,02,2,2,01,A01
201100016970,0,07,000,00,1,8,02,B02
201100016971,0,07,000,00,0,3,01,B02
201100016971,0,07,000,00,0,1,15,A01
201100016972,0,07,000,00,2,3,15,B02
201100016972,0,32,000,15,2,1,01,A01
201100016973,0,07,000,00,2,3,13,A01
201100016973,0,33,000,00,2,1,01,B02
201100016974,0,07,000,00,2,3,15,A01
201100016974,0,34,000,00,0,3,01,B02
201100016975,0,33,000,00,0,7,01,A01
201100016976,0,33,000,13,0,1,01,A01
201100016977,0,30,000,00,2,1,01,A01
201100016977,0,07,000,00,2,7,15,B02
201100016978,0,07,000,00,2,1,15,B02
201100016978,0,07,000,00,2,1,01,A01
201100016979,0,30,000,00,2,1,13,A01
201100016979,0,07,000,00,2,3,01,B02
201100016980,0,07,000,01,0,2,02,A01
201100016980,0,07,000,00,0,6,23,B02
201100016981,0,33,000,00,2,2,14,A01
201100016981,0,07,000,00,2,8,01,B02
201100016982,0,07,000,00,2,4,02,B02
201100016982,0,07,000,00,2,1,02,A01
201100016983,0,14,000,00,2,1,01,A01
201100016983,0,17,000,00,0,4,01,B02
201100016984,0,07,000,00,2,4,02,A01
201100016984,0,07,000,00,2,3,02,B02
201100016985,0,17,000,00,2,6,01,D04
201100016985,0,10,000,00,2,7,14,A01
201100016985,0,10,000,00,2,8,01,B02
201100016986,0,33,000,00,6,7,11,A01
201100016987,0,07,000,03,0,9,01,A01
201100016988,0,07,000,00,2,2,17,A01
201100016988,0,07,000,00,2,6,02,B02
201100016989,0,07,000,00,2,1,02,B02
201100016989,0,07,000,03,0,3,02,A01
201100016990,0,07,000,03,0,1,02,A01
201100016991,0,07,000,00,2,2,02,B02
201100016991,0,07,000,00,2,6,01,A01
201100016992,0,07,000,04,0,3,00,A01
201100016993,0,07,000,04,0,9,15,A01
201100016994,0,07,000,00,2,4,02,B02
201100016994,0,17,000,00,2,1,02,A01
201100016995,0,07,000,00,2,2,01,B02
201100016995,0,10,000,00,2,3,13,A01
201100016996,0,07,000,03,0,1,01,A01
201100016997,0,07,000,00,2,1,01,A01
201100016997,0,07,000,00,0,4,00,B02
201100016998,0,10,000,00,2,1,01,C03
201100016998,0,14,000,00,2,1,01,B02
201100016998,0,07,000,03,0,9,01,A01
201100016999,0,07,000,13,0,7,16,A01
201100017000,0,10,000,00,2,5,01,B02
201100017000,0,07,000,00,2,3,14,A01
201100017001,0,07,000,01,0,1,14,A01
201100017001,0,07,000,00,0,0,24,C03
201100017001,0,14,000,00,2,6,20,B02
201100017002,0,07,000,04,0,3,01,A01
201100017003,0,07,000,00,2,2,01,B02
201100017003,0,17,000,00,2,6,01,A01
201100017004,0,07,000,00,5,1,02,A01
201100017004,0,07,000,01,0,1,01,B02
201100017004,0,07,000,01,0,1,00,C03
201100017005,0,07,000,13,0,0,01,A01
201100017006,0,07,000,04,0,1,01,A01
201100017006,0,07,000,14,0,1,01,B02
201100017006,0,07,000,00,2,1,01,C03
201100017007,0,07,000,04,0,3,02,A01
201100017008,0,07,000,00,2,7,12,A01
201100017008,0,07,000,00,2,3,01,B02
201100017008,0,07,000,00,2,8,01,C03
201100017009,0,10,000,00,1,6,02,A01
201100017010,0,15,000,00,2,8,01,A01
201100017010,0,07,000,00,2,2,14,B02
201100017011,0,07,000,01,0,2,14,A01
201100017011,0,17,000,00,2,3,24,B02
201100017012,0,07,000,00,2,4,23,B02
201100017012,0,07,000,00,2,4,23,C03
201100017012,0,07,000,00,2,1,01,A01
201100017013,0,07,000,00,2,1,12,A01
201100017013,0,15,000,00,0,4,00,B02
201100017014,0,07,000,04,0,1,01,A01
201100017015,2,07,000,03,0,1,13,A01
201100017015,0,07,000,00,2,3,00,B02
201100017016,0,07,000,00,2,4,02,B02
201100017016,0,07,000,00,2,1,02,A01
201100017017,0,17,000,00,2,2,00,C03
201100017017,0,07,000,00,0,4,01,A01
201100017017,0,17,000,00,2,2,01,B02
201100017018,0,07,000,00,0,9,01,A01
201100017019,0,10,000,00,2,6,13,A01
201100017019,0,07,000,00,2,7,00,B02
201100017020,0,07,000,03,0,1,01,A01
201100017021,0,07,000,04,2,6,01,B02
201100017021,0,07,000,04,2,7,17,A01
201100017022,0,07,000,03,2,3,00,A01
201100017022,0,17,000,00,2,6,00,B02
201100017023,0,07,000,00,2,6,01,A01
201100017023,0,07,000,00,2,2,02,B02
201100017024,0,07,000,15,0,9,16,A01
201100017025,0,07,000,00,0,4,01,B02
201100017025,0,15,000,00,2,1,01,A01
201100017026,0,07,000,03,2,3,01,B02
201100017026,0,07,000,04,2,5,17,A01
201100017027,0,33,000,03,0,4,01,B02
201100017027,0,07,000,00,2,1,01,A01
201100017027,0,07,000,00,2,1,01,C03
201100017028,0,17,000,00,2,6,01,B02
201100017028,0,07,000,00,2,2,02,A01
201100017029,0,17,000,03,0,8,19,A01
201100017029,0,07,000,00,9,1,01,B02
201100017030,0,07,000,03,0,1,21,A01
201100017031,0,07,000,00,9,0,00,C03
201100017031,0,10,000,00,9,0,01,E05
201100017031,0,07,000,03,2,4,01,B02
201100017031,2,07,000,00,2,1,02,A01
201100017031,0,07,000,00,9,0,01,D04
201100017032,0,07,000,00,2,2,02,A01
201100017032,0,17,000,00,2,6,01,B02
201100017033,0,07,000,00,2,8,01,B02
201100017033,0,33,000,00,2,1,01,A01
201100017034,0,07,000,00,2,3,13,A01
201100017034,0,07,000,00,2,3,01,B02
201100017035,0,07,000,00,0,1,02,A01
201100017035,0,07,000,00,2,4,23,B02
201100017036,0,13,000,00,1,4,04,A01
201100017037,0,33,000,02,0,1,01,A01
201100017038,0,14,000,00,2,2,01,A01
201100017038,0,33,000,00,2,7,16,B02
201100017039,0,15,000,02,0,8,16,A01
201100017040,0,07,000,06,0,1,13,A01
201100017041,0,07,000,00,2,3,01,B02
201100017041,0,07,000,00,2,3,13,A01
201100017042,0,07,000,00,0,3,15,B02
201100017042,0,33,000,00,2,1,17,A01
201100017043,0,07,000,00,2,8,19,A01
201100017043,0,10,000,00,2,1,01,B02
201100017044,0,07,000,11,0,1,01,A01
201100017045,0,07,000,00,2,1,23,C03
201100017045,0,07,000,00,2,0,15,A01
201100017045,0,33,000,00,2,1,01,B02
201100017046,0,07,000,00,2,1,13,A01
201100017046,0,07,000,00,2,8,02,B02
201100017047,0,07,000,00,2,1,01,B02
201100017047,0,07,000,00,2,7,01,A01
201100017048,0,33,000,00,2,1,01,B02
201100017048,0,10,000,00,2,8,15,A01
201100017049,0,07,000,13,0,2,01,A01
201100017050,0,30,000,12,0,1,01,A01
201100017051,0,07,000,00,1,1,01,A01
201100017052,0,07,000,00,2,1,01,A01
201100017052,0,07,000,00,2,1,01,B02
201100017053,0,17,000,00,2,4,01,C03
201100017053,0,17,000,00,2,3,01,B02
201100017053,0,07,000,14,0,1,01,D04
201100017053,0,10,000,04,2,7,17,A01
201100017054,0,07,000,04,2,2,17,A01
201100017054,0,07,000,00,0,6,01,B02
201100017055,0,15,000,00,0,8,01,A01
201100017055,0,10,000,00,2,7,14,B02
201100017056,0,07,000,00,1,5,20,B02
201100017056,0,07,000,13,0,9,12,A01
201100017057,0,07,000,04,0,3,13,A01
201100017058,0,07,000,13,0,1,14,A01
201100017059,0,07,000,04,0,6,01,B02
201100017059,0,07,000,00,2,2,14,A01
201100017060,0,07,000,13,0,9,01,A01
201100017061,0,07,000,13,0,1,01,A01
201100017062,0,38,038,00,2,2,02,A01
201100017062,0,10,000,03,0,6,20,B02
201100017063,0,07,000,13,0,1,01,A01
201100017064,0,07,000,03,0,9,00,A01
201100017065,0,07,000,00,2,2,17,A01
201100017065,0,17,000,00,0,6,01,B02
201100017066,0,10,000,13,0,2,01,A01
201100017067,0,07,000,00,1,4,04,A01
201100017068,0,07,000,00,2,2,11,A01
201100017068,0,17,000,00,2,6,01,B02
201100017069,0,07,000,13,0,1,01,A01
201100017070,0,07,000,13,0,1,01,A01
201100017071,0,20,000,00,2,2,17,B02
201100017071,0,13,000,00,2,3,10,A01
201100017072,0,07,000,04,0,1,01,A01
201100017073,0,07,000,00,2,1,01,A01
201100017073,0,07,000,00,0,4,15,B02
201100017073,0,37,000,00,2,1,01,C03
201100017074,0,07,000,00,0,8,15,B02
201100017074,0,33,000,00,2,1,17,A01
201100017075,0,30,000,11,0,1,16,A01
201100017076,0,07,000,00,2,8,10,A01
201100017076,0,33,000,00,2,1,01,B02
201100017077,0,32,000,00,0,8,14,A01
201100017078,0,07,000,00,2,3,00,B02
201100017078,0,07,000,00,2,3,14,C03
201100017078,0,07,000,00,2,3,05,A01
201100017079,0,17,000,00,2,3,02,A01
201100017079,0,07,000,00,2,1,01,C03
201100017079,0,07,000,00,2,6,02,B02
201100017080,0,07,000,04,0,1,12,A01
201100017081,0,33,000,04,0,1,16,A01
201100017082,0,07,000,00,0,4,02,B02
201100017082,0,07,000,00,2,1,02,A01
201100017083,0,31,000,00,0,1,01,A01
201100017084,0,07,000,03,0,9,01,A01
201100017085,0,07,000,03,2,4,01,D04
201100017085,0,07,000,00,2,4,01,A01
201100017085,0,17,000,00,2,7,01,C03
201100017085,0,17,000,03,2,1,01,B02
201100017086,0,07,000,00,1,8,01,A01
201100017087,0,07,000,02,0,1,01,A01
201100017088,0,07,000,02,0,1,06,A01
201100017089,0,07,000,00,1,4,04,A01
201100017090,0,07,000,09,0,1,13,A01
201100017091,0,32,000,00,2,7,17,A01
201100017091,0,30,000,00,2,8,00,B02
201100017092,0,07,000,00,2,3,01,B02
201100017092,0,07,000,00,2,3,01,A01
201100017093,0,07,000,00,0,2,01,A01
201100017093,0,02,000,00,0,1,01,B02
201100017094,0,02,000,00,0,1,00,A01
201100017094,0,07,000,00,0,2,00,B02
201100017095,0,07,000,00,0,5,16,A01
201100017095,0,39,000,00,2,2,01,B02
201100017096,0,02,000,00,2,1,01,B02
201100017096,0,07,000,00,2,3,17,A01
201100017097,0,07,000,00,2,1,05,A01
201100017097,0,10,000,00,2,3,01,B02
201100017098,0,07,000,02,0,1,01,A01
201100017099,0,07,000,00,0,4,01,A01
201100017099,0,07,000,00,2,1,01,B02
201100017100,0,07,000,03,0,2,01,A01
201100017101,0,07,000,00,2,1,02,A01
201100017101,0,07,000,00,2,4,02,B01
201100017102,0,10,000,04,2,3,17,A01
201100017102,0,17,000,00,2,6,01,B02
201100017103,0,33,000,00,0,8,01,A01
201100017104,0,07,000,00,2,1,02,B02
201100017104,0,17,000,00,0,6,02,A01
201100017105,0,07,000,04,0,9,01,A01
201100017106,0,07,000,00,2,6,01,B02
201100017106,0,07,000,00,2,2,14,A01
201100017107,0,07,000,00,2,1,01,B02
201100017107,0,07,000,00,2,1,01,A01
201100017108,0,33,000,00,0,8,02,A01
201100017109,0,07,000,00,2,2,02,A01
201100017109,0,17,000,00,2,3,02,B02
201100017110,0,07,000,04,2,1,17,A01
201100017110,0,07,000,03,2,2,01,B02
201100017111,0,10,000,03,0,3,01,A01
201100017112,0,07,000,03,0,3,01,A01
201100017113,0,15,000,00,2,0,02,C03
201100017113,0,07,000,00,0,7,00,A01
201100017113,0,07,000,00,0,1,00,B02
201100017114,0,14,000,00,0,6,01,B02
201100017114,0,07,000,00,2,2,17,A01
201100017115,0,07,000,13,0,2,01,A01
201100017116,0,10,000,00,0,1,02,A01
201100017116,0,07,000,00,0,1,02,B02
201100017116,0,33,000,00,0,4,02,C03
201100017117,0,10,000,00,2,3,01,A01
201100017117,0,14,000,00,2,6,01,B02
201100017118,0,07,000,00,2,1,01,B02
201100017118,0,07,000,00,2,1,05,A01
201100017119,0,07,000,03,0,2,01,A01
201100017120,0,33,000,00,6,3,01,A01
201100017121,0,07,000,00,0,9,01,A01
201100017122,0,07,000,00,2,5,17,B02
201100017122,0,15,000,00,2,6,01,C03
201100017122,0,07,000,00,2,2,17,A01
201100017123,0,07,000,04,0,2,17,A01
201100017124,0,07,000,00,2,2,02,A01
201100017124,0,32,000,00,2,4,01,B01
201100017125,0,07,000,00,1,1,01,A01
201100017126,0,30,000,00,1,1,01,A01
201100017127,0,07,000,00,1,1,01,A01
201100017128,0,07,000,00,2,6,01,B01
201100017128,0,07,000,00,2,1,01,A01
201100017129,0,07,000,00,2,2,15,A01
201100017129,0,02,000,00,2,1,01,B01
201100017130,0,07,000,04,2,1,13,A01
201100017130,0,17,000,00,2,4,01,B01
201100017131,0,32,000,05,0,1,13,A01
201100017131,0,16,000,00,0,0,01,B01
201100017132,0,07,000,00,2,4,01,B01
201100017132,0,02,000,00,2,1,01,A01
201100017133,0,33,000,00,2,1,01,B01
201100017133,0,07,000,00,2,2,10,A01
201100017134,0,07,000,00,2,1,19,A01
201100017134,0,01,000,00,2,7,01,B01
201100017135,0,07,000,00,1,4,04,A01
201100017136,0,07,000,00,1,1,01,A01
201100017137,0,07,000,00,1,1,01,A01
201100017138,0,07,000,00,2,1,01,A01
201100017138,0,07,000,00,2,4,23,B01
201100017139,0,30,000,00,2,3,21,B01
201100017139,0,07,000,00,2,3,09,A01
201100017140,0,07,000,00,1,2,01,A01
201100017141,0,07,000,00,0,1,14,A01
201100017141,0,01,000,00,0,4,01,B01
201100017142,0,07,000,14,0,2,05,A01
201100017142,1,30,000,00,0,1,00,B01
201100017143,2,34,000,00,1,1,00,A01
201100017144,0,07,000,00,1,4,04,A01
201100017145,0,02,000,00,2,8,01,A01
201100017145,0,37,010,00,2,1,01,B01
201100017146,0,07,000,00,1,4,20,A01
201100017147,0,07,000,00,0,1,01,A01
201100017148,0,30,000,00,0,1,00,A01
201100017149,0,30,000,06,0,3,00,A01
201100017150,0,17,000,03,0,2,00,A01
201100017151,0,33,000,00,2,1,01,A01
201100017151,0,30,000,00,2,1,01,B01
201100017152,0,32,000,00,2,1,01,B01
201100017152,0,07,000,00,2,8,19,A01
201100017153,0,33,000,00,2,2,03,A01
201100017153,0,07,000,00,2,6,11,B01
201100017154,0,07,000,02,0,1,01,A01
201100017155,0,07,000,00,1,1,01,A01
201100017156,0,07,000,00,2,3,15,A01
201100017156,0,02,000,00,2,1,01,B01
201100017157,0,07,000,00,0,1,01,A01
201100017158,0,07,000,00,1,2,01,A01
201100017159,0,17,000,00,0,0,01,A01
201100017159,0,07,000,00,9,1,01,C03
201100017159,0,10,000,00,9,1,02,E05
201100017159,0,07,000,00,9,1,01,D04
201100017160,0,07,000,01,0,2,01,A01
201100017161,0,07,000,00,2,1,01,C01
201100017161,0,07,000,00,0,4,11,A01
201100017161,0,07,000,00,0,1,01,D01
201100017161,0,07,000,00,2,4,01,B01
201100017161,0,07,000,00,2,1,01,F01
201100017161,0,07,000,00,2,1,01,E01
201100017162,0,07,000,00,2,6,01,F06
201100017162,0,07,000,03,2,5,01,E05
201100017162,0,07,000,00,2,4,01,G07
201100017162,0,07,000,00,2,5,01,C03
201100017162,0,07,000,00,2,4,01,D04
201100017162,0,14,000,00,2,2,01,A01
201100017162,0,07,000,00,0,4,01,B02
201100017163,0,07,000,13,0,1,01,A01
201100017164,0,07,000,03,0,1,01,A01
201100017165,0,07,000,03,0,2,01,A01
201100017166,0,07,000,02,0,3,13,A01
201100017167,0,07,000,00,2,1,01,B02
201100017167,0,07,000,00,2,1,01,A01
201100017168,0,07,000,06,0,7,19,A01
201100017169,0,33,000,00,2,8,01,B02
201100017169,1,07,000,00,2,3,13,A01
201100017169,0,33,000,00,2,8,01,C03
201100017170,0,07,000,00,2,1,01,B02
201100017170,0,07,000,13,2,3,01,A01
201100017171,0,99,000,02,0,1,01,A01
201100017172,0,07,000,13,0,2,01,A01
201100017173,0,07,000,00,2,3,15,B02
201100017173,0,32,000,00,2,1,17,A01
201100017174,0,07,000,00,1,1,01,A01
201100017175,0,07,000,00,2,1,01,A01
201100017175,0,33,000,00,2,9,13,B02
201100017176,0,07,000,00,2,5,15,A01
201100017176,0,02,000,00,2,1,01,B02
201100017177,0,07,000,13,0,3,16,A01
201100017178,0,10,000,04,0,1,01,A01
201100017178,0,07,000,14,0,1,21,B02
201100017178,0,07,000,04,0,1,21,C03
201100017178,0,07,000,14,0,1,21,D04
201100017178,0,07,000,00,0,0,00,E05
201100017179,0,07,000,00,5,0,01,A01
201100017180,0,07,000,13,0,1,14,A01
201100017181,0,33,000,00,2,1,14,A01
201100017181,0,07,000,00,2,4,01,B02
201100017182,0,07,000,13,0,2,01,A01
201100017183,0,10,000,03,0,2,00,A01
201100017184,0,10,000,00,2,6,01,B02
201100017184,0,33,000,00,2,1,11,A01
201100017185,0,13,000,00,2,4,01,B02
201100017186,0,07,000,13,0,9,14,A01
201100017187,0,07,000,00,0,2,01,A01
201100017188,0,14,000,00,0,4,02,B02
201100017188,0,99,000,00,2,1,02,A01
201100017189,0,07,000,13,0,9,14,A01
201100017190,0,17,000,13,0,2,14,A01
201100017191,0,07,000,00,2,1,01,A01
201100017191,0,30,000,00,0,4,01,B02
201100017192,0,33,000,00,2,0,01,B02
201100017192,0,07,000,00,2,0,15,A01
201100017193,0,30,000,00,2,2,05,A01
201100017193,0,07,000,00,2,2,01,B02
201100017194,0,07,000,00,2,3,01,B02
201100017194,0,17,000,00,2,1,01,A01
201100017195,0,07,000,08,0,2,14,A01
201100017196,0,33,000,15,0,0,01,A01
201100017197,0,31,000,16,0,1,01,A01
201100017198,0,07,000,00,0,5,01,A01
201100017198,0,30,000,00,2,1,02,B02
201100017199,0,07,000,00,0,1,00,C03
201100017200,0,07,000,00,2,3,10,A01
201100017200,0,31,000,00,2,1,02,B02
201100017201,0,07,000,00,2,4,17,A01
201100017201,0,02,000,00,2,1,01,B02
201100017202,0,31,000,00,0,4,01,A01
201100017203,0,07,000,00,2,3,01,B02
201100017203,0,07,000,00,2,3,01,A01
201100017204,0,07,000,00,0,9,01,A01
201100017205,0,07,000,16,0,9,01,A01
201100017206,0,07,000,00,2,1,02,C03
201100017206,0,02,000,01,0,1,01,A01
201100017206,0,07,000,00,0,6,23,B02
201100017207,0,07,000,00,2,8,16,B02
201100017207,0,33,000,00,2,2,01,A01
201100017208,0,01,000,00,2,4,02,B02
201100017208,0,07,000,00,9,2,02,A01
201100017209,0,32,000,13,2,0,21,A01
201100017209,0,07,000,00,0,0,01,B02
201100017210,0,07,000,00,1,2,16,A01
201100017211,0,07,000,14,0,1,01,A01
201100017212,0,33,000,00,0,1,01,A01
201100017213,0,33,000,00,2,1,01,A01
201100017213,0,07,000,00,2,2,15,B02
201100017214,0,10,000,00,1,2,15,A01
201100017215,0,33,000,00,0,2,15,A01
201100017216,0,07,000,00,0,7,19,A01
201100017216,0,02,000,00,2,1,01,C03
201100017216,0,02,000,00,2,1,01,B02
201100017217,0,07,000,13,0,7,01,A01
201100017218,0,07,000,00,1,1,01,A01
201100017219,0,07,000,00,2,2,05,A01
201100017219,0,30,000,00,2,1,01,B02
201100017220,0,07,000,13,0,3,01,A01
201100017221,0,07,000,03,2,6,00,A01
201100017222,0,33,000,00,2,3,03,A01
201100017222,0,07,000,00,0,5,23,B02
201100017223,0,15,000,00,1,2,01,A01
201100017224,0,13,000,00,0,4,23,C03
201100017224,0,07,000,01,2,4,01,B02
201100017224,0,37,001,01,2,1,01,A01
201100017225,0,07,000,03,2,0,13,A01
201100017226,0,33,000,00,0,3,13,A01
201100017227,0,07,000,00,2,7,01,A01
201100017227,0,14,000,00,2,2,12,B02
201100017228,0,07,000,00,0,6,11,B02
201100017228,0,07,000,00,2,2,12,A01
201100017229,0,07,000,00,2,1,02,A01
201100017229,0,10,000,00,0,6,02,B02
201100017230,0,07,000,00,1,4,04,A01
201100017231,0,15,000,00,2,1,02,B02
201100017231,0,07,000,00,2,6,02,A02
201100017232,0,07,000,14,0,1,01,B02
201100017232,0,15,000,03,0,1,01,A01
201100017232,0,07,000,14,0,1,01,C03
201100017233,0,15,000,01,0,2,01,B02
201100017233,0,07,000,03,0,9,23,A01
201100017234,0,07,000,00,2,3,01,C03
201100017234,0,07,000,00,2,1,01,B02
201100017234,0,10,000,00,2,1,05,A01
201100017234,0,07,000,00,2,1,01,D04
201100017235,0,07,000,03,2,1,01,A01
201100017236,0,07,000,00,1,1,01,A01
201100017237,0,07,000,00,2,2,01,A01
201100017237,0,07,000,10,0,2,01,D02
201100017237,0,10,000,00,1,1,01,E03
201100017238,0,07,000,00,2,1,01,C03
201100017238,0,07,000,10,2,2,01,D04
201100017238,0,17,000,00,2,1,01,B02
201100017238,0,07,000,00,2,1,01,E05
201100017238,0,17,000,10,2,1,01,A01
201100017239,0,07,000,00,2,7,02,A01
201100017239,0,14,000,00,0,3,01,B02
201100017240,0,07,000,03,0,3,01,A01
201100017241,0,15,000,01,1,2,02,A01
201100017242,0,07,000,03,0,1,03,A01
201100017243,0,07,000,00,2,1,01,A01
201100017243,0,15,000,00,2,4,01,B02
201100017244,0,17,000,00,2,5,02,B02
201100017244,0,07,000,00,2,3,13,A01
201100017245,0,07,000,00,2,4,02,I09
201100017245,0,07,000,00,2,2,02,F06
201100017245,0,10,000,00,2,6,02,G07
201100017245,0,07,000,01,0,2,02,E05
201100017245,0,17,000,00,2,1,02,A01
201100017245,0,07,000,00,2,1,02,J10
201100017245,0,07,000,00,2,4,02,K11
201100017245,0,17,000,00,2,4,02,D04
201100017245,0,17,000,01,0,1,02,C03
201100017245,0,17,000,00,2,4,02,B02
201100017245,0,99,000,00,2,2,02,H08
201100017246,0,07,000,00,2,1,02,A01
201100017246,0,17,000,00,2,4,02,B02
201100017247,0,07,000,03,0,3,01,A01
201100017248,0,07,000,01,1,3,02,A01
201100017248,0,07,000,00,0,7,23,B02
201100017249,0,07,000,14,0,1,01,A01
201100017250,0,07,000,00,0,1,01,A01
201100017251,0,10,000,16,0,1,01,A01
201100017252,0,10,000,03,0,1,14,A01
201100017253,0,30,000,00,2,1,01,B02
201100017253,0,07,000,00,2,3,15,A01
201100017254,0,10,000,00,1,1,15,A01
201100017255,0,07,000,00,2,1,13,A01
201100017255,0,07,000,00,2,1,01,B02
201100017256,0,07,000,08,0,0,01,A01
201100017257,0,07,000,00,2,1,19,B02
201100017257,0,33,000,00,2,7,01,A01
201100017258,0,10,000,00,9,7,01,A01
201100017258,0,01,000,00,2,8,01,B02
201100017259,0,10,000,00,2,1,01,B02
201100017259,0,10,000,00,2,7,01,A01
201100017260,0,31,000,00,2,5,17,B02
201100017260,0,07,000,00,2,3,15,A01
201100017261,0,10,000,00,1,3,01,A01
201100017262,0,31,000,12,0,1,21,A01
201100017263,0,17,000,03,0,2,01,A01
201100017263,0,07,000,14,0,1,01,B02
201100017264,0,07,000,00,2,3,01,A01
201100017264,0,33,000,00,2,4,17,B02
201100017265,0,33,000,00,2,1,02,A01
201100017265,0,07,000,00,2,4,02,B02
201100017266,0,33,000,00,2,3,02,A01
201100017266,0,07,000,00,0,5,01,B02
201100017267,0,07,000,00,2,2,17,B02
201100017267,0,07,000,00,2,6,21,A01
201100017268,0,33,000,00,2,0,17,A01
201100017268,0,07,000,00,2,3,01,B02
201100017269,0,33,000,00,0,8,02,A01
201100017270,0,33,000,00,0,3,01,A01