Num_Acc,senc,catv,occutc,obs,obsm,choc,manv,num_veh
201100017642,0,33,000,00,2,1,01,B02
201100017643,0,07,000,06,0,3,13,A01
201100017644,0,07,000,00,1,3,01,A01
201100017645,0,07,000,03,0,1,01,A01
201100017646,0,07,000,00,2,1,17,A01
201100017646,0,07,000,00,2,1,01,B02
201100017647,0,07,000,16,0,0,01,A01
201100017648,0,33,000,00,5,3,01,A01
201100017649,0,07,000,00,0,9,01,A01
201100017650,0,07,000,00,2,3,01,B02
201100017650,0,07,000,00,2,6,15,C03
201100017650,0,07,000,00,2,3,13,A01
201100017651,0,10,000,00,2,3,15,A01
201100017651,0,30,000,00,2,1,05,B02
201100017652,0,07,000,00,1,7,01,A01
201100017653,0,01,000,00,0,4,01,B02
201100017653,0,07,000,00,9,1,09,A01
201100017654,0,10,000,00,9,1,01,A01
201100017655,0,33,000,00,2,1,01,B02
201100017655,0,07,000,00,2,2,10,A01
201100017656,0,07,000,00,2,1,01,B01
201100017656,0,07,000,00,2,1,13,A02
201100017657,0,07,000,00,1,2,01,A01
201100017658,0,07,000,00,2,1,17,C03
201100017658,0,15,000,00,2,6,17,A01
201100017658,0,07,000,00,2,7,17,B02
201100017659,0,07,000,04,0,1,00,A01
201100017660,0,07,000,00,0,1,01,A01
201100017661,0,14,000,03,0,3,06,A01
201100017662,0,10,000,03,0,1,00,A01
201100017663,0,07,000,14,0,3,13,C03
201100017663,0,07,000,00,0,4,01,B02
201100017663,0,07,000,00,2,1,01,A01
201100017664,0,07,000,00,2,3,01,C03
201100017664,0,07,000,03,2,9,05,A01
201100017664,0,07,000,00,2,3,01,B02
201100017665,0,31,000,00,2,8,13,B02
201100017665,0,07,000,00,2,1,01,A01
201100017666,0,33,000,00,0,3,17,A01
201100017666,0,07,000,00,0,3,01,B02
201100017667,0,07,000,00,2,1,01,B02
201100017667,0,33,000,00,2,1,17,A01
201100017668,0,02,000,00,2,8,13,A01
201100017668,0,07,000,00,2,3,21,B02
201100017669,0,07,000,00,0,3,01,B02
201100017669,0,07,000,00,0,1,13,A01
201100017670,0,07,000,00,2,2,01,B02
201100017670,0,07,000,00,2,3,01,A01
201100017671,0,07,000,06,0,1,01,A01
201100017672,0,07,000,00,2,1,01,B02
201100017672,0,07,000,00,2,7,15,A01
201100017673,0,07,000,00,1,1,01,A01
201100017674,0,07,000,00,1,2,01,A01
201100017675,0,02,000,01,0,1,01,A01
201100017676,0,07,000,00,1,3,15,A01
201100017677,0,07,000,00,1,3,01,A01
201100017678,0,07,000,00,2,1,01,C03
201100017678,0,33,000,00,2,8,01,A01
201100017678,0,07,000,13,2,3,01,D04
201100017678,0,07,000,00,2,5,24,B02
201100017679,0,07,000,00,2,3,01,B02
201100017679,0,07,000,00,2,3,13,A01
201100017680,0,14,000,00,2,3,01,A01
201100017680,0,07,000,00,2,3,13,B02
201100017681,0,10,000,00,1,2,01,A01
201100017682,0,07,000,13,0,0,13,A01
201100017683,0,30,000,00,0,0,01,A01
201100017684,0,01,000,00,2,4,01,B02
201100017684,0,07,000,00,2,2,01,A01
201100017685,0,33,000,00,6,8,01,A01
201100017686,0,33,000,00,2,1,13,A01
201100017686,0,07,000,00,2,1,01,B02
201100017687,0,30,000,00,0,0,02,A01
201100017688,0,07,000,00,2,1,01,A01
201100017688,0,14,000,00,2,1,01,B02
201100017689,0,07,000,00,1,6,04,A01
201100017690,0,07,000,00,2,1,09,A01
201100017690,0,07,000,00,2,3,01,B02
201100017691,0,17,000,00,2,1,01,B02
201100017691,0,07,000,00,2,1,13,A01
201100017692,0,07,000,16,0,1,01,A01
201100017693,0,10,000,00,2,2,01,B02
201100017693,0,07,000,00,0,1,13,A01
201100017694,0,33,000,00,0,2,17,A01
201100017695,0,07,000,00,2,1,15,A01
201100017695,0,32,000,00,2,1,01,B02
201100017696,0,01,000,00,2,1,01,B02
201100017696,0,07,000,00,2,2,01,A01
201100017697,0,07,000,00,0,9,01,A01
201100017698,0,07,000,00,1,7,01,A01
201100017699,0,07,000,00,2,3,15,A01
201100017699,0,34,000,00,2,5,17,B02
201100017700,0,07,000,00,2,3,15,A01
201100017700,0,33,000,00,2,1,17,B02
201100017701,0,30,000,01,0,1,17,A01
201100017702,0,07,000,00,2,3,13,A01
201100017702,0,33,000,00,2,8,01,B02
201100017703,0,07,000,00,9,6,01,C03
201100017703,0,33,000,00,2,9,01,A01
201100017703,0,07,000,00,9,1,01,B02
201100017704,0,07,000,06,0,2,21,A01
201100017705,0,31,000,00,2,1,01,B02
201100017705,0,07,000,00,2,2,15,A01
201100017706,0,33,000,00,2,1,01,B02
201100017706,1,07,000,00,2,3,17,A01
201100017706,0,07,000,00,2,8,01,C03
201100017707,0,07,000,00,2,4,23,A01
201100017707,0,07,000,01,0,1,02,B02
201100017708,0,07,000,00,9,7,17,A01
201100017708,0,01,000,00,2,6,01,B02
201100017709,0,07,000,00,2,3,13,A01
201100017709,0,07,000,00,2,3,01,B02
201100017710,0,10,000,00,2,1,09,A01
201100017710,0,02,000,00,2,7,01,B02
201100017711,0,34,000,00,2,1,01,B02
201100017711,0,07,000,00,2,3,05,A01
201100017712,0,07,000,00,2,1,01,B02
201100017712,0,07,000,00,2,2,13,A01
201100017713,0,07,000,13,0,3,15,A01
201100017714,0,07,000,00,2,2,01,A01
201100017714,0,33,000,00,2,1,13,B02
201100017715,0,31,000,00,2,7,01,A01
201100017715,0,07,000,00,0,0,05,B02
201100017716,0,02,000,00,2,1,13,A01
201100017716,0,07,000,00,2,1,01,B02
201100017717,0,07,000,00,2,1,06,A01
201100017717,0,07,000,00,2,1,01,B02
201100017718,0,07,000,00,0,2,13,A01
201100017718,0,01,000,00,0,8,00,B02
201100017719,0,31,000,00,2,0,01,B02
201100017719,0,07,000,00,2,0,15,A01
201100017720,0,31,000,00,2,8,01,A01
201100017720,0,07,000,00,2,3,15,B02
201100017721,0,07,000,00,2,1,01,B02
201100017721,0,07,000,00,2,2,15,A01
201100017722,0,07,000,00,0,1,13,A01
201100017722,0,10,000,00,0,1,01,B02
201100017723,0,32,000,00,2,7,17,A01
201100017723,0,10,000,00,2,2,19,B02
201100017724,0,07,000,00,2,2,19,A01
201100017724,0,33,000,00,2,1,17,B02
201100017725,0,07,000,00,2,2,02,A01
201100017725,0,33,000,00,0,4,23,B01
201100017726,0,07,000,00,0,7,15,A01
201100017726,0,31,000,00,2,1,01,B02
201100017727,0,30,000,00,2,1,17,A01
201100017727,0,07,000,00,0,3,15,B02
201100017728,0,07,000,00,2,2,15,A01
201100017728,0,33,000,00,2,1,01,B02
201100017729,0,07,000,00,1,3,01,A01
201100017730,0,07,000,00,2,8,15,A01
201100017730,0,33,000,00,2,1,17,B02
201100017731,0,07,000,00,1,1,01,A01
201100017732,0,07,000,00,2,8,01,C03
201100017732,0,07,000,00,2,1,01,B02
201100017732,0,07,000,00,2,1,13,A01
201100017733,0,07,000,00,2,3,13,B02
201100017733,0,07,000,00,2,3,01,A01
201100017734,0,07,000,00,2,3,01,C03
201100017734,0,31,000,00,2,1,01,A01
201100017734,0,07,000,00,2,6,01,B02
201100017735,0,07,000,00,1,3,01,A01
201100017736,0,07,000,00,2,3,01,A01
201100017736,0,02,000,00,2,1,02,B02
201100017737,0,07,000,00,2,1,01,B02
201100017737,0,07,000,00,2,3,15,A01
201100017738,0,07,000,00,2,1,01,A01
201100017738,0,07,000,00,2,3,01,B02
201100017739,0,07,000,00,2,2,01,B02
201100017739,0,07,000,00,2,1,13,A01
201100017740,0,07,000,00,1,2,01,A01
201100017741,0,14,000,00,1,3,01,A01
201100017742,0,02,000,00,2,1,01,A01
201100017742,0,07,000,00,2,5,15,B02
201100017743,0,07,000,00,9,7,01,B02
201100017743,0,01,000,00,2,1,15,A01
201100017744,0,07,000,00,1,6,04,A01
201100017745,0,31,000,00,0,2,01,B02
201100017745,0,07,000,00,0,6,19,A01
201100017746,0,07,000,00,2,2,01,B02
201100017746,0,36,000,00,2,1,05,A01
201100017747,0,07,000,00,2,3,01,B02
201100017747,0,07,000,00,2,3,13,A01
201100017748,0,07,000,00,0,4,23,B02
201100017748,0,07,000,00,2,1,02,A01
201100017749,0,33,000,00,2,1,01,A02
201100017749,0,07,000,00,2,5,15,B01
201100017750,0,07,000,08,0,2,01,A01
201100017751,0,07,000,00,1,2,01,A01
201100017752,0,07,000,03,2,8,13,A01
201100017752,0,07,000,00,2,1,01,B02
201100017753,0,14,000,00,2,1,01,B02
201100017753,0,07,000,00,2,1,13,A01
201100017754,0,07,000,00,2,3,01,A01
201100017754,0,07,000,00,2,2,13,B02
201100017755,0,33,000,13,0,1,01,A01
201100017756,0,07,000,00,2,1,01,A01
201100017756,0,07,000,00,2,1,01,C03
201100017756,0,03,000,00,0,8,10,B02
201100017757,0,07,000,00,2,1,01,B02
201100017757,0,07,000,00,2,1,17,A01
201100017758,0,07,000,00,2,1,01,A01
201100017758,0,07,000,00,2,7,19,B02
201100017759,0,30,000,00,2,6,05,A01
201100017759,0,07,000,00,2,3,01,B02
201100017760,0,15,000,00,2,3,01,B02
201100017760,0,07,000,00,2,3,13,A01
201100017761,0,14,000,00,1,1,01,A01
201100017762,0,01,000,00,2,8,02,B02
201100017762,0,10,000,00,9,2,14,A01
201100017763,0,07,000,00,2,0,01,A01
201100017763,0,30,000,00,2,1,01,B02
201100017764,0,07,000,00,2,2,19,A01
201100017764,0,33,000,00,2,1,01,B02
201100017765,0,07,000,14,0,3,02,A01
201100017766,0,07,000,03,0,2,01,A01
201100017767,0,07,000,00,2,1,02,A01
201100017767,0,07,000,00,0,4,02,B02
201100017768,0,07,000,00,2,1,14,A01
201100017768,0,07,000,03,2,4,09,B02
201100017769,0,10,000,03,0,9,14,A01
201100017770,0,07,000,00,2,3,13,A01
201100017770,0,07,000,00,2,3,01,B02
201100017771,0,07,000,00,2,3,23,C03
201100017771,0,07,000,00,2,7,15,A01
201100017771,0,07,000,00,2,1,01,B02
201100017772,0,07,000,00,2,3,01,A01
201100017772,0,07,000,00,0,3,13,B02
201100017773,0,07,000,00,0,2,01,A01
201100017773,0,33,000,00,0,1,01,B02
201100017774,0,07,000,06,0,1,06,A01
201100017775,0,07,000,00,1,2,16,A01
201100017776,0,31,000,00,2,1,01,B02
201100017776,0,07,000,00,2,8,19,A01
201100017777,0,07,000,13,0,1,01,A01
201100017778,0,07,000,00,2,1,01,B02
201100017778,0,30,000,00,2,4,09,A01
201100017779,0,07,000,00,1,3,01,A01
201100017780,0,07,000,00,2,7,12,B02
201100017780,0,33,000,00,2,1,03,A01
201100017781,0,07,000,00,0,0,00,D04
201100017781,0,07,000,00,0,5,01,C03
201100017781,0,07,000,00,0,8,11,A01
201100017781,0,33,000,00,0,1,03,B02
201100017782,0,07,000,00,2,7,15,A01
201100017782,0,07,000,00,2,1,01,B02
201100017783,0,33,000,00,2,7,01,B02
201100017783,0,07,000,00,2,3,15,A01
201100017784,0,07,000,06,0,1,01,A01
201100017785,0,07,000,00,0,0,21,A01
201100017786,0,07,000,00,2,2,15,A01
201100017786,0,10,000,00,2,3,23,C03
201100017786,0,07,000,00,2,3,01,B02
201100017787,0,33,000,00,2,1,01,A01
201100017787,0,07,000,00,2,4,23,B02
201100017788,0,07,000,02,0,9,01,A01
201100017789,0,31,000,00,2,1,01,A01
201100017789,1,10,000,00,2,5,15,B02
201100017790,0,17,000,00,2,4,23,B02
201100017790,0,07,000,00,2,1,02,A01
201100017791,0,07,000,06,0,3,00,A01
201100017792,0,07,000,16,0,1,01,A01
201100017793,0,33,000,00,1,1,01,A01
201100017794,0,33,000,03,0,1,01,A01
201100017795,0,07,000,00,2,1,01,B02
201100017795,0,33,000,00,2,1,17,A01
201100017795,0,07,000,00,2,1,13,C03
201100017795,0,10,000,00,2,3,01,D04
201100017796,0,07,000,13,0,9,01,A01
201100017797,0,10,000,00,1,2,01,A01
201100017798,0,07,000,00,2,8,13,A01
201100017798,0,07,000,00,2,3,01,B02
201100017799,0,07,000,00,1,1,01,A01
201100017800,0,32,000,00,0,7,00,A01
201100017801,0,07,000,00,2,8,09,A01
201100017801,0,31,000,00,2,7,01,B02
201100017802,0,07,000,06,0,1,01,A01
201100017803,0,07,000,00,1,3,01,A01
201100017804,0,07,000,00,1,7,01,A01
201100017805,0,33,000,00,2,3,13,A01
201100017805,0,07,000,00,2,3,01,B02
201100017806,0,07,000,15,0,3,01,A01
201100017807,0,30,000,07,0,1,14,A01
201100017808,0,07,000,00,2,3,01,A01
201100017808,0,01,000,00,2,1,01,B02
201100017809,0,30,000,00,2,8,15,A01
201100017809,0,07,000,00,2,7,17,B02
201100017810,0,07,000,00,2,3,09,A01
201100017810,0,07,000,00,2,2,01,B02
201100017811,0,01,000,00,2,5,09,A01
201100017811,0,32,000,00,2,3,21,B02
201100017812,0,17,000,00,0,4,01,B02
201100017812,0,07,000,00,2,1,13,A01
201100017813,0,07,000,03,0,5,01,A01
201100017814,0,07,000,00,2,1,02,A01
201100017814,0,07,000,00,2,4,02,B02
201100017815,0,07,000,04,0,3,01,A01
201100017816,0,07,000,00,0,8,01,A01
201100017817,0,07,000,04,0,3,00,A01
201100017818,0,07,000,04,0,1,00,A01
201100017819,0,15,000,00,2,1,02,A01
201100017819,0,07,000,00,0,4,02,B02
201100017820,0,07,000,14,0,2,01,A01
201100017821,0,07,000,00,0,1,01,A01
201100017822,0,07,000,04,0,1,01,A01
201100017823,0,07,000,03,0,1,17,A01
201100017824,0,07,000,00,0,2,01,A01
201100017825,0,07,000,01,0,1,14,A01
201100017826,0,07,000,00,2,2,02,A01
201100017826,0,07,000,01,0,1,01,B02
201100017826,0,07,000,00,0,6,01,C03
201100017827,0,07,000,00,0,6,01,A01
201100017827,0,07,000,00,2,3,01,B02
201100017828,0,07,000,05,0,1,14,A01
201100017829,0,07,000,03,0,3,13,A01
201100017830,0,33,000,00,2,1,01,B02
201100017830,0,07,000,00,2,2,15,A01
201100017831,0,07,000,00,2,1,01,B02
201100017831,0,30,000,00,2,1,13,A01
201100017832,0,07,000,00,2,2,17,A01
201100017832,0,07,000,00,2,6,01,B02
201100017833,0,07,000,00,1,6,04,A01
201100017834,0,10,000,00,2,7,19,A01
201100017834,0,33,000,00,2,1,01,B02
201100017835,0,07,000,00,2,3,21,B02
201100017835,0,07,000,00,2,3,03,A01
201100017836,0,07,000,00,1,6,04,A01
201100017837,0,07,000,03,0,1,13,A01
201100017838,0,07,000,03,0,3,14,A01
201100017839,0,15,000,06,0,2,01,A01
201100017840,0,07,000,03,2,3,02,B02
201100017840,0,07,000,13,0,2,02,A01
201100017841,0,07,000,00,2,1,14,B02
201100017841,0,17,000,00,2,4,01,A01
201100017842,0,07,000,00,2,1,13,A01
201100017842,0,07,000,00,2,1,01,B02
201100017843,0,01,000,00,2,1,01,A01
201100017843,0,07,000,00,9,5,19,B02
201100017844,0,33,000,06,0,3,01,A01
201100017845,0,21,000,00,1,5,16,A01
201100017846,0,07,000,00,2,1,01,B02
201100017846,0,07,000,00,2,8,01,A01
201100017847,0,02,000,00,2,1,01,B02
201100017847,0,07,000,00,2,6,23,A01
201100017848,0,07,000,08,0,1,13,A01
201100017849,0,33,000,00,0,1,17,B02
201100017849,0,07,000,00,0,5,15,A01
201100017850,0,07,000,00,2,2,01,B02
201100017850,0,30,000,00,2,1,01,A01
201100017851,0,33,000,00,0,0,14,A01
201100017852,0,07,000,03,0,3,01,A01
201100017853,0,07,000,00,0,0,13,A01
201100017854,0,07,000,00,2,3,01,B02
201100017854,0,01,000,00,2,8,01,D04
201100017854,0,07,000,00,2,2,17,A01
201100017854,0,01,000,00,2,8,01,C03
201100017855,0,07,000,13,0,2,14,A01
201100017856,0,07,000,00,2,3,13,A01
201100017856,0,14,000,00,2,8,01,B02
201100017856,0,33,000,00,2,1,01,C03
201100017857,0,07,000,00,1,3,01,A01
201100017858,0,07,000,00,1,2,01,A01
201100017859,0,07,000,00,2,4,02,A01
201100017859,0,14,000,00,2,5,02,B02
201100017860,0,07,000,00,2,7,01,A01
201100017860,0,07,000,00,2,1,01,B02
201100017860,0,07,000,00,2,1,01,C03
201100017861,0,07,000,03,2,3,13,A01
201100017861,0,07,000,03,2,3,01,B02
201100017862,0,31,000,00,2,2,01,A01
201100017862,0,07,000,00,2,3,15,B02
201100017863,0,07,000,00,2,1,01,A01
201100017863,0,07,000,00,2,8,19,B02
201100017864,0,07,000,00,2,7,00,A01
201100017864,0,07,000,00,2,1,01,B02
201100017865,0,07,000,02,0,9,01,A01
201100017866,0,07,000,00,2,3,01,A01
201100017866,0,01,000,00,,4,11,B02
201100017867,0,07,000,00,2,1,02,A01
201100017867,0,17,000,00,0,4,02,B02
201100017868,0,07,000,04,0,1,01,A01
201100017869,0,33,000,00,2,1,02,A01
201100017869,0,15,000,00,2,6,02,B02
201100017870,0,15,000,00,2,5,02,B02
201100017870,0,07,000,00,2,1,02,A01
201100017871,0,17,000,00,2,4,02,B02
201100017871,0,10,000,00,2,1,02,A01
201100017872,0,07,000,00,2,1,02,A01
201100017872,0,15,000,00,2,4,02,B02
201100017873,0,07,000,03,2,3,02,A01
201100017873,0,10,000,00,2,1,21,B02
201100017874,0,10,000,00,2,2,02,A01
201100017874,0,07,000,03,0,6,23,C03
201100017874,0,07,000,03,0,6,23,B02
201100017875,0,10,000,00,2,1,02,A01
201100017875,0,17,000,00,0,0,02,B02
201100017876,0,07,000,03,0,7,01,A01
201100017877,0,07,000,13,0,2,14,A01
201100017878,0,07,000,01,0,1,02,A01
201100017878,0,07,000,00,0,4,23,B02
201100017879,0,07,000,03,0,9,14,A01
201100017880,0,07,000,00,2,1,01,A01
201100017880,0,07,000,00,2,6,01,B02
201100017881,0,17,000,,2,4,23,A01
201100017881,0,17,000,01,0,1,14,B02
201100017882,0,07,000,03,2,8,13,A01
201100017882,0,10,000,00,2,2,02,B02
201100017883,0,07,000,13,0,9,14,A01
201100017884,0,07,000,13,0,1,14,A01
201100017885,0,07,000,04,0,1,13,A01
201100017886,0,33,000,00,2,6,01,A01
201100017886,1,07,000,,2,,02,B02
201100017887,0,07,000,00,1,1,01,A01
201100017888,0,33,000,00,0,8,01,A01
201100017889,0,07,000,00,2,1,01,B02
201100017889,0,30,000,00,2,1,01,A01
201100017890,0,33,000,00,2,1,02,A01
201100017890,0,07,000,00,2,4,02,B02
201100017891,0,07,000,00,2,1,13,A01
201100017891,0,07,000,00,2,3,14,B02
201100017892,0,33,000,13,0,1,01,A01
201100017893,0,07,000,00,0,1,13,A01
201100017894,0,07,000,00,1,2,02,A01
201100017894,0,01,000,00,2,8,02,B02
201100017895,0,07,000,00,1,6,04,A01
201100017896,0,07,000,00,4,4,01,B01
201100017896,0,07,000,01,0,1,01,A01
201100017896,0,07,000,00,2,4,02,D01
201100017896,0,07,000,00,2,4,02,C01
201100017897,0,07,000,00,1,1,01,A01
201100017898,0,07,000,00,2,3,17,A01
201100017898,0,15,000,00,0,8,01,C01
201100017898,0,07,000,00,2,1,01,B01
201100017899,0,07,000,00,2,3,01,B01
201100017899,0,07,000,00,2,1,01,A01
201100017900,0,37,027,00,1,8,15,A01
201100017901,0,07,000,00,1,1,15,A01
201100017902,0,07,000,15,0,1,00,A01
201100017903,0,07,000,00,1,1,01,A01
201100017904,0,07,000,00,1,3,01,A01
201100017905,0,07,000,08,0,3,01,A01
201100017906,0,33,000,00,2,1,02,A01
201100017906,0,07,000,00,0,4,01,B01
201100017907,0,07,000,00,1,1,00,A01
201100017908,0,07,000,00,1,2,01,A01
201100017909,0,07,000,00,2,5,15,A01
201100017909,0,33,000,00,2,1,01,B01
201100017910,0,02,000,00,2,1,01,B01
201100017910,0,07,000,00,2,3,16,A01
201100017911,0,07,000,00,2,3,01,A01
201100017911,0,01,000,00,2,1,01,B01
201100017912,0,10,000,00,1,1,01,A01
201100017913,0,07,000,01,,1,00,B03
201100017913,0,07,000,01,2,9,00,B02
201100017913,0,07,000,01,2,1,01,B01
201100017913,0,07,000,00,2,1,19,A01
201100017914,0,07,000,00,1,1,16,A01
201100017915,0,02,000,00,2,1,01,B01
201100017915,0,07,000,00,2,7,19,A01
201100017916,0,07,000,00,2,5,11,A01
201100017916,0,33,000,00,2,1,01,B01
201100017917,0,07,000,00,2,3,11,B01
201100017917,0,30,000,00,2,1,02,A01
201100017918,0,33,000,00,2,1,01,B01
201100017918,0,07,000,00,2,8,15,A01
201100017919,0,07,000,00,1,1,01,A01
201100017920,0,07,000,00,2,3,01,B01
201100017920,0,30,000,00,2,1,05,A01
201100017921,0,07,000,00,2,2,15,A01
201100017921,0,03,000,00,2,1,01,B01
201100017922,0,07,000,01,0,5,23,A01
201100017922,0,07,000,00,2,5,23,B01
201100017923,0,30,000,00,1,1,01,A01
201100017924,1,01,000,00,1,1,05,Z01
201100017925,1,07,000,00,1,0,00,Z01
201100017926,0,07,000,00,2,1,23,B01
201100017926,0,07,000,00,2,1,23,C01
201100017926,0,07,000,14,2,1,01,A01
201100017927,0,07,000,00,0,4,02,B01
201100017927,0,07,000,00,0,4,02,C01
201100017927,0,07,000,00,2,1,01,A01
201100017928,1,07,000,00,2,0,19,A01
201100017928,0,31,000,00,2,0,01,B01
201100017929,0,07,000,00,2,7,15,A01
201100017929,0,02,000,00,2,1,01,B01
201100017930,0,07,000,00,2,1,01,A01
201100017930,0,07,000,00,2,2,01,B01
201100017931,0,07,000,00,2,0,01,A01
201100017931,0,30,000,00,2,1,15,B01
201100017932,0,30,000,00,2,1,01,A01
201100017932,0,07,000,00,2,3,11,B01
201100017933,0,07,000,00,9,3,11,A01
201100017933,0,01,000,00,2,3,15,B01
201100017934,0,07,000,00,0,4,01,B01
201100017934,0,07,000,00,2,1,02,A01
201100017935,0,30,000,00,2,4,01,A01
201100017935,0,07,000,00,2,4,02,B01
201100017936,0,30,000,00,2,8,23,B01
201100017936,0,07,000,00,2,8,12,A01
201100017937,0,07,000,00,2,1,12,A01
201100017937,0,07,000,00,0,4,23,B01
201100017938,0,07,000,00,2,7,12,A01
201100017938,0,02,000,00,2,8,01,B01
201100017939,0,01,000,00,1,1,01,A01
201100017940,0,02,000,15,1,0,01,A01
201100017941,0,01,000,00,2,1,01,B01
201100017941,0,07,000,00,2,5,16,A01
201100017942,0,02,000,00,2,1,01,B01
201100017942,0,07,000,00,2,3,00,A01
201100017943,0,36,000,00,1,6,01,A01
201100017944,0,07,000,00,2,1,17,A01
201100017944,0,33,000,00,2,1,01,B01
201100017945,0,01,000,00,2,7,01,B01
201100017945,0,07,000,00,2,1,09,A01
201100017946,0,33,000,00,2,1,01,A01
201100017946,0,07,000,00,2,5,15,B01
201100017947,0,01,000,00,2,8,15,A01
201100017947,0,07,000,00,2,7,17,B01
201100017948,0,07,000,00,2,1,02,A01
201100017948,0,31,000,00,2,4,02,B01
201100017949,0,37,001,00,2,8,01,B01
201100017949,0,01,000,00,2,3,00,A01
201100017950,0,07,000,00,2,2,15,A01
201100017950,0,07,000,00,2,1,01,B01
201100017951,0,07,000,00,2,4,23,B01
201100017951,0,07,000,00,2,4,23,D01
201100017951,0,07,000,00,2,4,23,C01
201100017951,0,07,000,00,2,1,01,A01
201100017952,0,07,000,00,2,5,15,A01
201100017952,0,02,000,00,2,1,01,B01
201100017953,0,30,000,00,2,8,00,A01
201100017953,0,07,000,00,2,2,01,B01
201100017954,0,07,000,00,1,0,01,A01
201100017955,0,33,000,00,2,1,13,A01
201100017955,0,33,000,00,2,8,16,B01
201100017956,0,07,000,00,2,1,01,B01
201100017956,0,07,000,00,2,1,13,A01
201100017957,0,07,000,00,2,1,09,A01
201100017957,0,37,040,00,2,7,01,B01
201100017958,0,07,000,14,0,8,00,A01
201100017958,0,02,000,00,2,0,00,B01
201100017959,0,07,000,00,1,3,15,A01
201100017960,0,01,000,00,0,1,01,B01
201100017960,0,07,000,00,9,3,09,A01
201100017961,0,01,000,00,2,1,05,A01
201100017961,0,07,000,00,9,3,15,B01
201100017962,0,30,000,00,2,1,17,A01
201100017962,0,07,000,00,2,2,02,B01
201100017963,0,02,000,00,1,1,18,A01
201100017964,0,07,000,00,1,1,01,A01
201100017965,0,07,000,00,2,1,19,A01
201100017965,0,07,000,00,2,8,01,B01
201100017966,0,01,000,00,2,8,01,B01
201100017966,0,07,000,00,9,1,01,A01
201100017967,0,07,000,00,2,3,15,A01
201100017967,0,07,000,00,2,3,21,B01
201100017968,1,07,000,00,2,3,01,Z01
201100017968,0,30,000,00,2,0,01,B01
201100017969,0,01,000,00,2,8,02,B01
201100017969,0,07,000,00,2,7,02,A01
201100017970,0,07,000,11,0,1,06,A01
201100017971,0,30,000,11,0,1,01,A01
201100017971,0,07,000,00,2,0,00,B01
201100017972,0,07,000,00,2,1,01,A01
201100017972,0,07,000,00,2,1,01,B01
201100017973,0,07,000,00,2,3,01,B01
201100017973,0,02,000,00,2,1,13,A01
201100017974,0,07,000,00,2,6,09,A01
201100017974,0,07,000,00,2,1,01,C01
201100017974,0,17,000,00,2,2,01,B01
201100017975,0,30,000,00,2,1,01,B01
201100017975,0,07,000,00,2,3,10,A01
201100017976,0,30,000,00,0,8,01,B01
201100017976,0,03,000,00,2,3,01,A01
201100017977,0,01,000,00,2,8,01,A01
201100017977,0,07,000,00,2,3,01,B01
201100017978,0,07,000,00,2,1,02,A01
201100017978,0,07,000,00,0,4,23,B01
201100017979,0,03,000,00,1,4,04,A01
201100017980,0,07,000,00,2,4,23,C01
201100017980,0,07,000,00,2,1,01,A01
201100017980,0,07,000,00,2,4,23,B01
201100017981,0,31,000,00,2,1,01,B01
201100017981,0,07,000,00,2,2,09,A01
201100017982,0,14,000,00,2,1,15,A01
201100017982,0,07,000,00,2,3,01,B01
201100017983,0,14,000,00,2,6,01,C01
201100017983,0,07,000,00,2,1,01,A01
201100017983,0,07,000,00,2,6,01,B01
201100017984,0,07,000,00,2,1,16,A01
201100017984,0,07,000,00,2,3,01,B01
201100017985,0,07,000,00,2,3,09,B01
201100017985,0,30,000,00,2,1,01,A01
201100017986,0,07,000,00,2,1,01,A01
201100017986,0,07,000,00,0,4,23,E01
201100017986,0,07,000,00,2,4,23,B01
201100017986,0,07,000,00,2,4,23,D01
201100017986,0,10,000,00,2,4,23,C01
201100017987,0,30,000,00,2,1,01,A01
201100017987,0,07,000,00,2,2,01,B01
201100017988,0,07,000,00,2,2,09,A01
201100017988,0,07,000,00,2,5,01,B01
201100017989,0,01,000,00,2,1,01,B01
201100017989,0,07,000,00,2,2,09,A01
201100017990,0,07,000,00,1,2,01,A01
201100017991,0,07,000,00,1,3,01,A01
201100017992,0,07,000,00,1,0,01,A01
201100017993,0,07,000,00,2,3,09,A01
201100017993,0,10,000,00,2,2,01,B01
201100017994,0,32,000,00,2,1,01,A01
201100017994,0,07,000,00,0,5,23,B01
201100017995,0,07,000,00,2,2,05,A01
201100017995,0,02,000,00,2,1,00,B01
201100017996,0,07,000,00,1,0,00,A01
201100017997,0,07,000,01,2,1,02,A01
201100017997,0,07,000,01,0,4,02,B01
201100017997,0,07,000,01,0,4,02,C01
201100017997,0,07,000,01,0,4,02,D01
201100017998,0,07,000,00,2,3,15,A01
201100017998,0,33,000,00,2,3,17,B01
201100017999,2,07,000,00,2,3,13,A01
201100017999,0,07,000,00,2,3,01,B01
201100018000,0,07,000,00,2,1,09,A01
201100018000,0,33,000,00,2,5,01,B01
201100018001,0,07,000,00,2,1,01,A01
201100018001,0,07,000,00,2,4,01,B01
201100018002,0,01,000,00,0,0,00,B01
201100018002,1,07,000,00,9,0,00,Z01
201100018003,0,07,000,15,2,3,01,A01
201100018003,0,07,000,00,2,3,15,B01
201100018003,0,07,000,00,2,1,15,C01
201100018004,1,07,000,00,9,3,20,A01
201100018004,0,01,000,00,2,7,01,B01