Num_Acc,senc,catv,occutc,obs,obsm,choc,manv,num_veh
201100018378,0,07,000,00,2,0,00,B01
201100018378,0,07,000,00,2,0,00,A01
201100018379,0,07,000,00,2,0,00,A01
201100018380,0,30,000,00,0,0,01,A01
201100018381,0,07,000,00,2,1,01,A01
201100018381,0,07,000,00,2,4,01,B01
201100018382,0,31,000,00,2,7,01,B01
201100018382,0,07,000,00,2,8,13,A01
201100018383,0,07,000,00,2,0,00,B01
201100018383,0,07,000,00,2,2,19,A01
201100018384,0,33,000,00,2,7,17,A01
201100018384,0,07,000,00,2,8,01,B01
201100018385,0,07,000,00,1,0,00,A01
201100018386,0,07,000,00,0,0,00,A01
201100018387,0,07,000,00,0,0,00,B01
201100018387,0,07,000,00,0,0,00,A01
201100018388,0,07,000,00,2,1,09,A01
201100018388,0,32,000,00,2,0,01,B01
201100018389,0,02,000,00,2,0,00,A01
201100018389,0,07,000,00,0,0,00,B01
201100018390,0,01,000,00,0,0,00,A01
201100018391,0,07,000,00,2,0,00,A01
201100018391,0,33,000,00,2,0,00,B01
201100018392,0,02,000,00,0,0,00,A01
201100018393,0,30,000,00,0,0,00,A01
201100018394,0,07,000,00,0,0,00,B01
201100018394,0,02,000,00,0,0,00,A01
201100018395,0,07,000,00,2,0,00,A01
201100018395,0,07,000,00,2,0,00,B01
201100018396,0,01,000,00,0,0,00,A01
201100018397,0,30,000,00,2,0,17,A01
201100018397,0,07,000,00,2,3,01,B01
201100018398,0,02,000,00,0,0,00,A01
201100018399,0,07,000,00,2,6,09,B01
201100018399,0,02,000,00,2,1,01,A01
201100018400,0,32,000,00,0,0,00,A01
201100018401,0,07,000,08,0,1,00,A01
201100018402,0,10,000,00,1,1,01,A01
201100018403,0,02,000,00,0,0,01,A01
201100018404,0,01,000,00,2,0,00,B01
201100018404,0,10,000,00,2,0,00,A01
201100018405,0,07,000,13,0,9,14,A01
201100018406,0,07,000,00,1,7,01,A01
201100018407,0,32,000,00,0,0,21,A01
201100018408,0,07,000,00,2,1,01,A01
201100018408,0,07,000,00,2,4,01,C01
201100018408,0,07,000,00,2,4,01,B01
201100018409,0,07,000,00,2,2,01,A01
201100018409,0,30,000,00,2,0,01,B01
201100018410,0,32,000,00,0,0,00,A01
201100018411,0,02,000,00,2,7,01,B01
201100018411,0,07,000,00,2,1,16,A01
201100018412,0,33,000,00,0,8,21,A01
201100018413,0,07,000,00,1,1,01,A01
201100018414,0,07,000,00,1,1,01,A01
201100018415,0,07,000,00,2,1,09,A01
201100018415,0,01,000,00,2,0,01,B01
201100018416,0,07,000,00,2,2,01,A01
201100018416,0,07,000,00,2,3,01,B01
201100018417,0,07,000,00,2,0,01,B01
201100018417,0,07,000,00,2,0,15,A01
201100018418,1,07,000,00,1,1,01,A01
201100018419,0,07,000,00,1,4,20,A01
201100018420,0,07,000,00,2,2,15,A01
201100018420,0,33,000,00,2,1,01,B01
201100018421,0,31,000,00,0,0,01,A01
201100018422,0,07,000,14,0,1,01,A01
201100018423,0,07,000,00,2,5,01,B01
201100018423,0,07,000,00,2,2,01,A01
201100018424,0,07,000,00,2,3,15,A01
201100018424,0,01,000,00,2,1,01,B01
201100018425,0,07,000,00,2,4,02,B01
201100018425,0,07,000,00,2,1,02,A01
201100018426,0,07,000,00,2,2,00,B01
201100018426,0,07,000,00,2,8,00,A01
201100018427,0,07,000,00,2,3,01,B01
201100018427,0,07,000,00,2,2,01,A01
201100018428,0,07,000,00,1,0,01,A01
201100018429,0,20,000,00,0,4,01,B02
201100018429,0,07,000,00,2,1,01,A01
201100018430,0,07,000,00,2,1,14,A01
201100018430,0,07,000,00,0,4,01,B02
201100018431,0,14,000,00,2,1,01,A01
201100018431,0,07,000,00,0,4,01,B02
201100018432,0,07,000,00,0,6,01,B02
201100018432,0,07,000,00,2,3,17,A01
201100018433,0,07,000,04,0,3,01,A01
201100018434,0,10,000,05,0,1,13,A01
201100018435,0,07,000,03,0,1,01,A01
201100018436,0,07,000,01,0,1,14,A01
201100018436,0,17,000,00,2,6,23,B02
201100018437,0,07,000,00,2,1,14,A01
201100018437,0,15,000,00,2,4,02,B02
201100018438,0,07,000,00,1,1,01,A01
201100018439,0,07,000,00,0,2,15,B02
201100018439,0,07,000,00,2,3,01,A01
201100018440,0,07,000,00,2,1,01,A01
201100018440,0,07,000,00,2,8,15,B02
201100018441,0,33,000,00,2,1,17,A01
201100018441,0,07,000,00,2,8,15,B02
201100018442,0,30,000,12,0,0,01,A01
201100018443,0,07,000,00,1,3,01,A01
201100018444,0,07,000,13,0,1,01,A01
201100018445,0,07,000,02,0,1,01,A01
201100018446,0,30,000,02,0,1,01,A01
201100018447,0,07,000,16,0,3,14,A01
201100018448,0,07,000,00,2,4,02,C03
201100018448,0,07,000,00,2,1,02,A01
201100018448,0,07,000,00,2,4,02,B02
201100018449,0,07,000,00,2,1,02,A01
201100018449,0,14,000,00,0,4,00,B02
201100018450,0,07,000,04,0,3,17,A01
201100018450,0,14,000,13,0,3,01,B02
201100018451,0,07,000,00,2,1,01,A01
201100018451,0,13,000,00,2,4,02,B02
201100018452,0,07,000,00,2,0,01,D04
201100018452,0,07,000,00,2,4,01,C03
201100018452,0,07,000,00,2,7,17,B02
201100018452,0,07,000,00,2,3,13,A01
201100018453,0,07,000,00,6,1,21,A01
201100018454,0,07,000,00,2,1,02,A01
201100018454,0,07,000,00,0,4,02,B02
201100018455,0,07,000,00,2,4,02,C03
201100018455,0,07,000,00,2,4,02,D04
201100018455,0,07,000,00,2,4,02,B02
201100018455,0,15,000,00,2,1,02,A01
201100018456,0,32,000,03,0,1,11,A01
201100018457,0,07,000,00,2,4,02,A01
201100018457,0,07,000,00,2,1,02,B02
201100018458,0,10,000,03,0,2,01,A01
201100018459,0,10,000,00,0,2,02,B02
201100018459,0,10,000,16,0,9,02,A01
201100018460,0,10,000,01,0,5,00,B02
201100018460,0,14,000,00,0,3,02,A01
201100018461,0,07,000,00,0,4,23,B02
201100018461,0,07,000,00,0,4,23,C03
201100018461,0,07,000,01,0,1,01,A01
201100018462,0,07,000,00,0,3,02,B02
201100018462,0,07,000,03,2,2,02,A01
201100018463,0,07,000,03,0,2,01,A01
201100018464,0,07,000,00,0,9,01,A01
201100018465,0,07,000,01,0,2,14,A01
201100018466,0,10,000,13,0,1,01,A01
201100018467,0,07,000,13,0,5,14,A01
201100018468,0,07,000,00,1,3,01,A01
201100018468,0,07,000,00,1,8,23,B02
201100018469,0,07,000,00,1,1,01,A01
201100018470,0,10,000,00,2,3,01,B02
201100018470,0,07,000,00,2,3,17,A01
201100018471,0,38,000,00,2,1,15,B02
201100018471,0,02,000,00,2,1,13,A01
201100018472,0,07,000,00,2,3,01,B02
201100018472,0,07,000,00,2,3,19,A01
201100018473,0,30,000,00,2,1,01,B02
201100018473,0,14,000,00,2,8,15,A01
201100018474,0,01,000,00,0,8,01,B02
201100018474,0,07,000,00,0,7,02,A01
201100018475,0,10,000,00,2,3,23,B02
201100018475,0,07,000,00,2,3,13,A01
201100018475,0,07,000,00,2,3,23,C03
201100018476,0,07,000,00,2,2,06,A01
201100018476,0,07,000,00,2,3,01,B02
201100018477,0,30,000,04,0,8,01,A01
201100018478,0,07,000,00,2,3,15,A01
201100018478,0,30,000,00,2,1,17,B02
201100018479,0,07,000,08,0,7,01,A01
201100018480,0,33,000,00,2,1,01,B02
201100018480,0,07,000,00,2,5,15,A01
201100018481,0,07,000,11,0,2,01,A01
201100018482,0,07,000,00,0,0,01,B02
201100018482,0,07,000,13,0,3,01,A01
201100018483,0,07,000,00,2,7,02,A01
201100018483,0,07,000,00,2,3,02,B02
201100018484,0,10,000,00,2,1,02,A01
201100018484,0,07,000,00,0,5,02,B02
201100018485,0,07,000,03,0,1,12,A01
201100018486,0,07,000,00,2,1,01,C03
201100018486,0,07,000,13,0,1,01,A01
201100018486,0,07,000,00,2,0,01,B02
201100018487,0,33,000,16,0,8,01,A01
201100018488,0,07,000,11,0,1,19,A01
201100018489,0,10,000,03,0,1,13,A01
201100018490,0,07,000,00,2,1,01,A01
201100018490,0,17,000,00,2,4,01,B02
201100018491,0,07,000,07,0,1,01,A01
201100018492,0,33,000,00,0,3,01,A01
201100018493,0,07,000,04,0,8,01,A01
201100018494,0,07,000,13,0,1,01,A01
201100018495,0,17,000,03,0,2,01,A01
201100018496,0,07,000,04,0,9,01,A01
201100018497,0,07,000,04,0,3,13,A01
201100018498,0,07,000,04,0,3,13,C03
201100018498,0,17,000,00,2,5,23,B02
201100018498,0,07,000,14,0,1,21,A01
201100018499,0,07,000,03,0,3,17,A01
201100018500,0,15,000,00,2,1,02,A01
201100018500,0,17,000,00,2,6,02,B02
201100018501,0,07,000,03,0,7,17,B02
201100018501,0,07,000,04,0,8,13,A01
201100018502,0,07,000,00,2,1,01,B01
201100018502,0,07,000,00,2,8,01,A01
201100018503,0,10,000,00,9,8,16,A01
201100018503,0,01,000,00,2,7,01,B01
201100018504,0,07,000,00,1,3,15,A01
201100018505,0,02,000,00,2,1,01,B01
201100018505,0,07,000,00,2,5,15,A01
201100018506,0,07,000,00,1,6,01,A01
201100018507,0,02,000,00,2,1,01,B01
201100018507,1,07,000,00,2,2,13,Z01
201100018508,0,07,000,00,1,2,14,A01
201100018509,0,07,000,00,2,1,02,C01
201100018509,0,17,000,00,1,1,01,A01
201100018509,0,07,000,00,2,1,02,B01
201100018510,0,07,000,00,1,3,15,A01
201100018511,0,07,000,15,0,2,14,A01
201100018512,0,07,000,00,2,1,00,B01
201100018512,0,07,000,00,2,7,15,A01
201100018513,0,07,000,00,1,3,02,A01
201100018514,0,07,000,15,0,1,01,A01
201100018515,0,07,000,00,2,3,15,A01
201100018515,0,32,000,00,2,1,01,B01
201100018516,0,33,000,12,0,0,12,A01
201100018516,0,07,000,00,0,0,22,B01
201100018517,0,07,000,00,1,1,15,A01
201100018518,0,07,000,00,1,7,01,A01
201100018519,0,07,000,00,2,2,01,A01
201100018519,0,30,000,00,2,3,09,B01
201100018520,0,33,000,00,2,1,21,B01
201100018520,0,07,000,00,2,8,19,A01
201100018521,0,07,000,00,0,0,05,C01
201100018521,0,02,000,00,2,1,01,B01
201100018521,0,07,000,00,2,2,15,A01
201100018522,0,01,000,00,2,1,01,B01
201100018522,0,07,000,00,2,7,15,A01
201100018523,0,07,000,00,1,0,00,A01
201100018524,0,07,000,06,0,2,14,A01
201100018525,0,07,000,00,0,7,15,A01
201100018525,0,02,000,00,2,1,21,B01
201100018526,0,33,000,13,0,1,01,A01
201100018527,0,07,000,00,1,3,01,A01
201100018528,0,07,000,00,1,3,00,A01
201100018529,0,07,000,00,2,8,01,C01
201100018529,0,07,000,00,2,1,13,A01
201100018529,0,07,000,00,2,3,01,B01
201100018530,0,07,000,00,2,1,23,C01
201100018530,0,07,000,00,2,1,23,B01
201100018530,0,10,000,00,2,1,09,A01
201100018530,0,07,000,00,2,4,23,D01
201100018531,0,07,000,13,0,1,17,A01
201100018531,0,07,000,13,0,1,17,B01
201100018532,0,33,000,00,0,0,01,A01
201100018533,0,10,000,00,1,2,01,A01
201100018534,0,07,000,02,2,3,05,A01
201100018535,0,07,000,01,2,2,01,B01
201100018535,0,07,000,01,2,1,16,A01
201100018536,0,07,000,00,1,1,01,A01
201100018537,0,07,000,00,0,0,09,A01
201100018537,0,02,000,00,9,1,01,B01
201100018538,0,33,000,00,2,1,17,B01
201100018538,0,07,000,00,2,3,15,A01
201100018539,0,07,000,00,2,4,23,B01
201100018539,0,07,000,00,2,1,02,A01
201100018540,0,07,000,00,1,2,01,A01
201100018541,0,07,000,16,0,9,01,A01
201100018542,0,02,000,12,0,1,16,A01
201100018543,0,07,000,06,0,1,01,A01
201100018544,0,02,000,00,2,0,05,A01
201100018544,0,07,000,00,2,1,01,B01
201100018545,0,30,000,00,2,1,19,B01
201100018545,0,07,000,00,2,3,09,A01
201100018546,0,07,000,00,2,3,09,A01
201100018546,0,02,000,00,2,1,01,B01
201100018547,0,30,000,02,0,1,01,A01
201100018548,0,07,000,00,2,3,13,A01
201100018548,0,30,000,00,2,1,17,B01
201100018549,0,10,000,00,2,4,01,B01
201100018549,0,07,000,00,2,1,02,A01
201100018550,0,33,000,00,0,0,01,A01
201100018551,0,33,000,00,2,1,01,B01
201100018551,0,10,000,00,2,3,15,A01
201100018552,0,01,000,12,0,1,01,Y01
201100018553,0,32,000,00,2,1,01,A01
201100018553,0,07,000,00,2,4,01,B01
201100018554,0,07,000,00,1,3,01,A01
201100018555,0,30,000,00,2,1,02,B01
201100018555,0,07,000,00,2,2,16,A01
201100018556,0,07,000,00,1,1,16,A01
201100018557,0,07,000,00,2,1,01,B01
201100018557,0,07,000,00,2,5,10,A01
201100018558,0,07,000,00,1,1,01,A01
201100018559,1,07,000,00,1,0,00,Z01
201100018560,0,07,000,00,1,1,01,A01
201100018561,0,10,000,00,1,8,01,A01
201100018562,0,07,000,00,1,1,01,A01
201100018563,0,07,000,13,0,1,01,A01
201100018564,0,07,000,03,0,2,01,A01
201100018565,0,07,000,00,2,3,02,A01
201100018565,0,17,000,00,2,5,01,B02
201100018566,0,33,000,03,0,3,00,A01
201100018567,0,07,000,13,0,9,01,A01
201100018568,0,07,000,13,0,2,01,A01
201100018569,0,07,000,00,2,1,01,B02
201100018569,0,07,000,00,2,5,01,A01
201100018570,0,10,000,03,0,3,06,A01
201100018571,0,07,000,06,0,3,01,A01
201100018572,0,17,000,03,0,1,06,A01
201100018573,0,07,000,13,0,1,01,A01
201100018574,0,07,000,13,0,2,11,A01
201100018575,0,07,000,03,0,1,14,A01
201100018576,0,07,000,01,0,9,00,A01
201100018576,0,07,000,03,0,1,01,D04
201100018576,0,07,000,03,0,6,01,C03
201100018576,0,07,000,00,2,4,23,B02
201100018577,0,14,000,00,0,6,02,B02
201100018577,0,10,000,03,2,2,02,A01
201100018577,0,33,000,00,9,7,02,C03
201100018578,0,07,000,00,0,2,14,A01
201100018579,0,33,000,16,0,7,17,A01
201100018580,0,07,000,00,2,8,01,B02
201100018580,0,07,000,00,2,2,02,A01
201100018581,0,17,000,01,0,2,14,B02
201100018581,0,17,000,00,2,6,23,A01
201100018582,0,07,000,03,0,1,01,A01
201100018583,0,14,000,06,0,2,01,A01
201100018584,0,07,000,13,0,1,14,A01
201100018585,0,07,000,00,2,2,17,A01
201100018585,0,17,000,00,2,6,01,B02
201100018586,0,07,000,13,0,9,01,A01
201100018587,0,07,000,03,0,2,14,A01
201100018588,0,10,000,00,0,5,23,B02
201100018588,0,07,000,01,0,3,01,A01
201100018589,0,07,000,14,0,0,01,B02
201100018589,0,07,000,03,0,2,01,A01
201100018590,0,37,001,00,1,1,00,A01
201100018591,0,07,000,00,2,1,01,A01
201100018591,0,07,000,00,2,2,01,B01
201100018592,0,07,000,00,1,2,01,A01
201100018593,0,33,000,00,1,7,01,A01
201100018594,0,07,000,00,1,4,04,A01
201100018595,0,07,000,07,2,1,11,B01
201100018595,0,07,000,07,2,1,02,A01
201100018596,1,07,000,00,2,0,00,A01
201100018596,0,33,000,00,2,8,02,B01
201100018597,0,07,000,00,1,1,01,A01
201100018598,0,07,000,00,1,2,15,A01
201100018599,0,07,000,00,2,1,00,B01
201100018599,0,07,000,08,2,7,00,A01
201100018600,0,33,000,00,2,7,01,B01
201100018600,0,07,000,00,2,3,09,A01
201100018601,0,33,000,00,1,1,01,A01
201100018602,0,07,000,00,2,5,01,A01
201100018602,0,07,000,00,2,7,01,B01
201100018603,0,07,000,00,2,7,09,A01
201100018603,0,32,000,00,2,3,01,B01
201100018604,0,10,000,00,0,0,00,B01
201100018604,0,02,000,00,2,0,00,A01
201100018605,0,07,000,00,1,0,00,A01
201100018606,0,07,000,04,0,3,02,B01
201100018606,0,07,000,00,0,1,05,A01
201100018607,0,07,000,00,2,8,02,B01
201100018607,0,33,000,08,2,7,16,A01
201100018608,0,07,000,00,2,3,02,A01
201100018608,0,32,000,00,2,8,01,B01
201100018609,0,07,000,00,2,1,02,A01
201100018609,0,07,000,00,0,4,02,C01
201100018609,0,07,000,00,2,1,02,B01
201100018610,0,07,000,00,2,1,17,A01
201100018610,0,07,000,00,2,1,01,B01
201100018611,0,07,000,00,2,3,15,A01
201100018611,0,02,000,00,2,1,00,B01
201100018612,0,07,000,00,1,4,04,A01
201100018613,0,10,000,00,1,6,02,A01
201100018613,0,13,000,00,0,0,23,B01
201100018614,0,37,001,00,1,1,01,A01
201100018615,0,07,000,09,2,1,01,B01
201100018615,0,07,000,00,2,2,15,A01
201100018616,0,07,000,00,2,4,15,A01
201100018616,0,33,000,00,2,1,01,B01
201100018617,0,32,000,00,2,1,17,A01
201100018617,0,07,000,00,2,3,15,B01
201100018618,0,37,006,00,2,2,07,A01
201100018618,0,07,000,15,2,2,16,B01
201100018618,0,07,000,00,0,4,07,C01
201100018619,0,30,000,00,2,2,02,A01
201100018619,0,07,000,00,9,3,02,B01
201100018620,0,07,000,00,0,3,16,A01
201100018621,0,01,000,00,0,0,01,A01
201100018622,0,10,000,00,9,0,00,B01
201100018622,0,33,000,00,2,3,03,A01
201100018623,0,07,000,00,2,2,01,B01
201100018623,0,07,000,00,2,2,05,A01
201100018624,0,07,000,09,0,1,06,A01
201100018625,0,07,000,00,0,2,01,A01
201100018625,0,07,000,00,2,3,01,B01
201100018626,0,07,000,09,0,1,06,A01
201100018627,0,07,000,00,2,3,13,A01
201100018627,0,33,000,00,2,1,17,B01
201100018628,0,07,000,00,0,2,13,A01
201100018628,0,07,000,00,0,3,01,B01
201100018629,0,07,000,00,9,3,00,B01
201100018629,0,30,000,00,0,1,05,A01
201100018630,0,07,000,00,0,4,23,D01
201100018630,0,07,000,00,2,1,02,B01
201100018630,0,07,000,00,2,4,23,C01
201100018630,0,07,000,00,0,0,02,A01
201100018631,0,07,000,00,1,1,01,A01
201100018632,0,07,000,00,2,2,02,A01
201100018632,0,30,000,00,0,4,23,B01
201100018633,0,07,000,13,0,9,01,A01
201100018634,0,07,000,00,1,4,00,B01
201100018634,0,10,000,00,2,1,02,A01
201100018635,0,07,000,00,2,4,01,B01
201100018635,0,07,000,00,2,1,01,A01
201100018636,0,07,000,01,0,1,01,B01
201100018636,0,07,000,00,2,3,13,A01
201100018637,0,07,000,00,1,2,01,A01
201100018638,0,31,000,00,0,1,01,A01
201100018639,0,07,000,00,0,8,01,B01
201100018639,0,07,000,00,2,1,14,A01
201100018640,0,33,000,00,2,1,03,B01
201100018640,0,15,000,00,2,1,01,C01
201100018640,0,07,000,00,2,1,03,A01
201100018641,0,07,000,00,1,3,01,A01
201100018642,0,33,000,00,2,1,01,B01
201100018642,0,07,000,00,2,6,19,A01
201100018643,0,33,000,09,0,9,01,A01
201100018644,0,30,000,00,2,1,01,A01
201100018644,0,30,000,00,0,3,09,B01
201100018645,0,07,000,00,1,7,00,A01
201100018646,0,07,000,00,1,2,00,A01
201100018647,0,33,000,00,2,9,01,B01
201100018647,0,07,000,00,2,6,19,A01
201100018648,0,07,000,00,1,3,01,A01
201100018649,0,33,000,00,2,1,02,B01
201100018649,0,07,000,00,2,3,15,A01
201100018650,0,07,000,00,2,8,15,B01
201100018650,0,33,000,00,2,1,17,A01
201100018651,0,33,000,00,2,7,02,A01
201100018651,0,07,000,00,2,6,15,B01
201100018652,0,07,000,00,2,0,01,B01
201100018652,0,30,000,00,2,0,00,A01
201100018653,0,33,000,00,2,1,17,B01
201100018653,0,07,000,00,2,3,10,A01
201100018654,0,07,000,00,0,9,00,A01
201100018655,0,33,000,00,2,1,21,B01
201100018655,0,10,000,00,2,3,09,A01
201100018656,0,07,000,00,2,0,00,A01
201100018656,0,32,000,00,2,0,01,B01
201100018657,0,07,000,00,2,1,01,A01
201100018657,0,07,000,00,2,8,01,B01
201100018658,0,03,000,11,0,0,16,A01
201100018658,0,07,000,00,0,0,01,B01
201100018659,0,07,000,02,2,5,01,B01
201100018659,0,07,000,00,2,3,09,A01
201100018660,0,32,000,00,2,1,00,A01
201100018660,0,07,000,00,2,7,00,B01
201100018661,0,07,000,00,2,1,01,A01
201100018661,0,02,000,00,2,8,01,B01
201100018662,0,07,000,14,0,9,06,A01
201100018663,0,07,000,00,1,1,01,A01
201100018664,0,07,000,00,0,4,00,B01
201100018664,0,33,000,00,2,4,00,A01
201100018665,0,07,000,00,2,3,15,A01
201100018665,0,30,000,00,2,1,01,B01
201100018666,0,32,000,00,2,7,17,B01
201100018666,0,07,000,00,2,3,10,A01
201100018667,0,07,000,01,2,3,01,B01
201100018668,0,07,000,00,1,3,00,A01
201100018669,0,10,000,00,1,2,02,A01
201100018670,0,34,000,00,2,2,01,B01
201100018670,1,07,000,00,2,1,00,Z01
201100018671,0,01,000,00,2,9,19,B01
201100018671,0,37,000,00,2,0,16,A01
201100018672,0,30,000,00,2,1,01,A01
201100018672,0,07,000,00,2,2,15,B01
201100018673,0,13,000,00,2,1,13,A01
201100018674,0,07,000,00,1,0,00,A01
201100018675,0,13,000,00,0,0,00,A01
201100018676,0,32,000,00,0,1,14,B01
201100018676,0,07,000,00,0,8,10,A01
201100018677,0,10,000,00,2,1,21,A01
201100018677,0,10,000,00,1,5,12,B01
201100018678,0,07,000,00,2,1,01,A01
201100018678,0,07,000,00,2,4,01,B01
201100018679,0,07,000,00,2,1,02,A01
201100018679,0,07,000,00,2,4,02,B01
201100018679,0,07,000,00,1,4,02,D01
201100018679,0,07,000,00,2,4,02,C01
201100018680,0,07,000,00,2,1,23,B01
201100018680,0,33,000,00,2,7,21,A01
201100018681,0,34,000,00,2,3,01,B01
201100018681,0,07,000,00,2,2,12,A01
201100018682,0,33,000,00,2,8,07,A01
201100018682,0,07,000,00,2,2,12,B01
201100018683,0,07,000,06,0,1,00,A01
201100018684,0,07,000,00,4,3,01,A01
201100018684,0,39,000,00,2,2,01,B01
201100018685,0,10,000,00,1,1,01,A01
201100018686,0,07,000,00,0,9,01,A01
201100018687,0,10,000,03,0,1,02,A01
201100018687,0,07,000,00,2,3,02,C01
201100018687,0,38,002,00,2,3,01,B01
201100018688,0,10,000,00,2,3,01,A01
201100018688,0,10,000,00,2,1,12,B01
201100018689,0,07,000,00,0,3,01,C01
201100018689,0,02,000,00,2,1,02,A01
201100018689,0,07,000,00,0,4,00,B01
201100018690,0,07,000,00,1,3,15,A01
201100018691,0,33,000,00,2,2,17,A01
201100018691,0,07,000,00,2,1,15,B01
201100018692,0,07,000,00,2,3,01,B01
201100018692,0,10,000,00,2,1,17,A01
201100018693,0,07,000,00,1,3,09,A01
201100018694,0,33,000,00,2,1,01,B01
201100018694,0,07,000,00,2,1,15,A01
201100018695,0,07,000,00,1,3,01,A01
201100018696,0,07,000,00,1,8,00,A01
201100018697,0,33,000,00,2,1,01,B01
201100018697,0,02,000,00,2,8,01,A01
201100018698,0,07,000,00,2,1,01,B01
201100018698,0,33,000,00,2,1,00,A01
201100018699,0,13,000,00,1,4,00,A01
201100018700,0,30,000,00,2,7,00,A01
201100018700,0,10,000,00,2,2,00,B01
201100018701,0,99,000,00,2,1,02,B01
201100018701,0,07,000,00,0,7,16,A01
201100018702,0,10,000,00,2,1,02,A01
201100018702,0,10,000,00,0,4,02,B01
201100018703,0,10,000,00,1,3,00,A01
201100018704,0,30,000,00,2,1,01,A01
201100018704,0,07,000,00,2,3,01,B01
201100018705,0,10,000,00,2,1,09,A01
201100018705,0,10,000,00,2,9,21,B01
201100018706,0,07,000,00,0,0,10,A01
201100018706,0,33,000,00,2,0,00,B01
201100018707,0,07,000,00,2,2,15,A01
201100018707,0,31,000,00,2,1,03,B01
201100018708,0,32,000,00,2,9,17,A01
201100018708,0,10,000,00,0,1,01,B01
201100018709,0,32,000,00,0,8,00,B01
201100018709,0,07,000,00,0,0,00,A01
201100018710,0,07,000,06,0,7,01,A01
201100018711,0,07,000,00,1,2,01,A01
201100018712,0,10,000,02,0,1,00,A01
201100018713,0,07,000,00,1,1,01,A01
201100018714,0,07,000,00,0,0,00,B01
201100018714,0,32,000,00,0,1,01,A01
201100018715,0,07,000,02,0,2,01,A01
201100018716,0,07,000,00,1,2,01,A01
201100018717,0,07,000,00,2,3,13,A01
201100018717,0,07,000,00,2,3,23,B01
201100018718,0,07,000,16,2,1,09,A01
201100018718,0,07,000,00,2,1,01,B01
201100018718,0,07,000,00,2,1,01,C01
201100018719,0,07,000,00,2,3,20,A01
201100018719,0,31,000,00,2,2,01,B01
201100018720,0,30,000,00,1,1,01,A01
201100018721,0,07,000,00,2,1,01,B01
201100018721,0,07,000,00,2,4,01,C01
201100018721,0,07,000,00,2,1,01,A01
201100018722,0,07,000,00,0,4,02,B01
201100018722,0,14,000,00,2,1,02,A01
201100018723,0,33,000,00,0,4,00,B01
201100018723,0,07,000,00,2,1,02,A01
201100018724,0,07,000,00,2,1,15,A01
201100018724,0,07,000,00,2,2,01,B01
201100018725,0,02,000,00,0,0,02,A01
201100018726,0,07,000,00,2,2,01,B01
201100018726,0,32,000,00,2,2,00,A01
201100018727,0,02,000,00,2,1,01,B01
201100018727,0,07,000,00,2,4,04,A01
201100018728,0,07,000,00,1,1,01,A01
201100018729,0,07,000,00,2,3,01,A01
201100018729,0,02,000,00,2,1,01,B01
201100018730,0,07,000,00,2,2,15,A01
201100018730,0,02,000,00,2,1,01,B01
201100018731,0,07,000,00,1,1,01,A01
201100018732,0,10,000,00,2,6,01,B01
201100018732,0,07,000,00,2,3,13,A01
201100018733,1,30,000,00,1,0,00,A01
201100018734,0,10,000,00,2,3,24,B01
201100018734,0,07,000,01,0,1,13,A01
201100018735,0,01,000,00,2,1,01,B01
201100018735,0,07,000,00,2,1,01,A01
201100018736,0,07,000,00,2,7,17,A01
201100018736,0,02,000,00,2,8,15,B01
201100018737,0,30,000,00,2,7,09,A01
201100018737,0,07,000,00,2,1,01,B01
201100018738,0,07,000,00,2,8,15,A01
201100018738,0,31,000,00,2,1,01,B01
201100018739,0,07,000,00,2,8,15,A01
201100018739,0,07,000,06,2,1,01,B01
201100018740,0,31,000,00,2,1,01,B01
201100018740,0,07,000,00,2,3,15,A01
201100018741,0,07,000,00,2,4,15,C01
201100018741,0,10,000,00,2,1,01,B01
201100018741,0,07,000,00,2,1,01,A01
201100018742,0,30,000,00,2,1,01,B01
201100018742,0,07,000,00,2,8,15,A01
201100018743,0,07,000,00,2,7,01,A01
201100018743,0,07,000,00,2,1,15,B01
201100018744,0,07,000,00,2,4,01,C01
201100018744,0,07,000,00,2,4,01,B01
201100018744,0,10,000,00,2,1,01,A01
201100018745,0,07,000,00,1,1,01,A01
201100018746,0,07,000,00,2,1,23,A01
201100018746,0,01,000,00,2,1,19,B01
201100018747,0,02,000,00,0,1,00,B01
201100018747,0,07,000,00,0,3,00,A01
201100018748,0,07,000,02,0,7,01,A01
201100018749,0,07,000,13,0,1,01,A01
201100018750,0,17,000,00,0,4,01,B01
201100018750,0,14,000,00,2,1,01,A01
201100018751,0,07,000,00,1,1,00,A01
201100018752,0,07,000,00,1,0,01,A01
201100018753,0,07,000,00,2,3,09,B01
201100018753,0,07,000,00,2,2,02,A01
201100018754,0,32,000,00,2,1,01,B01
201100018754,0,07,000,00,2,1,15,A01
201100018755,0,10,000,00,2,1,01,A01
201100018755,0,07,000,00,0,5,01,B01
201100018756,0,07,000,00,0,3,01,A01
201100018756,0,33,000,00,2,1,17,B01
201100018757,0,33,000,00,2,1,01,B01
201100018757,0,07,000,00,2,8,10,A01
201100018758,0,33,000,12,0,8,14,A01
201100018759,0,07,000,00,0,4,02,A01
201100018759,0,32,000,00,2,1,17,B01
201100018760,0,07,000,00,2,7,16,A01
201100018760,0,31,000,00,2,1,18,B01
201100018761,0,01,000,00,2,8,00,B01
201100018761,0,07,000,00,2,7,00,A01