Num_Acc,senc,catv,occutc,obs,obsm,choc,manv,num_veh
201100019117,0,07,000,00,2,2,15,B01
201100019118,0,33,000,00,1,7,01,A01
201100019119,0,31,000,00,2,7,02,B01
201100019119,0,07,000,00,2,1,19,A01
201100019120,0,07,000,00,2,8,01,A01
201100019120,0,02,000,00,2,1,01,B01
201100019121,0,07,000,00,2,8,10,A01
201100019121,0,33,000,00,2,1,17,B01
201100019122,0,30,000,00,2,7,17,A01
201100019122,0,07,000,00,9,3,23,B01
201100019123,0,07,000,00,2,5,00,A01
201100019123,0,07,000,01,2,5,00,C01
201100019123,0,33,000,01,2,1,00,B01
201100019124,0,07,000,00,2,3,00,A01
201100019124,0,07,000,00,2,3,01,B01
201100019125,0,07,000,00,2,1,02,A01
201100019125,0,07,000,00,2,4,02,B01
201100019126,0,07,000,00,2,2,00,A01
201100019126,0,07,000,01,2,3,00,B01
201100019127,0,07,000,00,2,3,01,B01
201100019127,0,30,000,00,2,1,19,A01
201100019128,0,07,000,00,2,1,15,A01
201100019128,0,32,000,00,2,1,01,B01
201100019129,0,02,000,00,2,0,15,B01
201100019129,0,10,000,00,2,3,09,A01
201100019130,0,33,000,00,2,7,02,C01
201100019130,0,10,000,00,2,3,15,A01
201100019130,0,33,000,00,2,1,17,B01
201100019131,0,32,000,00,2,1,09,A01
201100019131,0,07,000,00,2,2,02,B01
201100019132,0,31,000,00,2,0,01,B01
201100019132,1,07,000,00,2,0,01,Z01
201100019133,0,07,000,00,1,2,01,A01
201100019134,0,10,000,00,2,2,01,A01
201100019134,0,07,000,00,2,3,01,B01
201100019135,0,30,000,00,2,1,02,A01
201100019135,0,07,000,00,0,4,02,B01
201100019136,0,07,000,00,2,1,23,B01
201100019136,1,07,000,00,2,4,04,Z01
201100019137,0,33,000,12,0,0,01,A01
201100019138,0,07,000,00,0,3,15,A01
201100019138,0,32,000,00,2,1,17,B01
201100019139,1,07,000,00,2,1,01,Z01
201100019139,0,07,000,00,2,4,23,B01
201100019140,0,07,000,00,2,7,12,A01
201100019140,0,07,000,00,2,8,01,B01
201100019141,0,30,000,00,2,0,01,B01
201100019141,1,07,000,00,2,7,13,Z01
201100019142,0,07,000,00,1,1,02,A01
201100019143,0,07,000,00,2,4,01,A01
201100019143,1,07,000,00,2,1,02,Z01
201100019144,1,30,000,00,2,1,00,Z01
201100019144,0,32,000,00,2,8,01,A01
201100019145,0,07,000,00,1,3,01,A01
201100019146,0,07,000,00,2,1,01,B01
201100019146,0,07,000,00,2,2,15,A01
201100019147,0,07,000,00,2,2,02,B01
201100019147,0,07,000,08,2,8,09,A01
201100019148,0,07,000,00,2,1,02,A01
201100019148,0,07,000,00,0,4,00,B01
201100019149,0,07,000,00,1,1,02,A01
201100019150,0,07,000,00,2,1,01,A01
201100019150,0,07,000,00,2,9,01,B01
201100019151,0,07,000,00,2,2,12,B01
201100019151,0,33,000,00,2,3,01,A01
201100019152,0,30,000,00,1,1,01,A01
201100019153,0,07,000,00,1,7,01,A01
201100019154,0,31,000,00,2,1,01,A01
201100019154,0,07,000,00,2,3,15,B01
201100019155,0,33,000,00,2,4,23,C01
201100019155,0,07,000,00,2,3,01,B01
201100019155,0,10,000,00,2,1,01,A01
201100019156,0,07,000,00,1,0,01,A01
201100019157,0,34,000,08,0,3,01,B01
201100019157,1,07,000,00,2,0,00,Z01
201100019158,0,07,000,00,2,4,20,B01
201100019158,0,33,000,00,2,1,02,A01
201100019159,0,07,000,00,2,2,10,A01
201100019159,0,32,000,01,2,3,01,B01
201100019160,0,31,000,00,2,1,21,B01
201100019160,0,07,000,00,2,6,19,A01
201100019161,0,37,002,00,2,3,07,A01
201100019161,0,07,000,00,2,7,16,B01
201100019162,0,07,000,00,2,8,15,B01
201100019162,0,33,000,00,2,1,17,A01
201100019163,0,07,000,00,2,1,01,A01
201100019163,0,07,000,00,2,4,01,B01
201100019164,0,10,000,00,2,2,02,A01
201100019164,0,07,000,00,2,6,02,B01
201100019165,0,07,000,00,2,1,02,B01
201100019165,0,07,000,00,2,3,15,A01
201100019166,0,30,000,00,2,3,05,A01
201100019166,0,07,000,00,2,3,02,B01
201100019167,0,10,000,00,1,3,01,A01
201100019168,0,07,000,00,2,8,00,B01
201100019168,0,32,000,00,2,1,00,A01
201100019169,1,30,000,00,2,1,00,Z01
201100019169,0,07,000,00,2,3,15,B01
201100019170,0,07,000,00,0,4,01,B01
201100019170,0,07,000,00,0,1,01,A01
201100019171,0,07,000,00,2,4,02,B01
201100019171,0,33,000,00,2,4,02,A01
201100019172,0,07,000,00,2,1,01,B01
201100019172,0,07,000,00,2,2,10,A01
201100019173,0,30,000,00,2,4,16,B01
201100019173,1,07,000,00,2,1,02,Z01
201100019174,0,07,000,00,1,4,20,A01
201100019175,0,07,000,01,0,5,00,A01
201100019176,0,07,000,00,1,2,01,A01
201100019177,0,07,000,00,2,1,09,B01
201100019177,0,07,000,00,2,8,01,A01
201100019178,0,07,000,00,2,7,01,A01
201100019178,0,31,000,00,2,3,03,B01
201100019179,0,07,000,00,0,3,09,A01
201100019179,0,07,000,00,2,2,21,B01
201100019180,0,07,000,00,0,4,02,B01
201100019180,1,07,000,00,2,1,02,Z01
201100019181,1,07,000,00,1,0,01,Z01
201100019182,0,07,000,00,1,1,01,A01
201100019183,0,07,000,00,2,3,00,B01
201100019183,0,32,000,00,2,0,13,A01
201100019184,0,07,000,11,2,2,13,A01
201100019184,0,07,000,00,2,2,21,B01
201100019185,0,30,000,00,1,1,02,A01
201100019186,0,32,000,00,2,1,17,B01
201100019186,0,07,000,00,2,3,15,A01
201100019187,0,07,000,00,1,1,02,A01
201100019188,0,07,000,00,2,1,01,B01
201100019188,0,31,000,00,2,8,13,A01
201100019189,0,30,000,00,2,1,17,A01
201100019189,0,07,000,00,2,3,10,B01
201100019190,2,07,000,00,2,1,01,A01
201100019190,0,07,000,00,2,4,01,B01
201100019191,0,07,000,00,0,1,01,A01
201100019192,0,07,000,00,0,1,02,A01
201100019192,0,07,000,00,0,4,15,C01
201100019192,0,07,000,00,2,4,01,B01
201100019193,0,07,000,12,0,2,01,A01
201100019194,0,07,000,00,2,3,09,A01
201100019194,0,33,000,00,2,1,01,B01
201100019195,0,07,000,00,1,1,15,A01
201100019196,0,07,000,00,2,4,02,B01
201100019196,0,07,000,00,2,1,02,A01
201100019197,0,33,000,00,2,1,01,B01
201100019197,0,07,000,00,2,1,15,A01
201100019198,0,07,000,09,0,1,01,A01
201100019199,0,32,000,00,2,1,21,B01
201100019199,0,07,000,00,2,6,15,A01
201100019200,0,20,000,00,2,4,04,A01
201100019200,0,07,000,00,2,7,01,B01
201100019201,0,07,000,05,2,2,11,A01
201100019201,0,07,000,00,2,3,01,B01
201100019201,0,14,000,00,2,3,01,C01
201100019202,0,07,000,01,0,3,01,A01
201100019203,0,30,000,00,1,1,17,A01
201100019204,0,30,000,00,2,0,01,B01
201100019204,1,07,000,00,2,0,01,Z01
201100019205,0,02,000,00,2,7,00,B01
201100019205,1,07,000,00,2,8,01,Z01
201100019206,0,07,000,00,2,7,00,A01
201100019206,0,37,000,00,2,3,03,B01
201100019207,1,07,000,00,2,2,17,Z01
201100019207,0,07,000,00,2,6,01,B01
201100019208,0,07,000,00,1,2,01,A01
201100019209,0,07,000,00,2,5,16,B01
201100019209,0,33,000,00,2,1,07,A01
201100019210,0,07,000,00,2,2,15,A01
201100019210,0,33,000,00,2,2,01,B01
201100019211,0,33,000,00,2,6,16,A01
201100019211,1,07,000,00,2,0,00,Z01
201100019212,0,33,000,00,2,0,21,B01
201100019212,0,07,000,00,2,8,10,A01
201100019213,0,07,000,00,2,1,01,A01
201100019213,0,07,000,00,0,4,02,B01
201100019214,0,07,000,00,2,1,01,A01
201100019214,0,07,000,00,2,2,15,B01
201100019215,0,07,000,00,2,6,19,B01
201100019215,0,34,000,00,2,1,17,A01
201100019216,0,07,000,00,2,3,09,A01
201100019216,0,34,000,00,2,2,01,B01
201100019217,0,07,000,00,9,1,15,A01
201100019217,0,01,000,00,2,0,01,B01
201100019218,0,34,000,00,0,0,00,A01
201100019219,0,33,000,01,2,1,02,A01
201100019219,0,07,000,00,2,7,12,B01
201100019220,0,07,000,00,2,3,02,A01
201100019220,0,33,000,00,0,4,23,B01
201100019221,0,07,000,00,1,1,01,A01
201100019222,0,07,000,00,2,8,15,A01
201100019222,0,07,000,00,2,1,02,B01
201100019223,0,33,000,12,0,1,01,A01
201100019224,0,07,000,00,2,6,19,A01
201100019224,0,33,000,00,2,1,01,B01
201100019225,0,07,000,00,2,2,01,A01
201100019225,0,07,000,00,2,1,00,C01
201100019225,0,33,000,00,2,1,01,B01
201100019226,0,07,000,01,0,3,01,A01
201100019227,0,07,000,00,2,8,19,A01
201100019227,0,33,000,00,2,1,01,B01
201100019228,0,32,000,00,2,8,01,B01
201100019228,1,07,000,00,2,7,12,Z01
201100019229,0,07,000,00,1,1,00,A01
201100019230,0,33,000,00,2,1,02,A01
201100019230,0,32,000,00,2,6,02,B01
201100019231,0,07,000,00,1,3,01,A01
201100019232,0,07,000,00,2,1,02,A01
201100019232,0,07,000,00,2,4,02,B01
201100019233,0,33,000,00,2,1,01,A01
201100019233,0,07,000,00,2,2,15,B01
201100019234,0,07,000,00,2,3,09,A01
201100019234,0,33,000,00,2,1,02,B01
201100019235,0,07,000,00,2,0,01,B01
201100019235,0,07,000,00,2,3,15,A01
201100019236,0,07,000,00,2,1,09,A01
201100019236,0,32,000,00,2,0,01,B01
201100019237,0,17,000,03,0,0,00,A01
201100019238,0,30,000,00,2,8,01,A01
201100019238,0,07,000,00,2,3,01,B01
201100019239,0,31,000,00,2,1,02,A01
201100019239,0,33,000,00,0,4,02,B01
201100019240,0,07,000,00,1,2,02,A01
201100019241,0,07,000,00,2,3,01,A01
201100019241,0,07,000,00,2,6,00,B01
201100019242,0,33,000,00,2,1,17,B01
201100019242,0,07,000,00,2,1,15,A01
201100019243,0,30,000,00,0,0,01,A01
201100019244,0,07,000,00,2,3,09,A01
201100019244,0,31,000,00,2,1,02,B01
201100019245,0,02,000,00,2,1,01,B01
201100019245,0,07,000,00,2,3,15,A01
201100019246,0,07,000,00,2,3,13,A01
201100019246,0,30,000,00,2,1,01,B01
201100019247,0,33,000,00,2,1,01,A01
201100019247,0,07,000,00,2,6,23,B01
201100019248,0,07,000,00,1,1,01,A01
201100019249,0,32,000,00,2,1,01,B01
201100019249,1,02,000,00,2,1,00,Z01
201100019250,0,07,000,00,2,1,15,A01
201100019250,0,07,000,00,2,3,01,B01
201100019251,1,07,000,00,1,0,00,Z01
201100019252,0,07,000,02,0,1,01,A01
201100019253,1,07,000,00,2,4,02,Z01
201100019253,0,02,000,00,0,0,02,B01
201100019254,0,07,000,00,0,1,02,A01
201100019255,0,07,000,14,0,1,00,A01
201100019256,0,33,000,00,0,3,01,A01
201100019257,0,07,000,00,2,1,15,A01
201100019257,0,07,000,00,2,1,01,B01
201100019258,0,30,000,00,2,3,15,A01
201100019258,0,32,000,00,2,2,15,B01
201100019259,0,33,000,00,0,8,01,A01
201100019260,0,07,000,00,1,4,20,A01
201100019261,0,07,000,00,2,1,01,A01
201100019261,0,07,000,06,2,3,01,B01
201100019262,0,31,000,00,2,1,02,A01
201100019262,0,07,000,00,2,4,02,B01
201100019263,0,07,000,00,1,1,01,A01
201100019264,0,30,000,00,2,3,18,B01
201100019264,0,07,000,00,2,7,23,A01
201100019265,0,07,000,00,1,1,00,A01
201100019266,0,07,000,00,2,6,02,A01
201100019266,0,07,000,00,2,8,09,B01
201100019267,0,07,000,00,2,1,02,A01
201100019267,0,07,000,00,0,4,00,B01
201100019268,0,07,000,00,2,3,10,B01
201100019268,0,34,000,00,2,1,00,A01
201100019269,0,34,000,00,2,1,02,B01
201100019269,0,07,000,00,2,2,19,A01
201100019270,0,07,000,00,1,5,04,A01
201100019271,0,10,000,00,2,1,02,A01
201100019271,0,07,000,00,2,4,23,B01
201100019272,0,07,000,00,0,0,19,A01
201100019272,0,34,000,00,0,0,21,B01
201100019273,0,07,000,00,2,2,19,A01
201100019273,0,30,000,00,2,1,01,B01
201100019274,0,07,000,00,0,7,15,A01
201100019274,0,32,000,00,0,1,01,B01
201100019275,0,07,000,12,2,1,06,A01
201100019275,0,07,000,00,2,8,01,B01
201100019276,0,07,000,00,2,2,15,A01
201100019276,0,31,000,00,2,1,01,B01
201100019277,0,30,000,00,2,3,01,B01
201100019277,0,07,000,00,2,2,15,A01
201100019278,0,07,000,00,2,3,15,B01
201100019278,0,02,000,00,2,1,01,A01
201100019279,2,07,000,00,2,3,15,B01
201100019279,0,32,000,00,2,1,01,A01
201100019280,0,31,000,00,2,0,05,A01
201100019280,0,07,000,00,2,3,01,B01
201100019281,0,07,000,00,0,7,15,A01
201100019281,0,07,000,00,0,1,02,B01
201100019282,0,32,000,00,2,3,03,A01
201100019282,0,07,000,00,2,7,01,B01
201100019283,0,30,000,11,0,3,13,A01
201100019284,0,30,000,00,0,1,01,B01
201100019284,0,07,000,00,2,5,10,A01
201100019285,0,30,000,01,0,7,00,A01
201100019286,0,30,000,00,1,1,01,A01
201100019287,0,99,000,00,2,1,01,A01
201100019287,0,07,000,00,2,8,01,B01
201100019288,0,07,000,00,1,3,00,B01
201100019289,0,07,000,00,2,4,02,B01
201100019289,0,07,000,00,2,1,02,A01
201100019290,0,07,000,00,2,1,02,A01
201100019290,0,07,000,00,2,4,02,B01
201100019291,1,07,000,00,1,1,01,Z01
201100019292,0,07,000,00,2,4,23,A01
201100019292,1,07,000,00,2,1,02,Z01
201100019293,0,34,000,00,2,1,01,B01
201100019293,0,07,000,00,2,7,10,A01
201100019294,0,30,000,00,2,7,15,A01
201100019294,0,30,000,00,2,1,01,B01
201100019295,0,07,000,00,2,6,01,C01
201100019295,0,07,000,00,2,1,02,B01
201100019295,0,07,000,00,2,1,05,A01
201100019296,0,07,000,00,0,2,01,A01
201100019296,0,07,000,00,0,3,15,B01
201100019297,0,10,000,00,1,4,04,A01
201100019298,0,02,000,00,2,8,11,A01
201100019298,0,07,000,00,2,7,02,B01
201100019299,0,07,000,13,2,3,13,A01
201100019299,0,07,000,00,2,3,01,B01
201100019300,0,07,000,00,0,1,02,A01
201100019300,0,07,000,00,0,4,02,B01
201100019301,1,33,000,00,1,0,01,Z01
201100019302,0,07,000,00,2,1,01,B01
201100019302,0,07,000,01,2,3,09,A01
201100019303,1,07,000,00,2,1,02,Z01
201100019303,0,07,000,00,2,4,23,B01
201100019304,1,30,000,00,2,1,01,Z01
201100019305,0,07,000,08,2,3,01,A01
201100019305,0,07,000,00,2,1,01,B01
201100019306,0,07,000,00,2,1,01,A01
201100019306,0,07,000,00,2,9,01,B01
201100019307,0,02,000,00,2,1,07,A01
201100019307,0,07,000,00,2,7,16,B01
201100019308,0,32,000,00,2,2,02,B01
201100019308,0,07,000,00,2,3,02,A01
201100019309,0,30,000,00,2,1,17,B01
201100019309,0,07,000,00,2,1,17,A01
201100019310,0,07,000,00,1,3,02,A01
201100019311,0,07,000,00,2,1,01,A01
201100019311,0,07,000,00,2,4,01,B01
201100019312,0,07,000,00,1,3,01,A01
201100019313,0,30,000,00,1,1,16,A01
201100019314,0,02,000,01,0,1,13,A01
201100019315,0,07,000,00,2,4,23,B01
201100019315,1,07,000,00,2,1,02,Z01
201100019316,1,07,000,00,2,0,05,A01
201100019316,0,32,000,00,2,0,01,B01
201100019317,1,07,000,00,1,1,00,X01
201100019318,0,32,000,00,0,0,01,B01
201100019318,1,07,000,00,0,0,13,Z01
201100019319,0,02,000,00,0,0,01,A01
201100019320,0,33,000,00,2,1,01,B01
201100019320,0,07,000,00,2,5,15,A01
201100019321,0,02,000,00,2,1,17,B01
201100019321,0,13,000,00,2,6,10,A01
201100019322,0,07,000,00,0,2,09,B01
201100019322,0,30,000,00,2,1,01,A01
201100019323,0,07,000,00,2,3,01,A01
201100019323,0,07,000,00,2,1,01,B01
201100019324,0,32,000,00,2,1,05,A01
201100019324,0,07,000,00,2,3,01,B01
201100019325,0,32,000,00,0,7,10,A01
201100019326,0,07,000,00,0,3,15,B01
201100019326,0,31,000,00,2,3,02,A01
201100019327,0,07,000,00,2,7,09,A01
201100019327,0,32,000,00,2,1,09,B01
201100019328,0,33,000,00,2,3,01,B01
201100019328,0,07,000,00,2,2,15,A01
201100019329,0,07,000,00,2,3,20,B01
201100019329,0,10,000,00,2,2,01,A01
201100019330,0,31,000,00,0,1,03,A01
201100019330,0,07,000,00,0,5,01,C01
201100019330,0,07,000,00,0,7,02,D01
201100019330,0,07,000,00,0,7,01,B01
201100019331,0,07,000,00,1,4,20,A01
201100019332,0,02,000,00,2,7,00,B01
201100019332,0,07,000,00,2,8,00,A01
201100019333,0,07,000,00,2,0,15,A01
201100019333,0,01,000,00,0,0,01,B01
201100019334,0,10,000,00,0,5,00,B01
201100019334,0,07,000,00,2,2,09,A01
201100019335,0,32,000,00,1,1,03,A01
201100019336,0,33,000,00,2,1,01,B01
201100019336,0,07,000,00,2,3,15,A01
201100019337,0,07,000,00,2,1,01,B01
201100019337,1,07,000,00,2,1,01,Z01
201100019338,1,07,000,00,2,1,01,Z01
201100019338,0,07,000,01,2,5,01,A01
201100019339,0,07,000,00,2,4,01,B01
201100019339,0,07,000,00,2,1,01,A01
201100019340,0,07,000,00,2,6,15,A01
201100019340,0,33,000,00,2,1,01,B01
201100019341,0,07,000,00,1,0,01,A01
201100019342,0,07,000,00,1,1,02,A01
201100019343,0,07,000,00,1,1,17,A01
201100019344,0,07,000,00,2,3,02,A01
201100019344,0,34,000,01,2,2,17,B01
201100019345,0,07,000,00,2,3,15,A01
201100019345,0,33,000,00,2,1,16,B01
201100019346,0,07,000,00,2,8,09,A01
201100019346,0,33,000,00,2,1,02,B01
201100019347,0,07,000,00,0,4,01,A01
201100019347,0,31,000,00,2,1,01,B01
201100019348,0,07,000,00,2,6,00,A01
201100019348,0,32,000,00,2,1,00,B01
201100019349,0,07,000,00,2,4,23,B01
201100019349,1,30,000,00,2,1,01,Z01
201100019350,0,01,000,00,2,1,01,B01
201100019350,1,07,000,00,2,3,17,Z01
201100019351,1,07,000,00,2,1,01,Z01
201100019351,0,07,000,00,2,4,01,B01
201100019352,0,30,000,00,2,6,01,B01
201100019352,1,07,000,00,2,8,05,Z01
201100019353,0,07,000,00,2,4,23,B01
201100019353,1,07,000,00,2,1,02,Z01
201100019354,1,34,000,00,2,1,19,A01
201100019354,1,34,000,00,2,0,01,Z01
201100019355,1,32,000,00,2,0,01,A01
201100019355,1,14,000,00,2,0,12,Z01
201100019356,0,07,000,00,2,1,01,B01
201100019356,1,07,000,00,2,1,13,Z01
201100019357,1,07,000,00,1,0,01,Z01
201100019358,0,07,000,08,0,1,01,A01
201100019359,1,31,000,00,1,0,01,Z01
201100019360,0,07,000,00,2,4,23,B01
201100019360,0,07,000,14,0,1,02,A01
201100019361,0,01,000,00,2,8,01,B01
201100019361,0,02,000,00,2,7,01,A01
201100019362,0,07,000,00,2,2,01,A01
201100019363,0,07,000,00,2,2,10,A01
201100019363,0,34,000,00,2,1,01,B01
201100019364,0,07,000,00,1,3,15,A01
201100019365,0,07,000,00,2,8,13,A01
201100019365,0,34,000,00,2,7,17,B01
201100019366,0,07,000,00,2,2,16,B01
201100019366,0,02,000,00,2,1,18,A01
201100019367,0,07,000,01,0,1,00,A01
201100019368,0,02,000,00,2,1,01,A01
201100019368,0,07,000,00,2,1,01,B01
201100019369,0,32,000,00,1,7,00,A01
201100019370,0,33,000,08,2,1,01,B01
201100019370,0,07,000,00,2,0,05,A01
201100019371,0,14,000,00,0,4,23,B01
201100019371,0,07,000,01,0,1,09,A01
201100019372,0,30,000,00,9,1,00,A01
201100019372,0,01,000,00,9,1,00,B01
201100019373,0,07,000,01,1,8,13,A01
201100019374,0,07,000,00,2,1,15,B01
201100019374,0,07,000,00,2,7,02,A01
201100019375,0,07,000,00,2,4,02,B01
201100019375,0,07,000,00,2,1,02,A01
201100019376,1,07,000,00,2,1,17,Z01
201100019376,0,34,000,00,2,4,01,B01
201100019377,0,07,000,00,2,4,23,B01
201100019377,1,07,000,00,2,1,02,Z01
201100019378,0,10,000,00,2,2,15,A01
201100019378,0,07,000,00,2,1,01,B01
201100019379,0,07,000,00,0,0,00,C01
201100019379,0,37,001,00,0,0,00,B01
201100019379,0,07,000,00,0,1,00,A01
201100019380,0,07,000,00,0,8,17,B01
201100019380,0,30,000,00,0,3,11,A01
201100019381,0,32,000,00,0,8,01,A01
201100019382,0,34,000,00,2,1,18,A01
201100019382,0,07,000,00,2,2,16,B01
201100019383,0,33,000,00,2,0,00,A01
201100019384,0,07,000,00,0,7,00,B01
201100019384,0,33,000,00,2,1,01,A01
201100019385,0,07,000,00,2,2,01,B01
201100019385,0,07,000,00,2,3,01,A01
201100019386,0,33,000,00,1,3,01,A01
201100019387,0,33,000,00,2,7,02,B01
201100019387,0,07,000,00,2,6,10,A01
201100019388,0,07,000,00,1,2,01,A01
201100019389,0,33,000,00,0,1,01,A01
201100019389,0,07,000,00,0,8,15,B01
201100019390,0,07,000,00,1,4,02,B01
201100019390,0,33,000,00,0,1,02,A01
201100019391,0,07,000,01,0,1,18,A01
201100019392,0,07,000,00,2,1,00,A01
201100019392,0,07,000,00,0,4,00,B01
201100019393,0,02,000,00,2,1,00,B01
201100019393,0,07,000,00,2,3,00,A01
201100019394,0,07,000,00,2,1,02,A01
201100019394,0,07,000,00,2,4,01,B01
201100019395,0,30,000,00,0,8,01,B01
201100019395,1,07,000,00,2,1,01,Z01
201100019396,0,07,000,00,0,6,00,C01
201100019396,0,32,000,00,0,4,00,B01
201100019396,0,07,000,14,0,1,00,A01
201100019397,0,33,000,00,1,1,17,A01
201100019398,0,30,000,00,1,0,00,A01
201100019399,0,34,000,00,2,1,01,B01
201100019399,0,07,000,00,2,7,15,A01
201100019400,0,33,000,00,1,7,15,A01
201100019401,0,30,000,00,2,9,02,B01
201100019401,0,07,000,00,2,1,02,A01
201100019402,1,07,000,00,1,0,05,Z01
201100019403,0,30,000,01,0,1,01,A01
201100019404,0,07,000,00,2,4,01,B01
201100019404,0,07,000,00,2,1,01,A01
201100019405,0,07,000,00,2,3,16,B01
201100019405,0,31,000,00,2,8,17,A01
201100019406,0,07,000,00,2,0,00,B01
201100019406,0,07,000,00,0,0,00,A01
201100019407,1,10,000,00,2,6,10,Z01
201100019407,0,32,000,00,2,1,01,A01
201100019408,0,07,000,00,2,4,02,B01
201100019408,0,07,000,00,2,1,02,A01
201100019408,0,07,000,00,2,4,02,C01
201100019409,0,02,000,00,2,1,02,A01
201100019409,0,07,000,00,2,5,02,B01
201100019410,0,01,000,00,2,8,13,B01
201100019410,0,10,000,00,1,7,01,A01
201100019411,0,07,000,00,1,2,01,A01
201100019412,0,34,000,00,2,1,17,A01
201100019412,0,07,000,00,2,3,09,B01
201100019413,1,07,000,00,2,1,01,Z01
201100019413,0,33,000,00,2,4,23,B01
201100019414,0,07,000,00,1,3,05,A01
201100019415,0,07,000,00,1,1,01,A01
201100019416,1,02,000,00,0,0,17,Z01
201100019416,0,07,000,00,0,3,15,B01
201100019417,1,07,000,00,2,0,22,Z01
201100019417,0,34,000,00,2,0,18,B01
201100019418,0,07,000,00,2,3,11,A01
201100019418,0,37,001,00,2,3,01,B01
201100019419,0,07,000,00,0,0,13,A01
201100019419,0,02,000,12,0,1,02,B01
201100019420,0,07,000,08,0,1,00,A01
201100019421,0,10,000,00,2,2,02,A01
201100019421,0,07,000,00,2,4,02,B01
201100019422,0,10,000,02,2,9,13,A01
201100019422,0,07,000,00,2,8,01,B01
201100019422,0,10,000,00,2,2,01,C01
201100019423,0,07,000,11,2,3,09,A01
201100019423,0,07,000,00,2,1,01,B01
201100019424,0,07,000,00,1,8,01,A01
201100019425,2,07,000,08,0,1,00,A01
201100019426,0,07,000,00,2,8,01,B01
201100019426,0,32,000,00,2,0,01,A01
201100019427,1,07,000,00,1,2,01,Z01
201100019428,1,07,000,00,1,1,02,Z01
201100019428,0,07,000,00,2,4,01,B01
201100019429,0,07,000,13,0,1,01,A01
201100019430,0,07,000,01,2,4,01,B01
201100019430,1,07,000,00,2,1,02,Z01
201100019431,0,07,000,00,0,4,23,C01
201100019431,0,99,000,00,2,0,02,A01
201100019431,0,07,000,00,2,1,02,B01
201100019432,0,07,000,00,2,3,15,A01
201100019432,0,30,000,00,2,1,02,B01
201100019433,0,02,000,00,2,8,02,A01
201100019433,0,07,000,00,2,6,05,B01
201100019434,0,07,000,10,0,1,01,A01
201100019434,0,07,000,00,9,3,01,B01
201100019435,0,07,000,00,2,5,15,A01
201100019435,0,32,000,00,2,1,01,B01
201100019436,0,07,000,00,1,1,01,A01
201100019437,0,33,000,00,2,1,17,A01
201100019437,0,07,000,00,2,3,15,B01
201100019438,0,07,000,00,2,5,10,A01
201100019438,0,34,000,00,2,1,01,B01
201100019439,0,32,000,00,2,1,01,B01
201100019439,0,07,000,00,2,8,09,A01
201100019440,0,07,000,02,0,9,01,A01
201100019441,0,07,000,00,2,1,02,A01
201100019441,0,07,000,00,0,4,01,B01
201100019442,0,07,000,01,0,1,01,A01
201100019442,0,07,000,01,0,6,24,B01
201100019443,0,07,000,06,0,2,01,A01
201100019444,0,07,000,00,2,3,02,B01
201100019444,0,13,000,00,2,2,12,A01
201100019445,0,34,000,00,2,1,01,B01
201100019445,0,10,000,00,2,5,15,A01
201100019446,0,10,000,00,2,6,15,A01
201100019446,0,33,000,00,2,2,17,B01
201100019447,0,07,000,00,1,1,00,A01
201100019448,0,38,001,00,1,1,01,A01
201100019449,0,33,000,00,2,1,12,A01
201100019449,0,07,000,00,2,5,01,B01
201100019450,0,30,000,00,0,0,00,A01
201100019451,2,07,000,00,2,1,02,Z01
201100019451,0,07,000,00,2,2,15,B01
201100019452,0,07,000,00,2,5,10,A01
201100019452,0,32,000,00,2,1,01,B01
201100019453,0,30,000,00,1,1,05,A01
201100019454,0,07,000,00,1,4,04,A01
201100019455,0,30,000,00,2,1,17,A01
201100019455,0,07,000,00,0,3,11,B01
201100019456,1,07,000,00,2,0,15,Z01
201100019456,0,07,000,00,2,2,01,A01
201100019457,0,31,000,00,0,2,01,A01
201100019458,0,07,000,00,2,7,15,B01
201100019458,0,30,000,00,2,1,17,A01
201100019459,0,34,000,00,2,8,01,A01
201100019459,1,07,000,00,2,2,12,Z01
201100019460,0,07,000,00,0,8,15,A01
201100019460,0,30,000,00,0,7,17,B01
201100019461,0,32,000,00,2,3,18,A01
201100019461,0,07,000,00,2,2,17,B01
201100019462,1,32,000,00,1,1,00,Z01
201100019463,0,37,000,00,1,0,00,A01
201100019464,1,07,000,00,2,1,02,Z01
201100019464,0,07,000,00,2,4,23,B01
201100019465,1,07,000,00,1,0,01,Z01
201100019466,0,07,000,02,0,1,14,A01
201100019467,1,07,000,00,1,0,01,Z01
201100019468,1,07,000,00,1,0,01,Z01
201100019469,1,07,000,00,2,0,01,Z01
201100019469,0,07,000,00,2,0,01,B01
201100019470,1,07,000,00,1,1,01,Z01
201100019471,0,33,000,00,2,1,01,B01
201100019471,0,07,000,00,2,3,00,A01
201100019472,0,30,000,14,0,8,01,A01
201100019473,0,07,000,00,1,7,01,A01
201100019474,0,07,000,00,2,8,01,A01
201100019474,0,33,000,00,2,1,01,B01
201100019475,0,07,000,00,1,4,00,A01
201100019476,0,02,000,00,2,0,00,B01
201100019476,0,07,000,00,2,7,00,A01
201100019477,0,07,000,00,2,1,16,A01
201100019477,0,32,000,00,2,8,01,B01
201100019478,0,03,000,00,2,5,16,B01
201100019478,0,07,000,00,2,1,07,A01
201100019479,0,33,000,08,0,1,00,A01
201100019480,0,07,000,00,0,3,15,A01
201100019480,0,33,000,12,0,7,01,B01
201100019481,0,07,000,00,2,2,01,B01
201100019481,1,02,000,00,2,0,15,Z01