Num_Acc,senc,catv,occutc,obs,obsm,choc,manv,num_veh
201100019482,0,33,000,00,2,7,17,A01
201100019482,0,07,000,00,2,8,15,B01
201100019482,0,07,000,00,2,2,01,C01
201100019483,0,07,000,00,2,7,19,A01
201100019483,0,07,000,00,2,1,01,B01
201100019484,0,34,000,00,2,1,01,A01
201100019484,1,07,000,00,2,0,15,Z01
201100019485,0,07,000,00,2,8,01,B01
201100019485,1,07,000,00,2,2,01,Z01
201100019486,0,07,000,00,1,2,00,A01
201100019487,0,07,000,00,2,0,00,B01
201100019487,0,01,000,00,2,0,00,A01
201100019488,1,07,000,00,2,0,00,Z01
201100019488,0,33,000,00,2,0,00,B01
201100019489,0,07,000,00,2,4,02,E01
201100019489,0,07,000,00,2,1,02,A01
201100019489,0,07,000,00,2,4,02,C01
201100019489,0,07,000,00,2,4,02,F02
201100019489,0,07,000,00,2,4,02,B01
201100019489,0,07,000,00,2,4,02,D01
201100019490,0,07,000,00,1,1,02,A01
201100019491,0,07,000,00,0,4,09,B01
201100019491,0,07,000,00,2,1,02,A01
201100019492,1,07,000,00,0,1,00,A01
201100019492,0,07,000,00,0,8,02,B01
201100019493,0,02,000,01,0,7,01,B01
201100019493,0,07,000,01,0,3,16,A01
201100019494,0,31,000,00,2,1,00,A01
201100019494,0,07,000,00,2,7,00,B01
201100019495,0,07,000,00,2,3,15,B01
201100019495,0,07,000,00,2,3,08,A01
201100019496,0,07,000,00,2,8,01,B01
201100019496,0,07,000,00,2,2,01,A01
201100019497,0,07,000,00,9,1,09,A01
201100019497,0,32,000,00,2,7,01,B01
201100019498,0,07,000,00,0,8,15,A01
201100019498,0,30,000,00,2,1,01,B01
201100019499,0,07,000,01,0,1,02,A01
201100019499,0,07,000,00,0,2,02,C01
201100019499,0,07,000,00,0,4,02,B01
201100019500,1,07,000,00,2,0,00,Z01
201100019500,0,34,000,00,2,0,00,B01
201100019501,0,34,000,00,2,1,00,A01
201100019501,0,07,000,00,2,5,16,B01
201100019502,0,02,000,00,0,1,00,A01
201100019503,0,10,000,00,1,8,01,A01
201100019504,0,01,000,00,2,8,15,A01
201100019504,0,07,000,00,2,5,17,B01
201100019505,0,07,000,00,1,3,00,A01
201100019506,0,32,000,00,2,0,00,B01
201100019506,0,07,000,00,2,0,15,A01
201100019507,0,07,000,00,0,0,15,A01
201100019507,0,30,000,08,0,1,00,B01
201100019508,0,07,000,00,1,4,04,A01
201100019509,0,07,000,00,2,1,01,A01
201100019509,0,07,000,00,2,4,01,B01
201100019510,0,07,000,00,0,7,09,B01
201100019510,0,34,000,00,0,1,07,A01
201100019511,0,07,000,00,2,1,02,B01
201100019511,0,07,000,00,2,2,06,A01
201100019512,0,07,000,00,2,5,01,B01
201100019512,0,32,000,00,2,1,18,A01
201100019513,0,30,000,00,2,0,01,B01
201100019513,1,07,000,00,2,0,13,Z01
201100019514,0,32,000,00,2,4,23,B01
201100019514,0,32,000,00,2,1,21,A01
201100019515,0,07,000,00,2,3,01,B01
201100019515,0,07,000,00,2,1,13,A01
201100019516,0,33,000,00,1,1,01,A01
201100019517,0,07,000,00,2,3,15,B01
201100019517,0,10,000,09,2,2,17,A01
201100019518,0,07,000,00,2,5,09,B01
201100019518,0,07,000,00,2,1,09,A01
201100019519,0,07,000,00,2,1,02,A01
201100019519,0,07,000,00,2,4,02,B01
201100019519,0,07,000,00,2,4,02,C01
201100019520,0,33,000,14,0,1,01,A01
201100019521,0,07,000,00,2,1,19,A01
201100019521,0,07,000,00,2,1,19,B01
201100019522,0,33,000,00,2,7,01,B01
201100019522,1,07,000,00,2,5,10,Z01
201100019523,0,33,000,00,0,0,00,A01
201100019523,0,07,000,00,0,0,00,B01
201100019524,0,30,000,01,0,1,14,A01
201100019525,0,07,000,00,2,3,15,A01
201100019525,0,30,000,00,2,1,01,B01
201100019526,0,07,000,06,0,1,21,B01
201100019526,1,07,000,00,0,0,09,Z01
201100019527,0,07,000,00,2,2,09,A01
201100019527,0,33,000,00,2,7,01,B01
201100019528,0,07,000,00,0,7,01,B01
201100019528,2,07,000,00,2,1,01,A01
201100019529,0,07,000,00,2,6,01,B01
201100019529,0,02,000,00,2,1,11,A01
201100019530,0,07,000,00,0,6,09,B01
201100019530,0,02,000,00,2,1,03,A01
201100019531,1,33,000,00,1,0,00,Z01
201100019532,0,99,000,00,2,6,24,C01
201100019532,0,07,000,01,2,8,17,A01
201100019532,0,13,000,00,2,2,01,B01
201100019533,0,07,000,00,0,1,00,B01
201100019533,0,07,000,00,0,8,01,A01
201100019534,0,07,000,08,0,4,23,B01
201100019534,0,07,000,00,4,1,02,A01
201100019535,1,07,000,00,2,0,15,Z01
201100019535,0,30,000,00,2,2,01,B01
201100019536,0,07,000,00,1,1,10,A01
201100019537,0,10,000,00,1,4,01,A01
201100019538,0,10,000,00,2,4,02,C01
201100019538,0,07,000,00,2,4,02,B01
201100019538,0,07,000,00,2,1,01,A01
201100019539,0,07,000,00,1,2,00,A01
201100019540,0,30,000,00,1,1,01,A01
201100019541,0,07,000,00,1,3,01,A01
201100019542,0,07,000,00,2,1,01,A01
201100019542,0,10,000,06,2,9,01,B01
201100019543,0,33,000,00,2,6,01,B01
201100019543,0,99,000,00,2,2,06,A01
201100019544,0,07,000,00,2,4,02,B01
201100019544,0,07,000,00,2,1,02,A01
201100019545,0,34,000,00,2,1,01,B01
201100019545,0,07,000,00,2,5,01,A01
201100019546,0,10,000,00,2,3,20,C01
201100019546,0,33,000,00,2,3,02,A01
201100019546,0,10,000,00,2,5,01,B01
201100019547,0,30,000,00,2,0,01,A01
201100019548,0,02,000,00,2,1,13,B01
201100019548,0,07,000,00,2,2,11,A01
201100019549,0,34,000,00,2,1,02,B01
201100019549,0,07,000,00,2,8,09,A01
201100019550,0,37,000,00,2,3,01,B01
201100019550,1,07,000,00,2,5,16,Z01
201100019551,0,33,000,00,2,1,01,B01
201100019551,1,07,000,00,2,2,10,Z01
201100019552,0,32,000,13,0,1,00,A01
201100019553,0,34,000,00,0,2,17,B01
201100019553,0,07,000,00,2,3,15,A01
201100019554,0,07,000,00,2,6,02,A01
201100019554,0,33,000,00,2,0,02,B01
201100019555,1,30,000,00,2,7,15,Z01
201100019555,0,34,000,00,2,1,01,B01
201100019556,1,07,000,00,2,1,02,Z01
201100019556,0,33,000,00,2,4,23,B01
201100019557,0,07,000,01,0,8,01,A01
201100019558,0,33,000,00,0,0,00,A01
201100019559,0,32,000,00,2,1,01,B01
201100019559,0,07,000,00,2,2,00,A01
201100019560,0,07,000,00,2,0,00,A01
201100019560,0,07,000,00,2,0,00,B01
201100019561,0,33,000,00,2,1,02,A01
201100019561,0,07,000,00,2,5,01,B01
201100019562,0,30,000,00,2,1,17,A01
201100019562,0,07,000,00,2,8,15,B01
201100019563,0,30,000,00,0,0,00,A01
201100019564,0,07,000,00,2,7,12,A01
201100019564,0,31,000,00,2,8,01,B01
201100019565,0,07,000,00,1,4,04,A01
201100019566,0,07,000,00,2,1,15,B01
201100019566,0,30,000,00,2,2,01,A01
201100019567,0,33,000,00,2,1,17,A01
201100019567,0,07,000,00,2,8,13,B01
201100019568,0,07,000,00,1,1,00,A01
201100019569,0,07,000,00,0,1,01,A01
201100019570,0,30,000,00,2,1,17,A01
201100019570,0,07,000,00,0,8,15,B01
201100019571,0,30,000,00,2,1,00,B01
201100019571,0,07,000,00,2,5,10,A01
201100019572,0,07,000,00,0,4,02,C01
201100019572,0,07,000,00,2,4,02,B01
201100019572,0,10,000,00,2,1,02,A01
201100019573,0,32,000,00,0,7,01,B01
201100019573,0,07,000,00,0,0,09,A01
201100019574,0,07,000,00,0,4,23,B01
201100019574,0,30,000,00,0,0,02,A01
201100019575,0,07,000,00,0,2,00,A01
201100019575,0,01,000,00,0,1,01,B01
201100019576,0,07,000,12,2,9,01,A01
201100019576,1,07,000,00,2,1,01,Z01
201100019577,0,30,000,00,0,0,00,A01
201100019578,0,07,000,00,2,4,23,B01
201100019578,0,33,000,00,2,1,01,A01
201100019579,0,07,000,00,1,1,01,A01
201100019580,0,33,000,00,0,0,00,A01
201100019581,0,31,000,00,2,0,00,B01
201100019581,0,07,000,00,0,0,00,A01
201100019582,0,30,000,00,1,1,01,A01
201100019583,0,07,000,00,2,6,01,A01
201100019583,0,07,000,00,0,3,01,C01
201100019583,0,07,000,00,0,1,01,D01
201100019583,0,07,000,00,0,8,01,B01
201100019584,0,07,000,00,2,1,02,B01
201100019584,0,07,000,00,2,1,01,A01
201100019584,0,07,000,00,2,4,02,C01
201100019585,0,30,000,00,2,3,21,A01
201100019585,0,07,000,00,0,3,01,B01
201100019586,0,07,000,00,0,3,01,B01
201100019586,0,07,000,00,0,7,16,A01
201100019587,0,07,000,00,2,1,15,B01
201100019587,0,07,000,00,2,2,01,A01
201100019588,0,07,000,00,2,1,23,A01
201100019588,0,07,000,00,2,4,23,C01
201100019588,0,07,000,00,2,4,23,B01
201100019589,0,07,000,00,1,3,08,A01
201100019590,0,07,000,00,2,3,01,B01
201100019590,0,07,000,00,2,1,09,A01
201100019591,0,32,000,00,1,1,17,A01
201100019592,0,07,000,00,0,6,23,B01
201100019592,0,07,000,00,2,2,21,A01
201100019593,0,07,000,00,2,8,15,A01
201100019593,0,01,000,00,2,4,01,B01
201100019594,0,07,000,00,0,0,00,C01
201100019594,0,07,000,00,2,0,00,B01
201100019594,0,01,000,02,2,0,00,A01
201100019595,0,07,000,00,1,1,01,A01
201100019596,0,07,000,00,2,3,09,C01
201100019596,0,07,000,01,2,1,02,A01
201100019596,0,07,000,00,2,6,01,B01
201100019597,0,07,000,06,0,1,02,A01
201100019598,0,07,000,00,1,1,01,A01
201100019599,0,07,000,00,0,4,01,A01
201100019599,0,07,000,00,2,1,02,B01
201100019600,0,37,001,00,2,2,02,B01
201100019600,0,32,000,00,9,8,18,A01
201100019601,0,30,000,01,0,1,02,A01
201100019602,0,07,000,00,1,3,07,A01
201100019603,1,07,000,00,0,0,00,Z01
201100019603,0,33,000,00,2,4,00,B01
201100019604,0,33,000,00,2,1,02,A01
201100019604,0,33,000,00,0,4,02,B01
201100019605,0,07,000,00,2,2,02,A01
201100019605,0,10,000,00,2,4,00,B01
201100019606,0,07,000,15,1,3,24,A01
201100019607,0,01,000,00,0,1,02,B01
201100019607,0,07,000,00,2,5,23,A01
201100019608,1,07,000,00,1,1,01,Z01
201100019609,0,07,000,00,0,5,04,A01
201100019609,0,32,000,00,0,1,14,B01
201100019610,0,30,000,00,2,0,00,A01
201100019610,0,32,000,00,2,0,00,B01
201100019611,0,31,000,00,2,0,00,B01
201100019611,0,07,000,00,0,0,00,A01
201100019612,0,07,000,00,2,0,00,A01
201100019612,0,07,000,00,2,2,00,B01
201100019613,0,32,000,00,0,3,01,A01
201100019613,0,07,000,00,0,2,20,B01
201100019614,0,07,000,00,2,1,01,A01
201100019614,0,07,000,00,1,5,01,B01
201100019615,0,33,000,11,0,1,01,A01
201100019616,0,07,000,00,1,2,02,A01
201100019617,0,07,000,00,1,1,01,A01
201100019618,0,07,000,00,2,4,02,A01
201100019618,0,07,000,00,2,1,02,B01
201100019619,0,10,000,00,2,1,02,A01
201100019619,0,07,000,00,2,4,23,B01
201100019619,0,07,000,00,2,4,02,C01
201100019620,0,07,000,00,2,1,01,B01
201100019620,0,07,000,00,2,2,15,A01
201100019621,0,07,000,00,2,2,12,A01
201100019621,0,30,000,00,2,1,02,B01
201100019622,0,07,000,00,1,4,04,A01
201100019623,0,07,000,00,2,3,01,B01
201100019623,0,10,000,00,2,1,00,A01
201100019624,1,34,000,00,2,1,00,Z01
201100019624,0,07,000,00,2,2,15,B01
201100019625,1,02,000,00,1,1,01,Z01
201100019626,1,07,000,00,1,1,01,Z01
201100019627,0,32,000,00,2,7,01,B01
201100019627,1,07,000,00,2,4,04,Z01
201100019628,0,10,000,00,2,4,02,B01
201100019628,0,07,000,00,2,1,02,A01
201100019629,0,07,000,00,2,2,02,A01
201100019629,0,07,000,00,2,5,02,B01
201100019630,0,07,000,14,0,4,02,C01
201100019630,0,07,000,00,0,4,02,D01
201100019630,0,07,000,14,0,4,02,B01
201100019630,0,10,000,14,0,1,02,A01
201100019631,0,33,000,00,2,1,01,B01
201100019631,0,07,000,00,2,1,15,A01
201100019632,0,01,000,00,2,1,16,A01
201100019632,0,07,000,00,2,2,01,B01
201100019633,0,07,000,00,2,5,02,B01
201100019633,0,07,000,00,2,1,02,A01
201100019634,0,07,000,00,2,1,01,B01
201100019634,0,01,000,00,2,1,05,A01
201100019635,0,13,000,00,2,8,01,B01
201100019635,0,07,000,00,2,7,17,A01
201100019636,0,07,000,00,1,8,02,A01
201100019637,0,34,000,12,0,7,01,A01
201100019638,0,07,000,00,2,7,09,A01
201100019638,0,07,000,00,2,1,02,B01
201100019639,0,32,000,00,2,1,01,A01
201100019639,0,07,000,00,2,1,00,B01
201100019640,0,32,000,00,2,1,02,A01
201100019640,0,07,000,00,2,3,15,B01
201100019641,0,32,000,00,2,2,17,B01
201100019641,0,07,000,00,2,8,15,A01
201100019642,0,32,000,00,2,7,17,A01
201100019642,0,07,000,00,2,3,15,B01
201100019643,0,10,000,00,0,4,02,B01
201100019643,0,07,000,00,0,1,02,A01
201100019644,0,07,000,01,2,3,09,A01
201100019644,0,32,000,00,2,1,01,B01
201100019644,0,07,000,00,2,2,02,C01
201100019645,0,13,000,14,0,1,00,A01
201100019646,0,07,000,00,2,2,14,A01
201100019646,0,34,000,00,2,8,02,B01
201100019647,0,07,000,00,1,3,15,A01
201100019648,0,01,000,00,2,3,02,A01
201100019648,0,07,000,00,2,2,15,B01
201100019649,0,30,000,00,2,8,06,B01
201100019649,0,07,000,00,2,1,06,A01
201100019650,0,07,000,00,2,2,20,A01
201100019650,0,32,000,00,2,7,17,B01
201100019651,0,07,000,00,2,5,15,A01
201100019651,0,33,000,00,2,1,01,B01
201100019652,0,07,000,06,0,1,14,A01
201100019653,1,07,000,01,0,0,00,Z01
201100019654,1,07,000,00,0,0,01,Z01
201100019654,0,31,000,00,0,0,01,B01
201100019655,1,07,000,00,1,1,01,Z01
201100019656,1,10,000,00,2,1,02,Z01
201100019656,0,07,000,00,2,4,23,B01
201100019657,0,33,000,00,1,0,21,A01
201100019658,0,33,000,00,2,1,05,A01
201100019658,0,07,000,00,2,3,15,B01
201100019659,0,07,000,00,2,7,12,A01
201100019659,0,07,000,00,2,4,02,C01
201100019659,0,38,032,00,2,1,07,B01
201100019660,0,07,000,00,2,1,00,A01
201100019660,0,07,000,00,2,7,00,B01
201100019661,0,07,000,00,1,7,01,A01
201100019662,0,33,000,00,2,1,13,A01
201100019662,0,07,000,00,2,3,01,B01
201100019663,0,07,000,00,1,0,00,A01
201100019664,0,07,000,00,2,3,09,B01
201100019664,0,07,000,00,2,0,01,A01
201100019665,0,07,000,00,2,1,14,A01
201100019666,0,07,000,00,2,8,00,A01
201100019666,0,30,000,00,2,1,00,B01
201100019667,0,07,000,00,2,1,23,C01
201100019667,0,33,000,00,2,1,01,A01
201100019667,0,07,000,00,2,3,15,B01
201100019668,0,07,000,00,0,6,00,A01
201100019668,1,07,000,00,2,1,02,Z01
201100019669,0,07,000,00,2,2,09,A01
201100019669,0,33,000,00,2,3,01,B01
201100019669,0,07,000,00,2,5,01,C01
201100019670,0,03,000,00,0,4,02,B01
201100019670,0,10,000,00,2,1,00,A01
201100019671,0,32,000,00,2,1,01,B01
201100019671,0,07,000,00,2,7,15,A01
201100019672,0,07,000,00,1,2,01,A01
201100019673,0,07,000,01,0,8,15,A01
201100019673,0,32,000,00,2,1,02,B01
201100019674,0,07,000,00,2,6,15,B01
201100019674,0,02,000,12,2,2,17,A01
201100019675,0,33,000,00,2,2,17,B01
201100019675,0,32,000,00,2,3,15,A01
201100019675,0,07,000,00,2,2,24,C01
201100019676,0,07,000,00,0,2,23,C01
201100019676,0,32,000,15,2,3,18,A01
201100019676,0,07,000,00,0,5,23,B01
201100019677,0,34,000,00,0,0,01,A01
201100019678,0,16,000,00,1,2,01,A01
201100019679,0,01,000,00,2,8,23,B01
201100019679,0,07,000,00,0,4,04,A01
201100019680,0,07,000,01,0,1,15,A01
201100019681,0,07,000,00,2,4,00,B01
201100019681,0,07,000,00,2,1,02,A01
201100019682,0,07,000,00,1,7,09,A01
201100019683,0,07,000,00,0,5,00,A01
201100019683,0,32,000,00,0,1,00,B01
201100019684,0,07,000,00,2,1,23,C01
201100019684,0,07,000,00,2,1,15,A01
201100019684,0,07,000,00,2,1,01,B01
201100019685,0,13,000,00,2,7,16,A01
201100019685,0,01,000,00,2,1,01,B01
201100019686,0,30,000,00,0,1,01,A01
201100019687,0,07,000,00,0,5,15,C01
201100019687,0,33,000,00,2,1,01,A01
201100019687,0,07,000,00,2,3,01,B01
201100019688,0,07,000,00,2,8,15,B01
201100019688,0,34,000,00,2,1,17,A01
201100019689,0,07,000,00,0,7,15,A01
201100019689,0,33,000,00,2,1,01,B01
201100019690,0,07,000,00,2,1,15,A01
201100019690,0,30,000,00,2,8,01,B01
201100019691,0,36,000,00,0,0,00,A01
201100019692,0,07,000,12,0,2,00,A01
201100019693,0,07,000,00,0,0,00,B01
201100019693,0,07,000,00,2,0,00,A01
201100019694,0,30,000,00,2,3,11,A01
201100019694,0,34,000,00,2,2,01,B01
201100019695,0,07,000,00,2,5,02,B01
201100019695,0,30,000,00,0,0,00,C01
201100019695,0,34,000,00,2,1,02,A01
201100019696,0,30,000,00,2,2,17,A01
201100019696,0,07,000,00,2,3,15,B01
201100019697,0,07,000,00,1,2,00,A01
201100019698,0,10,000,00,1,5,04,A01
201100019699,0,07,000,00,2,4,02,C01
201100019699,0,07,000,00,2,4,02,B01
201100019699,0,07,000,00,2,1,02,A01
201100019700,0,07,000,00,2,3,15,B01
201100019700,0,30,000,00,2,1,17,A01
201100019701,0,32,000,00,2,0,21,A01
201100019702,0,33,000,00,2,1,03,A01
201100019702,0,07,000,00,0,6,15,B01
201100019703,0,10,000,00,2,1,02,A01
201100019703,0,10,000,00,2,4,23,B01
201100019704,0,32,000,00,2,7,01,B01
201100019704,0,07,000,00,2,1,15,A01
201100019705,1,07,000,01,2,1,01,Z01
201100019705,0,07,000,00,2,4,23,B01
201100019706,0,07,000,00,2,1,01,A01
201100019706,0,07,000,00,2,4,01,B01
201100019707,0,07,000,00,2,5,02,B01
201100019707,0,30,000,00,2,1,02,A01
201100019708,0,07,000,00,0,4,00,B01
201100019708,0,07,000,00,2,1,02,A01
201100019709,0,07,000,00,2,1,15,A01
201100019709,0,32,000,00,2,0,00,B01
201100019709,0,33,000,00,2,8,01,C01
201100019710,0,07,000,00,1,8,01,A01
201100019711,1,07,000,00,1,0,01,Z01
201100019712,0,33,000,00,2,1,07,A01
201100019712,0,07,000,00,2,5,15,B01
201100019713,1,02,000,00,1,3,18,Z01
201100019714,0,30,000,00,0,1,01,A01
201100019714,0,07,000,00,0,2,01,B01
201100019715,0,07,000,00,2,3,02,A01
201100019715,0,07,000,00,0,5,23,B01
201100019716,0,07,000,00,1,0,01,A01
201100019717,0,07,000,00,1,1,15,A01
201100019718,0,07,000,00,1,2,01,A01
201100019719,0,02,000,00,2,4,09,A01
201100019719,1,07,000,00,2,1,02,Z01
201100019720,1,07,000,00,2,1,01,Z01
201100019720,0,07,000,00,2,4,23,B01
201100019721,1,07,000,00,2,1,17,Z01
201100019721,0,07,000,00,2,3,00,B01
201100019722,0,07,000,00,2,1,02,A01
201100019722,0,07,000,00,2,4,01,B01
201100019723,0,07,000,00,2,3,01,B01
201100019723,0,14,000,00,2,5,13,A01
201100019724,0,07,000,00,1,1,00,A01
201100019725,0,07,000,00,2,3,00,B01
201100019725,0,01,000,00,2,7,01,A01
201100019726,0,07,000,00,1,1,01,A01
201100019727,0,07,000,03,0,3,01,A01
201100019728,0,07,000,00,2,7,14,A01
201100019728,0,37,004,00,2,3,02,B01
201100019729,0,07,000,00,2,4,02,B01
201100019729,0,07,000,00,2,1,02,A01
201100019729,0,07,000,00,2,4,02,C01
201100019730,0,07,000,00,1,2,00,A01
201100019731,0,30,000,00,2,1,13,B01
201100019731,0,07,000,00,2,6,15,A01
201100019732,0,07,000,00,2,1,02,A01
201100019732,0,07,000,00,2,4,02,B01
201100019732,0,07,000,00,2,4,02,C01
201100019732,0,07,000,00,2,4,02,D01
201100019733,0,33,000,00,0,7,02,B01
201100019733,0,10,000,00,2,1,02,A01
201100019734,0,13,000,00,2,1,02,A01
201100019734,0,07,000,00,2,4,02,B01
201100019735,0,33,000,00,2,1,02,B01
201100019735,0,07,000,00,2,3,15,A01
201100019736,0,10,000,00,2,3,02,A01
201100019736,0,07,000,00,2,1,19,B01
201100019737,0,07,000,00,2,1,01,A01
201100019737,0,07,000,00,2,4,01,B01
201100019738,0,07,000,00,2,2,10,A01
201100019738,0,34,000,00,2,1,01,B01
201100019739,0,32,000,00,2,1,01,B01
201100019739,0,07,000,00,2,3,15,A01
201100019740,0,07,000,08,0,8,00,A01
201100019741,0,07,000,00,2,3,15,A01
201100019741,0,07,000,00,2,3,01,B01
201100019742,0,07,000,00,2,8,00,B01
201100019742,0,17,000,00,2,1,02,A01
201100019743,0,07,000,00,0,7,02,A01
201100019743,0,33,000,00,2,1,14,B01
201100019744,0,07,000,00,2,2,10,A01
201100019744,0,07,000,00,0,3,02,B01
201100019745,0,07,000,01,0,3,15,A01
201100019745,0,33,000,00,2,1,01,B01
201100019746,0,07,000,00,2,3,15,A01
201100019746,0,33,000,00,2,1,02,B01
201100019747,0,07,000,00,2,1,00,B01
201100019747,0,07,000,08,2,8,00,A01
201100019748,0,07,000,00,2,1,11,B01
201100019748,0,33,000,00,2,1,11,A01
201100019749,0,07,000,00,1,2,02,A01
201100019750,0,07,000,00,2,2,01,B01
201100019750,0,30,000,00,2,1,01,A01
201100019751,0,07,000,00,0,4,02,B01
201100019751,0,07,000,00,2,1,02,A01
201100019752,0,07,000,00,2,1,02,A01
201100019752,0,07,000,00,0,4,02,C01
201100019752,0,31,000,00,2,4,02,B01
201100019753,0,34,000,01,2,1,02,B01
201100019753,0,03,000,00,2,3,15,A01
201100019754,0,34,000,00,1,1,00,A01
201100019755,1,07,000,00,1,0,10,Z01
201100019756,0,10,000,00,2,1,00,A01
201100019756,0,10,000,00,2,4,00,B01
201100019757,0,38,001,00,2,7,01,B01
201100019757,0,07,000,00,2,3,00,A01
201100019758,0,33,000,00,2,1,02,B01
201100019758,0,07,000,00,2,3,10,A01
201100019759,0,07,000,00,0,7,15,A01
201100019759,0,07,000,00,0,3,01,B01
201100019760,0,30,000,00,2,1,01,B01
201100019760,0,07,000,00,2,3,15,A01
201100019761,0,30,000,00,0,0,21,A01
201100019762,0,07,000,00,2,9,01,C01
201100019762,0,07,000,00,2,5,02,B01
201100019762,0,07,000,00,2,1,01,A01
201100019763,0,32,000,00,2,1,17,B01
201100019763,0,07,000,00,2,8,15,A01
201100019764,0,02,000,00,2,3,01,B01
201100019764,0,07,000,00,2,1,15,A01
201100019765,0,07,000,00,2,4,02,B01
201100019765,0,10,000,00,2,1,02,A01
201100019766,0,07,000,00,0,1,00,B01
201100019766,0,07,000,08,0,2,00,A01
201100019767,0,07,000,00,2,3,01,A01
201100019767,0,07,000,00,2,8,15,B01
201100019768,0,02,000,00,1,1,18,A01
201100019769,0,33,000,00,1,7,03,A01
201100019769,0,07,000,00,2,3,23,B01
201100019770,0,07,000,00,2,1,15,A01
201100019770,0,33,000,00,2,1,01,B01
201100019771,0,32,000,00,2,5,01,A01
201100019771,1,07,000,00,2,0,11,Z01
201100019772,0,07,000,00,2,7,01,B01
201100019772,0,07,000,00,2,1,16,A01
201100019773,1,07,000,00,2,3,15,Z01
201100019773,0,31,000,01,2,2,01,A01
201100019774,0,33,000,15,0,7,01,A01
201100019775,0,30,000,00,2,2,00,A01
201100019776,0,31,000,00,2,1,17,A01
201100019776,0,07,000,00,2,6,15,B01
201100019777,0,30,000,00,2,1,17,B01
201100019777,1,07,000,00,2,8,15,Z01
201100019778,0,07,000,00,2,0,01,B01
201100019778,0,07,000,00,2,0,01,A01
201100019779,0,07,000,00,0,7,19,A01
201100019779,0,07,000,00,0,1,00,B01
201100019780,1,07,000,00,1,4,04,Z01
201100019781,0,07,000,00,2,1,02,A01
201100019781,0,07,000,00,0,4,02,B01
201100019782,0,07,000,00,2,1,02,A01
201100019782,0,07,000,00,0,4,01,B01
201100019783,0,07,000,00,2,5,16,B01
201100019783,0,30,000,00,2,1,00,A01
201100019784,0,07,000,00,1,1,15,A01
201100019785,0,07,000,10,0,1,01,A01
201100019786,0,07,000,00,0,6,01,B01
201100019786,0,32,000,00,2,1,16,A01
201100019787,0,32,000,00,2,3,18,A01
201100019787,0,07,000,00,2,2,01,B01
201100019788,0,07,000,00,2,7,15,A01
201100019788,0,30,000,00,2,1,01,B01
201100019789,0,07,000,00,2,3,06,A01
201100019789,0,33,000,00,2,7,01,B01
201100019790,0,07,000,00,2,1,02,A01
201100019790,0,32,000,00,2,4,02,B01
201100019791,0,07,000,15,2,7,15,B01
201100019791,0,07,000,00,2,1,02,A01
201100019792,0,15,000,00,2,3,11,A01
201100019792,0,34,000,00,2,2,01,B01
201100019793,0,07,000,00,2,2,02,A01
201100019793,0,33,000,00,2,6,02,B01
201100019794,0,07,000,00,1,2,17,A01
201100019795,0,07,000,00,2,7,15,A01
201100019795,0,32,000,00,2,1,01,B01
201100019796,0,02,000,00,2,0,00,B01
201100019796,1,07,000,00,0,0,00,Z01
201100019797,1,07,000,00,1,0,15,Z01
201100019798,1,10,000,00,2,0,05,Z01
201100019798,0,07,000,00,2,3,01,B01
201100019799,0,30,000,00,9,0,15,A01
201100019800,0,07,000,00,2,8,01,B01
201100019800,0,07,000,00,2,1,19,A01
201100019801,0,33,000,00,2,1,17,A01
201100019801,0,07,000,00,2,3,19,B01
201100019802,0,07,000,00,2,1,15,A01
201100019802,0,33,000,00,2,1,02,B01
201100019803,0,07,000,13,0,7,20,A01
201100019804,0,07,000,00,0,0,02,A01
201100019804,0,33,000,00,2,0,02,B01
201100019805,0,07,000,12,0,2,02,A01
201100019806,0,33,000,07,0,1,13,A01
201100019807,0,07,000,08,0,8,00,A01
201100019808,0,07,000,00,2,1,02,A01
201100019808,0,07,000,00,0,4,02,B01
201100019809,0,07,000,00,2,2,12,A01
201100019809,0,07,000,00,2,8,01,B01
201100019810,0,07,000,00,2,3,09,A01
201100019810,0,34,000,00,2,1,17,B01
201100019811,0,07,000,00,2,7,16,B01
201100019811,0,33,000,00,2,8,01,A01
201100019812,0,30,000,00,2,6,01,A01
201100019812,0,07,000,00,2,3,15,B01
201100019813,0,30,000,00,2,4,02,B01
201100019813,0,34,000,00,2,1,02,A01
201100019814,0,07,000,00,2,1,02,A01
201100019814,0,07,000,00,2,4,02,B01
201100019815,0,02,000,00,2,1,01,B01
201100019815,0,07,000,00,2,2,01,A01
201100019816,0,07,000,00,1,3,01,A01
201100019817,0,30,000,00,2,2,01,A01
201100019817,0,07,000,00,2,3,16,B01
201100019818,0,07,000,00,1,0,00,A01
201100019819,0,07,000,00,2,1,02,A01
201100019819,0,03,000,00,2,4,02,B01
201100019820,0,32,000,00,2,1,05,A01
201100019820,0,07,000,00,2,1,01,B01
201100019821,0,34,000,00,2,1,02,A01
201100019821,0,07,000,00,0,3,01,B01
201100019822,0,30,000,00,2,1,01,B01
201100019822,0,07,000,00,2,8,10,A01
201100019823,0,34,000,00,2,8,21,A01
201100019823,0,07,000,00,0,0,19,B01
201100019824,0,32,000,00,2,1,01,A01
201100019824,0,31,000,00,2,1,01,B01
201100019825,0,07,000,00,2,7,01,A01
201100019825,0,32,000,00,2,1,01,B01
201100019826,0,07,000,00,2,7,16,B01
201100019826,0,07,000,08,2,3,02,A01