Num_Acc,senc,catv,occutc,obs,obsm,choc,manv,num_veh
201100020543,0,07,000,00,1,1,15,A01
201100020544,2,07,000,00,1,1,10,A01
201100020545,0,07,000,00,2,3,02,B01
201100020545,0,34,000,08,2,7,02,A01
201100020546,0,02,000,00,2,2,01,B01
201100020546,0,32,000,00,0,7,05,A01
201100020547,0,07,000,00,2,7,16,B01
201100020547,0,30,000,00,2,1,12,A01
201100020548,0,07,000,00,2,7,15,A01
201100020548,0,34,000,00,2,7,01,B01
201100020549,0,07,000,08,0,2,21,A01
201100020550,0,07,000,00,2,3,01,A01
201100020550,0,07,000,00,2,5,00,B01
201100020551,0,30,000,00,2,0,01,A01
201100020551,0,07,000,00,2,0,16,B01
201100020552,0,07,000,00,2,1,00,A01
201100020552,0,07,000,00,2,4,02,C01
201100020552,0,07,000,00,0,4,02,D01
201100020552,0,07,000,00,2,4,02,B01
201100020553,0,33,000,01,2,1,17,A01
201100020553,0,07,000,00,2,1,16,B01
201100020554,0,07,000,00,2,3,00,A01
201100020554,0,07,000,00,2,5,00,B01
201100020555,0,07,000,00,2,2,02,B01
201100020555,0,32,000,12,2,8,18,A01
201100020556,0,32,000,00,0,1,17,B01
201100020556,0,07,000,00,0,2,14,A01
201100020557,0,34,000,00,2,8,01,B01
201100020557,0,33,000,00,2,7,16,A01
201100020558,0,07,000,00,1,4,04,A01
201100020559,0,30,000,00,2,1,01,B01
201100020559,0,07,000,00,2,3,11,A01
201100020560,0,32,000,00,2,1,00,B01
201100020560,0,07,000,00,0,2,02,A01
201100020561,0,07,000,01,2,3,11,A01
201100020561,0,32,000,00,2,1,01,B01
201100020562,0,32,000,00,2,4,02,B01
201100020562,0,16,000,00,2,2,01,A01
201100020563,0,31,000,00,2,1,15,A01
201100020563,0,07,000,00,2,1,15,B01
201100020564,0,07,000,00,2,1,00,A01
201100020564,0,07,000,00,0,7,00,B01
201100020565,0,30,000,00,2,1,01,B01
201100020565,0,07,000,00,2,2,01,A01
201100020566,0,07,000,00,2,4,02,B01
201100020566,0,07,000,00,2,1,02,A01
201100020566,0,31,000,00,0,4,02,C01
201100020567,0,30,000,00,2,1,01,A01
201100020567,0,07,000,00,0,8,15,B01
201100020568,0,07,000,01,0,1,01,A01
201100020569,0,10,000,15,2,1,02,A01
201100020569,0,07,000,00,2,4,02,C01
201100020569,0,07,000,00,2,4,02,B01
201100020570,2,07,000,08,0,1,01,A01
201100020571,0,07,000,00,2,3,01,C01
201100020571,0,31,000,00,2,1,00,A01
201100020571,0,07,000,00,2,3,00,B01
201100020572,0,02,000,00,2,7,02,A01
201100020573,0,07,000,00,0,5,23,C01
201100020573,0,07,000,00,2,3,07,B01
201100020573,0,07,000,00,2,3,01,A01
201100020574,0,07,000,00,1,3,01,A01
201100020575,0,07,000,00,2,3,02,A01
201100020575,0,33,000,00,2,9,02,B01
201100020576,0,07,000,00,0,0,00,A01
201100020577,0,07,000,00,1,2,00,A01
201100020578,0,30,000,00,2,1,17,A01
201100020578,0,07,000,00,2,8,15,B01
201100020579,0,07,000,00,2,2,09,A01
201100020579,0,07,000,00,2,1,01,B01
201100020580,0,07,000,00,1,3,01,A01
201100020581,0,07,000,08,0,1,21,A01
201100020582,0,07,000,11,0,9,01,A01
201100020583,0,02,000,00,2,8,01,B01
201100020583,0,07,000,00,2,1,01,A01
201100020584,0,07,000,00,2,8,09,A01
201100020584,0,33,000,00,2,8,01,B01
201100020585,0,07,000,00,1,4,04,A01
201100020586,0,02,000,00,2,2,17,A01
201100020586,0,07,000,00,0,3,01,B01
201100020587,0,07,000,00,2,2,13,A01
201100020587,0,07,000,00,2,6,01,B01
201100020588,0,07,000,00,2,6,16,A01
201100020588,0,32,000,00,2,1,01,B01
201100020589,0,07,000,00,2,5,02,B01
201100020589,0,07,000,15,2,1,01,A01
201100020590,0,07,000,00,2,1,01,A01
201100020590,0,07,000,00,0,4,16,B01
201100020591,0,07,000,00,2,4,02,A01
201100020591,1,07,000,00,2,1,02,Z01
201100020591,0,07,000,00,2,4,02,B01
201100020592,0,30,000,00,2,7,01,A01
201100020592,1,07,000,00,2,0,13,Z01
201100020593,0,07,000,00,2,0,00,A01
201100020593,0,01,000,00,2,1,01,B01
201100020594,0,07,000,00,2,3,00,A01
201100020594,0,30,000,00,2,3,01,B01
201100020595,0,02,000,00,0,1,01,A01
201100020596,1,20,000,08,2,1,01,A01
201100020596,0,07,000,00,2,1,01,B01
201100020597,0,07,000,00,1,2,01,A01
201100020598,0,07,000,00,2,1,01,A01
201100020598,0,07,000,00,2,7,19,B01
201100020599,0,07,000,00,2,0,01,C01
201100020599,0,07,000,00,2,1,05,A01
201100020599,0,07,000,00,2,1,01,B01
201100020600,0,07,000,00,2,4,01,B01
201100020600,1,07,000,00,2,0,01,Z01
201100020600,0,07,000,00,2,6,01,A01
201100020601,0,02,000,00,2,1,02,A01
201100020601,0,07,000,00,2,5,02,C01
201100020601,0,32,000,00,2,1,02,B01
201100020602,0,07,000,00,2,3,01,B01
201100020602,0,13,000,00,2,3,00,C01
201100020602,0,30,000,00,2,2,21,A01
201100020603,0,07,000,00,2,2,15,A01
201100020603,0,33,000,00,2,1,00,B01
201100020604,0,07,000,00,2,8,02,A01
201100020604,0,31,000,00,2,2,02,B01
201100020605,0,37,000,00,2,3,02,B01
201100020605,0,10,000,00,2,0,16,A01
201100020606,0,07,000,00,2,1,01,B01
201100020606,1,07,000,00,2,8,15,Z01
201100020607,1,07,000,00,2,0,04,Z01
201100020607,0,30,000,00,2,0,23,B01
201100020608,0,32,000,00,2,1,01,A01
201100020608,0,07,000,00,0,7,15,B01
201100020609,0,07,000,00,2,4,16,A01
201100020609,0,34,000,00,2,1,01,B01
201100020610,0,07,000,00,2,3,01,B01
201100020610,0,07,000,00,2,3,21,A01
201100020611,0,31,000,00,2,0,01,B01
201100020611,1,07,000,00,2,0,15,Z01
201100020612,0,07,000,00,1,3,15,A01
201100020613,0,07,000,00,1,1,01,A01
201100020614,1,02,000,00,1,0,01,Z01
201100020615,1,07,000,00,2,1,05,Z01
201100020615,0,07,000,00,2,1,21,B01
201100020616,0,30,000,00,2,0,21,B01
201100020616,1,07,000,00,2,0,00,Z01
201100020617,0,07,000,00,2,1,00,B01
201100020617,0,07,000,00,2,8,09,A01
201100020618,0,07,000,00,2,3,23,C01
201100020618,0,07,000,00,2,1,01,B01
201100020618,0,07,000,00,2,7,19,A01
201100020619,0,99,000,00,2,2,15,A01
201100020619,0,02,000,00,2,1,01,B01
201100020620,0,07,000,00,2,7,17,A01
201100020620,0,01,000,00,2,8,01,B01
201100020621,0,30,000,00,2,9,01,A01
201100020621,0,07,000,00,2,2,01,B01
201100020622,0,07,000,00,2,5,15,B01
201100020622,0,31,000,00,2,8,01,A01
201100020623,0,33,000,00,2,5,00,B01
201100020623,0,07,000,00,2,3,02,A01
201100020624,0,07,000,00,2,4,23,B01
201100020624,0,07,000,00,2,1,02,A01
201100020625,0,07,000,00,2,6,09,A01
201100020625,0,01,000,00,2,7,01,B01
201100020626,0,32,000,00,2,1,01,A01
201100020626,0,07,000,00,2,5,16,B01
201100020627,0,07,000,00,2,8,01,B01
201100020627,0,07,000,00,2,1,01,A01
201100020628,0,07,000,00,0,4,02,B01
201100020628,0,07,000,00,2,1,02,A01
201100020629,0,17,000,00,1,3,01,A01
201100020630,0,34,000,00,2,1,01,A01
201100020630,0,07,000,00,2,3,01,B01
201100020631,0,07,000,00,2,1,01,B01
201100020631,0,02,000,00,2,1,13,A01
201100020632,0,07,000,00,2,1,09,A01
201100020632,0,02,000,00,2,1,01,B01
201100020633,0,07,000,00,2,4,02,A01
201100020633,0,07,000,00,2,5,01,B01
201100020634,0,07,000,00,0,8,09,A01
201100020634,0,07,000,00,0,1,00,B01
201100020635,0,07,000,00,2,1,12,A01
201100020635,0,30,000,00,0,4,01,B01
201100020636,0,07,000,00,2,1,01,B01
201100020636,0,07,000,00,2,1,05,A01
201100020637,0,07,000,00,2,4,02,B01
201100020637,0,07,000,00,2,1,02,A01
201100020637,0,07,000,00,0,4,23,C01
201100020638,0,07,000,00,2,6,15,B01
201100020638,0,30,000,00,2,2,17,A01
201100020639,0,07,000,00,2,1,02,A01
201100020639,0,07,000,00,2,4,02,B01
201100020640,1,30,000,00,0,,,Z01
201100020640,0,33,000,00,2,1,01,A01
201100020641,0,30,000,00,2,1,02,B01
201100020641,0,07,000,00,2,2,02,A01
201100020642,0,07,000,14,0,1,22,A01
201100020643,0,32,000,00,2,7,13,A01
201100020643,0,07,000,00,2,6,01,B01
201100020644,0,07,000,00,1,1,01,A01
201100020645,0,32,000,00,0,2,09,A01
201100020646,0,02,000,00,2,2,01,A01
201100020646,0,07,000,00,2,2,01,B01
201100020647,0,07,000,00,2,3,09,A01
201100020647,0,34,000,00,2,1,21,B01
201100020648,0,07,000,00,2,3,11,B01
201100020648,0,34,000,00,2,2,02,A01
201100020649,0,32,000,00,2,8,15,B01
201100020649,0,07,000,00,2,2,09,A01
201100020650,0,07,000,00,1,0,01,A01
201100020651,0,07,000,00,0,0,09,C01
201100020651,0,31,000,00,2,1,01,A01
201100020651,0,07,000,00,2,4,01,B01
201100020652,0,34,000,00,2,1,01,B01
201100020652,0,07,000,00,2,7,15,A01
201100020653,0,07,000,00,2,2,00,A01
201100020653,0,07,000,00,2,7,00,B01
201100020654,1,07,000,00,2,1,01,Z01
201100020654,0,07,000,00,2,4,01,B01
201100020655,0,07,000,00,2,5,01,B01
201100020655,0,32,000,00,2,1,01,A01
201100020656,0,07,000,00,9,3,00,B01
201100020656,0,30,000,00,2,8,00,A01
201100020657,0,02,000,00,2,1,17,A01
201100020657,0,07,000,00,0,3,15,B01
201100020658,0,07,000,00,2,1,01,B01
201100020658,0,07,000,00,2,1,01,A01
201100020659,2,33,000,01,1,1,00,Z01
201100020660,0,07,000,00,2,1,02,A01
201100020660,0,07,000,00,2,3,02,B01
201100020661,0,02,000,00,2,1,16,A01
201100020661,0,14,000,00,2,2,16,B01
201100020662,0,07,000,00,2,5,23,B01
201100020662,0,32,000,00,2,2,01,A01
201100020663,0,30,000,01,0,1,01,A01
201100020664,0,30,000,00,2,1,01,A01
201100020664,1,07,000,00,2,8,15,Z01
201100020665,0,10,000,00,0,0,01,B01
201100020665,0,30,000,00,0,0,15,A01
201100020666,1,30,000,00,2,7,01,B01
201100020666,1,07,000,00,2,1,01,Z01
201100020667,0,33,000,00,2,1,17,B01
201100020667,0,10,000,00,2,8,15,A01
201100020668,0,02,000,00,1,2,01,A01
201100020669,0,07,000,00,0,4,02,C01
201100020669,0,07,000,00,2,9,02,B01
201100020669,0,10,000,00,2,1,02,A01
201100020670,0,07,000,00,2,8,15,A01
201100020670,0,33,000,00,2,2,17,B01
201100020671,0,07,000,00,2,1,02,B01
201100020671,0,07,000,00,2,1,11,A01
201100020672,1,07,000,00,2,0,00,Z01
201100020672,0,07,000,00,2,1,01,A01
201100020673,0,99,000,00,2,1,02,B01
201100020673,0,32,000,00,2,1,13,A01
201100020674,0,33,000,00,2,1,01,B01
201100020674,0,07,000,00,2,2,09,A01
201100020675,0,30,000,00,2,1,02,A01
201100020675,0,07,000,00,2,4,00,B01
201100020676,0,31,000,00,2,1,01,A01
201100020676,0,07,000,00,2,7,19,B01
201100020677,0,33,000,00,1,1,01,A01
201100020678,0,07,000,00,0,0,11,A01
201100020679,0,32,000,00,2,1,01,B01
201100020679,0,07,000,00,2,7,15,A01
201100020680,0,14,000,00,2,7,21,B01
201100020680,0,07,000,03,2,3,00,A01
201100020681,0,07,000,00,2,2,01,B01
201100020681,0,32,000,00,2,1,06,A01
201100020682,0,02,000,02,0,1,00,A01
201100020683,0,32,000,00,2,1,17,A01
201100020683,0,07,000,00,2,8,15,B01
201100020684,0,31,000,00,2,3,05,A01
201100020684,0,37,025,00,2,3,05,B01
201100020685,0,07,000,00,2,3,02,B01
201100020685,0,34,000,00,2,9,02,D01
201100020685,0,32,000,00,2,7,00,C01
201100020685,0,07,000,00,2,9,01,A01
201100020686,1,07,000,00,2,0,00,Z01
201100020686,0,31,000,00,2,1,00,A01
201100020687,1,10,000,00,2,0,09,Z01
201100020687,0,31,000,00,2,0,21,B01
201100020688,1,07,000,00,2,0,14,Z01
201100020688,0,30,000,00,2,1,01,B01
201100020689,1,07,000,00,2,8,05,Z01
201100020689,0,07,000,00,2,8,01,B01
201100020690,0,07,000,00,2,8,24,B01
201100020690,1,07,000,00,2,0,01,Z01
201100020691,1,07,000,00,2,1,02,Z01
201100020691,0,07,000,00,2,4,23,B01
201100020692,1,07,000,00,2,0,00,Z01
201100020692,0,07,000,00,2,1,01,A01
201100020693,0,07,000,00,2,8,20,B01
201100020693,0,31,000,00,2,1,17,A01
201100020694,0,31,000,06,0,2,02,A01
201100020695,0,14,000,00,0,8,01,A01
201100020696,0,07,000,04,0,3,00,A01
201100020697,0,30,000,00,2,0,01,A01
201100020697,0,07,000,00,2,1,01,B01
201100020698,0,07,000,00,2,2,01,B01
201100020698,0,07,000,00,2,3,19,A01
201100020699,1,30,000,00,1,0,01,Z01
201100020700,0,07,000,00,2,2,01,A01
201100020700,0,07,000,08,2,1,01,B01
201100020701,0,07,000,09,0,1,00,A01
201100020702,0,30,000,00,0,1,00,A01
201100020703,0,02,000,00,2,1,17,B01
201100020703,0,07,000,00,2,3,15,A01
201100020704,0,31,000,00,2,7,01,A01
201100020704,1,07,000,00,2,0,15,Z01
201100020704,0,07,000,00,2,0,15,B01
201100020705,0,07,000,00,2,0,02,A01
201100020705,0,07,000,00,2,0,02,B01
201100020706,0,07,000,00,2,3,15,B01
201100020706,0,30,000,00,2,1,17,A01
201100020707,0,33,000,00,1,1,00,A01
201100020708,0,10,000,00,2,1,01,A01
201100020708,0,07,000,00,2,4,01,B01
201100020708,0,07,000,00,2,4,01,C01
201100020709,0,07,000,00,2,5,01,B01
201100020709,0,34,000,00,2,2,12,A01
201100020710,0,33,000,00,2,1,01,B01
201100020710,0,07,000,00,0,2,15,A01
201100020711,0,07,000,00,1,1,01,A01
201100020712,0,10,000,00,2,5,01,B01
201100020712,0,07,000,00,2,1,16,A01
201100020713,0,38,001,01,1,6,04,A01
201100020714,0,30,000,00,2,2,02,A01
201100020714,0,07,000,00,0,8,15,B01
201100020715,0,32,000,00,1,0,00,A01
201100020716,1,07,000,00,2,0,09,Z01
201100020716,0,07,000,00,2,2,01,A01
201100020717,0,07,000,09,0,1,01,A01
201100020718,0,07,000,00,1,2,01,A01
201100020719,0,34,000,00,2,7,01,A01
201100020719,0,14,000,00,2,1,01,B01
201100020720,0,33,000,00,0,0,00,A01
201100020721,0,32,000,00,2,8,06,A01
201100020721,0,33,000,00,2,1,21,B01
201100020722,1,07,000,00,1,0,01,Z01
201100020723,1,07,000,00,0,0,00,Z01
201100020723,0,32,000,00,2,1,01,B01
201100020724,1,07,000,00,2,1,02,Z01
201100020724,0,07,000,00,2,4,23,B01
201100020725,0,34,000,00,2,1,01,A01
201100020725,0,07,000,00,2,3,01,B01
201100020726,0,07,000,00,0,4,02,A01
201100020726,1,07,000,00,2,4,02,Z01
201100020727,0,34,000,00,2,5,17,B01
201100020727,0,07,000,00,2,3,00,A01
201100020728,1,07,000,00,0,2,01,Z01
201100020729,0,07,000,00,0,1,00,B01
201100020729,0,10,000,00,0,2,01,A01
201100020730,0,07,000,00,2,7,23,C01
201100020730,0,07,000,00,2,8,24,A01
201100020730,0,30,000,01,2,9,01,B01
201100020731,1,07,000,00,2,1,01,Z01
201100020731,0,07,000,00,2,4,01,B01
201100020732,0,32,000,00,2,0,01,B01
201100020732,1,07,000,00,2,0,11,Z01
201100020733,1,07,000,00,1,2,01,Z01
201100020734,0,07,000,08,0,1,06,A01
201100020735,0,07,000,00,2,0,01,A01
201100020735,0,32,000,00,2,8,18,B01
201100020736,1,07,000,00,2,0,02,Z01
201100020736,0,31,000,00,2,0,02,A01
201100020737,0,01,000,00,2,0,02,A01
201100020737,0,07,000,00,0,4,02,B01
201100020738,0,07,000,00,1,1,02,A01
201100020739,0,07,000,00,2,7,01,B01
201100020739,0,30,000,00,2,1,01,A01
201100020740,0,30,000,00,2,8,00,A01
201100020740,0,07,000,00,2,7,00,B01
201100020741,0,07,000,00,2,3,00,A01
201100020741,0,02,000,00,2,1,00,B01
201100020742,0,10,000,00,2,3,01,B01
201100020742,0,07,000,00,2,3,00,A01
201100020743,0,07,000,00,0,7,02,A01
201100020744,0,07,000,00,2,3,01,B01
201100020744,0,07,000,00,2,6,17,A01
201100020745,0,30,000,00,0,4,23,B01
201100020745,0,07,000,00,0,2,02,A01
201100020746,0,33,000,00,2,1,00,B01
201100020746,0,07,000,00,2,8,00,A01
201100020747,0,33,000,00,2,1,16,B01
201100020747,0,07,000,00,2,3,13,A01
201100020748,1,07,000,00,2,4,04,Z01
201100020748,0,01,000,00,2,0,23,B01
201100020749,0,07,000,00,2,4,01,C01
201100020749,1,07,000,00,2,1,01,Z01
201100020749,0,07,000,00,2,4,01,B01
201100020750,1,07,000,00,2,1,01,Z01
201100020750,0,07,000,00,2,4,01,B01
201100020751,1,07,000,00,2,1,01,Z01
201100020751,0,07,000,00,2,4,23,B01
201100020752,0,34,000,00,2,1,03,A01
201100020752,0,07,000,00,2,1,09,B01
201100020753,2,07,000,00,2,8,09,A01
201100020753,0,37,003,00,2,1,01,B01
201100020754,0,07,000,00,1,1,01,A01
201100020755,0,07,000,00,1,2,01,A01
201100020756,0,30,000,00,0,4,02,B01
201100020756,1,07,000,00,2,1,02,Z01
201100020756,0,07,000,00,2,4,02,A01
201100020757,0,07,000,00,0,4,02,B01
201100020757,0,30,000,00,2,1,02,A01
201100020758,0,33,000,11,0,1,13,A01
201100020759,0,32,000,00,0,0,02,A01
201100020760,0,34,000,00,0,0,01,A01
201100020761,0,07,000,00,2,1,01,B01
201100020761,0,07,000,00,2,7,01,A01
201100020762,0,07,000,00,2,5,00,A01
201100020762,0,32,000,00,2,1,21,B01
201100020763,0,07,000,00,2,4,01,B01
201100020763,0,07,000,00,2,1,01,A01
201100020764,0,07,000,00,2,8,01,B01
201100020764,0,07,000,00,2,1,01,A01
201100020765,0,07,000,00,2,3,16,A01
201100020765,0,07,000,00,2,5,02,B01
201100020765,0,07,000,00,0,8,23,C01
201100020766,0,31,000,06,0,1,01,A01
201100020767,0,30,000,00,2,1,01,B01
201100020767,0,07,000,00,2,1,15,A01
201100020768,0,07,000,00,2,3,15,A01
201100020768,0,07,000,00,2,1,01,B01
201100020769,0,32,000,00,2,3,00,A01
201100020769,0,07,000,00,2,7,00,B01
201100020770,0,07,000,00,2,3,15,A01
201100020770,0,33,000,00,2,1,17,B01
201100020771,0,07,000,00,2,4,02,C01
201100020771,0,07,000,00,2,1,02,A01
201100020771,0,07,000,00,2,4,02,B01
201100020772,0,07,000,00,2,3,20,A01
201100020772,0,33,000,00,2,1,01,B01
201100020773,0,07,000,00,2,3,15,B01
201100020773,0,33,000,00,2,2,01,A01
201100020774,0,07,000,00,0,0,23,C01
201100020774,0,02,000,01,0,1,21,A01
201100020775,0,07,000,00,1,1,00,A01
201100020776,0,07,000,00,9,8,04,A01
201100020776,0,40,000,00,2,8,01,B01
201100020777,0,02,000,00,2,1,01,B01
201100020777,0,07,000,00,2,3,15,A01
201100020778,0,07,000,00,2,3,01,B01
201100020778,0,31,000,00,2,1,00,A01
201100020779,0,33,000,00,2,7,11,A01
201100020779,0,07,000,00,2,6,09,B01
201100020780,0,33,000,00,1,1,01,A01
201100020781,0,30,000,00,1,1,00,A01
201100020782,0,30,000,00,2,1,02,B01
201100020782,0,07,000,00,9,8,02,A01
201100020783,0,34,000,00,2,3,00,B01
201100020783,0,07,000,00,2,1,15,A01
201100020784,0,32,000,00,2,1,02,B01
201100020784,1,07,000,00,2,3,15,A01
201100020785,0,07,000,00,0,5,04,A01
201100020785,0,30,000,00,0,1,00,B01
201100020786,0,07,000,00,1,7,00,B01
201100020787,0,07,000,00,1,2,01,A01
201100020788,0,07,000,00,2,8,15,B01
201100020788,0,32,000,00,2,1,17,A01
201100020789,0,07,000,00,2,8,09,A01
201100020789,0,31,000,00,2,1,01,B01
201100020790,0,07,000,00,2,4,02,B01
201100020790,0,07,000,00,2,1,02,A01
201100020791,0,10,000,00,2,3,11,A01
201100020791,0,34,000,00,2,1,17,B01
201100020792,0,07,000,00,2,4,02,C01
201100020792,0,34,000,00,2,1,02,A01
201100020792,0,07,000,00,2,4,02,B01
201100020793,0,33,000,00,0,1,01,B01
201100020793,2,33,000,00,0,1,05,A01
201100020794,0,07,000,00,2,4,02,C01
201100020794,0,07,000,00,2,1,02,A01
201100020794,0,07,000,00,2,1,02,B01
201100020795,0,32,000,00,2,1,01,B01
201100020795,0,10,000,00,2,3,15,A01
201100020796,0,07,000,08,0,1,15,A01
201100020797,0,07,000,00,1,8,00,A01
201100020798,0,30,000,00,0,8,01,B01
201100020798,0,07,000,00,0,1,01,A01
201100020799,0,07,000,01,2,5,01,A01
201100020799,0,07,000,00,2,1,01,B01
201100020800,0,07,000,02,2,1,01,A01
201100020801,0,07,000,00,2,4,01,B01
201100020801,1,07,000,00,2,1,01,Z01
201100020801,0,07,000,00,2,4,01,C01
201100020802,0,07,000,00,2,3,01,A01
201100020802,0,30,000,00,2,7,01,B01
201100020803,0,07,000,02,0,2,00,A01
201100020804,0,30,000,11,0,7,13,A01
201100020804,0,07,000,00,2,3,02,C01
201100020804,0,07,000,00,2,5,21,B01
201100020805,0,10,000,00,2,3,01,B01
201100020805,0,34,000,00,2,2,01,A01
201100020806,0,07,000,00,2,5,14,B01
201100020806,0,34,000,01,2,3,14,A01
201100020807,0,07,000,00,0,4,01,B01
201100020807,0,07,000,00,2,1,01,A01
201100020808,0,07,000,00,2,4,00,B01
201100020808,0,07,000,00,2,1,00,A01
201100020809,0,07,000,00,0,5,00,B01
201100020809,0,33,000,00,2,1,00,A01
201100020810,0,32,000,00,5,1,02,A01
201100020811,1,14,000,00,2,7,14,Z01
201100020811,0,33,000,00,2,8,01,B01
201100020812,0,07,000,00,1,7,01,A01
201100020813,0,07,000,00,2,1,02,A01
201100020813,0,07,000,00,2,4,23,B01
201100020814,0,33,000,00,1,1,01,A01
201100020815,0,07,000,08,0,8,11,A01
201100020815,0,34,000,00,0,7,17,B01
201100020816,0,07,000,00,2,1,02,D01
201100020816,0,07,000,00,2,4,02,A01
201100020816,0,07,000,00,2,1,00,B01
201100020816,0,07,000,00,2,1,02,C01
201100020817,0,07,000,00,2,4,00,C01
201100020817,0,07,000,00,2,4,23,B01
201100020817,0,07,000,00,2,1,00,A01
201100020818,0,07,000,00,1,3,15,A01
201100020818,0,30,000,00,2,1,01,B01
201100020819,0,32,000,00,2,1,01,B01
201100020819,0,07,000,00,2,2,15,A01
201100020820,0,07,000,00,0,3,15,A01
201100020820,0,34,000,00,0,0,00,B01
201100020821,0,10,000,00,2,3,19,B01
201100020821,0,07,000,00,2,7,01,A01
201100020822,0,33,000,01,0,1,01,A01
201100020823,0,07,000,00,2,6,19,B01
201100020823,0,33,000,00,2,1,01,A01
201100020824,0,07,000,00,2,7,13,A01
201100020825,0,07,000,00,2,5,22,A01
201100020825,0,33,000,01,0,1,18,B01
201100020826,0,07,000,00,1,2,01,A01
201100020827,0,30,000,00,2,1,13,A01
201100020827,1,07,000,00,2,1,01,Z01
201100020828,0,07,000,08,0,2,00,A01
201100020829,0,32,000,00,0,8,01,A01
201100020830,0,07,000,00,0,1,02,A01
201100020831,0,07,000,00,1,1,01,A01
201100020832,0,07,000,00,2,7,16,A01
201100020832,0,32,000,00,2,8,01,B01
201100020833,0,07,000,00,2,3,01,B01
201100020833,0,07,000,01,2,3,01,A01
201100020834,0,07,000,00,1,3,01,A01
201100020835,0,30,000,00,1,1,01,A01
201100020836,0,34,000,00,2,2,01,A01
201100020836,0,07,000,00,2,8,15,B01
201100020837,0,07,000,00,0,1,14,A01
201100020838,0,01,000,00,2,7,16,A01
201100020838,0,30,000,00,2,1,02,B01
201100020839,0,07,000,00,2,3,01,B01
201100020839,0,07,000,00,2,1,13,A01
201100020840,0,07,000,00,2,3,09,A01
201100020840,0,33,000,00,2,1,01,B01
201100020841,0,32,000,01,0,1,02,A01
201100020842,1,07,000,00,1,8,01,Z01
201100020843,1,07,000,00,2,1,15,Z01
201100020843,0,30,000,00,2,3,01,A01
201100020844,1,33,000,00,2,0,01,Z01
201100020844,0,30,000,00,2,0,23,B01
201100020845,1,07,000,00,1,0,01,Z01
201100020846,1,32,000,00,2,0,13,Z01
201100020846,0,34,000,00,2,7,01,A01
201100020847,0,07,000,00,2,7,01,B01
201100020847,0,30,000,00,2,8,18,A01
201100020848,0,07,000,00,2,1,02,A01
201100020848,0,07,000,00,2,4,02,C01
201100020848,0,07,000,00,2,1,02,B01
201100020849,0,33,000,00,2,1,05,A01
201100020849,0,07,000,00,2,3,02,B01
201100020850,0,10,000,00,2,3,15,A01
201100020850,0,31,000,00,2,1,01,B01
201100020851,0,07,000,00,1,1,01,A01
201100020852,0,32,000,00,2,5,09,A01
201100020852,0,33,000,00,2,1,00,B01
201100020853,0,07,000,00,2,2,15,A01
201100020853,0,07,000,00,2,3,01,B01
201100020854,0,07,000,00,2,3,15,B01
201100020854,0,32,000,00,2,1,17,A01
201100020855,0,07,000,00,0,8,01,B01
201100020855,0,07,000,00,0,1,01,A01
201100020856,0,07,000,00,0,0,10,A01
201100020856,0,30,000,00,2,1,17,B01
201100020857,0,30,000,00,0,0,01,A01
201100020858,1,10,000,00,1,0,01,Z01
201100020859,0,07,000,02,0,1,02,A01
201100020859,0,07,000,00,2,5,02,B01
201100020860,0,32,000,00,2,1,02,B01
201100020860,0,07,000,00,2,8,15,A01
201100020861,0,36,000,06,0,2,15,A01
201100020862,0,07,000,00,0,4,02,C01
201100020862,0,07,000,00,2,1,02,A01
201100020862,0,07,000,00,2,4,02,B01
201100020863,0,07,000,00,0,6,10,B01
201100020863,0,32,000,00,2,9,01,A01
201100020864,0,10,000,00,2,1,01,A01
201100020864,0,07,000,00,2,8,01,B01
201100020865,0,33,000,00,0,1,16,B01
201100020865,0,10,000,00,0,3,11,A01
201100020866,1,07,000,00,2,3,18,Z01
201100020866,0,33,000,00,2,7,15,A01
201100020867,0,07,000,00,2,7,09,A01
201100020867,0,07,000,00,2,1,02,B01
201100020868,0,07,000,00,2,5,02,A01
201100020868,0,02,000,00,2,3,02,B01
201100020869,1,07,000,00,1,0,00,Z01
201100020870,0,32,000,00,2,4,01,B01
201100020870,0,33,000,00,0,4,01,C01
201100020870,0,07,000,00,2,1,01,A01
201100020871,0,07,000,00,2,1,01,A01
201100020871,0,07,000,00,2,4,01,C01
201100020871,0,07,000,00,2,4,01,B01
201100020872,0,07,000,00,2,3,11,A01
201100020872,0,32,000,00,2,1,17,B01
201100020873,0,07,000,00,1,3,01,A01
201100020874,0,07,000,00,2,8,01,B01
201100020874,0,07,000,00,2,1,01,A01
201100020875,0,30,000,00,2,1,18,B01
201100020875,0,07,000,00,2,7,14,A01
201100020876,0,34,000,00,1,2,17,A01
201100020877,0,33,000,00,2,7,17,B01
201100020877,0,07,000,00,2,8,13,A01
201100020878,0,07,000,00,2,1,01,B01
201100020878,0,07,000,00,2,3,09,A01
201100020879,0,32,000,00,2,1,01,B01
201100020879,0,07,000,00,2,5,10,A01
201100020880,1,07,000,00,2,0,01,Z01
201100020880,0,01,000,00,1,0,01,B01
201100020881,0,30,000,00,0,8,02,A01
201100020881,1,07,000,00,2,7,17,Z01
201100020882,0,33,000,00,1,0,21,A01
201100020883,0,07,000,00,2,8,01,A01
201100020883,0,07,000,00,2,1,01,B01
201100020884,0,07,000,00,2,1,02,A01
201100020884,0,31,000,00,2,1,02,B01
201100020885,0,34,000,00,2,0,01,A01
201100020885,1,07,000,00,2,0,09,Z01