Num_Acc,senc,catv,occutc,obs,obsm,choc,manv,num_veh
201100021607,0,07,000,00,2,1,01,B01
201100021608,0,07,000,00,2,1,09,A01
201100021608,0,07,000,00,2,7,01,B01
201100021609,0,07,000,00,2,3,00,A01
201100021609,0,17,000,00,2,2,09,B01
201100021610,0,07,000,00,2,2,01,A01
201100021610,0,07,000,00,2,3,01,B01
201100021611,0,07,000,00,2,1,02,A01
201100021611,0,07,000,00,0,4,02,B01
201100021612,0,07,000,06,0,0,00,A01
201100021613,0,33,000,00,2,1,17,B01
201100021613,0,07,000,00,0,3,15,A01
201100021614,0,15,000,00,0,6,24,B01
201100021614,0,07,000,00,2,2,14,A01
201100021615,0,33,000,00,2,1,01,B01
201100021615,0,07,000,00,0,3,19,A01
201100021616,0,07,000,00,1,3,01,A01
201100021617,0,33,000,09,2,5,09,A01
201100021617,0,07,000,00,2,3,01,B01
201100021618,0,07,000,00,2,1,01,B01
201100021618,0,07,000,02,2,2,01,A01
201100021619,0,07,000,00,2,2,20,A01
201100021619,0,33,000,01,2,8,01,B01
201100021620,0,07,000,00,0,4,00,B01
201100021620,0,02,000,00,2,1,02,A01
201100021621,0,07,000,00,2,2,01,C01
201100021621,0,07,000,00,2,3,01,B01
201100021621,0,02,000,00,2,9,17,A01
201100021622,0,07,000,00,1,1,00,A01
201100021623,0,07,000,00,2,1,13,A01
201100021623,0,07,000,00,2,3,00,B01
201100021624,0,07,000,00,2,1,02,B01
201100021624,0,07,000,00,0,4,23,A01
201100021625,0,02,000,00,2,7,09,A01
201100021626,0,01,000,00,2,1,00,B01
201100021626,0,07,000,07,2,1,05,A01
201100021627,0,07,000,06,0,0,00,A01
201100021628,0,07,000,00,2,3,00,A01
201100021628,0,07,000,00,2,3,01,B01
201100021629,0,07,000,00,1,1,01,A01
201100021630,0,17,000,00,2,3,01,B01
201100021630,0,33,000,00,2,1,13,A01
201100021631,0,10,000,00,0,0,16,A01
201100021631,0,32,000,00,0,6,01,B01
201100021632,0,07,000,00,1,1,01,A01
201100021633,0,07,000,00,2,8,01,C01
201100021633,0,07,000,00,0,5,15,B01
201100021633,0,34,000,00,2,1,17,A01
201100021634,0,33,000,00,2,2,02,A01
201100021634,0,10,000,00,2,6,10,B01
201100021635,0,30,000,00,2,1,17,A01
201100021635,0,07,000,00,2,6,15,B01
201100021636,0,07,000,00,2,1,01,A01
201100021636,0,07,000,00,2,3,02,B01
201100021637,0,07,000,00,2,1,00,B01
201100021637,0,07,000,00,2,2,13,A01
201100021638,0,07,000,00,1,2,16,A01
201100021639,0,30,000,00,2,2,01,B01
201100021639,0,07,000,00,2,2,09,A01
201100021640,0,07,000,00,2,3,15,B01
201100021640,0,07,000,00,2,3,01,A01
201100021641,0,07,000,00,1,3,09,A01
201100021642,0,07,000,00,1,1,01,A01
201100021643,0,07,000,00,0,3,17,B01
201100021643,0,02,000,00,2,2,05,A01
201100021643,0,07,000,00,0,1,23,C01
201100021644,0,07,000,00,1,1,09,A01
201100021645,0,07,000,15,0,8,01,A01
201100021646,0,07,000,00,2,2,15,A01
201100021646,0,07,000,00,2,1,01,B01
201100021647,0,07,000,00,2,1,11,A01
201100021647,0,07,000,00,2,2,01,B01
201100021648,0,13,000,07,0,9,01,A01
201100021649,0,07,000,00,0,0,20,A01
201100021650,0,07,000,00,2,6,15,B01
201100021650,0,07,000,00,2,1,17,A01
201100021651,0,07,000,15,0,1,00,A01
201100021652,0,31,000,00,2,1,19,A01
201100021652,0,07,000,00,2,3,15,B01
201100021653,0,07,000,00,2,1,02,B01
201100021653,0,07,000,00,2,5,02,C01
201100021653,0,10,000,00,2,1,02,A01
201100021654,0,07,000,13,0,8,00,A01
201100021655,0,07,000,00,2,1,13,A01
201100021655,0,10,000,00,2,1,01,B01
201100021656,0,07,000,00,2,1,02,A01
201100021656,0,07,000,00,0,4,12,B01
201100021657,0,07,000,13,0,3,13,A01
201100021658,0,07,000,13,0,2,01,A01
201100021659,0,01,000,00,2,3,02,A01
201100021659,0,07,000,00,9,2,17,B01
201100021660,0,02,000,00,0,5,01,B01
201100021660,0,07,000,00,2,3,09,A01
201100021661,0,07,000,00,2,5,01,A01
201100021661,0,01,000,00,2,5,11,B01
201100021662,0,07,000,00,1,1,01,A01
201100021663,0,07,000,00,2,8,01,B01
201100021663,0,07,000,00,2,8,01,C01
201100021663,0,07,000,00,2,2,17,A01
201100021664,0,07,000,00,2,8,15,A01
201100021664,0,07,000,00,2,1,01,B01
201100021665,0,07,000,00,2,9,17,A01
201100021665,0,07,000,00,2,3,01,B01
201100021666,0,07,000,00,2,1,01,B01
201100021666,0,07,000,00,2,1,01,A01
201100021667,0,07,000,00,2,3,00,A01
201100021667,0,07,000,00,2,3,16,B01
201100021668,0,30,000,00,0,8,01,A01
201100021669,0,07,000,00,0,4,02,B01
201100021669,0,07,000,00,2,3,02,A01
201100021670,1,30,000,00,2,7,02,A01
201100021670,0,01,000,00,2,6,02,B01
201100021671,0,34,000,00,0,8,02,A01
201100021672,0,14,000,06,0,1,01,A01
201100021673,1,34,000,00,1,1,18,A01
201100021674,0,07,000,00,2,4,02,B01
201100021674,0,07,000,00,2,4,02,C01
201100021674,0,07,000,00,2,1,02,A01
201100021675,0,32,000,00,2,1,01,A01
201100021675,0,07,000,00,2,2,09,B01
201100021676,0,07,000,08,0,1,01,A01
201100021677,0,07,000,06,0,1,01,A01
201100021678,0,07,000,00,2,1,09,A01
201100021678,0,07,000,00,2,2,01,B01
201100021679,0,07,000,00,2,4,02,B01
201100021679,0,07,000,00,2,1,02,A01
201100021679,0,07,000,00,0,4,02,C01
201100021680,0,07,000,00,1,2,02,A01
201100021681,0,33,000,00,0,8,01,A01
201100021682,0,30,000,00,0,8,01,A01
201100021683,0,07,000,02,0,8,01,A01
201100021684,0,07,000,00,2,4,02,B01
201100021684,0,07,000,00,2,1,02,A01
201100021685,0,07,000,00,2,4,02,B01
201100021685,0,07,000,00,2,1,02,A01
201100021686,0,30,000,00,0,8,01,A01
201100021687,0,07,000,00,2,1,02,A01
201100021687,0,07,000,00,2,4,02,B01
201100021688,0,07,000,00,2,1,01,B01
201100021688,0,07,000,00,2,7,01,A01
201100021689,0,07,000,00,0,3,01,A01
201100021690,0,07,000,06,0,2,01,A01
201100021691,0,07,000,00,2,1,02,B01
201100021691,0,07,000,00,2,1,13,A01
201100021691,0,03,000,00,2,1,01,C01
201100021692,0,07,000,00,0,8,19,A01
201100021692,0,33,000,00,2,1,01,B01
201100021693,0,10,000,08,0,3,21,A01
201100021694,0,07,000,01,0,1,01,A01
201100021695,1,07,000,00,1,0,00,Z01
201100021696,2,07,000,00,2,3,16,A01
201100021696,0,07,000,00,2,7,01,B01
201100021697,0,07,000,00,2,1,01,B01
201100021697,0,07,000,00,2,1,09,A01
201100021698,0,07,000,00,2,1,12,A01
201100021698,0,30,000,00,0,4,16,B01
201100021699,0,33,000,00,2,1,02,A01
201100021699,0,07,000,00,2,1,15,B01
201100021700,0,07,000,00,2,6,02,B01
201100021700,0,07,000,04,2,1,02,A01
201100021700,1,99,000,00,2,0,02,Z01
201100021701,0,07,000,00,1,3,01,A01
201100021702,0,33,000,00,2,1,02,B01
201100021702,0,07,000,00,2,6,09,A01
201100021703,0,02,000,00,2,4,01,B01
201100021703,0,02,000,00,2,1,02,A01
201100021704,0,13,000,00,2,2,12,A01
201100021704,0,07,000,00,2,6,01,B01
201100021705,0,07,000,00,0,6,02,B01
201100021705,0,07,000,00,2,2,02,A01
201100021706,0,30,000,00,0,8,01,A01
201100021707,0,07,000,12,0,1,01,A01
201100021708,0,15,000,00,2,2,00,B01
201100021708,0,07,000,00,2,3,00,A01
201100021709,0,07,000,00,2,3,10,A01
201100021709,0,14,000,00,2,2,01,B01
201100021710,0,07,000,00,2,3,00,A01
201100021710,0,07,000,00,2,3,00,B01
201100021711,0,07,000,00,2,9,01,A01
201100021711,0,34,000,00,2,1,01,B01
201100021712,0,07,000,13,0,9,14,A01
201100021713,0,07,000,14,0,1,00,A01
201100021714,0,32,000,03,0,1,02,A01
201100021715,0,07,000,00,0,4,02,C01
201100021715,0,07,000,00,0,4,02,B01
201100021715,0,07,000,00,0,1,02,A01
201100021716,0,07,000,00,2,3,01,A01
201100021716,0,07,000,00,2,3,01,B01
201100021717,0,07,000,14,0,1,02,E01
201100021717,0,07,000,14,0,1,02,C01
201100021717,0,07,000,14,0,1,02,D01
201100021717,0,99,000,07,0,1,02,B01
201100021717,0,07,000,00,0,4,23,A01
201100021718,0,33,000,01,2,1,01,B01
201100021718,0,07,000,00,0,3,15,A01
201100021719,0,07,000,00,2,4,02,B01
201100021719,0,07,000,00,2,1,02,A01
201100021720,0,07,000,00,0,4,16,B01
201100021720,0,07,000,00,2,1,02,A01
201100021721,0,01,000,12,0,1,14,A01
201100021722,0,07,000,00,2,1,02,A01
201100021722,0,07,000,00,2,4,02,B01
201100021723,0,15,000,00,2,3,01,B01
201100021723,0,07,000,00,2,7,12,A01
201100021723,0,07,000,00,0,0,00,C01
201100021724,0,07,000,00,2,3,10,A01
201100021724,0,30,000,00,2,1,01,B01
201100021725,0,07,000,00,1,3,00,A01
201100021726,0,07,000,08,0,7,13,A01
201100021727,0,07,000,00,2,2,00,A01
201100021727,0,07,000,00,2,3,15,B01
201100021728,0,07,000,00,2,2,01,B01
201100021728,0,07,000,00,2,6,11,A01
201100021729,0,30,000,00,2,1,01,B01
201100021729,0,07,000,00,2,1,17,A01
201100021730,0,07,000,00,0,6,02,B01
201100021730,0,07,000,00,2,1,02,A01
201100021731,0,07,000,00,2,1,00,B01
201100021731,0,02,000,00,2,1,00,A01
201100021732,0,07,000,00,1,2,01,A01
201100021733,0,07,000,00,2,1,23,B01
201100021733,0,07,000,00,2,3,13,A01
201100021734,0,07,000,00,2,1,00,B01
201100021734,0,07,000,00,2,5,11,A01
201100021735,0,33,000,00,2,1,00,A01
201100021735,0,07,000,00,1,1,01,B01
201100021736,0,07,000,00,2,1,00,B01
201100021736,0,07,000,00,2,3,02,C01
201100021736,0,07,000,00,2,1,00,A01
201100021737,0,33,000,00,0,8,00,A01
201100021738,0,07,000,00,2,4,02,B01
201100021738,0,07,000,00,2,1,02,A01
201100021739,0,07,000,00,2,8,13,A01
201100021739,0,34,000,00,2,7,14,B01
201100021740,0,07,000,00,2,3,13,A01
201100021740,0,07,000,00,2,3,01,B01
201100021741,0,07,000,00,2,1,02,A01
201100021741,0,07,000,00,0,4,02,B01
201100021742,0,07,000,00,2,1,01,A01
201100021742,0,07,000,00,0,4,02,B01
201100021743,0,02,000,00,2,1,00,A01
201100021743,0,07,000,00,2,7,00,B01
201100021744,0,07,000,00,2,7,16,A01
201100021744,0,30,000,00,2,1,01,B01
201100021745,0,07,000,00,1,1,01,A01
201100021746,0,32,000,08,0,1,13,A01
201100021747,0,07,000,00,0,4,02,B01
201100021747,0,10,000,00,2,3,02,A01
201100021748,0,07,000,06,0,9,00,A01
201100021749,0,31,000,00,0,0,00,A01
201100021750,0,30,000,00,0,0,15,A01
201100021751,0,07,000,00,2,3,02,A01
201100021751,0,07,000,00,2,5,02,B01
201100021752,0,32,000,00,2,1,01,B01
201100021752,0,07,000,00,2,6,09,A01
201100021753,0,32,000,00,2,7,17,B01
201100021753,0,07,000,00,2,3,15,A01
201100021754,0,07,000,00,2,1,11,A01
201100021754,0,07,000,00,2,7,01,B01
201100021755,0,07,000,08,0,2,21,A01
201100021756,0,07,000,00,2,3,01,B01
201100021756,0,07,000,00,2,7,00,A01
201100021757,0,07,000,03,0,1,01,A01
201100021758,0,07,000,00,2,3,15,B01
201100021758,0,33,000,00,2,7,17,A01
201100021759,0,07,000,11,2,1,01,B01
201100021759,0,07,000,00,2,1,15,A01
201100021760,0,02,000,00,2,1,18,A01
201100021760,0,07,000,00,2,5,15,B01
201100021761,0,07,000,00,2,4,02,B01
201100021761,0,07,000,00,2,1,02,A01
201100021762,0,07,000,00,0,0,21,A01
201100021763,0,07,000,00,0,3,01,B01
201100021763,0,07,000,00,2,5,18,A01
201100021764,0,07,000,00,2,9,02,A01
201100021764,0,31,000,00,2,4,02,C01
201100021764,0,07,000,00,2,9,02,B01
201100021765,0,07,000,00,2,1,00,A01
201100021765,0,07,000,00,2,1,00,B01
201100021766,0,07,000,03,0,1,01,A01
201100021767,0,30,000,00,2,6,11,B01
201100021767,0,07,000,00,2,2,02,A01
201100021768,0,33,000,00,2,7,01,B01
201100021768,0,07,000,00,2,3,09,A01
201100021769,0,01,000,00,2,8,11,A01
201100021769,0,07,000,00,9,7,02,B01
201100021770,1,07,000,00,0,0,00,A01
201100021770,0,02,000,00,0,0,21,B01
201100021771,0,33,000,00,0,1,01,A01
201100021772,1,07,000,00,2,3,15,A01
201100021772,0,01,000,00,2,1,16,B01
201100021773,0,07,000,12,0,0,00,A01
201100021774,0,07,000,03,0,2,01,A01
201100021775,0,07,000,00,9,2,09,A01
201100021775,0,01,000,00,2,1,01,B01
201100021776,0,07,000,06,0,1,00,A01
201100021777,0,33,000,00,0,1,02,A01
201100021778,0,03,000,12,0,2,02,A01
201100021779,0,07,000,01,0,1,21,A01
201100021780,0,07,000,00,2,4,20,A01
201100021780,0,33,000,00,2,7,21,B01
201100021781,0,07,000,00,2,3,06,A01
201100021781,0,31,000,00,2,2,21,B01
201100021782,0,07,000,00,2,3,19,A01
201100021782,0,07,000,00,2,3,01,B01
201100021783,0,07,000,00,0,0,19,A01
201100021783,0,33,000,00,2,2,01,B01
201100021784,0,07,000,06,0,1,01,A01
201100021785,0,07,000,00,2,4,01,B01
201100021785,0,38,009,00,2,1,01,A01
201100021785,0,07,000,00,2,4,02,C01
201100021785,0,07,000,00,0,4,02,D01
201100021786,0,33,000,12,0,7,14,A01
201100021787,0,07,000,08,0,1,16,A01
201100021788,0,07,000,00,2,2,02,A01
201100021788,0,07,000,00,0,5,02,B01
201100021789,0,07,000,01,0,1,14,A01
201100021790,0,07,000,08,2,8,01,B01
201100021790,0,15,000,00,2,1,00,A01
201100021791,0,33,000,00,2,7,01,B01
201100021791,0,07,000,00,2,6,04,A01
201100021792,0,07,000,00,2,3,02,A01
201100021792,0,07,000,00,2,9,02,B01
201100021792,0,07,000,00,0,4,02,C01
201100021793,0,30,000,00,2,3,01,B01
201100021793,0,07,000,00,2,7,14,A01
201100021794,1,07,000,00,1,0,00,Z01
201100021795,0,07,000,00,2,3,15,A01
201100021795,0,07,000,00,2,7,02,B01
201100021796,0,07,000,00,2,7,01,B01
201100021796,0,07,000,00,2,1,16,A01
201100021797,0,07,000,00,2,2,16,A01
201100021797,0,07,000,12,2,8,01,B01
201100021798,0,33,000,00,0,1,01,B01
201100021798,0,07,000,00,0,2,00,A01
201100021799,0,30,000,00,0,1,00,A01
201100021800,0,07,000,00,0,2,17,A01
201100021800,0,07,000,00,0,6,15,B01
201100021801,0,07,000,00,1,3,01,A01
201100021802,0,07,000,00,0,1,05,A01
201100021802,0,07,000,00,0,1,00,B01
201100021803,0,07,000,00,2,4,02,B01
201100021803,0,07,000,00,2,1,02,A01
201100021803,0,07,000,00,0,4,02,C01
201100021804,0,07,000,00,2,4,00,C01
201100021804,0,02,000,00,2,1,00,A01
201100021804,0,07,000,00,2,3,00,B01
201100021805,0,07,000,00,2,3,01,A01
201100021805,0,07,000,00,0,2,01,B01
201100021806,0,07,000,00,2,1,02,A01
201100021806,0,07,000,00,2,4,01,B01
201100021807,0,07,000,00,0,3,13,A01
201100021807,0,07,000,08,2,3,01,B01
201100021808,0,07,000,00,1,2,21,A01
201100021809,0,07,000,00,1,0,00,A01
201100021810,0,07,000,00,2,3,15,A01
201100021810,0,07,000,00,2,6,01,B01
201100021811,0,02,000,00,2,3,00,A01
201100021811,0,07,000,00,2,3,00,B01
201100021812,0,33,000,12,0,1,17,A01
201100021813,0,07,000,00,2,5,01,B01
201100021813,0,07,000,00,2,3,01,A01
201100021814,0,07,000,00,2,1,15,A01
201100021814,0,07,000,00,2,1,01,B01
201100021815,0,30,000,00,2,7,16,A01
201100021815,2,07,000,00,2,3,15,Z01
201100021816,0,07,000,00,0,6,02,B01
201100021816,0,07,000,00,0,2,02,A01
201100021817,0,07,000,00,2,6,01,B01
201100021817,0,07,000,00,2,3,17,A01
201100021818,0,33,000,00,2,3,11,A01
201100021818,0,07,000,00,2,1,01,B01
201100021819,0,07,000,00,2,8,00,B01
201100021819,0,32,000,00,2,1,02,A01
201100021820,0,07,000,00,2,5,15,A01
201100021820,0,07,000,00,2,2,01,B01
201100021821,0,07,000,00,2,5,02,B01
201100021821,0,32,000,00,2,1,02,A01
201100021822,0,32,000,00,2,1,17,C01
201100021822,0,32,000,00,2,1,17,B01
201100021822,0,07,000,00,2,8,09,A01
201100021823,0,30,000,00,2,7,17,A01
201100021823,0,07,000,00,2,3,02,B01
201100021824,0,07,000,00,2,2,15,A01
201100021824,0,07,000,00,2,3,01,B01
201100021825,0,34,000,00,2,1,01,B01
201100021825,0,07,000,00,2,8,00,A01
201100021826,0,07,000,00,2,4,02,C01
201100021826,0,07,000,00,2,4,02,B01
201100021826,0,07,000,00,2,2,01,A01
201100021827,0,07,000,06,0,1,00,A01
201100021828,0,07,000,00,0,0,19,B01
201100021828,0,33,000,00,0,0,21,A01
201100021829,0,07,000,00,2,2,01,B01
201100021829,0,33,000,00,2,8,18,A01
201100021830,0,07,000,00,0,4,02,C01
201100021830,0,07,000,00,2,4,02,B01
201100021830,0,07,000,00,2,1,02,A01
201100021831,0,07,000,00,2,4,02,D01
201100021831,0,07,000,00,2,4,02,B01
201100021831,0,07,000,00,2,4,02,C01
201100021831,0,07,000,00,2,1,02,A01
201100021832,0,07,000,13,0,7,00,A01
201100021833,0,07,000,00,1,6,01,A01
201100021834,0,14,000,00,2,1,02,A01
201100021834,0,07,000,00,2,4,02,C01
201100021834,0,07,000,00,2,4,02,B01
201100021835,0,07,000,00,2,3,02,A01
201100021835,0,07,000,00,0,5,15,B01
201100021836,0,31,000,00,2,7,02,A01
201100021836,0,07,000,00,0,3,02,B01
201100021837,0,07,000,01,1,8,00,B01
201100021837,0,07,000,00,1,1,00,A01
201100021838,0,07,000,00,0,2,01,A01
201100021839,0,07,000,00,2,1,01,A01
201100021839,0,07,000,00,0,4,01,C01
201100021839,0,07,000,00,2,4,01,B01
201100021840,0,32,000,00,2,1,17,B01
201100021840,0,07,000,00,2,6,10,A01
201100021841,0,07,000,00,2,3,15,B01
201100021841,0,07,000,00,2,3,23,A01
201100021842,0,07,000,00,2,3,15,A01
201100021842,0,33,000,00,2,2,16,B01
201100021843,0,07,000,00,2,2,01,B01
201100021843,0,07,000,00,2,3,15,A01
201100021844,0,07,000,00,2,7,15,A01
201100021844,0,33,000,00,2,1,01,B01
201100021844,0,07,000,00,2,1,02,C01
201100021845,0,02,000,00,2,1,18,A01
201100021845,0,07,000,00,2,5,16,B01
201100021846,0,07,000,00,2,8,01,B01
201100021846,0,07,000,00,2,1,09,A01
201100021847,0,07,000,00,2,1,02,A01
201100021847,0,07,000,00,2,4,02,B01
201100021848,0,30,000,00,0,4,02,B01
201100021848,0,07,000,00,2,0,02,A01
201100021849,0,33,000,00,2,1,02,B01
201100021849,0,07,000,00,2,7,15,A01
201100021850,0,07,000,13,2,7,15,A01
201100021850,0,07,000,13,2,1,01,B01
201100021851,0,33,000,00,0,0,01,A01
201100021852,0,07,000,00,2,3,15,B01
201100021852,0,33,000,00,2,1,17,A01
201100021853,0,07,000,00,0,9,13,A01
201100021854,0,07,000,00,1,4,04,A01
201100021855,0,07,000,00,0,1,00,A01
201100021856,0,07,000,00,2,1,01,A01
201100021856,0,07,000,00,2,3,01,B01
201100021857,0,10,000,00,2,0,01,B01
201100021857,0,07,000,04,2,0,01,A01
201100021858,0,07,000,00,2,1,01,B01
201100021858,0,07,000,00,2,7,15,A01
201100021859,0,33,000,08,0,1,01,A01
201100021860,0,07,000,13,0,7,16,A01
201100021861,0,07,000,13,0,3,00,A01
201100021862,0,07,000,00,2,1,21,A01
201100021862,0,07,000,00,2,1,21,B01
201100021862,0,07,000,00,2,4,01,C01
201100021863,0,07,000,00,2,3,01,A01
201100021863,0,07,000,00,2,3,01,B01
201100021864,0,07,000,00,0,9,02,A01
201100021865,0,33,000,00,0,8,01,A01
201100021866,0,30,000,00,0,0,01,A01
201100021867,0,07,000,00,2,3,09,A01
201100021867,0,07,000,00,2,7,15,B01
201100021868,0,07,000,00,9,7,02,B01
201100021868,0,01,000,00,2,1,11,A01
201100021869,0,07,000,00,2,1,02,A01
201100021869,0,07,000,00,2,4,02,B01
201100021870,0,30,000,00,2,2,03,A01
201100021870,0,07,000,00,2,2,15,B01
201100021871,0,07,000,00,2,3,02,A01
201100021871,0,31,000,00,2,1,02,B01
201100021872,0,07,000,02,0,7,01,A01
201100021873,0,07,000,00,2,1,02,B01
201100021873,0,07,000,00,2,1,02,C01
201100021873,0,07,000,00,2,1,02,D01
201100021873,0,07,000,00,2,1,02,E01
201100021873,0,07,000,00,2,1,02,A01
201100021873,0,07,000,00,2,4,02,F02
201100021874,0,33,000,00,2,1,17,A01
201100021874,0,07,000,00,2,3,15,B01
201100021875,0,07,000,00,2,5,01,B01
201100021875,0,07,000,00,2,6,01,A01
201100021876,0,32,000,00,2,1,02,A01
201100021876,1,07,000,00,2,3,10,Z01
201100021877,0,07,000,00,2,4,02,B01
201100021877,0,07,000,00,2,1,02,A01
201100021878,0,07,000,00,2,1,02,A01
201100021878,0,07,000,00,0,4,02,B01
201100021879,0,07,000,00,1,6,04,A01
201100021880,0,33,000,00,2,9,17,A01
201100021880,0,07,000,00,0,5,02,B01
201100021881,0,07,000,00,2,1,13,A01
201100021881,0,07,000,00,2,1,01,B01
201100021882,0,07,000,00,1,1,17,A01
201100021883,0,07,000,03,0,1,00,A01
201100021884,0,07,000,00,2,1,02,A01
201100021884,0,07,000,00,2,5,01,B01
201100021885,0,07,000,00,2,1,02,B01
201100021885,0,07,000,00,2,1,02,A01
201100021885,0,07,000,00,0,4,02,C01
201100021886,0,07,000,00,2,7,15,A01
201100021886,0,07,000,00,2,3,16,B01
201100021887,0,07,000,00,1,1,09,A01
201100021888,0,07,000,00,1,1,01,A01
201100021889,0,34,000,00,2,1,01,A01
201100021889,0,07,000,00,2,4,01,B01
201100021890,0,33,000,00,2,1,12,A01
201100021890,0,01,000,00,2,4,00,B01
201100021891,0,07,000,00,2,5,00,A01
201100021891,0,07,000,00,2,7,00,B01
201100021892,0,07,000,00,2,3,09,A01
201100021892,0,34,000,00,2,7,02,B01
201100021893,0,34,000,00,2,7,01,B01
201100021893,0,07,000,00,2,8,10,A01
201100021894,0,07,000,00,2,1,00,B01
201100021894,0,07,000,03,0,1,00,A01
201100021894,0,38,001,00,0,5,11,C01
201100021894,0,07,000,00,0,0,21,E01
201100021894,0,07,000,00,2,3,03,D01
201100021895,0,10,000,04,0,1,01,A01
201100021896,0,07,000,00,2,1,01,A01
201100021896,0,37,003,00,2,6,01,B01
201100021897,0,07,000,00,2,3,15,A01
201100021897,0,32,000,00,2,1,01,B01
201100021898,0,07,000,00,0,4,01,B01
201100021898,0,07,000,00,2,1,02,A01
201100021899,0,07,000,00,1,1,01,A01
201100021900,0,07,000,00,0,4,02,B01
201100021900,0,07,000,00,2,1,02,A01
201100021901,0,07,000,00,1,1,01,A01
201100021902,0,07,000,00,2,7,09,A01
201100021902,0,07,000,00,2,6,01,B01
201100021903,0,33,000,00,0,8,01,A01
201100021904,0,07,000,00,2,1,01,A01
201100021904,0,07,000,00,2,4,01,B01
201100021905,0,07,000,00,2,7,02,B01
201100021905,0,33,000,03,2,9,02,A01
201100021906,0,07,000,02,0,5,00,A01
201100021907,0,07,000,03,0,1,01,A01
201100021908,0,07,000,00,2,1,01,B01
201100021908,0,07,000,00,2,3,09,A01
201100021909,0,07,000,00,0,4,02,B01
201100021909,0,07,000,00,2,1,02,A01
201100021910,0,07,000,00,0,7,01,A01
201100021911,0,33,000,08,0,1,00,A01
201100021912,0,07,000,00,1,1,01,A01
201100021913,0,07,000,00,1,3,01,A01
201100021914,0,07,000,00,2,2,14,A01
201100021914,0,15,000,00,0,6,01,B02
201100021915,0,07,000,00,2,2,17,A01
201100021915,0,07,000,03,0,6,01,B02
201100021916,0,07,000,03,0,2,02,B02
201100021916,0,07,000,03,0,6,02,A01
201100021917,0,07,000,01,0,1,01,A01
201100021917,0,17,000,00,0,4,24,B02
201100021918,0,10,000,00,0,9,21,A01
201100021919,0,07,000,03,0,2,01,A01
201100021920,0,07,000,00,0,8,23,A01
201100021920,0,07,000,00,2,1,01,B02
201100021921,0,07,000,04,0,8,17,A01
201100021922,0,15,000,14,0,6,01,B02
201100021922,0,15,000,00,2,2,02,A01
201100021923,0,07,000,03,2,2,14,A01
201100021923,0,07,000,07,0,6,01,B02
201100021924,0,14,000,00,1,2,14,A01
201100021925,0,07,000,02,0,6,01,B02
201100021925,0,07,000,09,2,2,14,A01
201100021926,0,07,000,14,0,3,14,A01
201100021927,0,14,000,00,2,6,01,B02
201100021927,0,07,000,00,2,2,17,A01
201100021928,0,15,000,02,0,7,01,A01
201100021929,0,31,000,03,0,1,01,A01
201100021930,0,07,000,00,9,9,17,A01
201100021931,0,33,000,00,2,1,01,B02
201100021931,0,07,000,00,2,3,15,A01
201100021932,0,01,000,12,2,0,01,C03
201100021932,0,01,000,00,2,6,01,B02
201100021932,0,10,000,00,2,5,17,A01
201100021933,0,07,000,00,2,3,01,B02
201100021933,0,33,000,00,2,3,16,A01
201100021934,0,07,000,06,0,1,01,A01
201100021935,0,33,000,00,2,2,13,A01
201100021935,0,07,000,00,2,2,01,B02
201100021936,0,33,000,00,1,1,01,A01
201100021937,0,33,000,12,0,9,01,A01
201100021938,0,14,000,03,6,1,14,A01
201100021939,0,07,000,00,0,0,00,A01
201100021940,0,10,000,05,0,1,14,A01
201100021941,0,07,000,14,0,1,02,A01
201100021941,0,14,000,00,0,0,02,B02
201100021941,0,07,000,00,9,0,02,D04
201100021941,0,10,000,14,0,1,02,C03
201100021942,0,07,000,00,0,9,01,A01
201100021943,0,07,000,10,0,2,14,A01
201100021944,0,07,000,13,0,2,14,A01
201100021945,0,07,000,00,2,1,01,A01
201100021945,0,07,000,00,2,1,13,B02
201100021946,0,07,000,00,2,6,17,A01
201100021946,0,33,000,00,2,7,17,B02
201100021947,0,33,000,03,0,9,01,A01
201100021948,0,07,000,00,2,1,23,B02
201100021948,0,33,000,00,2,9,05,A01
201100021949,0,07,000,00,0,6,15,B02
201100021949,0,33,000,00,2,1,17,A01
201100021950,0,33,000,00,2,7,17,B02
201100021950,0,07,000,00,2,8,15,A01
201100021951,0,07,000,08,0,7,01,A01
201100021952,0,07,000,00,0,0,23,B02
201100021952,0,07,000,14,1,2,17,A01
201100021953,0,07,000,13,0,8,01,A01
201100021954,0,15,000,00,2,1,01,A01
201100021954,0,07,000,00,2,2,16,B02
201100021955,0,07,000,01,2,3,13,A01
201100021955,0,07,000,00,2,2,01,B02
201100021956,0,07,000,01,0,8,13,A01
201100021957,0,07,000,00,2,6,11,A01
201100021957,0,33,000,00,2,1,11,B02
201100021958,0,33,000,00,2,1,01,B02
201100021958,0,07,000,00,2,5,19,A01
201100021959,0,07,000,13,0,3,14,A01
201100021960,0,07,000,03,0,2,01,A01
201100021961,0,07,000,03,0,2,14,A01
201100021962,0,10,000,13,0,2,01,A01
201100021963,0,14,000,13,0,2,01,A01
201100021964,0,07,000,03,0,7,13,A01
201100021965,0,07,000,00,2,2,17,A01
201100021965,0,07,000,00,0,4,01,B02
201100021965,0,07,000,03,0,1,01,C03
201100021966,0,07,000,00,2,1,01,A01
201100021966,0,07,000,00,2,8,01,B02