Num_Acc,senc,catv,occutc,obs,obsm,choc,manv,num_veh
201100021967,0,07,000,00,2,1,01,A01
201100021967,0,07,000,13,2,4,01,B02
201100021968,0,07,000,03,0,2,01,A01
201100021969,0,17,000,13,0,1,14,A01
201100021970,0,07,000,00,0,9,21,A01
201100021971,0,07,000,00,0,4,01,A01
201100021971,0,07,000,00,2,1,02,B02
201100021972,0,02,000,00,2,1,01,A01
201100021972,0,07,000,00,2,6,15,B02
201100021973,0,31,000,00,2,1,13,B02
201100021973,0,15,000,00,2,3,01,A01
201100021974,0,07,000,00,2,2,01,A01
201100021974,0,07,000,00,2,3,23,B02
201100021975,0,31,000,00,2,3,18,A01
201100021975,0,07,000,00,0,2,16,B02
201100021976,0,07,000,01,0,8,02,A01
201100021976,0,07,000,16,0,1,02,B02
201100021977,0,07,000,03,0,3,17,A01
201100021978,0,07,000,03,0,1,01,A01
201100021979,0,07,000,00,2,3,01,B02
201100021979,0,07,000,00,2,2,19,A01
201100021980,0,07,000,02,0,1,01,A01
201100021981,0,36,000,09,0,2,01,A01
201100021982,0,20,000,00,2,3,01,C03
201100021982,0,07,000,00,2,3,17,A01
201100021982,0,07,000,00,2,3,21,B02
201100021983,0,30,000,00,2,1,05,A01
201100021983,0,07,000,00,2,1,01,B02
201100021984,0,07,000,00,2,3,01,B02
201100021984,0,07,000,00,2,3,13,A01
201100021985,0,07,000,13,0,0,01,A01
201100021986,0,07,000,00,0,7,15,A01
201100021986,0,02,000,00,0,1,01,B02
201100021987,0,07,000,00,2,2,17,A01
201100021987,0,32,000,00,2,4,15,B02
201100021988,0,07,000,00,1,2,01,A01
201100021989,0,02,000,00,2,1,01,B01
201100021989,0,07,000,00,2,7,01,A01
201100021990,0,07,000,00,1,1,15,A01
201100021991,0,07,000,00,1,3,15,A01
201100021992,0,07,000,00,2,3,15,A01
201100021992,0,07,000,09,2,1,01,B01
201100021993,0,07,000,00,2,2,16,A01
201100021993,0,30,000,00,2,1,01,B01
201100021994,0,01,000,00,2,1,23,B01
201100021994,0,07,000,00,1,3,15,A01
201100021995,0,07,000,00,1,7,01,A01
201100021996,0,07,000,00,2,8,01,B01
201100021996,0,07,000,00,2,1,01,A01
201100021997,0,07,000,00,1,5,01,A01
201100021998,0,07,000,00,1,3,01,A01
201100021999,0,07,000,00,0,4,15,B01
201100021999,0,33,000,00,2,1,21,A01
201100022000,0,07,000,00,2,1,01,D01
201100022000,0,07,000,00,0,4,01,B01
201100022000,0,07,000,00,2,1,01,A01
201100022000,0,07,000,00,0,4,01,C01
201100022001,0,10,000,00,1,4,04,A01
201100022002,0,02,000,12,0,1,17,A01
201100022003,0,07,000,00,1,4,04,A01
201100022004,0,07,000,01,0,1,14,A01
201100022004,0,17,000,00,0,4,24,B01
201100022005,0,07,000,00,2,5,17,A01
201100022005,0,33,000,00,2,8,01,B01
201100022006,0,02,000,00,1,1,01,A01
201100022007,0,13,000,00,1,4,04,A01
201100022008,0,30,000,00,2,7,17,A01
201100022008,0,07,000,00,2,8,11,B01
201100022009,0,07,000,00,2,1,13,A01
201100022009,0,07,000,00,2,1,01,B01
201100022010,0,37,001,00,1,2,01,A01
201100022011,0,37,006,00,2,3,01,B01
201100022011,0,07,000,00,2,1,13,A01
201100022012,0,33,000,00,2,1,01,A01
201100022012,0,07,000,00,2,3,15,B01
201100022013,0,07,000,00,2,1,01,A01
201100022013,0,07,000,00,2,4,23,B01
201100022014,0,07,000,02,0,1,01,A01
201100022015,0,07,000,08,0,8,01,A01
201100022016,0,07,000,00,1,1,01,A01
201100022017,0,33,000,00,2,1,21,B01
201100022017,0,33,000,00,2,1,01,C01
201100022017,0,07,000,00,2,1,15,A01
201100022018,0,33,000,02,0,1,14,A01
201100022019,0,07,000,00,1,3,01,A01
201100022020,0,07,000,00,2,3,15,B01
201100022020,0,33,000,00,2,1,17,A01
201100022021,0,07,000,00,2,1,01,B01
201100022021,0,07,000,00,2,8,01,C01
201100022021,0,33,000,00,2,1,13,A01
201100022022,0,33,000,00,2,1,01,B01
201100022022,0,07,000,00,2,3,09,A01
201100022023,0,07,000,02,0,1,13,A01
201100022024,0,07,000,00,2,1,01,B01
201100022024,0,33,000,00,2,1,13,A01
201100022025,0,30,000,00,2,1,01,A01
201100022025,0,07,000,00,2,3,01,B01
201100022026,0,07,000,00,1,2,01,A01
201100022027,0,17,000,00,0,8,01,B01
201100022027,0,33,000,00,2,1,13,A01
201100022028,0,07,000,00,1,8,01,A01
201100022029,0,07,000,00,2,2,01,A01
201100022029,0,02,000,00,2,1,01,B01
201100022030,0,07,000,02,0,1,13,A01
201100022031,0,07,000,00,1,3,01,A01
201100022032,0,02,000,00,2,1,01,A01
201100022032,0,07,000,00,2,4,23,B01
201100022033,0,02,000,00,2,0,00,B01
201100022033,0,07,000,00,2,2,00,A01
201100022034,0,02,000,00,2,1,01,A01
201100022034,1,07,000,00,2,5,15,Z01
201100022035,0,07,000,06,0,2,01,A01
201100022036,0,33,000,00,2,1,01,A01
201100022036,0,07,000,00,2,4,23,C01
201100022036,0,07,000,00,2,5,23,B01
201100022037,0,07,000,00,2,1,01,B01
201100022037,0,07,000,00,2,1,13,A01
201100022038,0,10,000,00,1,3,15,A01
201100022039,0,07,000,00,2,1,01,A01
201100022039,0,30,000,00,2,4,01,B01
201100022040,0,07,000,00,1,1,15,A01
201100022041,0,07,000,00,2,1,01,A01
201100022041,0,07,000,00,2,8,01,C01
201100022041,0,07,000,00,2,2,01,B01
201100022042,0,07,000,00,1,5,01,A01
201100022043,0,33,000,00,2,1,17,A01
201100022043,0,07,000,00,2,3,15,B01
201100022044,0,02,000,00,2,1,01,B01
201100022044,0,10,000,00,2,8,10,A01
201100022045,0,07,000,00,1,2,01,A01
201100022046,0,07,000,01,0,1,13,A01
201100022047,0,02,000,00,2,1,01,B01
201100022047,0,07,000,00,2,3,15,A01
201100022048,0,07,000,00,2,1,01,A01
201100022048,0,07,000,00,2,8,23,C01
201100022048,0,33,000,14,2,4,01,B01
201100022048,0,07,000,00,2,7,23,D01
201100022049,0,33,000,00,2,1,01,B01
201100022049,0,07,000,00,2,2,15,A01
201100022050,0,02,000,00,2,1,01,B01
201100022050,0,07,000,00,2,4,04,A01
201100022051,0,07,000,00,1,1,01,A01
201100022052,0,07,000,00,1,1,15,A01
201100022053,0,07,000,15,0,1,01,A01
201100022054,0,33,000,00,2,1,01,B01
201100022054,0,07,000,00,2,7,15,A01
201100022055,0,33,000,00,2,1,01,B01
201100022055,0,07,000,00,2,3,15,A01
201100022056,0,07,000,00,0,7,16,A01
201100022056,0,30,000,00,2,1,01,B01
201100022057,0,07,000,00,2,1,01,B01
201100022057,0,02,000,00,2,1,13,A01
201100022058,0,07,000,14,0,1,01,C01
201100022058,0,07,000,14,0,1,01,B01
201100022058,0,07,000,03,2,1,01,A01
201100022058,0,07,000,14,0,1,01,D01
201100022059,0,07,000,00,2,1,01,B01
201100022059,0,07,000,00,2,1,13,A01
201100022060,0,17,000,00,0,0,01,A01
201100022060,0,07,000,00,9,1,01,B01
201100022061,0,01,000,00,2,1,01,B01
201100022061,0,07,000,00,2,2,01,A01
201100022062,0,33,000,00,2,1,01,B01
201100022062,0,07,000,00,2,1,15,A01
201100022063,0,07,000,00,2,3,01,B01
201100022063,0,07,000,00,2,3,13,A01
201100022064,0,07,000,00,1,3,15,A01
201100022065,0,07,000,13,0,2,02,A01
201100022066,0,17,000,00,0,0,01,A01
201100022067,0,07,000,00,2,2,01,A01
201100022067,0,07,000,00,2,3,19,B02
201100022068,0,07,000,00,0,8,00,A01
201100022069,0,07,000,02,0,1,13,A01
201100022070,0,07,000,00,2,1,01,B02
201100022070,0,10,000,00,2,3,17,A01
201100022071,0,07,000,00,2,3,01,B02
201100022071,0,07,000,00,2,7,13,A01
201100022072,0,07,000,00,2,2,01,A01
201100022072,0,10,000,00,2,1,19,B02
201100022073,0,07,000,00,1,1,01,A01
201100022074,0,07,000,00,1,0,15,A01
201100022075,0,02,000,00,2,0,13,A01
201100022075,0,07,000,00,9,3,01,B01
201100022076,0,33,000,00,2,1,01,A01
201100022076,0,07,000,00,2,3,16,B01
201100022077,0,33,000,00,2,8,20,A01
201100022077,0,07,000,01,0,7,01,B01
201100022078,0,07,000,00,2,2,15,A01
201100022078,0,07,000,00,0,3,01,B02
201100022079,0,13,000,00,2,1,01,A01
201100022080,0,07,000,00,2,1,23,A01
201100022080,0,07,000,00,2,3,13,B02
201100022081,0,07,000,00,2,4,02,B02
201100022081,0,07,000,00,2,1,02,A01
201100022082,0,07,000,00,2,1,01,B02
201100022082,0,07,000,00,2,7,17,A01
201100022083,0,31,000,00,2,1,19,B02
201100022083,0,07,000,00,2,8,01,A01
201100022084,0,07,000,00,2,1,15,A01
201100022084,0,07,000,00,2,1,01,B02
201100022085,0,33,000,00,2,1,13,B02
201100022085,0,07,000,00,2,1,01,A01
201100022086,0,10,000,00,5,3,01,A01
201100022087,0,32,000,00,2,1,01,B02
201100022087,0,07,000,00,2,3,09,A01
201100022088,0,07,000,00,2,1,02,A01
201100022088,0,02,000,00,2,4,02,B02
201100022088,0,07,000,00,0,6,02,C03
201100022089,0,07,000,00,0,4,00,A01
201100022089,0,14,000,00,0,1,00,B02
201100022090,0,31,000,00,2,1,02,A01
201100022090,0,01,000,00,2,4,02,B02
201100022091,0,07,000,12,0,2,01,A01
201100022092,0,33,000,00,2,8,01,B02
201100022092,0,07,000,00,2,6,10,A01
201100022093,0,07,000,00,0,3,15,A01
201100022093,0,07,000,00,2,1,01,B02
201100022094,0,31,000,00,2,1,01,A01
201100022094,0,07,000,00,2,3,09,B02
201100022095,0,07,000,00,2,3,01,A01
201100022095,0,15,000,00,2,3,01,B02
201100022096,0,10,000,00,2,2,19,A01
201100022096,0,02,000,00,2,1,01,B01
201100022097,0,07,000,13,0,1,01,A01
201100022098,0,30,000,00,0,2,01,A01
201100022099,0,07,000,00,2,3,14,A01
201100022099,0,01,000,00,2,4,16,B01
201100022100,0,07,000,13,2,3,01,B01
201100022100,0,10,000,00,2,3,01,A01
201100022101,0,30,000,00,2,1,01,A01
201100022101,0,07,000,00,2,3,01,B01
201100022102,0,15,000,00,2,7,09,B01
201100022102,0,33,000,00,2,1,01,A01
201100022103,0,07,000,00,6,3,13,A01
201100022104,0,02,000,00,0,4,02,B01
201100022104,1,07,000,00,2,2,02,A01
201100022105,0,31,000,00,0,1,00,A01
201100022106,0,02,000,00,2,7,16,B01
201100022106,0,07,000,00,2,3,09,A01
201100022107,0,07,000,00,2,3,15,A01
201100022107,0,31,000,00,2,2,01,B01
201100022108,0,01,000,01,0,1,21,B01
201100022108,0,07,000,00,9,8,24,A01
201100022109,0,07,000,13,0,9,14,A01
201100022110,0,07,000,00,0,0,09,A01
201100022110,0,07,000,00,0,1,02,B01
201100022111,0,07,000,15,0,2,01,A01
201100022112,0,07,000,00,2,7,01,B01
201100022112,1,07,000,00,2,1,19,A01
201100022113,0,07,000,06,0,1,01,A01
201100022114,0,02,000,00,2,7,01,B01
201100022114,0,07,000,00,2,1,01,A01
201100022115,0,37,001,00,2,1,01,B01
201100022115,0,07,000,00,2,4,13,A01
201100022116,0,07,000,00,2,1,01,B01
201100022116,0,33,000,00,2,1,01,A01
201100022117,0,02,000,00,2,1,01,A01
201100022117,0,07,000,00,0,4,02,B01
201100022118,0,07,000,00,2,2,15,A01
201100022118,0,30,000,00,2,1,01,B01
201100022119,0,07,000,06,0,1,01,A01
201100022120,1,07,000,00,1,7,01,A01
201100022121,0,07,000,00,2,1,01,B01
201100022121,0,07,000,00,2,3,09,A01
201100022122,0,07,000,00,2,1,17,B01
201100022122,0,07,000,00,2,2,19,A01
201100022123,0,30,000,00,2,1,01,B01
201100022123,0,07,000,00,2,3,09,A01
201100022124,0,02,000,00,2,1,17,B01
201100022124,0,07,000,00,2,3,15,A01
201100022125,0,07,000,00,1,4,04,A01
201100022126,0,07,000,00,2,3,10,A01
201100022126,0,33,000,00,2,2,01,B01
201100022127,0,07,000,00,0,4,16,B01
201100022127,0,02,000,00,2,1,02,A01
201100022128,0,07,000,00,2,2,05,A01
201100022128,0,07,000,00,2,1,01,B01
201100022129,0,07,000,00,2,7,15,A01
201100022129,0,07,000,00,2,2,01,B01
201100022130,0,01,000,00,2,1,16,A01
201100022130,0,07,000,00,2,1,01,B01
201100022131,0,31,000,00,0,0,01,A01
201100022132,0,07,000,00,2,1,09,A01
201100022132,0,30,000,00,2,1,01,B01
201100022133,0,37,004,00,1,5,07,A01
201100022134,0,33,000,00,2,1,17,A01
201100022134,0,07,000,00,2,8,15,B01
201100022135,0,33,000,12,0,1,01,A01
201100022136,0,07,000,00,2,4,02,B01
201100022136,0,07,000,00,2,1,02,A01
201100022137,0,07,000,00,1,1,15,A01
201100022138,0,07,000,00,1,2,01,A01
201100022139,0,07,000,00,2,3,15,B01
201100022139,0,02,000,00,2,1,17,A01
201100022140,0,07,000,00,2,6,02,B01
201100022140,0,02,000,00,2,1,02,A01
201100022141,0,07,000,00,2,4,02,B01
201100022141,0,07,000,00,2,1,02,A01
201100022142,0,07,000,00,2,2,02,A01
201100022142,0,07,000,00,2,4,02,B01
201100022143,0,02,000,00,2,8,13,A01
201100022143,0,07,000,00,2,8,01,B01
201100022144,0,07,000,00,1,1,01,A01
201100022145,0,02,000,00,2,1,18,A01
201100022145,0,07,000,00,2,3,20,B01
201100022146,0,10,000,13,0,1,01,A01
201100022147,0,07,000,00,1,1,01,A01
201100022148,0,07,000,00,2,1,02,A01
201100022148,0,07,000,00,0,6,02,B01
201100022149,0,33,000,00,2,1,13,A01
201100022149,0,07,000,00,2,2,01,B01
201100022150,0,07,000,13,0,9,01,A01
201100022151,0,10,000,00,2,4,02,B01
201100022151,0,31,000,00,2,1,02,A01
201100022152,0,07,000,00,2,4,02,B01
201100022152,0,10,000,00,0,1,02,A01
201100022153,0,07,000,00,1,1,01,A01
201100022154,0,07,000,13,0,9,01,A01
201100022155,0,02,000,00,0,0,01,A01
201100022156,0,14,000,00,2,2,17,A01
201100022156,0,10,000,00,2,6,01,B01
201100022157,0,07,000,00,0,0,01,A01
201100022158,0,07,000,06,0,1,01,A01
201100022159,0,07,000,00,2,7,01,B01
201100022159,0,01,000,00,2,1,19,A01
201100022160,0,31,000,00,2,1,01,B01
201100022160,0,99,000,00,0,8,15,A01
201100022161,0,01,000,00,2,7,01,B01
201100022161,0,07,000,00,2,3,09,A01
201100022162,0,07,000,00,0,1,01,A01
201100022163,0,07,000,00,2,8,01,B01
201100022163,0,07,000,00,2,4,23,C01
201100022163,0,07,000,00,2,4,23,D01
201100022163,0,07,000,06,2,1,01,A01
201100022164,0,07,000,00,1,4,04,A01
201100022165,0,07,000,00,1,1,01,A01
201100022166,0,07,000,14,2,1,00,A01
201100022166,0,07,000,13,0,3,00,B01
201100022167,0,32,000,00,0,8,21,A01
201100022167,0,07,000,00,0,0,04,B01
201100022168,0,07,000,13,0,1,02,B01
201100022168,0,07,000,13,0,1,00,A01
201100022169,0,21,000,00,0,8,15,B01
201100022169,0,33,000,00,2,1,17,A01
201100022170,0,07,000,00,2,1,01,B01
201100022170,0,07,000,00,2,3,01,C01
201100022170,0,30,000,00,2,8,01,A01
201100022171,0,07,000,00,2,1,13,A01
201100022171,0,07,000,00,2,1,01,B01
201100022172,0,07,000,00,2,1,01,B01
201100022172,0,07,000,00,2,1,15,A01
201100022173,0,07,000,02,2,8,01,B01
201100022173,0,07,000,02,2,1,05,A01
201100022174,0,30,000,09,0,7,01,A01
201100022175,0,07,000,00,2,6,19,A01
201100022175,0,30,000,01,2,7,01,B01
201100022176,0,32,000,00,0,9,01,A01
201100022177,0,07,000,00,2,3,15,A01
201100022177,0,30,000,00,2,7,17,B01
201100022178,0,07,000,00,2,5,15,A01
201100022178,0,31,000,00,2,7,01,B01
201100022179,0,07,000,02,0,9,01,A01
201100022180,0,33,000,00,0,7,01,A01
201100022181,0,07,000,00,2,1,01,A01
201100022181,0,07,000,00,2,1,01,B01
201100022182,0,07,000,00,1,1,01,A01
201100022183,0,02,000,00,2,1,01,B01
201100022183,0,30,000,00,2,1,09,A01
201100022184,0,30,000,00,0,0,01,A01
201100022185,0,33,000,00,1,2,01,A01
201100022186,0,07,000,00,1,7,01,A01
201100022187,0,31,000,01,1,9,01,A01
201100022188,0,07,000,00,2,8,15,A01
201100022188,0,30,000,00,2,7,17,B01
201100022189,0,07,000,00,2,8,01,A01
201100022189,0,30,000,00,2,1,16,B01
201100022190,0,07,000,00,2,2,16,A01
201100022190,0,01,000,00,2,1,01,B01
201100022191,0,07,000,08,0,1,01,A01
201100022192,0,07,000,00,2,7,11,A01
201100022192,0,07,000,00,2,3,01,B02
201100022193,0,07,000,00,0,0,23,B02
201100022193,0,07,000,06,0,1,21,A01
201100022194,0,07,000,03,0,2,14,A01
201100022195,0,07,000,00,0,6,01,B02
201100022195,0,07,000,00,2,2,11,A01
201100022196,0,15,000,00,0,4,02,B02
201100022196,0,07,000,00,2,1,02,A01
201100022197,0,07,000,00,2,3,00,A01
201100022197,0,10,000,00,2,3,00,B02
201100022198,0,07,000,02,0,8,01,A01
201100022199,0,07,000,00,2,1,13,A01
201100022199,0,07,000,00,2,6,02,D04
201100022199,0,07,000,00,2,3,01,B02
201100022199,0,07,000,00,2,6,02,C03
201100022200,0,01,000,00,0,8,01,A01
201100022200,0,07,000,00,0,0,16,B02
201100022201,0,07,000,00,2,3,01,B02
201100022201,0,07,000,00,2,1,13,A01
201100022202,0,10,000,00,2,3,01,B02
201100022202,0,07,000,00,2,3,13,A01
201100022203,0,07,000,00,1,1,01,A01
201100022204,0,07,000,00,1,3,01,A01
201100022205,0,07,000,06,0,3,01,A01
201100022206,0,07,000,13,0,7,01,A01
201100022207,0,07,000,00,9,6,02,A01
201100022207,0,01,000,00,2,1,12,B02
201100022208,0,07,000,00,2,4,02,B02
201100022208,0,33,000,00,2,1,02,A01
201100022209,0,07,000,00,2,8,10,A01
201100022209,0,30,000,00,2,5,01,B02
201100022210,0,07,000,08,0,1,14,A01
201100022210,0,07,000,14,0,1,01,B02
201100022211,0,33,000,00,0,7,11,A01
201100022212,0,07,000,00,2,2,01,B01
201100022212,0,07,000,00,2,3,01,A01
201100022213,0,07,000,00,2,2,15,A01
201100022213,0,07,000,00,2,2,01,B01
201100022214,0,07,000,00,2,3,13,A01
201100022214,0,07,000,00,0,3,01,B01
201100022215,0,07,000,00,2,1,01,B01
201100022215,0,02,000,00,2,3,05,A01
201100022216,0,07,000,00,1,1,01,A01
201100022216,0,07,000,00,1,1,01,B01
201100022217,0,07,000,13,0,1,14,A01
201100022218,0,07,000,00,1,1,01,A01
201100022219,0,07,000,00,2,3,05,C01
201100022219,0,07,000,00,2,3,01,A01
201100022219,0,03,000,00,2,4,02,B01
201100022220,0,33,000,00,1,2,01,A01
201100022221,0,07,000,00,1,1,01,A01
201100022222,0,07,000,00,1,2,01,A01
201100022223,0,07,000,00,2,7,01,B01
201100022223,1,07,000,00,2,1,19,Z01
201100022224,0,07,000,00,1,1,01,A01
201100022225,0,07,000,00,2,1,01,B01
201100022225,0,07,000,00,2,7,15,A01
201100022226,0,34,000,00,2,8,01,A01
201100022226,2,07,000,00,2,2,15,Z01
201100022227,0,02,000,00,2,3,01,A01
201100022227,0,07,000,00,2,2,19,B02
201100022228,0,07,000,00,1,1,01,A01
201100022229,0,33,000,00,0,0,00,A01
201100022230,0,07,000,00,0,9,00,A01
201100022231,0,07,000,00,2,1,01,A01
201100022231,0,10,000,00,0,7,06,B02
201100022232,0,31,000,01,0,1,01,A01
201100022233,0,07,000,00,2,1,01,B02
201100022233,0,30,000,00,2,7,19,A01
201100022234,0,07,000,00,0,8,15,A01
201100022234,0,33,000,00,0,1,02,B02
201100022235,0,07,000,00,0,4,23,A01
201100022235,0,33,000,14,0,1,01,B02
201100022236,0,30,000,06,0,7,01,A01
201100022237,0,07,000,16,0,2,02,A01
201100022238,0,07,000,00,2,3,00,B02
201100022238,0,07,000,00,2,3,00,A01
201100022239,0,07,000,00,2,3,15,B02
201100022239,0,30,000,00,2,1,17,A01
201100022240,0,10,000,00,0,2,02,A01
201100022241,0,07,000,00,1,2,01,A01
201100022242,0,33,000,00,2,8,11,B02
201100022242,0,07,000,00,2,8,01,A01
201100022243,0,07,000,13,0,9,15,A01
201100022244,0,07,000,02,0,6,00,A01
201100022245,0,10,000,00,2,1,01,B02
201100022245,0,31,000,00,2,4,23,A01
201100022246,0,07,000,00,2,3,01,A01
201100022246,0,07,000,00,2,2,01,B02
201100022247,0,13,000,00,2,3,01,B02
201100022247,0,07,000,00,2,3,13,A01
201100022248,0,07,000,00,2,1,01,A01
201100022248,0,07,000,00,2,7,01,B02
201100022249,0,07,000,00,2,1,13,A01
201100022249,0,07,000,00,2,3,01,B02
201100022250,0,07,000,00,2,6,21,A01
201100022250,0,33,000,00,2,1,01,B02
201100022251,0,02,000,00,0,0,15,A01
201100022252,0,07,000,00,2,3,01,A01
201100022252,0,07,000,00,2,7,19,B02
201100022253,0,07,000,00,0,4,02,A01
201100022254,0,33,000,00,2,1,13,A01
201100022254,0,07,000,00,2,2,21,B02
201100022255,0,33,000,00,2,7,17,A01
201100022255,0,07,000,00,2,8,15,B02
201100022256,0,07,000,02,0,7,01,A01
201100022257,0,17,000,13,0,8,01,A01
201100022258,0,07,000,00,1,1,01,A01
201100022259,0,07,000,00,2,3,15,A01
201100022259,0,02,000,00,2,1,01,B02
201100022260,0,07,000,00,2,2,19,B02
201100022260,0,31,000,00,2,2,17,A01
201100022261,0,17,000,00,0,7,02,B02
201100022261,0,33,000,00,2,8,18,A01
201100022262,0,07,000,02,0,9,00,A01
201100022263,0,30,000,11,0,1,01,A01
201100022264,0,33,000,00,0,7,14,A01
201100022265,0,07,000,00,2,3,15,A01
201100022265,0,02,000,00,0,6,01,C03
201100022265,0,07,000,00,1,1,01,B02
201100022266,0,07,000,00,2,2,11,A01
201100022266,0,17,000,00,0,6,01,B02
201100022267,0,07,000,03,0,1,01,A01
201100022268,0,17,000,13,0,7,01,A01
201100022269,0,07,000,01,0,3,17,A01
201100022269,0,10,000,00,0,5,23,B02
201100022270,0,07,000,00,2,2,01,B02
201100022270,0,02,000,00,2,3,18,A01
201100022271,0,07,000,00,1,2,14,A01
201100022272,0,10,000,00,2,8,15,A01
201100022272,0,30,000,09,2,7,18,B02
201100022273,0,07,000,00,1,1,01,A01
201100022274,0,07,000,00,2,2,01,A01
201100022274,0,07,000,00,2,3,19,B02
201100022275,0,07,000,00,2,8,01,B02
201100022275,1,07,000,00,2,8,13,A01
201100022275,0,07,000,02,0,2,21,C03
201100022276,0,14,000,00,2,2,02,A01
201100022276,0,10,000,00,2,6,02,B02
201100022277,0,07,000,03,0,1,01,A01
201100022278,0,07,000,04,0,2,01,A01
201100022279,0,17,000,03,0,8,01,A01
201100022280,0,34,000,12,2,1,01,A01
201100022281,0,07,000,00,2,1,02,A01
201100022281,0,07,000,00,0,4,01,B02
201100022282,0,07,000,00,2,2,05,B02
201100022282,0,07,000,00,2,1,13,A01
201100022283,0,33,000,00,2,4,19,B02
201100022283,0,07,000,00,2,3,09,A01
201100022284,0,30,000,00,2,1,02,A01
201100022284,0,10,000,00,2,4,02,B02
201100022285,0,07,000,00,1,3,13,A01
201100022286,0,17,000,00,2,8,01,B02
201100022286,0,07,000,00,2,8,13,A01
201100022287,0,07,000,13,0,1,13,A01
201100022288,0,07,000,00,2,1,09,A01
201100022288,0,02,000,00,0,2,01,B02
201100022289,0,30,000,00,0,1,01,B02
201100022289,0,07,000,00,2,3,17,A01
201100022290,0,07,000,02,0,1,00,A01
201100022291,0,07,000,00,2,3,19,A01
201100022291,0,07,000,00,0,7,01,B02
201100022292,0,07,000,00,2,8,10,A01
201100022292,0,33,000,00,0,2,01,B02
201100022293,0,07,000,00,2,3,01,B02
201100022293,0,07,000,00,2,3,01,A01
201100022294,0,33,000,00,2,1,17,B02
201100022294,0,07,000,00,0,6,13,A01
201100022295,0,07,000,02,0,7,01,A01
201100022296,0,33,000,03,0,0,01,A01
201100022297,0,07,000,06,0,2,14,A01
201100022298,0,07,000,00,2,1,15,A01
201100022298,0,02,000,00,2,1,01,B02
201100022299,0,07,000,00,2,6,15,B02
201100022299,0,33,000,00,2,1,17,A01
201100022300,0,07,000,00,2,7,15,A01
201100022300,0,07,000,00,0,1,01,B02
201100022300,0,07,000,00,2,2,23,C03
201100022301,0,07,000,00,0,1,01,A01
201100022301,0,07,000,00,0,8,19,B02
201100022302,0,33,000,00,2,1,19,B02
201100022302,0,07,000,00,2,2,19,A01
201100022303,0,07,000,00,2,1,01,B02
201100022303,0,07,000,00,2,1,13,A01
201100022304,0,33,000,00,2,1,05,B02
201100022304,0,17,000,00,2,3,15,A01
201100022305,0,21,000,00,0,3,15,A01
201100022305,0,33,000,00,2,1,17,B02
201100022306,0,07,000,00,2,3,17,A01
201100022306,0,07,000,00,2,6,01,B02
201100022306,0,07,000,00,2,1,01,C03
201100022307,0,07,000,00,2,9,13,A01
201100022307,0,07,000,00,2,1,01,C03
201100022307,0,07,000,00,2,8,01,B02
201100022308,0,07,000,00,2,8,17,B02
201100022308,0,31,000,00,2,7,15,A01
201100022309,0,07,000,02,0,1,01,A01
201100022310,0,07,000,,2,2,17,C02
201100022310,0,07,000,00,2,1,02,B02
201100022310,0,07,000,00,2,6,12,A01
201100022311,0,07,000,00,0,1,23,C03
201100022311,0,07,000,00,2,7,15,B02
201100022311,0,07,000,00,2,1,01,A01
201100022312,0,07,000,00,1,7,01,A01
201100022313,0,01,000,00,2,7,01,B02
201100022313,0,07,000,00,2,1,09,A01
201100022314,0,33,000,16,0,9,15,A01
201100022315,0,07,000,00,2,4,23,B02
201100022315,0,30,000,00,2,1,02,A01
201100022316,0,07,000,13,0,7,14,A01
201100022317,0,07,000,00,1,9,01,A01
201100022317,0,07,000,00,2,1,02,B02
201100022318,0,07,000,00,2,1,13,A01
201100022318,0,07,000,00,2,1,01,B02
201100022319,0,07,000,00,2,2,01,A01
201100022319,0,07,000,00,2,2,17,B02
201100022320,0,31,000,12,0,8,13,A01
201100022321,0,07,000,00,1,3,01,A01
201100022322,0,07,000,16,2,8,13,A01
201100022323,0,33,000,14,0,1,01,A01
201100022324,0,33,000,00,2,1,01,A01
201100022324,2,10,000,00,2,8,10,B02
201100022325,0,17,000,03,0,2,01,A01
201100022326,0,07,000,00,2,3,13,A01
201100022326,0,07,000,00,2,3,01,B02
201100022327,0,07,000,00,2,1,19,A01
201100022327,0,07,000,00,4,3,01,B02
201100022328,0,07,000,00,1,1,09,A01
201100022329,0,07,000,00,2,4,02,B02
201100022329,0,07,000,00,2,9,01,A01
201100022330,0,03,000,00,0,5,02,A01
201100022330,0,07,000,00,2,1,02,B02
201100022331,0,07,000,00,1,4,04,A01
201100022332,0,07,000,00,2,2,19,A01
201100022332,0,07,000,00,2,1,01,B02
201100022333,0,07,000,00,1,6,20,A01
201100022334,0,07,000,00,0,3,01,B02
201100022334,0,21,000,00,0,3,01,A01
201100022335,0,33,000,00,2,2,21,C03
201100022335,0,07,000,00,0,6,01,D04
201100022335,0,07,000,00,0,1,13,A01
201100022335,0,07,000,00,0,1,01,B02
201100022336,0,07,000,00,2,8,01,A01
201100022336,0,07,000,00,2,8,01,B02
201100022337,0,07,000,13,0,2,01,A01
201100022338,0,07,000,00,2,1,13,A01
201100022338,0,10,000,00,2,1,01,B02
201100022339,0,10,000,00,2,8,02,B02
201100022339,0,30,000,00,2,8,02,A01
201100022340,0,30,000,00,2,2,01,B02
201100022340,0,07,000,00,2,8,15,A01
201100022341,0,07,000,02,0,2,01,A01
201100022342,0,07,000,13,0,2,01,A01