Num_Acc,senc,catv,occutc,obs,obsm,choc,manv,num_veh
201100022730,0,07,000,01,0,1,01,A01
201100022731,0,07,000,00,1,1,01,A01
201100022732,0,30,000,00,2,3,01,A01
201100022732,0,30,000,00,2,6,17,B01
201100022733,0,07,000,00,2,0,09,A01
201100022733,0,37,001,00,2,0,01,B01
201100022734,0,07,000,13,0,1,13,A01
201100022735,0,33,000,00,1,1,01,A01
201100022736,0,07,000,00,2,4,01,B01
201100022736,0,33,000,00,2,1,01,A01
201100022737,0,07,000,00,2,0,00,A01
201100022737,0,15,000,00,2,0,01,B01
201100022738,0,30,000,01,0,1,14,A01
201100022739,0,01,000,01,0,1,00,B01
201100022739,0,07,000,00,0,3,00,A01
201100022740,0,07,000,00,2,8,01,B01
201100022740,0,07,000,00,2,1,01,A01
201100022741,0,30,000,00,0,0,00,A01
201100022742,0,31,000,00,2,7,01,B01
201100022742,0,07,000,00,2,1,09,A01
201100022743,0,07,000,00,1,0,00,A01
201100022744,0,07,000,00,2,5,17,A01
201100022744,2,33,000,00,2,3,13,B01
201100022745,0,01,000,00,2,0,01,B01
201100022745,0,10,000,00,2,0,01,A01
201100022746,0,07,000,01,1,4,04,A01
201100022747,0,31,000,00,0,0,01,A01
201100022748,0,01,000,00,2,1,13,A01
201100022748,0,07,000,00,2,3,01,B01
201100022749,0,33,000,00,0,0,00,A01
201100022750,0,01,000,00,2,1,01,B01
201100022750,0,33,000,00,2,1,01,A01
201100022751,0,01,000,00,2,1,09,B01
201100022751,0,07,000,00,2,5,00,A01
201100022752,0,07,000,16,0,0,01,A01
201100022753,1,10,000,00,1,0,00,Z01
201100022754,0,07,000,00,2,1,01,A01
201100022754,0,37,000,00,2,7,01,B01
201100022755,0,07,000,00,2,1,01,A01
201100022755,0,07,000,00,2,4,01,B01
201100022756,0,07,000,09,0,0,00,A01
201100022757,0,34,000,00,1,1,01,A01
201100022758,0,07,000,00,2,1,10,B01
201100022758,0,33,000,00,2,7,01,A01
201100022759,0,07,000,00,1,4,04,A01
201100022760,0,07,000,00,2,0,19,A01
201100022760,0,07,000,00,2,0,01,B01
201100022761,0,01,000,00,2,1,01,B01
201100022761,0,07,000,00,2,2,01,A01
201100022762,0,01,000,16,0,1,01,A01
201100022763,0,07,000,00,2,1,01,A01
201100022763,0,07,000,00,2,1,01,B01
201100022764,0,07,000,00,1,9,02,B01
201100022764,0,07,000,00,2,1,02,A01
201100022764,0,07,000,00,2,9,02,C01
201100022765,0,32,000,00,2,1,01,B01
201100022765,0,07,000,00,2,8,15,A01
201100022766,0,07,000,00,2,4,01,C01
201100022766,0,07,000,00,2,1,00,B01
201100022766,0,07,000,00,2,1,01,A01
201100022767,0,07,000,00,2,4,04,A01
201100022767,0,33,000,00,2,1,01,B01
201100022768,0,31,000,01,0,2,14,A01
201100022769,0,07,000,00,1,1,01,A01
201100022770,0,07,000,00,1,1,01,A01
201100022771,0,07,000,00,1,1,01,A01
201100022772,0,33,000,00,0,0,00,A01
201100022773,0,07,000,08,0,1,01,A01
201100022774,0,01,000,00,2,1,01,B01
201100022774,0,07,000,00,2,8,22,A01
201100022775,0,16,000,00,2,1,01,A01
201100022775,0,07,000,00,2,4,01,F02
201100022775,0,16,000,00,2,0,01,E01
201100022775,0,07,000,00,2,9,01,B01
201100022775,0,07,000,00,2,4,01,C01
201100022775,0,10,000,00,2,9,03,D01
201100022776,0,02,000,00,0,0,00,B01
201100022776,0,07,000,00,0,0,00,A01
201100022777,0,07,000,00,2,4,01,B01
201100022777,0,07,000,00,2,1,01,A01
201100022778,0,07,000,00,2,1,01,A01
201100022778,0,07,000,00,2,4,00,B01
201100022779,0,07,000,00,2,2,01,B01
201100022779,0,01,000,00,2,8,15,A01
201100022780,0,10,000,00,2,1,01,A01
201100022780,0,07,000,00,2,4,01,B01
201100022781,0,07,000,00,0,9,01,A01
201100022782,1,07,000,00,1,7,14,Z01
201100022783,0,30,000,00,0,0,00,A01
201100022784,2,30,000,14,0,0,00,A01
201100022785,0,33,000,00,1,2,17,A01
201100022786,0,07,000,00,0,0,00,A01
201100022786,0,02,000,00,0,0,00,B01
201100022787,0,02,000,00,2,1,21,A01
201100022787,1,07,000,00,2,4,01,Z01
201100022788,0,07,000,00,2,0,00,A01
201100022788,0,30,000,00,2,0,00,B01
201100022789,0,01,000,00,2,8,00,B01
201100022789,0,30,000,00,2,7,00,A01
201100022790,0,07,000,00,2,2,01,B01
201100022790,0,33,000,00,2,1,01,A01
201100022791,0,07,000,00,2,2,01,A01
201100022792,0,33,000,00,0,0,00,A01
201100022793,0,33,000,00,2,6,01,A01
201100022793,1,33,000,00,2,3,01,B01
201100022794,0,31,000,00,2,1,01,B01
201100022794,0,07,000,00,2,2,01,A01
201100022795,0,33,000,00,2,7,01,A01
201100022796,0,07,000,00,2,1,00,A01
201100022796,0,07,000,00,2,4,00,B01
201100022797,0,01,000,00,2,1,01,B01
201100022797,0,01,000,00,2,1,13,A01
201100022798,0,10,000,00,2,3,01,A01
201100022798,1,10,000,00,2,3,01,B01
201100022799,0,02,000,16,0,8,01,A01
201100022800,0,07,000,00,0,7,01,A01
201100022801,0,07,000,00,2,1,01,A01
201100022801,0,33,000,00,2,1,17,B01
201100022802,0,07,000,00,2,1,01,C01
201100022802,0,07,000,00,2,4,01,A01
201100022802,0,07,000,00,2,9,01,B01
201100022803,0,07,000,00,1,3,01,A01
201100022804,0,07,000,00,2,3,01,A01
201100022804,0,02,000,00,2,1,01,B01
201100022805,0,33,000,00,2,1,00,B01
201100022805,0,07,000,00,2,1,00,A01
201100022806,0,07,000,00,2,1,00,A01
201100022806,0,01,000,00,2,7,00,B01
201100022807,0,07,000,00,2,1,01,B01
201100022807,0,30,000,00,2,1,01,A01
201100022808,0,01,000,00,2,0,01,A01
201100022808,0,07,000,00,2,0,19,B01
201100022809,0,07,000,00,1,1,00,A01
201100022810,0,07,000,16,0,7,01,A01
201100022811,0,07,000,00,1,1,01,A01
201100022812,0,37,001,00,1,2,01,A01
201100022813,0,33,000,00,2,3,17,A01
201100022813,0,07,000,00,4,3,01,B01
201100022814,0,13,000,00,2,1,01,B01
201100022814,0,07,000,00,2,1,13,A01
201100022815,0,02,000,00,2,1,01,A01
201100022815,0,01,000,00,2,7,15,B01
201100022816,0,07,000,00,2,4,01,A01
201100022816,0,30,000,00,2,1,01,B01
201100022817,0,07,000,01,0,1,01,A01
201100022818,0,07,000,00,2,8,11,A01
201100022818,0,33,000,00,2,7,01,B01
201100022819,0,02,000,12,0,0,00,A01
201100022820,0,02,000,00,1,1,00,A01
201100022821,0,10,000,00,2,2,19,A01
201100022821,0,31,000,00,2,1,01,B01
201100022822,0,07,000,00,2,4,01,C01
201100022822,0,07,000,00,2,1,01,A01
201100022822,0,07,000,00,2,4,01,B01
201100022823,0,07,000,00,2,4,01,B01
201100022823,0,32,000,00,2,1,01,A01
201100022824,0,02,000,00,2,1,00,A01
201100022824,0,20,000,00,2,1,00,B01
201100022825,0,01,000,01,0,0,00,B01
201100022826,0,30,000,12,0,1,06,A01
201100022827,0,32,000,00,2,1,01,A01
201100022827,0,07,000,00,2,3,04,B01
201100022828,0,07,000,00,2,3,01,A01
201100022828,0,07,000,00,2,2,19,B01
201100022829,0,07,000,00,2,4,01,B01
201100022829,0,07,000,00,2,1,01,A01
201100022830,0,07,000,00,2,4,04,A01
201100022830,0,07,000,00,2,1,01,B01
201100022831,0,30,000,00,0,0,00,A01
201100022832,0,01,000,00,2,7,01,B01
201100022832,0,07,000,00,2,1,01,A01
201100022833,0,01,000,16,0,0,01,A01
201100022834,0,02,000,16,0,0,00,A01
201100022835,0,10,000,00,2,4,01,B01
201100022835,0,07,000,00,2,1,00,A01
201100022836,0,07,000,00,2,3,01,B01
201100022836,0,07,000,00,2,3,13,A01
201100022837,0,07,000,00,2,8,01,A01
201100022837,0,07,000,00,2,1,01,B01
201100022838,0,07,000,00,2,0,00,A01
201100022838,0,01,000,00,2,1,01,B01
201100022839,0,07,000,00,2,7,19,A01
201100022839,0,02,000,00,2,3,01,B01
201100022840,0,07,000,00,2,2,14,A01
201100022840,0,01,000,00,2,6,01,B01
201100022841,0,07,000,13,0,0,09,A01
201100022842,0,07,000,00,2,1,15,A01
201100022842,0,07,000,00,2,1,01,B01
201100022843,0,33,000,00,0,0,21,A01
201100022844,0,02,000,00,0,8,01,A01
201100022845,0,33,000,00,2,1,01,A01
201100022845,0,07,000,00,2,4,01,B01
201100022846,0,02,000,00,0,0,01,A01
201100022847,0,30,000,00,2,1,00,A01
201100022847,0,07,000,00,2,4,00,B01
201100022848,0,33,000,13,0,0,21,A01
201100022849,0,07,000,00,2,1,01,A01
201100022849,0,07,000,00,2,2,01,B01
201100022850,0,07,000,00,1,1,13,A01
201100022851,0,34,000,00,2,1,01,A01
201100022851,0,07,000,00,2,1,01,B01
201100022852,0,07,000,00,2,4,20,A01
201100022852,0,33,000,00,2,1,01,B01
201100022853,0,15,000,00,2,1,01,A01
201100022853,0,07,000,00,2,4,01,B01
201100022854,0,07,000,00,2,1,01,A01
201100022854,0,07,000,00,2,4,01,B01
201100022855,0,07,000,00,2,4,01,A01
201100022855,0,01,000,00,2,1,01,B01
201100022856,0,07,000,00,1,0,20,A01
201100022857,0,07,000,00,2,4,01,B01
201100022857,0,34,000,00,2,1,01,A01
201100022858,0,33,000,00,2,1,01,B01
201100022858,0,07,000,00,2,5,01,A01
201100022859,0,33,000,00,2,1,10,B01
201100022859,0,07,000,00,2,3,10,A01
201100022860,0,01,000,00,2,3,01,A01
201100022860,0,07,000,00,2,2,17,B01
201100022861,0,02,000,00,2,1,01,A01
201100022861,0,07,000,00,2,2,01,B01
201100022862,0,02,000,00,2,1,01,A01
201100022862,0,10,000,00,2,4,23,B01
201100022863,0,30,000,00,2,7,01,A01
201100022864,0,02,000,08,0,3,13,A01
201100022865,0,07,000,00,2,7,01,A01
201100022865,0,07,000,00,2,1,01,B01
201100022866,0,02,000,01,0,7,14,A01
201100022867,0,02,000,00,1,1,01,A01
201100022868,0,02,000,00,2,1,01,B01
201100022868,0,07,000,00,2,5,15,A01
201100022869,0,01,000,00,2,1,00,A01
201100022869,0,07,000,00,2,0,00,B01
201100022870,0,07,000,00,2,8,10,A01
201100022870,0,07,000,00,2,1,01,B01
201100022871,0,07,000,00,1,1,01,A01
201100022872,0,02,000,00,0,0,00,A01
201100022873,0,07,000,09,0,1,00,A01
201100022874,0,07,000,06,0,1,13,A01
201100022875,0,07,000,00,2,3,09,A01
201100022875,0,01,000,00,2,1,19,B01
201100022876,0,02,000,00,0,0,01,A01
201100022877,0,07,000,00,1,1,00,A01
201100022878,0,07,000,00,2,4,04,A01
201100022878,0,01,000,00,2,0,01,B01
201100022879,0,07,000,02,0,1,01,A01
201100022880,0,10,000,00,2,6,24,B01
201100022880,0,07,000,01,0,2,14,A01
201100022881,0,13,000,00,1,4,01,A01
201100022882,0,07,000,00,2,1,01,A01
201100022882,0,02,000,00,2,1,01,B01
201100022883,0,01,000,00,2,1,00,B01
201100022883,0,07,000,00,2,1,00,A01
201100022884,0,07,000,00,2,4,01,B01
201100022884,0,07,000,00,2,1,01,A01
201100022885,0,07,000,00,2,1,19,A01
201100022885,0,13,000,00,2,6,01,B01
201100022886,0,07,000,13,0,9,00,A01
201100022887,0,01,000,00,2,4,02,B01
201100022887,0,30,000,00,2,1,01,A01
201100022888,0,17,000,00,2,8,24,B01
201100022888,0,07,000,01,0,1,01,A01
201100022889,0,01,000,00,2,1,00,B01
201100022889,0,07,000,00,2,3,00,A01
201100022890,0,07,000,00,2,1,01,B01
201100022890,0,07,000,00,2,1,13,A01
201100022891,0,07,000,00,1,4,04,A01
201100022892,0,33,000,00,2,0,17,A01
201100022892,0,07,000,00,0,0,17,B01
201100022893,0,31,000,00,2,1,01,B01
201100022893,0,07,000,00,2,1,01,A01
201100022894,0,07,000,00,1,1,01,A01
201100022895,0,07,000,00,2,4,01,A01
201100022895,0,02,000,00,2,1,01,B01
201100022896,0,07,000,00,2,1,00,A01
201100022896,0,33,000,00,2,1,00,B01
201100022897,0,30,000,04,0,1,14,A01
201100022898,0,30,000,00,2,1,01,A01
201100022898,0,07,000,00,2,3,13,B01
201100022899,0,01,000,00,0,0,02,A01
201100022900,0,07,000,13,0,9,01,A01
201100022901,0,07,000,00,2,2,17,A01
201100022901,0,34,000,00,2,6,01,B01
201100022902,0,07,000,00,2,1,00,A01
201100022902,0,01,000,00,2,1,00,B01
201100022903,0,07,000,00,2,1,01,A01
201100022903,0,01,000,00,2,0,01,B01
201100022904,0,07,000,00,2,4,01,B01
201100022904,0,30,000,00,2,1,01,A01
201100022905,0,01,000,00,2,0,01,B01
201100022905,0,07,000,00,2,0,12,A01
201100022906,0,32,000,00,0,0,01,A01
201100022907,0,07,000,00,2,0,10,B01
201100022907,0,02,000,00,2,1,01,A01
201100022908,1,99,000,00,2,0,00,B01
201100022908,0,07,000,00,2,1,00,A01
201100022909,0,07,000,00,2,5,01,B01
201100022909,0,01,000,00,2,1,01,A01
201100022910,0,07,000,00,1,1,01,A01
201100022911,0,33,000,00,2,1,01,B01
201100022911,0,07,000,00,2,4,01,A01
201100022912,0,02,000,00,2,1,00,A01
201100022912,1,07,000,00,2,0,00,Z01
201100022913,0,02,000,00,0,0,01,A01
201100022914,0,30,000,16,0,0,13,A01
201100022915,0,07,000,00,2,1,00,A01
201100022915,0,03,000,00,2,1,01,B01
201100022916,0,02,000,00,2,6,01,A01
201100022916,0,07,000,00,2,1,01,B01
201100022917,0,02,000,00,2,1,01,B01
201100022917,0,07,000,00,2,2,15,A01
201100022918,0,07,000,00,2,0,01,B01
201100022918,0,01,000,00,2,0,01,A01
201100022919,0,07,000,00,1,1,00,A01
201100022920,0,02,000,00,2,1,01,B01
201100022920,0,07,000,00,2,4,01,A01
201100022921,0,33,000,00,2,7,17,A01
201100022921,0,07,000,00,2,8,01,B01
201100022922,0,02,000,00,2,4,21,B01
201100022922,0,02,000,00,2,4,01,A01
201100022923,0,07,000,00,2,1,10,A01
201100022923,0,30,000,00,2,2,00,B01
201100022924,0,07,000,06,0,9,01,A01
201100022925,0,07,000,00,2,1,01,A01
201100022925,0,07,000,00,2,4,01,B01
201100022926,0,07,000,09,0,1,01,A01
201100022927,0,07,000,00,2,0,01,A01
201100022927,0,07,000,00,2,0,02,B01
201100022928,0,07,000,00,1,4,04,A01
201100022929,0,07,000,00,2,1,01,B01
201100022929,0,07,000,07,2,7,19,A01
201100022930,0,07,000,00,2,4,01,B01
201100022930,0,30,000,00,2,1,01,A01
201100022931,0,07,000,00,0,9,00,A01
201100022932,0,30,000,00,2,6,01,B01
201100022932,0,07,000,00,2,2,12,A01
201100022933,0,10,000,00,0,2,01,A01
201100022933,0,07,000,00,2,4,23,B01
201100022933,0,10,000,00,2,4,23,C01
201100022934,0,07,000,00,2,1,01,A01
201100022934,0,07,000,00,2,1,01,B01
201100022935,0,07,000,00,2,4,01,B01
201100022935,0,07,000,00,2,1,01,A01
201100022936,0,07,000,00,2,1,17,A01
201100022936,0,13,000,00,2,8,15,B01
201100022937,0,02,000,00,2,7,19,A01
201100022937,0,07,000,00,2,3,01,B01
201100022938,0,31,000,00,2,3,01,A01
201100022938,0,07,000,00,2,8,13,B01
201100022939,0,02,000,00,0,7,01,A01
201100022940,0,07,000,00,2,7,13,A01
201100022940,0,07,000,00,2,7,00,B01
201100022941,0,07,000,00,0,0,09,A01
201100022941,0,01,000,00,0,0,01,B01
201100022942,0,10,000,00,0,9,14,A01
201100022943,0,30,000,00,2,1,00,B01
201100022943,0,07,000,00,2,0,00,A01
201100022944,0,01,000,00,2,1,01,B01
201100022944,0,07,000,00,2,8,01,A01
201100022945,0,07,000,00,2,7,09,B01
201100022945,0,30,000,00,2,2,01,A01
201100022946,0,07,000,00,2,1,01,A01
201100022946,0,07,000,00,2,4,02,C01
201100022946,0,07,000,00,2,9,02,B01
201100022947,0,33,000,00,2,1,01,B01
201100022947,0,07,000,00,2,1,09,A01
201100022948,0,30,000,00,2,1,01,A01
201100022948,0,07,000,00,2,4,01,B01
201100022949,0,07,000,00,2,1,02,A01
201100022949,0,07,000,00,2,1,02,D01
201100022949,0,07,000,00,2,1,02,C01
201100022949,0,07,000,00,2,4,02,B01
201100022950,0,30,000,00,2,1,01,A01
201100022950,0,30,000,00,2,1,01,B01
201100022951,0,07,000,00,1,2,01,A01
201100022952,0,07,000,00,1,1,00,A01
201100022953,0,30,000,16,0,8,01,A01
201100022954,0,07,000,00,2,1,01,A01
201100022954,0,01,000,00,2,0,19,B01
201100022955,0,10,000,00,1,6,21,A01
201100022956,0,34,000,00,0,0,01,A01
201100022957,0,02,000,00,2,8,01,B01
201100022957,0,07,000,00,2,2,17,A01
201100022958,0,07,000,00,6,1,01,A01
201100022959,0,07,000,00,2,0,13,A01
201100022959,0,07,000,00,2,0,01,B01
201100022960,0,07,000,00,2,1,01,A01
201100022960,0,01,000,00,2,1,01,B01
201100022961,0,01,000,16,0,2,01,A01
201100022962,0,07,000,00,2,6,01,B01
201100022962,0,31,000,00,2,1,18,A01
201100022963,0,07,000,04,0,9,13,A01
201100022964,0,07,000,00,2,1,00,A01
201100022964,0,01,000,00,2,1,01,B01
201100022965,0,07,000,00,2,3,14,A01
201100022965,0,07,000,00,2,3,13,B01
201100022966,0,37,001,00,2,4,01,B01
201100022966,0,10,000,00,2,1,02,A01
201100022967,0,07,000,00,2,1,00,A01
201100022967,0,07,000,00,2,1,00,B01
201100022968,0,07,000,00,2,7,01,A01
201100022968,0,07,000,00,2,3,15,B01
201100022969,0,07,000,00,1,1,01,A01
201100022970,0,07,000,00,1,1,01,A01
201100022971,0,02,000,00,5,7,01,A01
201100022972,0,07,000,00,2,2,01,A01
201100022972,0,30,000,00,2,1,01,B01
201100022973,0,07,000,00,1,1,01,A01
201100022974,0,07,000,00,1,2,01,A01
201100022975,0,07,000,00,1,1,01,A01
201100022976,0,07,000,00,1,1,01,A01
201100022977,0,07,000,00,1,1,01,A01
201100022978,0,02,000,00,2,1,01,B01
201100022978,0,07,000,00,2,8,01,A01
201100022979,0,07,000,00,0,1,00,A01
201100022979,0,01,000,00,2,1,00,B01
201100022980,0,02,000,00,2,3,01,B01
201100022980,0,07,000,00,2,3,01,A01
201100022981,0,07,000,00,2,1,01,A01
201100022981,0,07,000,00,2,4,01,B01
201100022982,0,02,000,08,0,1,01,A01
201100022983,0,07,000,00,6,7,01,A01
201100022983,0,14,000,00,2,8,01,B01
201100022984,0,07,000,00,2,1,01,A01
201100022984,0,07,000,00,2,4,01,B01
201100022985,0,07,000,00,1,1,01,A01
201100022986,0,07,000,00,2,0,23,B01
201100022986,0,30,000,00,2,0,01,A01
201100022987,0,07,000,00,2,4,01,C01
201100022987,0,07,000,00,2,4,01,B01
201100022987,0,07,000,00,2,1,01,A01
201100022988,0,02,000,00,2,2,00,B01
201100022988,0,02,000,00,2,3,01,A01
201100022989,0,07,000,00,2,8,01,B01
201100022989,0,07,000,04,2,3,13,A01
201100022990,0,33,000,00,0,0,00,A01
201100022991,0,07,000,01,0,0,00,A01
201100022992,0,07,000,04,0,3,01,A01
201100022993,0,07,000,07,0,1,01,A01
201100022994,0,07,000,00,1,1,00,A01
201100022995,0,34,000,00,1,1,00,A01
201100022996,0,07,000,00,2,1,01,A01
201100022996,0,07,000,00,2,8,01,B01
201100022997,0,07,000,00,1,1,01,A01
201100022998,0,07,000,00,0,0,00,A01
201100022999,0,30,000,00,2,1,05,A01
201100022999,0,07,000,00,2,5,01,B01
201100023000,0,01,000,00,2,0,01,B01
201100023000,0,07,000,00,9,1,00,A01
201100023001,0,07,000,00,1,1,01,A01
201100023002,0,01,000,00,2,0,00,B01
201100023002,0,07,000,00,9,0,00,A01
201100023003,0,07,000,00,2,0,00,A01
201100023003,0,30,000,00,2,1,00,B01
201100023004,0,07,000,00,2,8,00,A01
201100023004,0,07,000,00,2,1,00,B01
201100023005,0,07,000,00,2,0,00,B01
201100023005,0,07,000,00,2,0,00,A01
201100023006,0,30,000,00,0,0,00,A01
201100023007,0,07,000,00,9,0,00,A01
201100023007,0,01,000,00,2,0,01,B01
201100023008,0,02,000,00,2,2,00,A01
201100023008,0,07,000,00,2,8,00,B01
201100023009,0,01,000,00,2,1,00,B01
201100023009,0,07,000,00,9,3,00,A01
201100023010,0,01,000,00,2,1,16,A01
201100023010,0,07,000,00,9,8,01,B01
201100023011,0,07,000,00,2,8,15,B01
201100023011,0,33,000,00,2,9,17,A01
201100023012,0,07,000,00,0,1,01,A01
201100023013,0,07,000,00,2,8,10,A01
201100023014,0,07,000,16,0,1,00,A01
201100023015,0,07,000,06,0,9,00,A01
201100023016,0,07,000,00,2,1,00,A01
201100023016,0,07,000,00,2,4,00,B01
201100023017,0,32,000,00,2,1,02,A01
201100023017,0,07,000,00,2,0,00,B01
201100023018,0,07,000,00,9,1,00,A01
201100023018,0,01,000,00,2,0,00,B01
201100023019,0,33,000,00,2,1,00,B01
201100023019,0,07,000,00,2,8,00,A01
201100023020,0,07,000,03,0,0,00,A01
201100023021,0,07,000,00,2,4,00,B01
201100023021,0,07,000,00,2,1,00,A01
201100023022,0,07,000,06,0,1,00,A01
201100023023,0,07,000,00,0,4,00,B01
201100023023,0,07,000,00,2,4,00,C01
201100023023,0,07,000,00,2,1,00,A01
201100023024,0,01,000,00,2,0,00,A01
201100023024,0,38,000,00,9,5,00,B01
201100023025,0,01,000,12,0,1,01,A01
201100023026,0,02,000,00,1,1,01,A01
201100023027,0,07,000,01,2,1,01,A01
201100023028,0,07,000,00,0,1,01,B01
201100023028,0,07,000,00,2,7,01,A01
201100023029,0,07,000,00,2,1,01,A01
201100023029,0,30,000,00,2,7,01,B01
201100023030,0,07,000,00,2,1,01,B01
201100023030,0,07,000,00,2,1,01,A01
201100023031,0,07,000,00,2,6,01,B01
201100023031,0,01,000,00,2,1,01,A01
201100023032,0,02,000,00,0,1,01,A01
201100023033,0,07,000,00,1,1,01,A01
201100023034,0,30,000,12,0,1,00,A01
201100023035,0,13,000,00,2,3,15,B01
201100023035,0,30,000,00,2,1,01,A01
201100023036,0,07,000,00,2,4,01,B01
201100023036,0,30,000,00,2,1,01,A01
201100023037,0,07,000,00,1,1,01,A01
201100023038,0,07,000,00,2,4,01,C01
201100023038,0,07,000,00,2,1,01,A01
201100023038,0,07,000,00,2,4,01,B01
201100023039,0,07,000,00,2,1,01,A01
201100023039,0,01,000,00,2,4,01,B01
201100023040,0,07,000,00,1,1,01,A01
201100023041,0,07,000,00,1,1,01,A01
201100023042,0,07,000,01,0,2,00,A01
201100023043,0,03,000,01,0,2,01,A01
201100023044,0,07,000,00,2,3,09,A01
201100023044,0,33,000,00,2,1,01,B01
201100023045,0,07,000,00,2,6,16,B01
201100023045,0,33,000,00,2,1,17,A01
201100023046,0,07,000,00,2,2,01,B01
201100023046,0,30,000,00,2,1,01,A01
201100023047,0,07,000,00,2,6,01,B01
201100023047,0,07,000,00,2,3,01,A01
201100023048,0,07,000,00,1,1,01,A01
201100023049,0,07,000,00,1,4,04,A01
201100023050,0,07,000,00,1,1,01,A01
201100023051,0,02,000,13,0,0,00,A01
201100023052,0,30,000,00,0,1,00,A01
201100023053,0,07,000,00,9,7,00,A01
201100023053,0,01,000,00,2,1,00,B01
201100023054,0,33,000,00,0,0,00,A01
201100023055,0,07,000,00,0,8,00,A01
201100023056,0,07,000,00,0,4,00,C01
201100023056,0,30,000,00,2,4,00,B01
201100023056,0,07,000,00,2,1,00,A01
201100023057,0,33,000,00,2,1,01,A01
201100023057,0,07,000,00,2,4,01,B01
201100023058,0,32,000,00,1,1,00,A01
201100023059,0,07,000,00,2,4,00,B01
201100023059,0,30,000,00,2,1,00,A01
201100023060,0,31,000,00,2,8,10,A01
201100023060,0,33,000,00,2,1,01,B01
201100023061,0,07,000,00,2,4,01,C01
201100023061,0,07,000,00,2,4,01,B01
201100023061,0,07,000,00,2,1,01,A01
201100023062,0,07,000,00,2,8,01,B01
201100023062,0,01,000,00,2,1,00,A01
201100023063,0,07,000,00,1,1,01,A01
201100023064,0,01,000,00,1,1,01,A01
201100023064,0,01,000,00,2,1,00,B01
201100023065,0,07,000,00,1,2,01,A01
201100023066,0,07,000,06,0,1,01,A01
201100023067,0,07,000,00,2,1,13,A01
201100023067,0,07,000,00,2,1,01,B01
201100023068,0,07,000,01,0,1,00,A01
201100023069,0,07,000,00,2,4,01,B01
201100023069,0,07,000,00,2,1,01,A01
201100023070,0,07,000,00,2,1,01,B01
201100023070,0,07,000,00,2,8,09,A01
201100023071,0,07,000,09,0,1,01,A01
201100023072,0,07,000,00,2,4,01,B01
201100023072,0,07,000,00,2,1,01,C01
201100023072,0,07,000,00,2,1,01,A01
201100023073,0,07,000,00,2,1,05,A01
201100023073,0,07,000,00,2,1,01,B01
201100023074,0,07,000,00,2,1,01,B01
201100023074,0,07,000,00,2,1,01,A01
201100023075,0,07,000,00,2,1,01,A01
201100023075,0,01,000,00,2,7,15,B01
201100023076,0,31,000,00,2,1,01,B01
201100023076,0,07,000,00,2,2,09,A01
201100023077,0,07,000,00,2,1,01,B01
201100023077,0,07,000,00,2,1,01,A01
201100023078,0,30,000,00,2,1,01,B01
201100023078,0,07,000,00,2,3,01,A01
201100023079,0,07,000,00,1,1,01,A01
201100023080,0,07,000,00,2,7,15,B01
201100023080,0,33,000,00,2,1,17,A01
201100023081,0,07,000,00,1,1,01,A01
201100023082,0,07,000,00,2,3,15,B01
201100023082,0,30,000,00,2,1,17,A01
201100023083,0,30,000,00,2,1,17,B01
201100023083,1,07,000,00,2,0,10,A01
201100023084,0,07,000,03,0,1,01,A01
201100023085,0,30,000,00,2,1,01,B01
201100023085,0,10,000,00,2,1,15,A01
201100023086,0,07,000,00,1,1,00,A01
201100023087,0,07,000,00,2,1,01,C01
201100023087,0,07,000,00,2,2,15,A01
201100023087,0,30,000,00,2,1,01,B01
201100023088,0,07,000,00,2,4,01,B01
201100023088,0,30,000,00,2,1,01,A01
201100023089,0,07,000,00,2,8,11,A01
201100023089,0,31,000,00,2,7,01,B01
201100023090,0,07,000,00,2,1,01,A01
201100023090,0,07,000,00,2,4,01,B01
201100023090,0,07,000,00,2,4,01,C01
201100023091,0,30,000,00,2,7,00,B01
201100023091,0,07,000,00,2,1,09,A01
201100023092,0,07,000,00,2,1,00,B01
201100023092,0,33,000,00,2,1,00,A01
201100023093,0,02,000,00,0,0,01,A01
201100023094,0,30,000,00,2,1,01,A01
201100023094,0,07,000,00,2,4,01,B01
201100023095,0,07,000,03,0,0,00,A01
201100023096,0,07,000,00,1,0,00,A01
201100023097,0,07,000,00,2,3,00,A01
201100023097,0,31,000,00,2,2,00,B01
201100023098,0,30,000,00,0,0,01,A01
201100023099,0,07,000,01,0,7,01,A01
201100023099,0,07,000,00,2,8,00,B01
201100023100,0,07,000,00,2,7,00,B01
201100023100,0,07,000,00,2,0,00,C01
201100023100,0,07,000,00,2,0,01,A01
201100023101,0,07,000,00,2,0,00,A01
201100023101,0,33,000,00,2,0,00,B01
201100023102,0,07,000,00,1,0,00,A01
201100023103,0,07,000,13,0,2,01,A01
201100023104,0,07,000,00,2,2,15,A01
201100023104,0,33,000,00,2,1,01,B01
201100023105,0,34,000,00,2,1,01,B01
201100023105,0,07,000,00,2,1,16,A01
201100023106,0,07,000,00,2,3,15,A01
201100023106,0,32,000,00,2,1,01,B01
201100023107,0,07,000,00,2,3,02,A01
201100023107,0,07,000,00,2,4,15,B01
201100023108,0,07,000,00,2,8,01,B01
201100023108,0,30,000,00,2,1,19,A01
201100023109,0,02,000,00,0,0,01,A01
201100023110,0,30,000,00,2,1,18,A01
201100023110,0,10,000,00,2,2,16,B01