Num_Acc,senc,catv,occutc,obs,obsm,choc,manv,num_veh
201100023111,0,07,000,00,2,1,01,A01
201100023111,0,07,000,00,2,4,01,B01
201100023112,0,07,000,00,0,1,01,A01
201100023113,0,02,000,00,0,2,01,A01
201100023114,0,07,000,00,2,1,13,A01
201100023114,0,07,000,13,2,3,21,B01
201100023115,0,07,000,00,2,1,00,B01
201100023115,0,07,000,00,2,1,01,A01
201100023116,0,02,000,00,0,7,01,A01
201100023117,0,01,000,00,1,1,01,A01
201100023118,0,07,000,00,2,3,01,B01
201100023118,0,02,000,00,2,1,01,A01
201100023119,0,07,000,00,0,9,01,A01
201100023120,0,02,000,00,0,0,00,A01
201100023121,0,07,000,00,9,3,09,A01
201100023121,0,01,000,00,2,1,01,B01
201100023122,0,07,000,00,1,0,00,A01
201100023123,0,07,000,06,0,1,01,A01
201100023124,0,07,000,00,2,1,01,A01
201100023124,0,07,000,00,0,5,01,B01
201100023125,0,03,000,00,1,1,00,A01
201100023126,0,07,000,06,0,1,00,A01
201100023127,0,31,000,00,0,0,21,A01
201100023128,0,07,000,00,9,0,00,B01
201100023128,0,30,000,00,2,1,00,A01
201100023129,0,07,000,00,1,4,04,A01
201100023130,0,02,000,00,0,0,00,A01
201100023131,0,01,000,00,2,1,01,B01
201100023131,0,07,000,00,9,3,09,A01
201100023132,0,07,000,00,2,5,04,A01
201100023132,0,30,000,00,2,1,01,B01
201100023133,0,30,000,00,2,0,00,B01
201100023133,0,07,000,00,9,0,00,A01
201100023134,0,01,000,00,1,0,00,A01
201100023135,0,07,000,03,0,2,14,A01
201100023136,0,07,000,00,1,4,04,A01
201100023137,1,07,000,00,2,1,00,A01
201100023137,0,30,000,00,2,1,00,B01
201100023138,0,30,000,00,2,1,00,A01
201100023138,0,07,000,00,1,1,00,B01
201100023139,0,07,000,12,0,1,15,A01
201100023140,0,07,000,00,2,7,01,B01
201100023140,0,07,000,00,2,1,00,A01
201100023141,0,33,000,13,0,1,01,A01
201100023142,0,07,000,00,2,1,01,B01
201100023142,0,30,000,00,2,1,05,A01
201100023143,0,07,000,00,2,1,00,A01
201100023143,0,10,000,00,2,4,01,B01
201100023144,0,07,000,00,2,1,01,A01
201100023144,0,38,000,00,2,4,01,B01
201100023145,0,07,000,00,2,4,04,A01
201100023145,0,07,000,00,2,7,01,B01
201100023146,0,07,000,00,1,7,01,A01
201100023147,0,07,000,00,1,7,01,A01
201100023148,0,07,000,03,0,2,14,A01
201100023149,0,07,000,00,1,4,04,A01
201100023150,0,07,000,00,2,8,15,B01
201100023150,0,02,000,00,1,5,17,A01
201100023151,0,33,000,00,0,0,01,A01
201100023152,0,30,000,00,2,1,05,A01
201100023152,0,07,000,00,2,1,01,B01
201100023153,1,07,000,00,2,8,10,A01
201100023153,0,33,000,00,2,7,17,B01
201100023154,0,07,000,00,2,1,01,D01
201100023154,0,07,000,00,2,3,01,C01
201100023154,0,33,000,00,2,1,01,E01
201100023154,0,07,000,00,2,4,15,B01
201100023154,0,07,000,00,2,1,01,A01
201100023155,0,30,000,00,2,1,01,B01
201100023155,0,07,000,00,0,2,15,A01
201100023156,0,07,000,00,2,2,15,A01
201100023156,0,31,000,00,2,1,17,B01
201100023157,0,07,000,00,2,4,02,B01
201100023157,0,07,000,00,2,1,02,A01
201100023158,0,07,000,00,2,2,16,A01
201100023158,0,02,000,00,2,1,01,B01
201100023159,0,07,000,00,2,4,01,B01
201100023159,0,07,000,00,2,4,00,C01
201100023159,0,07,000,00,2,1,01,A01
201100023160,0,33,000,09,0,1,01,A01
201100023161,0,07,000,00,2,4,00,B01
201100023161,0,14,000,00,2,1,01,A01
201100023162,0,01,000,00,0,0,01,A01
201100023163,0,07,000,00,2,2,15,B01
201100023163,0,01,000,00,2,1,05,A01
201100023164,0,07,000,00,2,4,01,A01
201100023164,0,07,000,00,2,0,01,C01
201100023164,0,07,000,00,2,4,01,B01
201100023164,0,07,000,00,2,1,01,D01
201100023165,0,07,000,00,2,4,00,B01
201100023165,0,07,000,00,2,1,01,A01
201100023166,0,07,000,00,5,1,01,A01
201100023167,0,07,000,00,0,4,00,B01
201100023167,0,07,000,00,2,1,00,A01
201100023168,0,07,000,00,9,7,00,A01
201100023168,0,01,000,01,0,2,00,B01
201100023169,0,07,000,00,1,1,00,A01
201100023170,0,07,000,13,0,9,00,A01
201100023171,0,07,000,00,2,1,00,A01
201100023172,0,07,000,00,2,4,00,A01
201100023172,0,07,000,00,2,1,00,B01
201100023173,0,07,000,00,9,1,00,A01
201100023174,0,07,000,02,0,1,00,A01
201100023175,0,07,000,00,2,4,00,B01
201100023175,0,07,000,00,2,1,00,A01
201100023176,0,07,000,00,2,3,00,A01
201100023176,0,07,000,00,2,1,01,B01
201100023177,0,07,000,13,0,9,00,A01
201100023178,0,30,000,00,0,1,00,A01
201100023179,0,02,000,00,0,0,00,A01
201100023180,0,02,000,00,2,1,00,B01
201100023180,0,07,000,00,0,4,00,A01
201100023181,0,07,000,00,0,0,00,A01
201100023182,0,31,000,00,2,2,00,B01
201100023182,0,07,000,00,2,3,00,A01
201100023183,0,30,000,00,2,8,00,A01
201100023183,0,07,000,00,2,8,00,B01
201100023184,0,07,000,00,0,4,00,B01
201100023184,0,33,000,00,0,1,00,A01
201100023185,0,33,000,00,0,0,00,B01
201100023185,0,07,000,00,0,0,00,A01
201100023186,0,07,000,09,0,1,00,A01
201100023187,0,07,000,00,9,1,00,A01
201100023187,0,01,000,00,0,4,00,B01
201100023188,0,01,000,00,0,2,00,B01
201100023188,0,07,000,00,9,2,00,A01
201100023189,0,07,000,00,0,2,00,A01
201100023189,0,01,000,00,2,1,00,B01
201100023190,0,07,000,00,0,0,00,A01
201100023190,0,01,000,00,0,0,00,B01
201100023191,0,07,000,06,0,1,00,A01
201100023192,0,07,000,00,2,1,00,B01
201100023192,0,07,000,00,2,7,00,A01
201100023193,0,07,000,01,2,1,00,A01
201100023194,0,07,000,00,2,1,00,A01
201100023194,0,07,000,00,2,4,00,B01
201100023195,0,07,000,00,1,2,00,A01
201100023196,0,02,000,00,2,1,00,A01
201100023196,0,07,000,00,0,4,00,B01
201100023197,0,30,000,00,2,8,01,B01
201100023197,0,07,000,00,2,1,01,A01
201100023198,0,07,000,00,1,1,01,A01
201100023199,0,07,000,06,0,4,04,A01
201100023200,0,07,000,00,2,1,01,B01
201100023200,0,07,000,00,2,8,23,C01
201100023200,0,07,000,00,2,2,15,A01
201100023201,0,30,000,00,2,1,09,B01
201100023201,0,07,000,00,2,2,01,A01
201100023202,0,30,000,00,2,1,09,A01
201100023202,0,07,000,00,2,2,01,B01
201100023203,0,07,000,00,2,2,15,A01
201100023203,0,30,000,00,2,1,01,B01
201100023204,0,02,000,00,0,1,00,A01
201100023205,0,07,000,00,1,1,01,A01
201100023206,0,01,000,00,2,8,01,B01
201100023206,0,07,000,00,9,2,12,A01
201100023207,0,07,000,00,1,1,00,A01
201100023208,0,07,000,00,2,4,15,B01
201100023208,0,07,000,00,2,3,01,C01
201100023208,0,07,000,00,2,1,01,A01
201100023209,0,07,000,00,2,1,15,A01
201100023209,0,07,000,00,2,3,01,B01
201100023210,0,07,000,00,1,1,01,A01
201100023211,0,07,000,00,6,3,21,A01
201100023212,0,07,000,04,0,3,13,A01
201100023213,0,10,000,00,0,4,23,B02
201100023213,0,17,000,01,0,1,01,A01
201100023214,0,17,000,00,2,1,02,C03
201100023214,0,07,000,00,0,4,02,B02
201100023214,0,17,000,00,0,4,01,A01
201100023215,0,07,000,00,2,1,01,B02
201100023215,0,07,000,00,0,5,01,A01
201100023216,0,07,000,00,1,6,20,A01
201100023217,0,07,000,04,2,7,01,A01
201100023217,0,07,000,00,2,1,01,C03
201100023217,0,07,000,04,2,1,00,B02
201100023218,0,15,000,03,0,8,02,A01
201100023219,0,07,000,00,2,6,23,C03
201100023219,0,07,000,00,2,2,15,A01
201100023219,0,07,000,00,2,3,01,B02
201100023220,0,17,000,00,2,7,15,A01
201100023220,0,38,000,00,2,1,01,B02
201100023221,0,07,000,00,2,1,15,A01
201100023221,0,31,000,00,2,7,01,B02
201100023222,0,33,000,00,2,1,13,A01
201100023222,0,07,000,00,2,1,01,B02
201100023223,0,07,000,10,0,2,01,A01
201100023224,0,34,000,00,2,1,03,A01
201100023224,0,07,000,00,2,8,15,B02
201100023225,0,33,000,00,0,0,21,A01
201100023226,0,10,000,00,0,6,02,B02
201100023226,0,33,000,00,2,1,02,A01
201100023227,0,07,000,00,2,2,15,A01
201100023227,0,32,000,00,2,2,01,B02
201100023228,0,33,000,00,0,0,21,A01
201100023229,0,07,000,00,2,6,19,A01
201100023229,0,34,000,00,2,1,01,B02
201100023230,0,33,000,00,2,1,01,A01
201100023230,0,07,000,00,2,2,10,B02
201100023231,0,07,000,01,0,7,01,A01
201100023231,0,14,000,00,2,2,05,B02
201100023232,0,07,000,11,0,2,15,A01
201100023233,0,01,000,00,2,4,02,B02
201100023233,0,07,000,00,9,2,02,A01
201100023234,0,07,000,06,0,1,14,A01
201100023235,0,07,000,00,2,2,01,B02
201100023235,0,30,000,00,2,1,13,A01
201100023236,0,07,000,06,0,1,01,A01
201100023237,0,07,000,02,0,7,01,A01
201100023238,0,14,000,00,2,6,11,A01
201100023238,0,33,000,00,2,1,01,B02
201100023239,0,07,000,13,0,2,14,A01
201100023240,0,07,000,00,2,7,01,B02
201100023240,0,07,000,00,2,3,19,A01
201100023241,0,10,000,13,0,1,13,A01
201100023242,0,03,000,13,0,2,00,A01
201100023243,0,10,000,00,2,8,01,A01
201100023243,0,01,000,00,2,1,01,B02
201100023244,0,10,000,00,2,2,01,A01
201100023245,0,07,000,00,0,0,14,A01
201100023246,0,07,000,00,2,2,15,A01
201100023246,0,33,000,00,2,1,21,B02
201100023247,0,07,000,00,2,8,15,A01
201100023247,0,33,000,00,2,1,01,B02
201100023247,0,33,000,00,2,1,00,C03
201100023248,0,07,000,02,0,9,01,A01
201100023249,0,07,000,00,2,8,15,A01
201100023249,0,07,000,00,2,1,01,B02
201100023250,0,33,000,05,0,1,01,A01
201100023251,0,07,000,13,0,9,01,A01
201100023252,0,33,000,16,0,1,01,A01
201100023253,0,07,000,00,0,0,17,A01
201100023253,0,07,000,06,0,1,01,B02
201100023254,0,07,000,00,0,3,01,B02
201100023254,0,07,000,00,0,3,13,A01
201100023255,0,07,000,00,2,4,15,B02
201100023255,0,33,000,00,2,1,17,A01
201100023256,0,07,000,00,2,1,01,B02
201100023256,0,14,000,00,2,3,01,A01
201100023257,0,07,000,00,0,8,15,B02
201100023257,0,30,000,00,0,2,13,A01
201100023258,0,07,000,06,0,1,01,A01
201100023259,0,07,000,02,0,7,01,A01
201100023260,0,33,000,00,5,1,01,A01
201100023261,0,07,000,06,0,1,13,A01
201100023262,0,07,000,00,2,3,13,A01
201100023262,0,07,000,00,2,3,01,B02
201100023262,0,10,000,00,2,2,01,C03
201100023263,0,07,000,00,2,1,01,B02
201100023263,0,07,000,00,0,1,01,A01
201100023264,0,07,000,13,0,9,01,A01
201100023265,0,14,000,00,2,6,02,B02
201100023265,0,07,000,00,2,1,02,A01
201100023266,0,07,000,03,0,1,01,A01
201100023267,0,07,000,00,9,9,01,A01
201100023268,0,10,000,03,0,2,01,A01
201100023269,0,07,000,16,0,1,01,A01
201100023270,0,07,000,03,0,9,14,A01
201100023271,0,07,000,04,0,3,01,A01
201100023272,0,10,000,13,0,6,02,A01
201100023273,0,38,018,03,0,1,14,A01
201100023274,0,07,000,00,2,3,01,C03
201100023274,0,07,000,00,2,7,01,B02
201100023274,0,17,000,00,2,2,12,A01
201100023275,0,07,000,00,2,3,13,A01
201100023275,0,10,000,00,2,3,01,B02
201100023276,0,07,000,00,2,1,01,B02
201100023276,0,07,000,00,2,1,13,A01
201100023277,0,30,000,00,2,8,01,A01
201100023277,0,07,000,00,2,3,01,B02
201100023278,0,31,000,12,0,7,01,A01
201100023279,0,02,000,00,2,2,01,B02
201100023279,0,07,000,00,2,2,01,A01
201100023280,0,31,000,13,0,1,14,A01
201100023281,0,07,000,00,2,3,01,A01
201100023281,0,02,000,00,2,1,16,B02
201100023282,0,07,000,02,0,3,13,A01
201100023283,0,07,000,16,0,9,01,A01
201100023284,0,07,000,00,2,4,02,A01
201100023284,2,07,000,00,2,1,02,B01
201100023285,0,31,000,00,0,7,01,A01
201100023286,0,07,000,00,2,4,02,B01
201100023286,0,07,000,00,2,4,02,C01
201100023286,0,07,000,00,2,1,02,A01
201100023287,0,07,000,00,1,1,15,A01
201100023288,0,07,000,08,0,3,01,A01
201100023289,0,07,000,00,2,1,01,B01
201100023289,0,07,000,00,2,1,09,A01
201100023290,0,07,000,00,1,3,01,A01
201100023291,0,07,000,00,1,2,01,A01
201100023292,0,07,000,00,2,1,01,B01
201100023292,0,07,000,00,2,4,02,A01
201100023293,0,07,000,00,2,3,01,B01
201100023293,0,02,000,00,2,2,12,A01
201100023294,2,07,000,00,0,9,01,A01
201100023295,0,07,000,00,2,1,02,A01
201100023295,0,07,000,00,0,4,02,B01
201100023296,0,07,000,00,0,8,15,B01
201100023296,0,30,000,00,2,1,02,A01
201100023297,0,07,000,15,0,1,13,A01
201100023298,0,30,000,00,2,1,01,B01
201100023298,0,07,000,00,0,7,09,A01
201100023299,0,07,000,00,2,2,15,A01
201100023299,0,07,000,00,2,1,01,B01
201100023300,0,02,000,00,2,2,17,B01
201100023300,0,10,000,00,2,3,10,A01
201100023301,0,07,000,00,2,8,15,B01
201100023301,0,07,000,00,0,2,15,A01
201100023302,0,07,000,00,2,2,01,A01
201100023302,0,07,000,00,2,3,15,B01
201100023303,0,38,001,00,2,3,01,A01
201100023303,0,07,000,00,2,4,15,B01
201100023304,0,30,000,00,2,1,01,B01
201100023304,0,03,000,00,2,2,09,A01
201100023305,0,07,000,00,1,1,01,A01
201100023306,0,33,000,00,2,8,13,A01
201100023306,0,07,000,00,0,8,23,B01
201100023307,0,07,000,00,2,3,01,B01
201100023307,0,07,000,00,2,2,01,A01
201100023308,0,07,000,00,2,1,01,B01
201100023308,0,30,000,00,2,7,01,A01
201100023309,0,02,000,00,1,1,01,A01
201100023310,0,07,000,00,6,9,14,A01
201100023311,0,07,000,00,2,2,09,A01
201100023311,0,07,000,00,2,1,09,B01
201100023312,0,07,000,00,2,3,01,B01
201100023312,0,07,000,00,2,3,13,A01
201100023313,0,33,000,00,2,1,01,C01
201100023313,0,33,000,16,2,8,13,A01
201100023313,0,07,000,00,2,6,02,B01
201100023314,0,07,000,13,0,9,01,A01
201100023315,0,07,000,00,1,1,01,A01
201100023316,0,07,000,00,2,3,17,A01
201100023316,0,32,000,00,2,7,10,B01
201100023317,0,33,000,00,2,1,02,A01
201100023317,0,07,000,00,0,4,02,B01
201100023318,0,07,000,00,2,3,23,C01
201100023318,0,02,000,00,2,7,15,A01
201100023318,0,07,000,00,2,1,01,B01
201100023319,0,07,000,00,2,2,01,B01
201100023319,0,07,000,00,2,5,01,A01
201100023320,0,01,000,00,1,1,01,A01
201100023321,0,07,000,00,1,3,20,A01
201100023322,0,07,000,00,1,3,01,A01
201100023323,0,07,000,00,1,2,01,A01
201100023324,0,07,000,00,2,1,10,A01
201100023324,0,07,000,00,2,1,01,B01
201100023325,0,07,000,00,2,1,02,A01
201100023325,0,07,000,00,1,4,23,B01
201100023326,0,33,000,00,2,1,02,A01
201100023326,0,07,000,00,0,4,01,B01
201100023327,0,17,000,00,0,7,21,A01
201100023328,0,07,000,00,2,1,02,B01
201100023328,0,07,000,00,2,3,09,A01
201100023329,0,07,000,00,2,4,01,B01
201100023329,0,07,000,00,2,1,01,A01
201100023330,0,07,000,00,2,3,01,B01
201100023330,0,07,000,00,2,1,11,A01
201100023331,0,07,000,00,1,1,01,A01
201100023332,0,07,000,00,2,1,15,A01
201100023332,0,31,000,00,2,2,01,B01
201100023333,0,31,000,12,0,1,01,A01
201100023334,0,07,000,00,2,4,02,B01
201100023334,0,07,000,00,0,6,02,C01
201100023334,0,07,000,00,2,1,02,A01
201100023335,0,07,000,00,0,1,01,A01
201100023336,0,07,000,00,2,2,16,B01
201100023336,0,30,000,00,2,1,01,A01
201100023337,0,17,000,00,2,8,01,B01
201100023337,0,07,000,00,2,8,01,A01
201100023338,0,07,000,00,2,1,01,B01
201100023338,0,07,000,00,2,1,15,A01
201100023339,0,33,000,00,2,1,01,A01
201100023339,0,07,000,00,2,1,01,B01
201100023340,0,30,000,00,2,1,06,B01
201100023340,0,07,000,00,2,6,01,A01
201100023341,0,07,000,00,2,1,15,B01
201100023341,0,10,000,00,2,3,01,A01
201100023342,0,30,000,00,1,0,17,A01
201100023343,0,10,000,13,0,1,01,A01
201100023344,0,07,000,00,2,4,02,B01
201100023344,0,10,000,00,2,1,02,A01
201100023344,0,33,000,00,2,4,02,C01
201100023344,0,10,000,00,2,4,23,D01
201100023345,0,07,000,00,0,4,02,C01
201100023345,0,07,000,00,2,4,02,B01
201100023345,0,07,000,00,2,1,02,A01
201100023346,0,01,000,00,2,8,01,B01
201100023346,1,03,000,00,9,0,01,A01
201100023347,0,36,000,15,0,3,01,A01
201100023348,0,33,000,13,0,1,06,A01
201100023349,0,31,000,00,2,1,02,B01
201100023349,0,07,000,00,2,7,15,A01
201100023350,0,07,000,00,2,3,01,B01
201100023350,0,07,000,00,2,3,15,A01
201100023351,1,07,000,00,2,0,15,A01
201100023351,0,02,000,00,2,1,01,B01
201100023352,0,07,000,00,2,3,01,A01
201100023352,0,07,000,08,2,2,01,B01
201100023353,0,02,000,00,2,2,17,A01
201100023353,0,07,000,00,2,3,01,B01
201100023354,0,07,000,00,1,1,01,A01
201100023355,0,07,000,00,2,3,01,B01
201100023355,0,07,000,00,2,2,19,A01
201100023355,0,07,000,00,0,6,23,C01
201100023356,0,33,000,00,2,1,17,A01
201100023356,0,07,000,00,0,4,10,B01
201100023357,0,02,000,00,2,1,17,A01
201100023357,0,10,000,00,2,8,15,B01
201100023358,0,07,000,00,1,4,04,A01
201100023359,0,03,000,00,2,3,13,A01
201100023359,0,30,000,00,2,1,02,B01
201100023360,0,07,000,00,2,4,01,B01
201100023360,0,07,000,00,2,1,02,A01
201100023361,0,30,000,00,2,1,02,A01
201100023361,0,07,000,00,2,5,23,B01
201100023362,0,07,000,13,0,2,13,A01
201100023363,0,07,000,00,2,1,01,A01
201100023363,0,07,000,00,0,4,23,B01
201100023364,0,07,000,00,2,1,13,A01
201100023364,0,07,000,00,2,1,01,C01
201100023364,0,07,000,00,2,3,01,B01
201100023365,0,07,000,00,2,1,15,A01
201100023365,0,02,000,00,2,3,16,B01
201100023366,0,07,000,00,2,6,16,B01
201100023366,2,07,000,00,2,1,02,A01
201100023367,0,07,000,13,0,1,01,A01
201100023368,0,02,000,00,2,1,13,A01
201100023368,0,07,000,00,2,1,01,B01
201100023369,0,07,000,00,2,1,09,A01
201100023369,0,02,000,00,2,1,01,B01
201100023370,0,07,000,00,1,1,01,A01
201100023371,0,07,000,00,2,2,01,B01
201100023371,0,07,000,00,2,5,16,A01
201100023372,0,07,000,00,2,2,09,B01
201100023372,0,01,000,00,2,1,01,A01
201100023373,0,07,000,06,2,6,01,B01
201100023373,0,07,000,00,2,1,01,A01
201100023374,0,07,000,06,0,1,01,A01
201100023375,0,33,000,12,0,7,01,A01
201100023376,0,07,000,00,2,3,17,A01
201100023376,0,07,000,00,2,2,02,B01
201100023377,0,07,000,00,1,2,01,A01
201100023378,0,07,000,00,1,2,01,A01
201100023379,0,33,000,11,0,3,17,A01
201100023380,0,07,000,00,9,3,01,A01
201100023380,0,01,000,00,2,1,15,B01
201100023381,0,07,000,00,2,3,10,A01
201100023381,0,07,000,00,2,2,02,B01
201100023382,0,07,000,00,0,7,15,A01
201100023382,0,14,000,00,2,2,01,B01
201100023383,0,30,000,00,0,7,01,A01
201100023384,0,14,000,00,2,8,01,A01
201100023384,0,17,000,00,2,3,16,B01
201100023385,0,07,000,00,2,2,15,A01
201100023385,0,07,000,00,2,1,01,B01
201100023386,0,07,000,13,0,3,01,A01
201100023387,0,07,000,00,2,4,01,C01
201100023387,0,07,000,00,2,1,01,A01
201100023387,0,07,000,00,2,4,01,B01
201100023388,0,07,000,00,2,1,13,A01
201100023388,0,07,000,00,2,1,13,B01
201100023389,0,31,000,00,2,3,13,A01
201100023389,0,10,000,00,2,8,01,B01
201100023390,0,30,000,00,2,1,01,B01
201100023390,0,07,000,00,2,7,15,A01
201100023391,0,10,000,00,2,1,01,C01
201100023391,0,07,000,00,0,4,01,B01
201100023391,0,31,000,00,2,1,02,A01
201100023392,0,07,000,00,1,1,01,A01
201100023393,0,02,000,01,0,2,01,A01
201100023394,0,07,000,00,1,3,01,A01
201100023395,0,07,000,16,0,1,01,A01
201100023396,0,15,000,00,2,3,01,A01
201100023396,0,07,000,00,2,6,15,B01
201100023397,0,07,000,13,0,1,01,A01
201100023398,0,31,000,00,2,4,01,B01
201100023398,0,02,000,00,2,1,02,A01
201100023399,0,07,000,13,0,1,01,A01
201100023400,0,33,000,00,0,0,01,A01
201100023401,0,07,000,00,1,2,09,A01
201100023402,0,07,000,00,2,1,02,A01
201100023402,0,07,000,00,2,4,23,B01
201100023403,0,01,000,00,2,0,01,B01
201100023403,0,07,000,00,2,1,09,A01
201100023404,0,15,000,00,0,7,15,A01
201100023405,0,30,000,00,2,2,02,A01
201100023405,0,07,000,00,2,6,24,B01
201100023406,0,17,000,00,2,1,13,A01
201100023406,0,07,000,00,2,6,01,B01
201100023406,0,07,000,00,2,1,01,C01
201100023407,0,07,000,00,0,6,02,B01
201100023407,0,30,000,00,2,1,01,A01
201100023408,0,33,000,12,0,3,01,A01
201100023409,0,07,000,00,2,1,15,A01
201100023409,0,33,000,00,2,7,01,B01
201100023410,1,07,000,00,2,5,17,A01
201100023410,0,01,000,00,2,3,01,B01
201100023411,0,07,000,00,2,1,01,B01
201100023411,0,01,000,00,2,7,19,A01
201100023412,0,07,000,13,0,9,01,A01
201100023413,0,07,000,00,0,0,12,A01
201100023414,0,07,000,00,0,8,01,B01
201100023414,0,07,000,00,2,2,09,A01
201100023415,0,30,000,00,2,5,01,A01
201100023415,0,07,000,00,2,1,01,B01
201100023416,0,07,000,12,0,1,01,A01
201100023417,0,02,000,00,2,7,17,A01
201100023417,0,07,000,00,2,3,01,B01
201100023418,2,07,000,00,2,1,17,A01
201100023418,0,07,000,00,2,3,15,C01
201100023418,0,07,000,00,2,1,16,B01
201100023419,0,30,000,04,0,1,02,A01
201100023420,0,07,000,00,2,6,01,B01
201100023420,0,07,000,00,2,2,02,A01
201100023421,0,07,000,00,1,2,01,A01
201100023422,0,33,000,00,2,7,17,B01
201100023422,0,07,000,00,2,3,13,A01
201100023423,0,07,000,00,2,4,01,A01
201100023423,0,33,000,00,2,1,01,B01
201100023424,0,07,000,01,2,8,09,A01
201100023424,0,07,000,00,2,2,01,B01
201100023425,0,07,000,00,1,8,01,A01
201100023426,0,07,000,00,2,5,02,B01
201100023426,0,02,000,00,2,1,02,A01
201100023427,0,07,000,00,2,1,01,A01
201100023427,0,07,000,00,2,4,01,C01
201100023427,0,07,000,00,0,4,01,D01
201100023427,0,07,000,00,2,4,01,B01
201100023428,0,33,000,00,0,1,01,A01
201100023429,1,10,000,00,1,1,01,Z01
201100023430,0,07,000,00,1,1,01,A01
201100023431,0,07,000,00,2,3,01,B01
201100023431,0,07,000,00,2,1,01,C01
201100023431,0,07,000,00,2,6,15,A01
201100023432,0,07,000,00,2,1,01,B01
201100023432,0,07,000,01,0,1,17,A01
201100023433,0,07,000,00,0,8,23,C01
201100023433,0,07,000,00,2,7,15,A01
201100023433,0,07,000,00,2,1,01,B01
201100023434,0,07,000,00,2,1,01,B01
201100023434,0,01,000,00,2,4,01,A01
201100023435,0,07,000,00,2,7,15,A01
201100023435,0,07,000,00,2,1,01,B01
201100023436,0,07,000,00,2,3,01,B01
201100023436,0,02,000,00,2,1,15,A01
201100023437,0,07,000,00,1,2,15,A01
201100023438,0,07,000,00,2,1,01,C01
201100023438,0,07,000,00,0,4,02,A01
201100023438,0,07,000,00,2,4,02,B01
201100023439,0,02,000,00,2,1,02,A01
201100023439,0,07,000,00,2,4,02,B01
201100023440,0,30,000,00,2,1,01,B01
201100023440,0,07,000,00,2,3,15,A01
201100023441,0,07,000,00,2,1,09,A01
201100023441,0,32,000,00,2,1,17,B01
201100023442,0,36,000,12,0,2,14,A01
201100023443,0,30,000,00,2,2,17,A01
201100023443,0,07,000,00,2,3,01,B01
201100023444,0,07,000,00,1,1,16,A01
201100023445,0,01,000,00,0,3,15,A01
201100023445,0,02,000,08,2,1,17,B01
201100023446,0,07,000,00,1,1,01,A01
201100023447,0,07,000,00,2,2,15,A01
201100023447,0,33,000,00,2,1,01,B01
201100023448,0,07,000,00,2,1,01,B01
201100023448,0,07,000,06,2,1,13,A01
201100023449,0,07,000,00,1,1,01,A01
201100023450,0,07,000,00,2,1,02,A01
201100023450,0,07,000,00,0,4,02,B01
201100023451,0,33,000,00,0,7,21,A01
201100023452,0,07,000,00,2,3,15,B01
201100023452,0,33,000,00,2,3,01,A01
201100023453,0,07,000,00,2,3,16,B01
201100023453,0,33,000,00,2,1,15,A01
201100023454,0,07,000,13,0,9,01,A01
201100023455,0,02,000,00,0,3,15,A01
201100023455,0,02,000,00,0,1,01,B01
201100023456,0,07,000,00,1,7,01,A01
201100023457,0,07,000,00,2,1,01,B01
201100023457,0,31,000,00,2,1,15,A01
201100023458,0,07,000,00,2,1,01,D01
201100023458,0,07,000,00,2,8,13,A01
201100023458,0,17,000,00,2,8,01,B01
201100023459,0,07,000,13,0,2,01,A01
201100023460,0,07,000,00,1,1,01,A01
201100023461,0,07,000,00,2,5,15,A01
201100023461,0,33,000,00,2,1,01,B01
201100023462,1,07,000,00,1,1,01,Z01
201100023463,0,10,000,00,1,4,04,A01
201100023464,0,07,000,00,2,1,02,A01
201100023464,0,07,000,00,0,4,02,C01
201100023464,0,07,000,00,2,4,02,B01
201100023465,0,14,000,00,2,3,01,B01
201100023465,0,07,000,00,2,2,01,A01
201100023466,0,07,000,00,2,2,01,B01
201100023466,0,07,000,00,2,3,19,A01
201100023467,0,07,000,00,2,4,02,B01
201100023467,0,10,000,00,2,4,02,D01
201100023467,0,07,000,00,2,1,02,A01
201100023467,0,07,000,00,2,4,02,C01
201100023468,0,07,000,00,0,3,01,A01
201100023469,0,03,000,13,0,7,01,A01
201100023470,0,07,000,00,2,1,01,B01
201100023470,0,07,000,00,2,8,01,A01
201100023471,0,10,000,06,0,1,13,A01
201100023472,0,02,000,00,2,2,15,A01
201100023472,0,07,000,00,2,3,01,B01
201100023473,0,07,000,00,2,3,13,A01
201100023473,0,07,000,00,2,3,01,B02
201100023473,0,07,000,00,2,8,01,C03
201100023473,0,07,000,00,2,1,01,D04
201100023474,0,07,000,00,2,2,01,A01
201100023475,0,07,000,08,0,1,14,A01
201100023476,0,31,000,00,2,3,13,A01
201100023476,0,10,000,00,2,3,01,B02
201100023477,0,15,000,00,9,3,01,A01
201100023477,0,01,000,00,2,1,13,B02
201100023478,0,07,000,00,2,3,13,A01
201100023478,0,07,000,00,2,8,01,B02
201100023479,0,33,000,00,0,0,01,A01
201100023480,0,33,000,00,0,9,13,A01
201100023481,0,33,000,00,2,8,01,B02
201100023481,0,33,000,00,2,1,13,A01
201100023482,0,07,000,00,2,1,13,A01
201100023483,0,14,000,00,2,3,21,B02
201100023483,0,07,000,00,2,3,01,A01
201100023484,0,33,000,00,2,1,02,A01
201100023484,0,33,000,00,0,4,02,B02
201100023485,0,07,000,13,0,9,01,A01
201100023486,0,07,000,00,2,1,02,C03
201100023486,0,17,000,00,0,6,23,A01