Num_Acc,senc,catv,occutc,obs,obsm,choc,manv,num_veh
201100023863,0,07,000,00,2,1,01,A01
201100023863,0,01,000,00,2,8,19,B02
201100023864,0,01,000,00,2,1,01,B02
201100023864,0,07,000,00,2,5,16,A01
201100023865,0,07,000,00,2,1,01,A01
201100023865,0,07,000,00,0,4,04,B02
201100023866,0,07,000,16,0,1,14,A01
201100023867,0,10,000,00,1,4,04,A01
201100023868,0,01,000,00,2,6,19,B01
201100023868,0,07,000,00,2,1,01,A01
201100023869,0,01,000,00,2,7,02,B01
201100023869,0,07,000,00,2,1,09,A01
201100023870,0,07,000,00,2,3,02,A01
201100023870,0,02,000,00,2,3,15,B01
201100023871,0,07,000,10,1,1,14,A01
201100023872,0,15,000,00,2,1,15,A01
201100023872,0,02,000,00,2,1,01,B01
201100023873,0,07,000,00,1,4,04,A01
201100023874,0,07,000,00,2,8,01,B01
201100023874,0,07,000,00,2,1,01,A01
201100023875,0,02,000,00,2,1,01,A01
201100023875,0,07,000,00,2,8,00,B01
201100023876,0,02,000,00,2,7,01,B01
201100023876,0,07,000,00,2,3,09,A01
201100023877,0,07,000,00,2,3,09,A01
201100023877,0,07,000,00,2,2,02,B01
201100023878,0,07,000,00,2,1,01,B01
201100023878,0,07,000,00,2,8,01,A01
201100023879,0,02,000,11,0,1,01,A01
201100023880,0,02,000,00,2,7,01,A01
201100023880,1,07,000,00,2,1,15,Z01
201100023881,0,07,000,00,1,1,01,A01
201100023882,0,01,000,00,2,1,19,B01
201100023882,0,07,000,00,2,2,16,A01
201100023883,0,07,000,00,2,0,23,A01
201100023883,0,07,000,14,0,4,23,B01
201100023883,0,07,000,14,2,1,02,C01
201100023884,0,02,000,00,1,3,01,A01
201100023885,0,07,000,00,1,1,16,A01
201100023886,0,07,000,00,9,1,09,A01
201100023886,0,01,000,00,2,5,01,B01
201100023887,0,07,000,00,1,4,20,A01
201100023888,0,07,000,13,1,1,01,A01
201100023889,0,10,000,00,2,1,02,A01
201100023889,0,07,000,00,2,6,20,B01
201100023890,0,07,000,00,2,1,01,A01
201100023890,0,07,000,00,2,1,01,B01
201100023891,0,07,000,00,2,7,01,B01
201100023891,0,07,000,00,2,3,01,A01
201100023892,0,07,000,00,2,1,01,A01
201100023892,0,15,000,00,2,6,01,B01
201100023893,0,07,000,00,2,3,01,B01
201100023893,0,07,000,00,2,2,01,A01
201100023894,0,10,000,00,1,2,16,A01
201100023895,0,01,000,00,2,1,02,A01
201100023895,0,07,000,00,2,4,16,B01
201100023896,0,07,000,00,1,2,16,A01
201100023897,0,01,000,00,2,1,01,B01
201100023897,0,07,000,00,2,2,20,A01
201100023898,0,10,000,00,2,1,02,A01
201100023898,0,07,000,00,2,4,23,C01
201100023898,0,07,000,00,2,4,02,B01
201100023899,0,07,000,00,0,4,23,C01
201100023899,0,07,000,00,2,1,02,A01
201100023899,0,07,000,00,2,4,23,B01
201100023900,0,07,000,00,2,4,23,B01
201100023900,0,30,000,00,2,1,02,A01
201100023901,0,07,000,03,2,7,01,A01
201100023901,0,07,000,00,2,1,01,B01
201100023902,0,15,000,00,2,2,12,A01
201100023902,0,01,000,00,2,4,01,B01
201100023903,0,07,000,00,2,5,01,B01
201100023903,0,30,000,00,2,1,01,A01
201100023904,0,31,000,00,2,6,01,B01
201100023904,0,07,000,00,2,2,01,A01
201100023905,0,07,000,00,2,5,15,B01
201100023905,0,33,000,00,2,1,01,A01
201100023906,0,07,000,00,1,1,01,A01
201100023907,0,32,000,00,2,1,01,B01
201100023907,0,07,000,00,2,2,15,A01
201100023908,0,07,000,00,1,2,01,A01
201100023909,0,10,000,00,2,1,01,B01
201100023909,0,07,000,12,2,5,13,A01
201100023910,1,07,000,00,1,5,01,Z01
201100023911,0,07,000,00,2,1,01,A01
201100023911,0,10,000,00,2,8,17,B01
201100023912,0,07,000,00,2,1,01,A01
201100023912,0,31,000,00,2,8,01,B01
201100023913,0,07,000,00,2,1,01,A01
201100023913,0,07,000,11,2,7,01,B01
201100023914,0,33,000,00,2,1,01,B01
201100023914,0,07,000,00,2,5,15,A01
201100023915,0,07,000,00,2,2,01,B01
201100023915,0,07,000,00,2,4,04,A01
201100023916,0,07,000,00,2,5,01,B01
201100023916,0,07,000,00,2,3,01,A01
201100023917,0,07,000,00,2,1,02,A01
201100023917,0,32,000,00,2,4,23,D01
201100023917,0,32,000,00,2,4,23,C01
201100023917,0,07,000,00,2,4,23,B01
201100023918,0,32,000,12,0,0,00,A01
201100023919,0,99,000,00,2,2,16,A01
201100023919,0,01,000,00,2,3,01,B01
201100023920,0,07,000,02,2,0,13,A01
201100023921,0,07,000,00,2,1,01,B01
201100023921,0,07,000,00,2,1,13,A01
201100023922,0,07,000,00,2,3,15,B01
201100023922,2,10,000,00,2,1,13,A01
201100023923,0,32,000,00,1,1,01,Z01
201100023924,0,20,000,01,0,1,01,A01
201100023925,0,30,000,00,2,1,05,A01
201100023925,0,07,000,00,2,3,01,B01
201100023926,0,01,000,00,2,1,16,A01
201100023926,0,07,000,00,2,3,01,B01
201100023927,0,07,000,00,1,1,01,A01
201100023928,0,30,000,00,2,1,01,B01
201100023928,0,07,000,00,2,5,01,A01
201100023929,0,01,000,00,2,1,01,B01
201100023929,0,14,000,00,2,2,16,A01
201100023930,0,15,000,00,2,2,12,A01
201100023930,0,07,000,00,2,6,01,B01
201100023931,0,07,000,00,2,6,01,B01
201100023931,0,10,000,00,9,1,01,D01
201100023931,0,07,000,00,2,1,01,C01
201100023931,0,07,000,04,2,2,06,A01
201100023932,0,07,000,00,2,3,15,A01
201100023932,0,32,000,00,2,1,01,B01
201100023933,0,37,001,00,1,7,01,A01
201100023934,0,01,000,00,2,1,01,B01
201100023934,0,30,000,00,2,6,11,A01
201100023935,1,01,000,00,1,1,00,Z01
201100023936,0,07,000,00,1,7,01,A01
201100023937,0,33,000,00,2,1,01,B01
201100023937,0,07,000,00,2,7,15,A01
201100023938,0,01,000,00,2,1,01,B01
201100023938,0,07,000,00,2,3,15,A01
201100023939,0,07,000,06,0,3,14,A01
201100023940,0,02,000,00,2,1,13,B01
201100023940,0,31,000,00,2,1,17,A01
201100023940,0,03,000,00,2,3,23,C01
201100023941,0,07,000,00,2,4,12,B01
201100023941,0,33,000,00,2,1,01,A01
201100023942,0,10,000,00,1,3,11,A01
201100023943,0,07,000,00,2,2,16,B01
201100023943,0,02,000,00,2,1,18,A01
201100023944,0,07,000,00,9,1,01,B01
201100023944,0,14,000,00,0,0,01,A01
201100023944,0,07,000,00,9,5,21,C01
201100023944,0,07,000,00,9,3,01,D01
201100023944,0,07,000,00,9,2,01,E01
201100023945,0,07,000,00,2,1,01,B01
201100023945,0,07,000,06,2,3,01,A01
201100023946,0,07,000,00,1,3,01,A01
201100023947,0,07,000,00,2,1,01,A01
201100023947,0,07,000,00,2,2,01,B01
201100023948,0,07,000,00,1,1,15,A01
201100023949,1,07,000,00,2,1,01,Z01
201100023949,0,02,000,00,2,4,01,B01
201100023950,0,07,000,00,1,3,15,A01
201100023951,0,07,000,00,1,3,01,A01
201100023952,1,07,000,00,2,1,01,Z01
201100023952,0,07,000,00,2,4,23,B01
201100023952,0,01,000,00,2,1,01,C01
201100023953,0,07,000,00,1,2,01,A01
201100023954,0,07,000,00,2,3,00,A01
201100023954,0,02,000,00,2,1,01,B01
201100023955,0,07,000,00,1,2,01,A01
201100023956,0,38,002,00,1,2,01,A01
201100023957,0,07,000,00,1,3,01,A01
201100023958,0,07,000,00,2,1,01,B01
201100023958,0,02,000,00,2,8,00,A01
201100023959,0,07,000,00,1,2,01,A01
201100023960,0,07,000,00,0,0,01,A01
201100023961,0,10,000,00,2,7,17,A01
201100023961,0,02,000,00,2,3,01,B01
201100023962,0,07,000,00,2,2,11,A01
201100023962,0,33,000,00,2,1,01,B01
201100023963,0,07,000,00,2,8,23,C01
201100023963,0,07,000,00,2,7,12,A01
201100023963,0,31,000,00,2,3,01,B01
201100023964,0,07,000,00,1,2,13,A01
201100023965,0,07,000,00,2,2,22,B01
201100023965,0,01,000,01,0,1,01,A01
201100023966,0,07,000,00,1,2,01,A01
201100023967,0,01,000,00,2,1,01,B01
201100023967,0,07,000,00,2,3,15,A01
201100023968,0,20,000,00,2,1,01,B01
201100023968,0,07,000,06,2,3,01,A01
201100023969,0,02,000,00,2,7,01,B01
201100023969,0,07,000,00,2,3,01,A01
201100023970,0,07,000,00,2,3,01,B01
201100023970,0,30,000,00,2,1,01,A01
201100023971,0,07,000,01,0,1,01,A01
201100023972,0,07,000,00,1,2,01,A01
201100023973,0,07,000,00,1,1,00,A01
201100023974,0,33,000,00,2,1,17,B02
201100023974,0,10,000,00,2,3,15,A01
201100023975,0,07,000,00,2,3,01,A01
201100023975,0,02,000,00,2,7,19,B02
201100023976,0,02,000,00,2,1,01,B02
201100023976,0,07,000,00,2,8,01,A01
201100023977,0,02,000,00,0,8,01,A01
201100023978,0,10,000,16,0,1,01,A01
201100023979,0,07,000,00,2,1,02,A01
201100023979,0,07,000,00,2,4,01,B01
201100023980,0,07,000,00,1,2,01,A01
201100023981,0,30,000,00,0,0,00,A01
201100023982,0,01,000,00,2,7,01,B01
201100023982,0,07,000,00,2,3,09,A01
201100023983,0,07,000,00,1,2,02,A01
201100023984,0,07,000,00,2,1,01,B01
201100023984,0,01,000,00,2,3,09,A01
201100023985,0,01,000,00,2,1,02,A01
201100023985,0,07,000,00,9,5,23,B01
201100023986,1,99,000,00,1,4,00,A01
201100023987,0,07,000,00,2,8,01,B01
201100023987,0,07,000,00,2,8,01,C01
201100023987,0,30,000,00,2,8,17,A01
201100023988,0,07,000,00,2,8,01,A01
201100023988,0,01,000,00,2,1,01,B01
201100023989,0,07,000,00,2,7,21,B01
201100023989,0,30,000,00,2,1,09,A01
201100023990,0,07,000,00,1,4,04,A01
201100023991,0,30,000,00,2,7,01,A01
201100023991,0,07,000,00,2,2,15,B01
201100023992,0,07,000,00,9,2,05,A01
201100023992,0,33,000,00,2,1,01,B01
201100023993,0,02,000,00,2,1,02,A01
201100023993,0,10,000,00,2,4,23,B01
201100023994,0,07,000,00,2,0,15,B01
201100023994,0,01,000,00,2,4,01,A01
201100023995,0,30,000,00,0,7,02,A01
201100023996,0,07,000,00,2,2,01,A01
201100023996,0,10,000,00,2,3,09,B01
201100023997,0,07,000,12,0,2,00,A01
201100023998,0,07,000,00,2,3,01,A01
201100023998,0,01,000,00,2,7,03,B01
201100023999,0,30,000,00,2,1,17,B01
201100023999,0,07,000,00,2,3,15,A01
201100024000,0,01,000,00,2,1,01,B01
201100024000,0,10,000,00,2,3,09,A01
201100024001,0,07,000,00,2,3,15,A01
201100024001,0,02,000,00,2,8,01,B01
201100024002,0,07,000,00,1,1,01,A01
201100024003,0,07,000,06,0,1,14,A01
201100024004,0,02,000,12,0,2,14,A01
201100024005,0,30,000,00,2,7,17,A01
201100024005,0,07,000,00,9,8,11,B01
201100024006,0,07,000,00,2,1,15,A01
201100024006,0,07,000,00,2,3,01,B01
201100024007,0,07,000,00,1,2,01,A01
201100024008,0,07,000,00,2,1,09,A01
201100024008,0,30,000,00,2,5,01,B01
201100024009,0,07,000,06,0,1,14,A01
201100024010,0,02,000,00,1,1,01,A01
201100024011,0,07,000,00,2,3,15,A01
201100024011,0,33,000,00,2,1,01,B01
201100024012,0,10,000,00,2,8,09,B01
201100024012,0,02,000,00,2,1,09,A01
201100024013,0,02,000,00,2,2,01,B01
201100024013,0,07,000,00,2,3,09,A01
201100024014,0,33,000,00,1,1,01,A01
201100024015,0,07,000,00,1,8,01,A01
201100024016,0,30,000,00,2,1,13,A01
201100024016,0,07,000,00,9,3,01,B01
201100024017,0,07,000,00,0,7,17,A01
201100024017,0,01,000,00,2,8,13,B01
201100024018,0,02,000,00,0,7,00,A01
201100024019,0,02,000,00,2,1,21,B01
201100024019,2,07,000,00,0,3,00,A01
201100024020,0,30,000,00,0,8,01,A01
201100024021,0,01,000,06,0,1,01,A01
201100024022,0,30,000,00,2,1,02,A01
201100024022,0,07,000,00,0,4,02,B01
201100024023,0,07,000,00,2,3,15,A01
201100024023,0,07,000,00,2,1,23,B01
201100024024,0,07,000,00,2,3,15,A01
201100024024,0,07,000,00,2,2,01,B01
201100024025,0,30,000,00,2,3,15,B01
201100024025,0,07,000,00,2,1,19,A01
201100024026,0,07,000,00,2,7,17,A01
201100024026,0,07,000,00,2,3,15,B01
201100024027,0,07,000,06,0,1,01,A01
201100024028,0,07,000,00,2,8,19,A01
201100024028,0,07,000,00,2,2,01,B01
201100024029,0,01,000,00,0,8,23,A01
201100024030,0,33,000,11,0,0,01,A01
201100024031,0,01,000,00,2,7,01,B01
201100024031,0,07,000,00,9,3,09,A01
201100024032,0,07,000,00,1,3,02,A01
201100024033,0,07,000,00,1,2,02,A01
201100024034,0,07,000,01,0,1,07,A01
201100024034,0,07,000,00,2,6,07,B01
201100024035,0,02,000,00,1,4,01,A01
201100024036,0,30,000,00,2,7,01,A01
201100024036,0,07,000,00,9,1,09,B01
201100024037,0,07,000,00,2,1,02,A01
201100024037,0,07,000,00,2,4,02,B01
201100024038,0,30,000,05,0,1,00,A01
201100024039,0,07,000,06,0,1,01,A01
201100024040,0,07,000,00,2,6,15,A01
201100024040,0,02,000,00,2,1,01,B01
201100024041,0,02,000,14,0,1,01,A01
201100024042,0,07,000,00,2,1,02,B01
201100024042,0,07,000,00,0,4,02,A01
201100024043,0,07,000,00,2,1,01,A01
201100024043,0,30,000,00,2,1,13,B01
201100024044,0,07,000,00,2,3,15,A01
201100024044,0,02,000,00,2,1,17,B01
201100024045,0,01,000,00,2,1,01,A01
201100024045,0,07,000,00,2,3,15,B01
201100024046,0,07,000,00,1,3,01,A01
201100024047,0,07,000,00,1,2,01,A01
201100024048,0,07,000,00,1,4,04,A01
201100024049,1,10,000,00,1,3,15,Z01
201100024050,0,07,000,00,1,1,01,A01
201100024051,0,30,000,00,0,7,01,A01
201100024052,0,07,000,00,2,1,02,A01
201100024052,0,30,000,00,2,4,01,B01
201100024052,0,07,000,00,2,1,02,C01
201100024053,0,07,000,00,2,6,15,B01
201100024053,0,30,000,00,2,1,02,A01
201100024054,1,07,000,00,1,1,01,Z01
201100024055,0,07,000,00,2,1,02,A01
201100024055,0,07,000,00,2,4,23,B01
201100024056,0,01,000,00,0,1,01,A01
201100024057,0,02,000,00,2,8,09,B01
201100024057,0,07,000,00,2,2,09,A01
201100024058,0,01,000,00,2,3,15,B01
201100024058,0,07,000,00,9,2,17,A01
201100024059,0,02,000,00,2,1,01,B01
201100024059,0,07,000,00,2,3,09,A01
201100024060,0,07,000,00,2,1,01,C01
201100024060,0,07,000,00,2,2,15,A01
201100024060,0,03,000,00,2,1,01,B01
201100024061,0,38,010,00,1,1,01,A01
201100024062,0,07,000,11,0,1,01,A01
201100024063,0,15,000,00,2,5,15,A01
201100024063,0,10,000,13,0,1,21,B01
201100024063,0,07,000,00,2,1,01,C01
201100024064,0,07,000,00,1,1,01,A01
201100024065,0,07,000,00,2,1,02,A01
201100024065,0,37,001,00,2,4,23,B01
201100024066,0,30,000,00,0,0,01,A01
201100024066,1,07,000,00,2,0,14,Z01
201100024067,0,30,000,00,0,0,01,A01
201100024068,0,07,000,00,1,4,04,A01
201100024069,0,07,000,00,2,5,15,B01
201100024069,0,02,000,00,2,7,21,Z01
201100024070,0,02,000,00,2,1,19,A01
201100024070,0,07,000,00,2,2,01,B01
201100024071,0,07,000,00,2,2,01,B01
201100024071,0,07,000,00,2,1,19,A01
201100024072,0,02,000,00,0,8,01,A01
201100024073,0,07,000,00,2,1,09,A01
201100024073,0,07,000,00,2,7,01,B01
201100024074,0,07,000,06,0,3,01,A01
201100024075,0,07,000,00,2,2,15,A01
201100024075,0,07,000,00,2,3,01,B01
201100024076,0,30,000,01,0,1,01,A01
201100024077,0,07,000,00,9,8,22,A01
201100024077,0,01,000,01,0,7,01,B01
201100024078,1,07,000,00,1,8,01,Z01
201100024079,0,10,000,00,1,4,04,A01
201100024080,0,07,000,00,2,4,15,B01
201100024080,0,10,000,00,2,7,01,C01
201100024080,0,07,000,00,2,1,02,A01
201100024081,0,01,000,00,0,0,01,A01
201100024082,0,14,000,00,1,4,01,A01
201100024083,0,07,000,05,0,1,13,A01
201100024084,0,07,000,00,1,1,01,Z01
201100024085,0,07,000,13,0,1,14,A01
201100024086,0,33,000,00,2,1,01,A01
201100024087,0,07,000,00,2,4,23,C01
201100024087,0,10,000,00,2,1,02,A01
201100024087,0,07,000,00,2,4,23,B01
201100024088,0,01,000,00,0,8,01,A01
201100024089,0,07,000,00,2,5,15,A01
201100024089,0,30,000,00,2,1,01,B01
201100024090,0,33,000,05,0,7,01,A01
201100024091,0,07,000,00,1,2,01,A01
201100024092,0,07,000,00,1,2,01,A01
201100024093,1,07,000,00,1,2,17,Z01
201100024094,0,07,000,00,2,2,15,A01
201100024094,0,33,000,00,2,1,01,B01
201100024095,0,07,000,00,2,2,16,A01
201100024095,0,02,000,00,2,1,18,B01
201100024096,0,01,000,00,2,4,01,B01
201100024096,0,07,000,00,2,2,02,A01
201100024097,0,33,000,00,2,8,01,A01
201100024097,0,07,000,00,2,6,09,B01
201100024098,0,02,000,12,0,7,21,A01
201100024099,0,33,000,13,0,0,17,A01
201100024099,0,07,000,00,0,0,17,B01
201100024100,1,07,000,00,2,0,16,Z01
201100024100,0,07,000,00,2,3,01,B01
201100024101,0,33,000,00,0,7,01,A01
201100024102,0,02,000,00,2,7,17,B01
201100024102,0,07,000,00,2,3,23,A01
201100024103,0,13,000,00,1,2,09,A01
201100024104,1,07,000,00,1,2,01,Z01
201100024105,0,07,000,00,2,3,15,A01
201100024105,0,33,000,00,2,7,01,B01
201100024106,0,07,000,00,2,3,01,B01
201100024106,0,07,000,00,2,3,13,A01
201100024107,0,07,000,01,0,6,24,B01
201100024107,0,07,000,01,0,1,20,A01
201100024108,0,02,000,12,0,1,01,A01
201100024109,0,30,000,00,2,1,01,A01
201100024109,0,07,000,00,9,3,01,B01
201100024110,0,07,000,00,1,1,01,A01
201100024111,0,07,000,00,2,1,19,A01
201100024111,0,07,000,00,2,3,01,B01
201100024112,0,07,000,06,0,4,01,A01
201100024113,0,07,000,02,0,2,14,A01
201100024114,0,07,000,00,2,4,23,B01
201100024114,0,07,000,00,2,1,02,A01
201100024115,0,30,000,15,0,1,00,A01
201100024116,0,07,000,00,2,4,23,B01
201100024116,0,07,000,00,2,1,02,A01
201100024117,0,07,000,00,2,4,01,B01
201100024117,0,07,000,00,2,1,02,A01
201100024118,0,02,000,00,2,7,21,B01
201100024118,1,07,000,00,2,1,05,Z01
201100024119,0,31,000,11,0,1,17,A01
201100024120,0,07,000,14,0,8,24,A01
201100024121,0,07,000,09,0,2,01,A01
201100024122,0,02,000,00,1,1,17,A01
201100024123,0,30,000,00,0,0,01,A01
201100024124,0,07,000,00,2,6,15,B01
201100024124,0,02,000,00,2,1,17,A01
201100024125,0,10,000,00,2,1,02,A01
201100024125,0,07,000,00,2,4,02,B01
201100024125,0,07,000,00,2,4,23,C01
201100024126,0,07,000,00,2,8,01,B01
201100024126,0,07,000,00,2,3,15,A01
201100024127,1,07,000,00,0,0,00,Z01
201100024127,0,07,000,00,2,1,02,A01
201100024127,0,07,000,00,0,4,01,B01
201100024128,0,07,000,00,1,1,16,A01
201100024129,0,07,000,00,2,4,01,C01
201100024129,0,07,000,00,2,4,02,B01
201100024129,0,14,000,00,2,1,02,A01
201100024130,0,07,000,00,1,1,01,A01
201100024131,0,07,000,00,2,1,09,A01
201100024131,0,33,000,00,2,1,01,B01
201100024132,0,32,000,00,2,1,01,B01
201100024132,0,07,000,00,2,8,15,A01
201100024133,0,07,000,00,1,1,01,A01
201100024134,0,07,000,03,0,2,14,A01
201100024135,0,31,000,00,2,1,01,B01
201100024135,0,07,000,00,2,2,15,A01
201100024136,0,07,000,00,2,3,09,A01
201100024136,0,01,000,00,2,7,01,B01
201100024137,0,10,000,00,2,8,10,A01
201100024137,0,32,000,00,2,1,01,B01
201100024138,0,07,000,04,2,4,02,B01
201100024138,0,07,000,00,2,1,02,A01
201100024138,0,07,000,00,2,4,01,C01
201100024139,0,07,000,09,0,1,14,A01
201100024140,0,10,000,09,0,1,16,A01
201100024141,0,30,000,00,2,1,13,A01
201100024141,0,07,000,00,2,3,01,B01
201100024142,0,30,000,00,2,1,02,A01
201100024142,0,10,000,00,2,6,01,B01
201100024143,0,10,000,13,0,7,21,A01
201100024144,0,07,000,00,2,1,01,B01
201100024144,0,07,000,00,2,4,04,A01
201100024145,0,07,000,09,0,1,01,A01
201100024146,0,01,000,00,2,1,01,B01
201100024146,0,07,000,00,2,2,19,A01
201100024147,0,07,000,00,2,4,01,B01
201100024147,0,07,000,00,2,1,02,A01
201100024148,0,07,000,13,0,1,14,A01
201100024149,0,10,000,00,2,1,16,B01
201100024149,0,34,000,00,2,3,05,A01
201100024150,0,07,000,08,0,1,20,A01
201100024151,0,07,000,00,1,1,01,A01
201100024152,0,07,000,00,2,2,01,B01
201100024152,0,07,000,00,2,3,05,A01
201100024153,0,07,000,00,2,6,15,B01
201100024153,0,02,000,00,2,1,02,A01
201100024154,0,07,000,06,0,2,14,A01
201100024155,0,07,000,09,0,7,14,A01
201100024156,0,03,000,00,1,1,14,Z01
201100024157,0,30,000,00,2,1,19,A01
201100024157,0,07,000,00,2,2,01,B01
201100024158,0,02,000,00,2,1,01,B01
201100024158,0,07,000,00,2,3,09,A01
201100024159,0,07,000,04,0,1,01,A01
201100024160,0,02,000,00,9,8,01,A01
201100024161,0,07,000,00,2,1,02,A01
201100024161,0,07,000,00,2,4,01,B01
201100024162,1,07,000,00,1,0,01,Z01
201100024163,0,33,000,00,0,8,21,A01
201100024164,0,07,000,13,0,2,14,A01
201100024165,0,07,000,00,2,1,01,A01
201100024165,0,07,000,00,2,4,23,B01
201100024166,0,02,000,00,2,1,02,A01
201100024166,0,07,000,00,2,6,01,B01
201100024167,0,07,000,00,2,1,02,A01
201100024167,0,07,000,00,2,4,02,B01
201100024167,0,07,000,00,2,4,01,C01
201100024168,0,07,000,00,2,1,02,A01
201100024168,0,07,000,00,2,4,15,B01
201100024169,0,07,000,00,2,8,09,A01
201100024169,0,31,000,00,2,1,01,B01
201100024170,0,07,000,00,2,3,01,B01
201100024170,0,30,000,00,2,8,01,A01
201100024171,0,07,000,00,2,4,23,B01
201100024171,0,07,000,00,2,1,02,A01
201100024171,0,07,000,00,2,4,23,C01
201100024172,0,07,000,13,0,1,14,A01
201100024173,0,32,000,06,0,1,19,A01
201100024174,0,07,000,00,2,5,17,A01
201100024174,0,02,000,00,2,8,02,B01
201100024175,0,30,000,06,0,1,01,A01
201100024176,0,30,000,00,2,8,02,A01
201100024176,0,07,000,00,2,5,15,B01
201100024177,0,07,000,00,2,6,04,A01
201100024177,0,33,000,00,2,2,01,B01
201100024178,0,30,000,16,0,8,21,A01
201100024179,0,07,000,00,2,3,01,B01
201100024179,0,07,000,00,2,3,09,A01
201100024180,0,07,000,00,2,2,01,B01
201100024180,0,02,000,00,2,1,09,A01
201100024181,2,07,000,00,2,1,02,A01
201100024181,0,07,000,00,2,4,01,B01
201100024182,0,07,000,00,9,1,09,A01
201100024182,0,01,000,00,2,5,01,B01
201100024183,0,02,000,12,0,2,01,A01
201100024184,0,07,000,00,1,7,01,A01
201100024185,0,07,000,00,1,1,01,A01
201100024186,0,01,000,00,0,0,01,A01
201100024187,0,07,000,00,1,1,01,A01
201100024188,0,07,000,00,1,4,04,A01
201100024189,0,07,000,00,2,2,15,A01
201100024189,0,03,000,00,2,3,01,B01
201100024190,0,07,000,00,2,1,15,A01
201100024190,0,33,000,00,2,1,01,B01
201100024191,0,07,000,00,2,3,15,A01
201100024191,0,07,000,00,2,1,01,B01
201100024192,0,07,000,00,2,2,01,A01
201100024192,0,07,000,00,2,3,01,B01
201100024193,0,07,000,00,2,1,02,A01
201100024193,0,07,000,00,2,4,01,B01
201100024194,0,10,000,00,2,1,01,B01
201100024194,0,07,000,00,2,3,09,A01
201100024195,0,07,000,00,1,2,01,A01
201100024196,0,02,000,00,2,1,02,A01
201100024196,0,07,000,00,2,5,23,B01
201100024197,0,02,000,16,0,1,09,A01
201100024198,0,10,000,08,0,1,14,A01
201100024199,0,07,000,00,1,3,01,A01
201100024200,0,07,000,00,2,3,13,A01
201100024200,0,07,000,00,2,3,01,B01
201100024201,0,30,000,00,0,7,16,A01
201100024202,0,07,000,00,2,3,02,A01
201100024202,0,32,000,00,2,4,15,B01
201100024203,0,01,000,00,2,1,17,A01
201100024203,0,07,000,00,2,6,15,B01
201100024204,0,07,000,00,1,2,01,A01
201100024205,0,07,000,00,2,1,02,A01
201100024205,0,07,000,00,2,4,01,B01
201100024206,0,07,000,00,1,2,16,A01
201100024207,0,01,000,00,2,3,19,A01
201100024207,0,07,000,03,2,7,01,B01
201100024208,0,35,000,00,0,0,01,A01
201100024209,0,07,000,00,2,1,02,A01
201100024209,0,07,000,00,2,4,23,B01
201100024210,0,07,000,15,0,1,14,A01
201100024211,0,30,000,00,0,0,01,A01
201100024212,0,07,000,09,0,1,05,A01
201100024213,0,07,000,00,1,2,01,A01
201100024214,0,07,000,00,2,1,02,A01
201100024214,0,07,000,00,2,4,02,B01
201100024214,0,10,000,00,2,4,23,C01
201100024215,0,02,000,00,2,1,05,A01
201100024215,0,07,000,00,2,1,01,B01
201100024216,0,07,000,00,1,8,20,A01
201100024216,0,07,000,00,2,7,22,B01
201100024217,0,07,000,00,2,3,02,A01
201100024217,0,02,000,00,2,4,23,B01
201100024218,0,07,000,16,0,9,14,A01
201100024219,0,07,000,00,1,1,01,A01
201100024220,0,14,000,00,1,1,09,A01
201100024221,1,07,000,00,1,2,01,Z01
201100024222,0,07,000,00,1,1,15,A01
201100024223,0,02,000,00,2,1,01,B01
201100024223,0,07,000,00,2,2,01,A01
201100024224,0,01,000,00,0,8,01,B01
201100024224,0,07,000,00,2,7,16,A01
201100024225,0,07,000,00,2,1,01,B01
201100024225,0,31,000,00,2,1,05,A01
201100024226,0,31,000,00,0,7,01,A01
201100024227,0,07,000,00,2,2,01,A01
201100024227,0,07,000,,2,3,01,B01
201100024228,0,07,000,00,2,7,15,A01
201100024228,0,31,000,00,2,7,01,B01
201100024229,0,30,000,00,0,7,01,A01
201100024230,0,36,000,00,2,6,01,B01
201100024230,0,10,000,00,2,3,01,A01
201100024231,0,07,000,00,2,3,01,A01
201100024231,0,07,000,00,0,6,15,B01
201100024232,0,07,000,08,2,1,13,A01
201100024232,0,07,000,00,2,8,01,B01
201100024233,0,07,000,00,0,2,01,A01
201100024233,0,01,000,00,0,3,02,B01
201100024234,0,07,000,00,2,3,15,A01
201100024234,0,01,000,00,2,1,01,B01
201100024235,0,10,000,00,1,2,01,A01
201100024236,0,07,000,00,2,1,01,B01
201100024236,0,07,000,00,2,3,15,A01
201100024237,0,07,000,00,2,8,01,A01
201100024237,0,07,000,00,2,1,15,B02
201100024238,0,07,000,00,0,4,02,B02
201100024238,0,02,000,00,2,1,02,A01
201100024239,0,07,000,00,2,7,23,C03
201100024239,0,07,000,00,2,1,15,B02
201100024239,0,07,000,00,2,3,01,A01
201100024240,0,07,000,00,0,8,15,A01
201100024240,0,33,000,00,2,1,17,B02
201100024241,0,02,000,00,2,1,13,A01
201100024241,0,07,000,00,2,3,01,B02
201100024242,0,07,000,06,0,3,01,A01
201100024243,0,07,000,01,2,3,14,A01
201100024244,0,33,000,00,6,1,21,A01
201100024245,0,07,000,13,0,2,01,A01
201100024246,0,07,000,00,2,2,01,B02
201100024246,0,07,000,00,2,1,01,A01
201100024247,0,07,000,00,2,6,19,A01
201100024247,0,31,000,00,2,1,01,B02
201100024248,0,07,000,13,0,2,01,A01