Num_Acc,senc,catv,occutc,obs,obsm,choc,manv,num_veh
201100024249,0,21,000,00,2,1,01,B02
201100024249,0,33,000,00,2,1,13,A01
201100024250,0,07,000,00,2,7,13,A01
201100024250,0,07,000,00,2,1,01,B02
201100024251,0,10,000,00,2,3,01,C03
201100024251,0,07,000,00,2,9,13,A01
201100024251,0,07,000,00,2,6,15,B02
201100024252,0,07,000,00,2,0,01,B02
201100024252,0,10,000,00,2,2,01,A01
201100024253,0,07,000,02,0,1,01,A01
201100024254,0,33,000,00,6,1,01,A01
201100024255,0,07,000,01,5,1,01,A01
201100024256,0,07,000,13,0,3,00,A01
201100024257,0,07,000,00,2,1,13,A01
201100024257,0,07,000,00,2,1,01,B02
201100024258,0,30,000,00,2,1,13,A01
201100024258,0,07,000,00,2,3,01,B02
201100024259,0,07,000,00,1,2,01,A01
201100024260,0,21,000,00,0,0,01,A01
201100024261,0,01,000,00,2,8,19,A01
201100024261,0,07,000,00,2,1,01,B02
201100024262,0,07,000,00,1,3,01,A01
201100024263,0,07,000,00,2,3,13,A01
201100024263,0,10,000,00,2,3,01,B02
201100024263,0,07,000,00,2,1,01,C03
201100024264,0,07,000,00,1,7,01,A01
201100024265,0,33,000,00,2,1,17,A01
201100024265,0,07,000,00,0,6,00,B02
201100024266,0,07,000,00,2,7,15,A01
201100024266,0,33,000,00,2,1,01,B02
201100024267,0,21,000,16,0,0,14,A01
201100024268,0,07,000,13,0,2,01,A01
201100024269,0,07,000,00,5,1,01,A01
201100024270,0,07,000,00,2,8,15,B02
201100024270,0,33,000,00,2,1,17,A01
201100024271,0,07,000,00,0,3,20,B02
201100024271,0,33,000,00,2,8,01,A01
201100024272,0,07,000,00,2,1,19,B02
201100024272,0,07,000,00,2,8,23,C03
201100024272,0,02,000,00,2,7,01,A01
201100024273,0,07,000,01,0,1,01,A01
201100024274,0,17,000,00,2,3,01,B02
201100024274,0,07,000,00,2,3,01,A01
201100024275,0,07,000,00,2,1,13,A01
201100024275,0,07,000,00,2,3,01,B02
201100024276,0,03,000,00,2,1,15,A01
201100024277,0,10,000,00,2,3,15,B02
201100024277,0,07,000,00,2,3,01,A01
201100024278,0,07,000,00,1,2,01,A01
201100024279,0,33,000,00,2,1,01,B02
201100024279,0,21,000,00,2,3,15,A01
201100024280,0,07,000,00,2,3,01,B02
201100024280,0,02,000,00,2,3,13,A01
201100024281,0,07,000,13,0,9,01,A01
201100024282,0,07,000,00,1,2,01,A01
201100024283,0,07,000,00,2,3,01,B02
201100024283,0,02,000,00,2,1,15,A01
201100024284,0,31,000,00,2,1,01,B02
201100024284,0,07,000,00,2,3,17,A01
201100024285,0,07,000,16,0,0,01,A01
201100024286,0,07,000,02,0,1,01,A01
201100024287,0,01,000,14,0,1,01,A01
201100024288,0,07,000,13,0,2,01,A01
201100024289,0,07,000,00,2,3,01,A01
201100024289,0,07,000,00,2,3,13,B02
201100024290,0,07,000,13,0,9,13,A01
201100024291,0,07,000,00,0,2,17,A01
201100024291,0,30,000,00,0,8,15,B02
201100024292,0,01,000,00,0,6,02,B02
201100024292,1,07,000,00,2,2,02,A01
201100024293,0,07,000,00,0,1,08,B02
201100024293,0,07,000,00,0,4,02,C03
201100024293,0,33,000,00,2,1,02,A01
201100024294,0,30,000,00,2,3,01,A01
201100024294,0,30,000,00,2,3,01,B02
201100024295,0,31,000,02,0,1,01,A01
201100024296,0,30,000,00,2,3,01,B02
201100024296,0,07,000,00,2,3,17,A01
201100024297,0,07,000,00,2,1,00,B02
201100024297,0,07,000,00,2,7,00,A01
201100024298,0,31,000,00,2,1,01,B02
201100024298,0,07,000,00,2,7,00,A01
201100024299,0,07,000,06,0,3,13,A01
201100024300,0,07,000,00,2,8,19,B02
201100024300,0,07,000,00,2,1,01,A01
201100024301,0,07,000,00,2,3,01,A01
201100024301,0,07,000,00,2,3,01,B02
201100024302,0,07,000,06,0,2,01,A01
201100024303,0,07,000,00,2,1,13,A01
201100024303,0,07,000,00,2,1,01,B02
201100024304,0,07,000,08,0,3,00,A01
201100024305,0,07,000,00,2,3,16,A01
201100024305,0,07,000,00,2,3,15,B02
201100024306,0,10,000,00,2,8,01,A01
201100024306,0,10,000,00,2,1,19,B02
201100024307,0,07,000,00,0,0,01,A01
201100024308,0,33,000,00,2,1,01,B02
201100024308,0,07,000,00,2,7,15,A01
201100024309,0,07,000,08,2,1,01,A01
201100024309,0,07,000,00,2,4,23,B02
201100024309,0,07,000,00,0,4,23,C03
201100024310,0,01,000,00,2,1,01,B02
201100024310,0,07,000,00,2,1,01,A01
201100024311,0,14,000,00,2,2,01,B02
201100024311,0,10,000,00,2,2,13,A01
201100024312,0,07,000,00,1,2,01,A01
201100024313,0,07,000,11,0,1,01,A01
201100024314,0,07,000,02,0,1,14,A01
201100024315,0,07,000,00,2,3,13,A01
201100024315,0,10,000,00,2,3,01,B02
201100024316,0,30,000,00,2,8,21,A01
201100024316,0,07,000,00,2,8,21,B02
201100024317,0,07,000,00,2,1,01,B02
201100024317,0,07,000,00,2,5,19,A01
201100024318,1,07,000,00,1,3,02,A01
201100024319,0,17,000,00,0,0,01,A01
201100024320,0,15,000,00,2,3,01,B02
201100024320,0,07,000,00,2,3,13,A01
201100024321,0,07,000,00,1,6,04,A01
201100024322,0,07,000,13,0,2,14,A01
201100024323,0,07,000,00,2,1,00,A01
201100024323,0,10,000,00,2,1,00,B02
201100024324,0,17,000,03,0,4,01,A01
201100024324,0,07,000,14,0,1,01,B02
201100024325,0,02,000,00,2,1,15,A01
201100024325,0,07,000,00,2,6,15,B02
201100024326,0,33,000,00,2,8,01,B02
201100024326,0,07,000,00,2,1,19,A01
201100024327,0,07,000,13,0,9,01,A01
201100024328,0,07,000,13,0,1,01,A01
201100024329,0,07,000,00,2,3,13,A01
201100024329,0,07,000,00,2,3,21,B02
201100024330,0,07,000,00,2,2,01,A01
201100024330,0,07,000,00,2,1,19,B02
201100024331,0,10,000,00,2,2,13,B02
201100024331,0,07,000,00,2,1,01,A01
201100024332,0,07,000,00,1,3,01,A01
201100024333,0,07,000,00,2,1,01,A01
201100024333,0,03,000,00,2,2,15,B02
201100024334,0,07,000,08,0,9,01,A01
201100024335,0,07,000,00,2,3,01,B02
201100024335,0,07,000,00,2,3,13,A01
201100024336,0,07,000,00,2,3,01,B02
201100024336,0,10,000,00,2,2,01,A01
201100024337,0,20,000,06,0,2,01,A01
201100024338,0,02,000,00,1,1,02,A01
201100024339,0,30,000,00,2,3,15,A01
201100024339,0,07,000,00,2,2,02,B02
201100024340,0,07,000,00,0,7,15,A01
201100024340,0,33,000,00,2,1,01,B02
201100024341,0,32,000,13,0,0,01,A01
201100024342,0,31,000,00,2,3,01,B02
201100024342,0,07,000,00,2,3,15,A01
201100024343,0,32,000,12,0,9,17,A01
201100024344,0,07,000,00,2,1,01,A01
201100024344,0,07,000,00,2,4,01,B02
201100024345,0,07,000,00,2,1,01,A01
201100024345,0,07,000,00,2,1,05,B02
201100024345,0,07,000,00,2,1,01,C03
201100024346,0,07,000,00,1,1,01,A01
201100024347,0,01,000,00,2,8,01,B02
201100024348,0,07,000,13,0,9,13,A01
201100024349,0,07,000,00,2,3,13,A01
201100024349,0,07,000,00,2,3,01,C03
201100024349,0,14,000,00,2,3,01,B02
201100024350,0,07,000,00,1,2,01,A01
201100024351,0,30,000,00,2,1,19,A01
201100024351,0,07,000,00,2,8,01,B02
201100024352,0,07,000,00,2,3,01,A01
201100024352,0,07,000,00,2,3,01,B01
201100024353,0,07,000,00,1,0,15,A01
201100024354,0,33,000,00,2,4,02,B01
201100024354,2,07,000,00,2,1,02,A01
201100024355,0,07,000,00,2,2,15,A01
201100024355,0,31,000,00,2,1,01,B01
201100024356,0,99,000,00,1,8,01,A01
201100024357,0,07,000,00,2,3,01,B01
201100024357,0,07,000,00,2,1,11,A01
201100024358,0,07,000,00,1,1,00,A01
201100024359,0,07,000,00,1,0,04,A01
201100024360,0,10,000,00,9,8,00,A01
201100024360,0,02,000,00,2,1,01,B01
201100024361,0,33,000,00,2,1,02,A01
201100024361,0,07,000,00,2,8,15,B01
201100024362,0,07,000,00,1,1,01,A01
201100024363,0,07,000,00,2,3,01,A01
201100024363,0,33,000,00,2,1,01,B02
201100024364,0,03,000,00,2,1,01,B02
201100024364,0,07,000,00,2,8,15,A01
201100024365,0,07,000,00,2,1,01,A01
201100024365,0,07,000,00,2,1,01,B02
201100024366,0,07,000,00,2,2,15,A01
201100024366,0,33,000,00,2,1,01,B02
201100024367,0,07,000,15,0,6,01,A01
201100024368,0,07,000,11,0,8,01,A01
201100024369,0,07,000,00,2,1,19,A01
201100024369,0,10,000,00,2,2,01,B01
201100024370,0,07,000,02,0,7,13,A01
201100024371,0,17,000,00,2,8,10,A01
201100024371,0,07,000,00,2,1,01,B02
201100024372,0,07,000,00,2,3,13,A01
201100024372,0,14,000,03,2,1,01,B02
201100024373,0,07,000,07,0,8,01,A01
201100024374,0,30,000,00,2,1,01,B02
201100024374,0,07,000,00,2,3,01,A01
201100024375,0,07,000,00,0,8,24,A01
201100024375,0,01,000,01,0,1,13,B02
201100024376,0,07,000,00,2,1,05,A01
201100024376,0,07,000,00,2,1,01,B02
201100024377,0,07,000,00,2,3,13,A01
201100024377,0,07,000,00,2,3,01,B02
201100024377,0,07,000,00,2,2,01,C03
201100024377,0,07,000,14,0,1,01,D04
201100024378,0,07,000,00,2,7,01,A01
201100024378,0,10,000,00,2,3,01,B01
201100024379,0,33,000,00,2,1,19,A01
201100024379,0,02,000,00,2,1,01,B01
201100024380,0,07,000,06,0,1,01,A01
201100024381,0,07,000,00,1,2,21,A01
201100024382,0,07,000,00,2,1,00,B01
201100024382,0,33,000,00,2,1,01,A01
201100024383,0,10,000,00,2,1,16,A01
201100024383,0,33,000,00,2,1,01,B01
201100024384,0,33,000,00,2,2,17,A01
201100024384,0,07,000,00,2,3,15,B01
201100024385,0,07,000,00,2,6,10,A01
201100024385,0,33,000,00,2,1,01,B01
201100024386,0,33,000,15,0,1,01,A01
201100024387,0,37,000,00,2,3,15,A01
201100024387,0,10,000,00,2,3,01,B01
201100024388,0,02,000,00,2,5,01,A01
201100024388,0,07,000,00,0,5,01,B01
201100024389,0,07,000,00,1,3,00,A01
201100024390,0,33,000,00,2,7,00,B01
201100024390,0,07,000,00,2,3,01,A01
201100024391,0,33,000,00,2,1,01,B01
201100024391,0,07,000,00,2,7,15,A01
201100024392,0,07,000,02,0,8,01,A01
201100024393,0,07,000,01,0,1,01,A01
201100024393,0,07,000,01,2,4,24,B01
201100024394,0,33,000,06,0,0,01,A01
201100024394,0,07,000,00,0,0,01,B01
201100024395,0,07,000,00,1,4,20,A01
201100024396,0,07,000,00,2,4,15,B01
201100024396,0,07,000,00,2,4,01,C01
201100024396,0,07,000,00,2,1,01,A01
201100024397,0,07,000,00,1,1,01,A01
201100024398,0,07,000,00,1,3,01,A01
201100024399,0,07,000,00,1,0,24,A01
201100024400,0,31,000,00,2,1,01,B01
201100024400,0,38,001,00,2,3,15,A01
201100024401,0,07,000,00,2,2,15,A01
201100024401,0,33,000,00,2,2,01,B01
201100024402,0,01,000,00,2,1,15,A01
201100024402,0,01,000,00,2,1,15,B01
201100024403,0,02,000,09,0,1,17,A01
201100024404,0,01,000,00,2,8,02,B01
201100024404,0,07,000,00,9,2,02,A01
201100024405,0,07,000,00,2,1,01,B01
201100024405,0,07,000,02,2,2,13,A01
201100024406,0,07,000,06,0,3,00,A01
201100024407,0,07,000,00,2,2,15,B01
201100024407,0,07,000,00,2,7,15,A01
201100024408,0,07,000,00,2,8,01,B01
201100024408,0,02,000,00,2,1,09,A01
201100024409,0,02,000,01,0,0,21,A01
201100024410,0,07,000,00,1,5,00,A01
201100024411,0,01,000,00,2,1,19,B01
201100024411,0,07,000,00,2,2,15,A01
201100024412,0,07,000,00,1,2,01,A01
201100024413,0,07,000,00,2,1,17,A01
201100024413,0,07,000,00,2,1,17,B01
201100024413,0,07,000,00,2,1,21,C01
201100024414,0,07,000,00,2,3,06,A01
201100024414,0,02,000,00,2,1,17,B01
201100024415,0,10,000,00,1,2,00,A01
201100024416,0,10,000,00,2,4,02,B01
201100024416,0,10,000,00,2,1,02,A01
201100024417,0,38,001,00,1,2,08,A01
201100024418,0,07,000,00,2,1,02,B01
201100024418,0,07,000,00,2,4,09,A01
201100024419,0,01,000,00,2,1,01,B01
201100024419,0,07,000,00,2,2,09,A01
201100024420,0,07,000,16,0,0,21,A01
201100024421,0,33,000,00,0,0,02,A01
201100024422,0,07,000,00,1,4,04,A01
201100024423,0,07,000,00,2,3,01,A01
201100024423,1,07,000,00,2,1,00,B01
201100024424,0,07,000,00,2,2,02,A01
201100024424,0,02,000,00,2,1,02,B01
201100024425,0,10,000,00,2,1,02,A01
201100024425,0,07,000,00,2,4,02,B01
201100024425,0,07,000,00,2,4,02,C01
201100024426,0,07,000,00,2,3,02,B01
201100024426,0,33,000,00,2,8,02,A01
201100024427,0,33,000,00,0,1,01,B01
201100024427,0,07,000,00,2,0,09,A01
201100024428,0,32,000,00,2,7,17,B01
201100024428,0,07,000,00,2,3,15,A01
201100024429,0,30,000,00,2,1,02,A01
201100024429,0,30,000,00,2,4,02,B01
201100024430,0,15,000,00,2,2,02,B01
201100024430,0,07,000,00,2,6,09,A01
201100024431,0,07,000,00,2,3,01,B01
201100024431,0,30,000,00,2,1,09,A01
201100024432,0,33,000,00,2,1,02,A01
201100024432,0,07,000,00,0,4,16,B01
201100024433,0,38,005,00,2,2,21,B01
201100024433,0,07,000,00,2,3,09,A01
201100024434,0,07,000,00,2,1,02,B01
201100024434,0,07,000,00,2,1,02,A01
201100024435,0,31,000,00,2,1,17,A01
201100024435,0,07,000,00,2,3,15,B01
201100024436,0,07,000,00,1,2,01,A01
201100024437,0,07,000,01,0,1,00,A01
201100024438,0,07,000,00,2,4,01,B01
201100024438,0,07,000,00,2,1,01,A01
201100024439,0,33,000,00,0,0,01,A01
201100024440,0,02,000,00,0,0,01,A01
201100024441,0,07,000,00,2,3,01,B01
201100024441,0,07,000,01,2,2,00,A01
201100024442,0,13,000,04,0,3,02,A01
201100024443,0,10,000,00,2,1,01,B01
201100024443,0,30,000,00,2,0,16,A01
201100024444,0,07,000,00,1,1,01,A01
201100024445,0,07,000,00,0,0,19,C01
201100024445,0,07,000,00,2,1,01,B01
201100024445,0,07,000,00,2,1,05,A01
201100024446,0,37,015,00,2,2,01,A01
201100024446,0,01,000,00,2,1,19,B01
201100024447,0,07,000,00,2,6,02,A01
201100024447,0,07,000,00,2,1,02,B01
201100024448,0,07,000,00,2,3,00,A01
201100024448,0,01,000,00,2,1,01,B01
201100024449,0,07,000,00,9,1,15,A01
201100024449,0,32,000,00,2,1,01,B01
201100024450,0,07,000,00,1,1,02,B01
201100024450,0,07,000,00,2,1,02,A01
201100024451,0,07,000,00,2,5,12,A01
201100024451,0,31,000,00,2,3,01,B01
201100024452,0,07,000,05,0,0,00,A01
201100024453,0,07,000,02,2,1,00,A01
201100024453,0,07,000,00,2,8,00,B01
201100024454,0,07,000,00,2,1,01,B01
201100024454,0,07,000,00,2,1,01,A01
201100024455,0,07,000,00,2,2,19,A01
201100024455,0,01,000,00,2,1,19,B01
201100024456,0,31,000,00,0,8,02,A01
201100024457,0,33,000,00,2,1,01,B01
201100024457,0,07,000,00,2,5,04,A01
201100024458,0,30,000,00,2,6,01,A01
201100024458,0,07,000,00,2,3,01,B01
201100024459,0,07,000,00,1,1,01,A01
201100024460,0,07,000,00,2,6,02,B01
201100024460,0,01,000,00,2,1,02,A01
201100024461,0,07,000,00,0,3,01,B01
201100024461,0,07,000,00,2,1,09,A01
201100024462,0,01,000,00,2,0,00,A01
201100024462,0,07,000,00,2,1,01,B01
201100024463,0,07,000,00,1,0,01,A01
201100024464,0,07,000,16,0,0,01,A01
201100024465,0,07,000,00,1,4,04,A01
201100024466,0,30,000,00,1,0,17,A01
201100024467,0,07,000,00,1,2,01,A01
201100024468,0,33,000,00,0,0,03,B01
201100024468,1,07,000,00,0,0,01,A01
201100024469,0,07,000,00,2,1,01,B01
201100024469,0,07,000,00,2,1,21,A01
201100024470,0,07,000,00,1,1,01,A01
201100024471,0,33,000,00,2,1,17,A01
201100024471,0,33,000,00,2,1,02,B01
201100024472,0,07,000,00,2,7,00,A01
201100024472,0,07,000,00,2,8,00,B01
201100024473,0,07,000,00,2,2,01,B01
201100024473,0,02,000,00,2,8,09,A01
201100024474,0,34,000,00,1,2,02,A01
201100024475,0,07,000,00,9,1,10,A01
201100024475,0,33,000,00,2,1,02,B01
201100024476,0,07,000,00,2,1,01,B01
201100024476,0,07,000,00,2,7,19,A01
201100024477,0,07,000,03,0,1,01,A01
201100024478,0,30,000,11,0,0,01,A01
201100024479,0,07,000,00,1,3,01,A01
201100024480,0,07,000,00,2,1,02,A01
201100024480,0,07,000,00,2,2,01,B01
201100024481,0,07,000,00,1,1,17,A01
201100024482,0,07,000,00,2,1,15,A01
201100024482,0,07,000,00,2,8,01,B01
201100024483,0,07,000,00,2,0,19,A01
201100024483,0,31,000,00,2,0,01,B01
201100024484,0,07,000,00,2,2,00,A01
201100024484,0,07,000,00,2,8,01,B01
201100024485,0,07,000,00,2,2,13,A01
201100024485,0,07,000,00,2,3,01,B01
201100024486,0,14,000,00,2,7,01,C01
201100024486,0,07,000,00,2,3,13,A01
201100024486,0,30,000,00,2,7,01,B01
201100024487,0,07,000,00,1,4,01,B01
201100024487,0,07,000,00,2,1,02,A01
201100024488,0,07,000,00,2,3,01,B01
201100024488,0,07,000,00,2,2,15,A01
201100024489,0,07,000,00,2,0,00,B01
201100024489,0,07,000,00,2,2,01,A01
201100024490,0,07,000,00,1,1,02,A01
201100024491,0,07,000,00,2,4,02,B01
201100024491,0,01,000,00,2,1,02,A01
201100024492,0,07,000,00,2,4,02,B01
201100024492,0,33,000,00,2,1,02,A01
201100024493,0,34,000,00,2,1,01,B01
201100024493,0,07,000,00,2,2,01,A01
201100024494,0,07,000,00,2,1,15,A01
201100024494,0,33,000,00,2,0,00,B01
201100024495,0,07,000,00,2,1,09,A01
201100024495,0,33,000,00,2,8,01,B01
201100024496,0,07,000,11,2,9,01,A01
201100024496,0,07,000,00,2,1,01,B01
201100024497,0,32,000,00,2,7,00,A01
201100024497,0,07,000,00,2,3,00,B01
201100024498,0,07,000,00,2,3,13,A01
201100024498,0,07,000,00,2,3,01,B01
201100024499,0,17,000,00,0,6,01,B01
201100024499,0,07,000,04,2,2,17,A01
201100024500,0,10,000,00,2,4,01,C01
201100024500,0,07,000,00,2,4,01,B01
201100024500,0,10,000,00,2,1,01,A01
201100024500,0,07,000,00,2,4,01,D01
201100024501,0,07,000,00,1,1,00,A01
201100024502,0,07,000,00,2,1,01,B01
201100024502,0,07,000,00,2,1,17,A01
201100024503,0,07,000,00,2,1,02,A01
201100024503,0,07,000,00,2,4,15,B01
201100024504,0,07,000,00,0,9,11,A01
201100024505,0,07,000,00,2,7,01,B01
201100024505,0,07,000,00,2,1,01,A01
201100024506,2,07,000,00,2,1,13,A01
201100024506,0,07,000,00,2,1,01,B01
201100024507,0,01,000,00,2,1,01,A01
201100024507,0,07,000,00,2,7,01,B01
201100024508,0,07,000,00,1,4,04,A01
201100024509,1,03,000,00,9,3,00,A01
201100024509,0,01,000,00,2,1,00,B01
201100024510,0,07,000,00,0,4,01,C01
201100024510,0,07,000,00,2,1,01,A01
201100024510,0,10,000,00,1,4,01,B01
201100024511,0,07,000,00,1,2,01,A01
201100024512,0,07,000,00,1,0,01,A01
201100024513,0,07,000,00,2,1,01,A01
201100024513,0,07,000,00,2,3,01,B01
201100024514,0,31,000,01,0,1,01,A01
201100024515,0,07,000,00,2,2,16,B01
201100024515,0,30,000,00,2,3,03,A01
201100024516,0,07,000,00,2,7,01,B01
201100024516,0,33,000,00,2,5,11,A01
201100024517,0,30,000,00,2,0,00,A01
201100024517,0,07,000,00,2,0,00,B01
201100024518,0,07,000,00,2,7,01,A01
201100024518,0,07,000,00,2,1,09,B01
201100024519,0,07,000,00,2,3,01,B01
201100024519,0,02,000,00,2,6,17,A01
201100024519,0,07,000,00,2,6,01,C01
201100024520,0,02,000,00,0,0,01,A01
201100024521,0,07,000,00,1,0,00,A01
201100024522,0,07,000,00,2,1,09,A01
201100024522,0,01,000,00,2,0,01,B01
201100024523,0,01,000,00,2,5,01,B01
201100024523,0,07,000,00,2,4,04,A01
201100024524,0,07,000,00,2,1,02,A01
201100024524,0,07,000,00,0,4,01,B01
201100024525,0,07,000,02,0,1,00,A01
201100024526,0,07,000,00,1,3,00,A01
201100024527,0,07,000,00,1,2,01,A01
201100024528,0,07,000,00,0,7,01,B01
201100024528,0,30,000,00,2,8,11,A01
201100024529,0,07,000,00,2,1,19,A01
201100024529,0,07,000,00,2,1,01,B01
201100024530,0,07,000,00,2,2,16,A01
201100024530,0,01,000,00,2,8,01,B01
201100024531,0,07,000,00,2,8,01,B01
201100024531,0,07,000,00,2,0,11,A01
201100024532,0,38,001,00,2,1,02,B01
201100024532,0,07,000,00,2,4,02,A01
201100024533,0,07,000,00,0,4,02,B01
201100024533,0,07,000,00,2,1,02,A01
201100024534,0,07,000,00,1,0,04,A01
201100024535,0,07,000,00,2,3,09,A01
201100024535,0,07,000,00,0,7,01,B01
201100024536,0,34,000,00,2,1,09,A01
201100024536,0,02,000,00,2,1,17,B01
201100024537,0,07,000,06,0,8,16,A01
201100024538,0,02,000,15,0,1,00,A01
201100024539,0,01,000,00,2,0,00,A01
201100024539,0,01,000,00,2,0,00,B01
201100024540,0,07,000,00,1,1,00,A01
201100024541,0,07,000,00,2,1,02,A01
201100024541,0,07,000,00,2,4,02,B01
201100024541,0,07,000,00,2,4,02,C01
201100024542,0,07,000,00,2,4,01,B01
201100024542,0,07,000,00,2,1,01,A01
201100024543,0,07,000,00,1,4,04,A01
201100024544,0,30,000,00,1,1,00,A01
201100024545,1,07,000,00,0,0,00,D01
201100024545,0,07,000,00,2,1,01,A01
201100024545,0,07,000,00,2,1,01,B01
201100024545,0,10,000,00,2,1,01,C01
201100024546,0,33,000,00,0,7,01,B01
201100024546,0,07,000,00,0,0,12,A01
201100024547,0,07,000,00,2,2,01,B01
201100024547,0,07,000,00,2,1,01,A01
201100024548,0,10,000,00,1,1,01,A01
201100024549,0,07,000,00,1,3,01,A01
201100024550,0,07,000,00,1,0,01,A01
201100024551,0,01,000,00,1,1,01,A01
201100024552,0,01,000,00,2,1,00,B01
201100024552,0,07,000,00,2,3,01,A01
201100024553,0,07,000,12,0,3,01,A01
201100024554,0,07,000,00,1,1,01,A01
201100024555,0,07,000,12,0,0,00,A01
201100024556,0,07,000,00,2,1,09,A01
201100024556,0,01,000,00,2,7,01,B01
201100024557,0,33,000,00,2,1,01,B01
201100024557,0,07,000,00,2,8,01,A01
201100024558,0,02,000,00,2,1,01,A01
201100024558,0,07,000,00,2,8,09,B01
201100024559,0,07,000,00,2,0,03,A01
201100024559,0,07,000,00,0,7,23,B01
201100024559,0,33,000,00,0,7,23,C01
201100024560,0,30,000,00,0,0,00,A01
201100024561,0,07,000,00,1,1,01,A01
201100024562,0,07,000,00,2,4,02,B01
201100024562,0,07,000,00,2,1,02,A01
201100024563,0,07,000,00,0,2,01,A01
201100024564,0,07,000,00,2,1,01,A01
201100024564,0,07,000,00,2,1,01,B01
201100024565,0,02,000,00,2,8,21,B01
201100024565,0,07,000,00,2,1,01,A01
201100024566,0,07,000,00,2,1,01,C01
201100024566,0,07,000,00,2,1,01,A01
201100024566,0,07,000,00,2,4,01,B01
201100024566,0,07,000,00,2,4,01,D01
201100024567,0,07,000,00,2,1,01,A01
201100024567,0,07,000,00,2,4,16,B01
201100024568,0,07,000,00,2,6,09,A01
201100024568,0,33,000,00,2,1,01,B01
201100024569,0,07,000,04,0,1,01,A01
201100024570,0,07,000,13,0,0,00,A01
201100024571,0,07,000,00,2,6,01,B01
201100024571,0,02,000,00,2,1,01,A01
201100024572,0,07,000,00,2,2,17,A01
201100024572,0,01,000,00,2,1,02,B01
201100024573,0,07,000,00,1,1,01,A01
201100024574,0,07,000,00,2,2,00,A01
201100024574,0,01,000,00,2,5,00,B01
201100024575,0,30,000,08,0,2,00,A01
201100024576,1,33,000,00,1,0,00,A01
201100024577,0,07,000,00,2,1,02,A01
201100024577,0,07,000,00,2,4,23,B01
201100024578,0,07,000,00,1,0,00,A01
201100024579,0,07,000,01,0,0,00,A01
201100024580,0,31,000,07,0,1,00,A01
201100024581,0,07,000,00,1,1,01,A01
201100024582,0,07,000,04,0,1,00,A01
201100024583,0,30,000,00,2,1,01,B01
201100024583,0,07,000,00,2,8,19,A01
201100024584,0,07,000,00,2,7,16,A01
201100024584,0,07,000,00,2,1,01,B01
201100024585,0,07,000,00,1,7,09,A01
201100024586,0,07,000,00,1,2,01,A01
201100024587,0,07,000,00,1,1,00,A01
201100024588,0,07,000,00,1,2,01,A01
201100024589,0,07,000,00,2,4,02,B01
201100024589,0,07,000,00,2,1,02,A01
201100024590,0,07,000,00,1,0,07,A01
201100024591,0,07,000,15,0,1,00,A01
201100024592,0,30,000,00,2,1,09,A01
201100024592,0,07,000,00,2,2,00,B01
201100024593,0,07,000,00,1,8,01,A01
201100024594,0,07,000,00,1,3,01,A01
201100024595,0,07,000,00,1,3,01,A01
201100024596,0,07,000,00,2,1,01,B01
201100024596,0,99,000,00,2,1,11,A01
201100024597,0,07,000,00,2,8,01,B01
201100024597,0,07,000,00,2,1,10,A01
201100024598,0,07,000,00,2,7,16,A01
201100024598,0,30,000,00,2,3,01,B01
201100024599,0,07,000,01,0,7,15,B01
201100024599,0,07,000,01,2,1,01,A01
201100024600,0,31,000,00,1,7,00,A01
201100024601,0,02,000,00,2,1,13,A01
201100024601,0,07,000,00,2,3,21,B01
201100024602,0,07,000,02,0,1,00,A01
201100024603,0,07,000,08,0,1,01,A01
201100024604,0,07,000,06,0,2,01,A01
201100024605,0,07,000,00,2,8,16,A01
201100024605,0,33,000,00,2,7,01,B01
201100024606,0,07,000,15,0,7,01,A01
201100024607,0,37,001,00,1,0,01,A01
201100024608,0,33,000,00,1,2,01,A01
201100024609,0,07,000,00,1,3,01,A01
201100024610,0,33,000,00,2,1,02,B01
201100024610,0,10,000,00,2,7,15,A01
201100024611,1,30,000,00,1,0,01,Z01
201100024612,0,07,000,09,0,8,02,A01
201100024613,0,33,000,00,2,1,01,B01
201100024613,0,07,000,00,2,5,15,A01
201100024614,1,31,000,00,2,1,05,A01
201100024614,0,10,000,00,2,1,01,B01
201100024615,0,01,000,00,2,8,16,A01
201100024615,0,07,000,00,2,1,01,B01
201100024616,0,07,000,01,0,6,01,A01
201100024617,0,07,000,08,2,1,16,B01
201100024617,0,07,000,00,2,1,15,A01
201100024617,0,07,000,00,2,1,23,C01
201100024618,0,07,000,00,1,8,01,A01
201100024619,0,07,000,00,1,3,01,A01
201100024620,0,32,000,00,2,8,01,A01
201100024620,0,37,001,00,2,3,01,B01
201100024621,0,02,000,00,2,3,15,A01
201100024621,0,07,000,00,2,8,01,B01
201100024622,0,07,000,15,0,0,01,A01
201100024623,0,37,010,00,1,2,01,A01
201100024624,0,07,000,00,9,7,16,A01
201100024624,0,01,000,00,2,1,01,B01
201100024625,0,02,000,00,0,1,01,B01
201100024625,0,07,000,00,2,3,15,A01
201100024626,0,30,000,14,0,1,01,A01
201100024627,0,07,000,00,1,1,01,A01
201100024628,0,07,000,00,1,2,01,A01
201100024629,0,07,000,00,1,1,01,A01
201100024630,0,07,000,00,0,1,01,A01
201100024631,0,07,000,00,2,3,01,B01
201100024631,0,07,000,00,2,3,13,A01
201100024632,0,02,000,00,2,1,00,B01