Num_Acc,senc,catv,occutc,obs,obsm,choc,manv,num_veh
201100024991,0,07,000,00,2,3,15,B02
201100024991,0,33,000,00,2,1,17,A01
201100024992,0,07,000,02,0,1,00,A01
201100024993,0,30,000,00,2,1,18,B02
201100024993,0,07,000,00,2,7,20,A01
201100024994,0,07,000,06,0,8,01,A01
201100024995,0,07,000,00,0,0,01,A01
201100024996,0,31,000,00,2,1,00,A01
201100024996,0,07,000,00,2,1,00,B02
201100024997,0,33,000,00,0,0,00,A01
201100024998,0,07,000,08,0,0,14,A01
201100024999,0,10,000,00,2,2,01,A01
201100024999,0,07,000,00,0,6,01,B02
201100025000,0,10,000,00,2,1,02,A01
201100025000,0,17,000,00,0,4,02,B02
201100025001,0,10,000,00,2,6,23,B02
201100025001,0,17,000,01,0,1,02,A01
201100025002,0,07,000,13,0,1,01,A01
201100025003,0,07,000,04,0,3,01,A01
201100025004,0,17,000,01,0,1,01,A01
201100025004,0,13,000,00,0,4,23,B02
201100025005,0,07,000,00,9,1,01,B02
201100025005,0,07,000,00,0,0,01,C03
201100025005,0,07,000,04,0,9,13,A01
201100025006,0,15,000,13,0,2,01,A01
201100025007,0,07,000,13,0,2,14,A01
201100025008,0,07,000,00,0,4,01,A01
201100025008,0,07,000,00,2,1,02,B02
201100025008,0,07,000,00,0,0,01,C03
201100025008,0,07,000,14,0,3,01,F06
201100025008,0,07,000,00,0,0,24,E05
201100025008,0,07,000,14,0,3,01,D04
201100025009,0,07,000,00,2,3,09,A01
201100025009,0,07,000,00,2,2,15,B01
201100025010,0,07,000,00,1,1,01,A01
201100025011,0,10,000,00,1,3,15,A01
201100025012,0,07,000,00,1,1,15,A01
201100025013,0,07,000,00,1,1,17,A01
201100025014,0,07,000,00,2,9,02,B01
201100025014,0,07,000,00,2,1,02,A01
201100025014,0,20,000,00,2,4,02,C01
201100025015,0,07,000,00,2,7,19,A01
201100025015,0,37,001,00,2,3,19,B01
201100025016,0,07,000,00,1,2,01,A01
201100025017,0,33,000,00,0,4,01,B01
201100025017,0,07,000,00,2,1,02,A01
201100025018,0,30,000,00,0,7,01,A01
201100025018,0,07,000,00,2,8,11,B01
201100025019,0,07,000,00,2,3,15,A01
201100025019,0,02,000,00,2,1,17,B01
201100025020,0,07,000,00,2,4,23,A01
201100025020,0,02,000,00,2,1,01,B01
201100025021,0,07,000,00,1,4,04,A01
201100025022,0,07,000,00,2,3,15,A01
201100025022,0,02,000,00,2,1,01,B01
201100025023,0,07,000,00,2,4,01,B01
201100025023,0,33,000,00,2,1,01,A01
201100025024,0,01,000,00,0,1,01,A01
201100025024,0,07,000,00,0,0,00,B01
201100025025,0,07,000,00,1,1,01,A01
201100025026,0,10,000,00,2,3,01,A01
201100025026,0,07,000,00,2,1,01,B01
201100025027,0,07,000,00,1,2,01,A01
201100025028,0,31,000,00,1,0,00,Z01
201100025029,0,33,000,00,2,7,15,A01
201100025029,0,10,000,00,2,3,01,B01
201100025030,0,07,000,06,0,1,01,A01
201100025031,0,33,000,00,2,1,01,B01
201100025031,0,07,000,00,2,3,15,A01
201100025032,0,07,000,00,1,3,01,A01
201100025033,0,01,000,00,2,8,16,B01
201100025033,0,07,000,00,2,2,01,A01
201100025034,0,07,000,00,2,1,01,A01
201100025034,0,07,000,00,2,2,01,B01
201100025035,0,10,000,00,2,8,15,A01
201100025035,0,02,000,00,2,7,17,B01
201100025036,0,07,000,12,0,1,01,A01
201100025037,0,07,000,00,2,3,15,B01
201100025037,0,33,000,00,2,7,15,A01
201100025038,0,10,000,00,2,3,10,A01
201100025038,0,33,000,00,2,7,01,B01
201100025039,0,07,000,00,2,2,01,B01
201100025039,0,02,000,00,2,1,01,A01
201100025040,0,07,000,13,0,1,01,A01
201100025041,0,07,000,16,0,9,01,A01
201100025042,0,31,000,00,2,4,23,B01
201100025042,0,10,000,00,2,1,01,A01
201100025043,0,07,000,00,2,3,01,A01
201100025043,0,07,000,00,2,3,01,B01
201100025044,0,07,000,00,1,2,01,A01
201100025045,0,30,000,00,2,1,01,A01
201100025045,0,07,000,00,2,6,10,B01
201100025046,0,07,000,00,1,2,01,A01
201100025047,0,07,000,00,1,3,01,A01
201100025048,0,01,000,00,2,8,19,B02
201100025048,0,15,000,00,2,1,16,A01
201100025049,0,07,000,00,2,8,11,A01
201100025049,0,32,000,00,2,1,01,B02
201100025050,0,07,000,00,1,2,01,A01
201100025051,0,07,000,06,0,2,01,A01
201100025052,0,07,000,00,2,1,01,B01
201100025052,0,07,000,00,2,1,15,A01
201100025053,0,31,000,00,2,1,01,A01
201100025053,0,01,000,00,2,7,01,B01
201100025054,0,07,000,02,0,1,01,A01
201100025055,0,07,000,00,2,1,01,A01
201100025055,0,07,000,00,2,7,01,B01
201100025056,0,07,000,13,0,1,00,A01
201100025057,0,07,000,00,2,6,02,C01
201100025057,0,07,000,00,2,2,01,A01
201100025057,0,07,000,00,2,1,01,B01
201100025058,0,07,000,00,1,3,01,A01
201100025059,0,07,000,00,2,8,00,B01
201100025059,0,33,000,00,2,3,00,A01
201100025060,0,07,000,00,2,3,15,A01
201100025060,0,33,000,00,2,1,01,B01
201100025061,0,07,000,13,0,1,01,A01
201100025062,0,07,000,13,6,1,02,A01
201100025063,0,07,000,13,0,3,01,A01
201100025064,0,07,000,13,0,9,01,A01
201100025065,0,07,000,04,0,3,01,A01
201100025066,0,07,000,00,2,3,01,A01
201100025066,0,07,000,00,0,7,01,B02
201100025067,0,07,000,00,2,6,02,C03
201100025067,0,07,000,00,2,1,02,B02
201100025067,0,07,000,00,0,4,02,A01
201100025068,0,07,000,04,0,3,00,A01
201100025069,0,07,000,13,0,1,02,A01
201100025070,0,07,000,00,2,2,01,A01
201100025070,0,01,000,00,2,8,19,B02
201100025071,0,07,000,08,0,8,01,A01
201100025072,0,07,000,00,2,3,01,A01
201100025072,0,33,000,00,2,1,16,B02
201100025073,0,10,000,06,0,2,13,A01
201100025074,0,07,000,00,2,1,15,A01
201100025074,0,33,000,00,2,1,01,B02
201100025075,0,33,000,00,2,1,01,B02
201100025075,0,07,000,00,2,3,19,A01
201100025076,0,07,000,00,2,8,19,A01
201100025076,0,33,000,00,2,1,01,B02
201100025077,0,10,000,00,2,1,02,A01
201100025077,0,31,000,00,0,4,16,B02
201100025078,0,33,000,00,0,1,02,A01
201100025078,0,07,000,00,0,6,02,B02
201100025079,0,30,000,01,0,1,01,A01
201100025080,0,07,000,00,2,3,15,A01
201100025080,0,30,000,00,2,1,01,B01
201100025081,0,07,000,02,0,1,01,A01
201100025082,0,07,000,00,1,1,15,A01
201100025083,0,07,000,00,0,0,01,A01
201100025083,0,33,000,00,0,7,01,B01
201100025084,0,33,000,08,0,1,15,A01
201100025085,0,32,000,00,2,1,17,A01
201100025085,0,07,000,00,2,8,15,B01
201100025086,0,33,000,00,2,7,01,B01
201100025086,0,07,000,00,2,8,15,A01
201100025087,0,33,000,03,0,7,01,A01
201100025088,0,33,000,08,0,0,01,A01
201100025089,0,07,000,00,2,3,01,B01
201100025089,0,03,000,00,2,0,01,A01
201100025090,0,10,000,00,2,3,01,B02
201100025090,0,07,000,00,2,1,17,A01
201100025091,0,33,000,00,0,1,00,A01
201100025092,0,07,000,00,2,3,15,B02
201100025092,0,30,000,00,2,1,01,A01
201100025093,0,07,000,00,2,1,01,B02
201100025093,0,07,000,00,2,2,19,A01
201100025094,0,07,000,00,2,3,01,A01
201100025094,0,07,000,00,2,3,01,B02
201100025095,0,07,000,00,2,8,02,D04
201100025095,0,07,000,14,0,1,02,B02
201100025095,0,07,000,03,0,2,02,A01
201100025095,0,07,000,14,0,3,02,C03
201100025096,0,38,062,00,2,6,02,B02
201100025096,0,07,000,00,2,2,02,A01
201100025097,0,10,000,14,2,1,01,A01
201100025097,0,07,000,14,2,4,02,C03
201100025097,0,07,000,14,2,4,02,D04
201100025097,0,07,000,14,2,4,02,B02
201100025098,0,14,000,00,2,3,21,B02
201100025098,0,33,000,00,2,1,01,A01
201100025099,0,07,000,00,2,1,02,A01
201100025099,0,07,000,00,2,4,02,B02
201100025100,0,07,000,04,0,9,02,A01
201100025101,0,17,000,03,0,2,14,A01
201100025102,0,17,000,13,0,2,01,A01
201100025103,0,17,000,00,2,4,02,B02
201100025103,0,07,000,00,2,1,02,A01
201100025104,0,33,000,04,0,3,13,A01
201100025105,0,32,000,00,0,8,01,A01
201100025106,0,33,000,00,0,6,11,A01
201100025107,0,15,000,16,0,2,02,A01
201100025108,0,07,000,14,0,1,02,A01
201100025109,0,07,000,03,0,3,02,A01
201100025110,0,07,000,13,0,1,01,A01
201100025111,0,14,000,00,2,1,01,B02
201100025111,0,07,000,03,2,8,00,A01
201100025112,0,07,000,00,2,3,01,A01
201100025112,0,17,000,00,2,7,01,B02
201100025113,0,07,000,00,2,4,02,B02
201100025113,0,07,000,00,2,1,02,A01
201100025114,0,33,000,04,0,9,06,A01
201100025114,0,10,000,14,0,1,01,B02
201100025115,0,07,000,04,0,2,01,A01
201100025116,0,01,000,00,0,8,00,A01
201100025117,0,07,000,00,2,1,01,A01
201100025117,0,07,000,00,2,7,01,B02
201100025118,0,30,000,00,2,1,02,A01
201100025118,0,07,000,00,0,8,15,B02
201100025119,0,07,000,00,1,2,15,A01
201100025120,0,07,000,00,1,2,00,A01
201100025121,0,07,000,08,0,9,17,A01
201100025122,0,07,000,00,2,3,15,C01
201100025122,0,32,000,00,2,1,01,B01
201100025123,0,07,000,00,2,1,01,B01
201100025123,0,07,000,00,2,1,14,A01
201100025124,0,07,000,15,0,3,01,A01
201100025125,0,07,000,00,2,1,15,A01
201100025125,0,02,000,00,2,1,21,B01
201100025126,0,07,000,00,1,6,04,A01
201100025127,0,15,000,00,2,6,02,C01
201100025127,0,15,000,00,2,1,02,A01
201100025127,0,10,000,13,0,6,02,B01
201100025128,1,07,000,00,0,0,01,Z01
201100025128,0,01,000,01,2,4,01,B01
201100025129,0,03,000,00,2,1,01,A01
201100025129,0,07,000,00,2,1,01,B01
201100025130,0,07,000,00,0,1,00,A01
201100025131,0,07,000,00,2,3,15,A01
201100025131,0,31,000,00,2,3,17,B01
201100025132,0,07,000,08,0,1,01,A01
201100025133,0,02,000,00,2,1,01,A01
201100025133,0,02,000,00,2,3,00,C01
201100025133,0,07,000,00,0,5,15,B01
201100025134,0,07,000,16,0,7,01,A01
201100025135,0,07,000,00,1,4,20,A01
201100025136,0,07,000,00,1,3,15,A01
201100025137,0,07,000,00,0,0,02,B01
201100025137,0,07,000,00,2,1,02,A01
201100025138,0,07,000,00,0,4,01,B01
201100025138,0,10,000,00,2,1,02,A01
201100025139,0,07,000,00,0,4,15,B01
201100025139,0,07,000,00,2,1,02,A01
201100025140,0,02,000,00,2,3,02,B01
201100025140,0,07,000,00,2,5,15,A01
201100025141,0,02,000,01,0,3,01,A01
201100025142,0,01,000,00,0,0,01,B01
201100025143,0,34,000,00,0,4,00,B01
201100025143,0,34,000,00,2,1,00,A01
201100025144,0,07,000,00,1,0,00,A01
201100025145,0,01,000,00,0,0,00,Y01
201100025145,0,07,000,00,2,0,00,A01
201100025146,0,01,000,00,2,0,01,B01
201100025146,0,30,000,00,2,0,01,A01
201100025147,0,07,000,00,0,0,00,A01
201100025148,0,01,000,00,0,2,01,B01
201100025148,0,07,000,00,2,3,23,A01
201100025149,0,07,000,00,2,2,01,A01
201100025150,0,07,000,00,2,1,01,A01
201100025150,0,07,000,00,0,4,01,C01
201100025150,0,07,000,00,2,1,23,B01
201100025151,0,07,000,00,2,2,02,B01
201100025151,0,07,000,00,2,1,01,A01
201100025152,0,30,000,00,0,0,00,A01
201100025153,0,32,000,00,0,0,00,A01
201100025154,0,07,000,00,0,0,15,A01
201100025154,0,30,000,00,0,0,21,B01
201100025155,0,07,000,00,2,1,01,A01
201100025155,0,01,000,00,2,1,01,B01
201100025156,0,07,000,01,0,1,01,A01
201100025157,0,37,005,00,2,3,01,B01
201100025157,0,07,000,00,2,2,18,A01
201100025158,0,07,000,00,2,6,01,B01
201100025158,0,31,000,00,2,2,01,A01
201100025159,0,07,000,00,2,3,13,A01
201100025159,0,07,000,00,2,3,01,B01
201100025160,0,07,000,00,2,0,15,A01
201100025160,0,07,000,00,2,0,21,B01
201100025161,0,07,000,00,2,1,01,A01
201100025161,0,07,000,00,2,4,02,B01
201100025162,0,33,000,00,2,2,01,B01
201100025162,0,07,000,00,2,3,13,A01
201100025163,0,33,000,00,0,0,00,A01
201100025164,0,31,000,00,2,7,17,A01
201100025164,0,07,000,00,2,3,15,B01
201100025165,0,02,000,00,0,0,00,A01
201100025166,0,14,000,00,2,6,15,B01
201100025166,0,30,000,00,2,3,21,A01
201100025167,0,07,000,00,2,4,01,B01
201100025167,0,02,000,00,2,1,01,A01
201100025168,0,15,000,00,0,7,00,A01
201100025169,0,07,000,00,2,1,09,A01
201100025169,0,02,000,00,0,5,00,B01
201100025170,0,30,000,01,0,8,01,A01
201100025171,0,01,000,00,2,8,01,B01
201100025171,0,07,000,00,2,2,15,A01
201100025172,0,07,000,00,0,0,00,A01
201100025173,0,07,000,11,0,1,01,A01
201100025174,0,07,000,14,0,1,00,A01
201100025175,0,07,000,00,2,1,15,A01
201100025175,0,30,000,00,2,3,01,B01
201100025176,0,10,000,00,2,1,02,B01
201100025176,0,07,000,00,2,2,01,A01
201100025177,0,07,000,00,0,2,01,A01
201100025177,0,07,000,00,0,4,01,B01
201100025178,0,07,000,00,1,3,01,A01
201100025179,0,02,000,06,0,0,00,A01
201100025180,0,07,000,00,1,2,01,A01
201100025181,0,07,000,00,2,3,00,B01
201100025181,0,01,000,00,2,1,01,A01
201100025182,0,07,000,00,1,1,00,A01
201100025183,0,07,000,00,0,2,01,D01
201100025183,0,07,000,00,0,6,09,A01
201100025183,0,07,000,03,2,2,01,B01
201100025183,0,07,000,00,0,6,01,C01
201100025184,0,02,000,00,2,1,00,A01
201100025184,0,07,000,00,9,1,01,B01
201100025185,0,07,000,00,2,3,00,A01
201100025185,0,07,000,00,2,1,01,B01
201100025186,0,07,000,00,2,8,10,A01
201100025186,0,33,000,00,2,1,17,B01
201100025187,0,07,000,00,0,6,01,B01
201100025187,2,07,000,00,2,6,02,A01
201100025188,0,07,000,00,2,0,01,A01
201100025189,0,01,000,00,2,8,02,A01
201100025189,0,07,000,00,2,1,00,B01
201100025190,0,07,000,00,1,2,01,A01
201100025191,0,07,000,00,1,1,02,A01
201100025192,0,17,000,00,2,8,02,A01
201100025192,0,17,000,00,2,4,01,C01
201100025192,0,07,000,00,2,2,02,B01
201100025193,0,14,000,00,2,6,10,A01
201100025193,0,02,000,00,2,2,02,B01
201100025194,0,07,000,00,1,2,01,A01
201100025195,0,07,000,00,2,1,01,B01
201100025195,0,33,000,00,2,1,17,A01
201100025196,0,07,000,00,2,3,15,A01
201100025196,0,33,000,00,0,2,17,B01
201100025197,0,07,000,00,1,2,02,A01
201100025198,0,07,000,00,1,1,01,A01
201100025199,0,07,000,00,2,3,01,A01
201100025199,0,07,000,00,2,3,01,B01
201100025200,0,30,000,00,0,7,16,B01
201100025200,0,37,001,00,2,2,16,A01
201100025201,0,33,000,00,2,8,21,B01
201100025201,0,07,000,00,0,0,16,A01
201100025202,0,07,000,00,0,0,15,A01
201100025202,0,33,000,00,2,0,01,B01
201100025203,0,07,000,00,2,3,01,A01
201100025203,0,30,000,00,2,1,02,B01
201100025204,0,33,000,00,2,1,17,A01
201100025204,0,07,000,00,0,8,15,B01
201100025205,0,33,000,11,0,1,05,A01
201100025206,0,14,000,00,0,4,02,B01
201100025206,0,10,000,00,2,1,02,A01
201100025207,0,01,000,00,2,3,15,B01
201100025207,0,02,000,00,2,1,02,A01
201100025208,0,02,000,00,2,3,01,B01
201100025208,0,07,000,00,2,3,13,A01
201100025209,0,07,000,00,1,2,01,Z01
201100025210,0,07,000,00,2,3,01,C01
201100025210,0,02,000,00,2,1,13,A01
201100025210,0,07,000,00,2,3,01,B01
201100025211,0,30,000,00,2,1,02,B01
201100025211,0,02,000,03,0,7,00,A01
201100025212,0,31,000,00,2,2,02,B01
201100025212,0,07,000,00,0,4,02,C01
201100025212,0,07,000,00,2,3,11,A01
201100025213,0,07,000,00,1,2,02,A01
201100025214,0,07,000,00,2,2,15,A01
201100025214,0,07,000,00,2,1,01,B01
201100025215,0,07,000,00,2,5,09,A01
201100025215,0,37,005,00,2,8,07,B01
201100025216,0,07,000,00,2,2,00,A01
201100025216,0,07,000,00,2,1,01,B01
201100025217,0,37,050,00,2,2,01,B01
201100025217,0,07,000,00,2,5,16,A01
201100025218,0,31,000,00,2,1,00,B01
201100025218,0,07,000,00,2,3,00,A01
201100025219,0,07,000,00,2,2,22,A01
201100025219,0,01,000,00,2,6,01,B01
201100025220,0,02,000,00,2,1,02,A01
201100025220,0,07,000,00,2,4,02,B01
201100025221,0,07,000,00,2,7,15,A01
201100025221,0,33,000,00,2,1,02,B01
201100025222,0,07,000,00,2,1,20,A01
201100025222,0,02,000,00,2,2,01,B01
201100025223,0,07,000,00,2,3,01,C01
201100025223,0,07,000,00,2,1,00,A01
201100025223,0,07,000,00,2,3,01,B01
201100025224,0,02,000,00,2,8,01,B01
201100025224,0,07,000,00,2,3,15,A01
201100025225,0,07,000,00,2,6,01,B01
201100025225,1,07,000,00,2,2,00,A01
201100025226,0,07,000,00,1,1,01,A01
201100025227,0,07,000,02,5,3,21,A01
201100025228,0,07,000,00,2,2,19,A01
201100025228,0,02,000,00,2,1,01,B02
201100025229,0,07,000,00,2,1,01,A01
201100025229,0,31,000,00,2,7,19,B02
201100025230,0,10,000,00,2,1,01,B02
201100025230,0,07,000,00,2,7,19,A01
201100025231,0,07,000,13,0,9,14,A01
201100025232,0,07,000,00,2,3,01,B02
201100025232,0,07,000,00,2,1,13,A01
201100025232,0,07,000,00,2,8,01,C03
201100025233,0,07,000,00,2,1,05,B02
201100025233,0,07,000,00,2,8,10,A01
201100025234,0,33,000,00,2,3,01,B02
201100025234,0,21,000,00,2,6,14,A01
201100025235,0,10,000,00,2,1,01,B02
201100025235,0,07,000,00,2,8,19,A01
201100025236,0,30,000,08,0,8,01,A01
201100025237,0,07,000,06,0,3,01,A01
201100025238,0,32,000,00,2,1,13,B02
201100025238,0,07,000,00,2,8,10,A01
201100025239,0,07,000,00,2,1,01,C03
201100025239,0,15,000,00,2,3,01,A01
201100025239,0,07,000,00,2,1,13,B02
201100025240,0,07,000,00,2,3,01,C03
201100025240,0,15,000,00,2,1,01,B02
201100025240,0,07,000,00,2,3,13,A01
201100025241,0,01,000,00,2,4,01,B02
201100025241,0,01,000,00,2,1,01,A01
201100025242,0,02,000,06,0,1,01,A01
201100025243,0,07,000,00,2,1,11,B02
201100025243,0,07,000,00,2,3,01,A01
201100025244,0,02,000,00,2,1,01,B02
201100025244,0,07,000,00,2,8,09,A01
201100025245,0,07,000,02,0,9,01,A01
201100025246,0,17,000,00,2,1,02,A01
201100025246,0,15,000,00,2,4,02,B01
201100025246,0,07,000,00,2,4,02,C01
201100025247,0,33,000,00,2,3,17,A01
201100025247,0,07,000,00,2,3,02,B01
201100025248,0,07,000,00,1,7,02,A01
201100025249,0,07,000,00,0,8,02,B01
201100025249,1,07,000,00,2,7,17,Z01
201100025250,1,07,000,00,1,1,00,Z01
201100025251,2,07,000,00,2,3,02,A01
201100025251,0,07,000,00,2,3,02,B01
201100025252,0,07,000,00,2,9,02,B01
201100025252,0,07,000,00,2,3,02,A01
201100025253,0,07,000,00,2,7,19,A01
201100025253,0,07,000,00,2,1,02,B01
201100025254,0,07,000,01,0,1,14,A01
201100025255,0,07,000,00,2,1,02,B01
201100025255,0,07,000,00,2,3,10,A01
201100025256,0,07,000,00,2,4,02,B01
201100025256,0,07,000,00,2,1,02,A01
201100025257,0,07,000,06,2,1,02,A01
201100025257,0,07,000,00,2,6,15,B01
201100025258,0,07,000,08,0,1,14,A01
201100025259,0,07,000,00,1,2,16,A01
201100025260,0,07,000,14,0,1,02,A01
201100025261,0,33,000,00,2,1,02,B01
201100025261,0,07,000,00,2,7,15,A01
201100025262,0,07,000,00,0,4,02,B01
201100025262,0,07,000,00,2,1,02,A01
201100025263,0,07,000,00,2,3,01,D01
201100025263,0,07,000,00,2,3,01,C01
201100025263,0,07,000,07,2,8,01,B01
201100025263,0,07,000,00,2,1,05,A01
201100025264,0,07,000,00,0,1,24,C01
201100025264,0,17,000,01,0,4,04,A01
201100025264,0,33,000,01,2,7,23,B01
201100025265,0,07,000,02,0,1,00,A01
201100025266,0,07,000,00,2,3,00,B01
201100025266,0,07,000,00,2,3,11,A01
201100025267,0,07,000,00,2,4,02,B01
201100025267,0,14,000,00,2,1,02,A01
201100025267,0,07,000,00,0,4,02,C01
201100025268,0,07,000,00,2,3,20,A01
201100025268,0,30,000,00,2,1,20,B01
201100025269,0,07,000,00,2,1,11,A01
201100025269,0,07,000,00,0,1,01,D01
201100025269,0,07,000,00,2,1,01,B01
201100025269,0,07,000,00,9,1,01,C01
201100025270,0,07,000,00,1,2,01,A01
201100025271,0,07,000,00,2,3,20,A01
201100025271,0,30,000,00,2,1,02,B01
201100025272,0,07,000,00,1,1,01,A01
201100025273,0,07,000,00,2,4,02,C01
201100025273,0,07,000,00,0,4,02,E01
201100025273,0,07,000,00,2,4,02,D01
201100025273,0,15,000,00,2,1,02,A01
201100025273,0,10,000,00,2,9,02,B01
201100025274,0,07,000,00,2,2,01,B01
201100025274,0,33,000,00,2,1,01,A01
201100025275,0,07,000,00,1,3,20,A01
201100025276,0,30,000,08,0,1,01,A01
201100025277,0,07,000,00,2,1,17,A01
201100025277,0,07,000,00,2,1,01,C01
201100025277,0,07,000,00,0,4,01,B01
201100025278,0,07,000,00,0,1,01,A01
201100025278,0,07,000,00,0,4,01,B01
201100025279,0,07,000,03,1,1,01,A01
201100025280,0,07,000,00,2,1,01,B01
201100025280,0,07,000,00,2,1,15,A01
201100025281,0,07,000,00,2,1,01,B01
201100025281,0,07,000,00,2,1,01,A01
201100025282,0,07,000,00,1,1,01,A01
201100025283,0,07,000,00,2,1,01,B01
201100025283,0,07,000,00,2,1,13,A01
201100025284,0,10,000,00,2,1,01,A01
201100025284,0,38,001,00,0,4,01,C01
201100025284,0,07,000,00,2,9,01,B01
201100025285,0,07,000,00,1,1,01,A01
201100025286,0,31,000,00,2,8,01,B01
201100025286,0,07,000,00,2,1,15,A01
201100025287,0,07,000,00,2,4,02,B01
201100025287,0,07,000,00,2,1,02,A01
201100025288,0,07,000,01,1,1,20,A01
201100025288,0,07,000,00,2,4,23,B02
201100025289,0,07,000,00,2,2,14,A01
201100025289,0,07,000,00,0,6,01,B02
201100025290,0,07,000,04,0,3,01,A01
201100025291,0,07,000,03,0,7,14,A01
201100025292,0,07,000,00,0,5,01,B02
201100025292,0,07,000,03,2,1,14,A01
201100025293,0,07,000,16,0,9,01,A01
201100025294,0,07,000,01,1,8,14,A01
201100025294,0,10,000,00,0,4,23,B02
201100025295,0,17,000,00,2,1,01,A01
201100025295,0,13,000,00,2,4,01,E05
201100025295,0,14,000,00,2,4,01,C03
201100025295,0,15,000,00,2,4,01,B02
201100025295,0,17,000,00,2,4,01,D04
201100025296,0,17,000,00,2,1,01,C03
201100025296,0,07,000,00,2,3,01,B02
201100025296,0,07,000,00,2,2,14,A01
201100025297,0,17,000,00,1,2,01,A01
201100025298,0,17,000,01,0,2,14,A01
201100025298,0,10,000,00,0,6,23,B02
201100025299,0,07,000,00,2,1,17,B02
201100025299,0,10,000,03,0,3,13,A01
201100025300,0,07,000,13,0,2,01,A01
201100025301,0,07,000,14,0,1,02,B02
201100025301,0,10,000,03,0,1,01,A01
201100025302,0,07,000,13,0,1,14,A01
201100025303,0,07,000,01,0,1,01,A01
201100025304,0,31,000,13,0,1,01,A01
201100025305,0,07,000,13,0,9,01,A01
201100025306,0,07,000,03,0,9,13,A01
201100025307,0,07,000,03,0,1,01,A01
201100025308,0,07,000,13,0,2,01,A01
201100025309,0,07,000,00,2,7,01,B02
201100025309,0,33,000,00,2,8,09,A01
201100025310,0,07,000,13,0,1,14,A01
201100025311,0,07,000,00,2,7,17,A01
201100025311,0,07,000,00,2,8,11,B02
201100025312,0,07,000,03,2,6,23,A01
201100025312,0,13,000,01,0,2,21,B02
201100025313,0,07,000,09,0,1,14,A01
201100025314,0,07,000,13,0,1,14,A01
201100025315,0,07,000,13,0,2,14,A01
201100025316,0,07,000,03,2,6,13,A01
201100025316,0,07,000,03,2,5,17,B02
201100025317,0,07,000,13,0,1,14,A01
201100025318,0,14,000,01,0,2,01,A01
201100025318,0,10,000,00,2,4,24,B02
201100025319,0,07,000,00,2,3,05,A01
201100025319,0,07,000,00,2,1,01,B02
201100025320,0,07,000,16,0,1,14,A01
201100025321,0,07,000,13,0,1,13,A01
201100025322,0,07,000,00,2,2,17,A01
201100025322,0,07,000,03,2,6,01,B02
201100025323,0,07,000,03,0,3,01,A01
201100025324,0,07,000,00,2,3,14,A01
201100025324,0,07,000,00,0,5,01,B02
201100025325,0,07,000,13,0,9,18,A01
201100025326,0,07,000,01,0,1,23,B02
201100025326,0,10,000,00,2,1,02,C03
201100025326,0,07,000,00,0,4,14,A01
201100025327,0,07,000,02,0,1,14,A01
201100025328,0,10,000,03,2,9,06,A01
201100025328,0,07,000,00,2,8,01,B02
201100025328,0,07,000,00,2,3,01,C03
201100025328,0,07,000,00,2,2,21,D04
201100025329,0,07,000,13,0,1,14,A01
201100025330,0,07,000,00,0,3,01,A01
201100025330,0,33,000,00,2,1,01,B02
201100025331,0,15,000,00,2,6,01,B02
201100025331,0,07,000,00,2,2,02,A01
201100025332,0,10,000,00,0,4,01,B02
201100025332,0,13,000,00,2,1,01,C03
201100025332,0,07,000,00,2,1,01,A01
201100025333,0,07,000,03,0,2,01,A01
201100025334,0,07,000,00,0,4,01,A01
201100025334,0,07,000,00,2,1,01,B02
201100025335,0,34,000,00,2,1,01,B02
201100025335,0,07,000,00,2,2,19,A01
201100025336,0,07,000,13,0,0,01,A01
201100025337,0,07,000,00,2,2,19,A01
201100025337,0,07,000,00,2,3,01,B02
201100025338,0,07,000,00,0,7,10,B02
201100025338,0,07,000,00,2,1,01,A01
201100025339,0,07,000,00,2,1,01,A01
201100025339,0,07,000,00,2,7,06,B02
201100025340,0,33,000,16,0,9,01,A01
201100025341,0,07,000,00,2,7,01,A01
201100025341,0,10,000,00,2,3,01,B02
201100025342,0,07,000,00,9,1,01,A01
201100025343,0,33,000,14,0,1,02,B02
201100025343,0,07,000,00,0,6,23,A01
201100025344,0,07,000,00,2,1,13,A01
201100025344,0,07,000,00,2,1,01,B02
201100025345,0,07,000,02,0,1,14,A01
201100025346,0,07,000,00,1,3,01,A01
201100025347,0,07,000,00,2,6,01,B02
201100025347,0,10,000,00,2,3,01,A01
201100025348,0,07,000,00,1,1,15,A01
201100025349,1,33,000,00,2,1,13,B02
201100025349,0,07,000,00,0,6,15,A01
201100025350,0,07,000,00,2,3,15,A01
201100025350,0,33,000,00,2,1,01,B02
201100025351,0,33,000,00,0,0,01,A01
201100025352,0,01,000,00,0,4,02,B02
201100025352,0,07,000,00,0,2,02,A01
201100025353,0,07,000,02,0,8,01,A01
201100025354,0,07,000,00,2,8,09,A01
201100025354,0,33,000,00,2,1,01,B02
201100025355,0,07,000,00,1,2,01,A01
201100025356,0,33,000,13,0,8,19,B02
201100025356,0,33,000,13,0,8,19,A01
201100025357,0,36,000,12,0,1,01,A01
201100025358,0,07,000,00,2,1,17,A01
201100025358,0,07,000,00,2,3,15,B02
201100025359,0,07,000,00,0,7,15,A01
201100025359,0,07,000,00,2,1,01,B02
201100025360,0,07,000,00,2,1,01,B02
201100025360,0,10,000,00,2,1,15,A01