Num_Acc,senc,catv,occutc,obs,obsm,choc,manv,num_veh
201100025761,0,14,000,00,2,4,01,B01
201100025762,0,07,000,00,0,1,01,A01
201100025762,0,31,000,00,0,0,01,B01
201100025763,0,07,000,00,2,3,15,B01
201100025763,0,32,000,00,2,1,17,A01
201100025764,0,02,000,00,0,8,15,B01
201100025764,0,07,000,00,2,2,02,A01
201100025765,0,07,000,00,0,4,01,A01
201100025765,0,07,000,00,2,4,01,B01
201100025766,0,07,000,00,2,8,15,A01
201100025766,0,02,000,00,2,7,17,B01
201100025767,0,07,000,00,2,1,09,A01
201100025767,0,01,000,00,2,1,00,B01
201100025768,0,07,000,00,2,2,00,A01
201100025768,0,07,000,00,2,3,00,B01
201100025769,0,07,000,00,2,1,19,A01
201100025769,0,07,000,00,2,5,00,B01
201100025770,0,33,000,06,0,1,01,A01
201100025771,0,07,000,10,0,0,00,A01
201100025772,0,01,000,00,2,8,00,B01
201100025772,0,07,000,00,2,0,00,A01
201100025773,0,07,000,00,2,4,02,B01
201100025773,0,07,000,00,2,1,02,A01
201100025774,0,31,000,00,2,0,00,A01
201100025774,0,07,000,00,2,0,01,B01
201100025775,0,07,000,00,2,1,15,A01
201100025775,0,07,000,00,2,1,00,B01
201100025776,0,07,000,00,2,5,16,B01
201100025776,0,07,000,00,2,1,01,A01
201100025777,0,07,000,00,2,6,11,A01
201100025777,0,07,000,00,2,2,01,B01
201100025778,1,30,000,02,0,0,00,A01
201100025779,0,07,000,08,0,1,00,A01
201100025780,0,07,000,03,0,1,01,A01
201100025781,0,10,000,00,2,5,00,B01
201100025781,0,33,000,00,2,8,09,A01
201100025782,0,07,000,00,0,4,01,B01
201100025782,0,07,000,00,2,1,01,A01
201100025782,0,07,000,00,0,4,00,C01
201100025783,0,01,000,00,0,0,01,A01
201100025784,0,07,000,00,1,2,01,A01
201100025785,0,30,000,00,0,7,01,A01
201100025785,0,07,000,00,2,8,01,B01
201100025786,0,07,000,00,2,3,01,B01
201100025786,0,30,000,00,2,3,13,A01
201100025787,0,07,000,00,0,0,14,A01
201100025788,0,31,000,00,0,0,01,A01
201100025789,0,07,000,00,2,1,00,B01
201100025789,0,07,000,00,2,7,01,A01
201100025790,0,07,000,00,2,1,01,B01
201100025790,0,07,000,00,2,1,05,A01
201100025791,0,02,000,00,0,2,03,B01
201100025791,0,07,000,00,2,3,03,A01
201100025792,0,07,000,00,0,1,01,A01
201100025793,0,07,000,00,2,1,17,B01
201100025793,0,07,000,00,2,1,05,A01
201100025794,0,07,000,06,0,1,01,A01
201100025795,0,07,000,13,0,9,00,A01
201100025796,0,07,000,00,1,1,01,A01
201100025797,0,33,000,00,0,0,01,A01
201100025798,0,31,000,00,2,1,01,B01
201100025798,0,07,000,00,2,5,15,A01
201100025799,0,17,000,00,0,7,16,A01
201100025800,0,07,000,00,2,1,01,B01
201100025800,0,02,000,00,2,6,19,A01
201100025801,0,30,000,00,1,1,02,A01
201100025801,0,07,000,00,2,6,23,B01
201100025802,0,07,000,02,0,2,01,A01
201100025803,0,07,000,14,0,1,00,A01
201100025804,0,07,000,00,2,1,16,A01
201100025804,0,07,000,00,2,1,01,B01
201100025805,0,30,000,00,2,1,00,A01
201100025805,0,07,000,00,2,1,00,B01
201100025806,0,07,000,00,1,4,04,A01
201100025807,0,07,000,00,2,4,00,B01
201100025807,0,07,000,00,2,1,02,A01
201100025808,0,07,000,00,2,6,01,B01
201100025808,0,15,000,00,2,7,12,A01
201100025809,0,07,000,00,0,0,01,A01
201100025810,0,07,000,03,0,2,01,A01
201100025811,0,32,000,00,0,0,01,A01
201100025812,0,07,000,15,0,9,00,A01
201100025813,0,01,000,00,2,1,13,A01
201100025813,0,07,000,00,2,1,01,B01
201100025814,1,07,000,00,1,0,00,A01
201100025815,0,07,000,01,0,8,00,A01
201100025816,0,07,000,00,0,4,02,B01
201100025816,0,07,000,00,2,1,02,A01
201100025817,0,07,000,00,2,8,15,C01
201100025817,0,01,000,00,2,1,19,A01
201100025818,0,07,000,07,0,1,01,A01
201100025819,0,30,000,11,0,1,06,A01
201100025820,0,07,000,00,2,1,01,A01
201100025820,0,33,000,00,2,1,17,B01
201100025821,1,07,000,00,1,2,00,A01
201100025822,0,33,000,00,1,2,01,A01
201100025823,0,07,000,00,2,3,15,A01
201100025823,0,33,000,00,2,1,01,B01
201100025824,0,07,000,00,2,1,02,A01
201100025824,0,07,000,00,2,4,23,B01
201100025825,0,33,000,01,0,2,01,A01
201100025826,0,07,000,00,2,1,01,B01
201100025826,0,33,000,00,2,8,15,A01
201100025827,0,07,000,03,0,0,00,A01
201100025828,0,30,000,01,0,1,01,A01
201100025829,0,01,000,00,0,0,01,A01
201100025830,0,17,000,00,2,2,16,A01
201100025830,0,07,000,00,2,3,01,B01
201100025831,0,07,000,00,2,1,13,A01
201100025831,0,07,000,00,2,3,01,B01
201100025832,0,07,000,00,2,1,13,A01
201100025832,0,07,000,00,2,1,00,B01
201100025833,0,07,000,00,2,2,15,A01
201100025833,0,30,000,00,2,3,01,B01
201100025834,0,07,000,00,1,1,15,A01
201100025835,0,07,000,00,2,7,01,B01
201100025835,0,07,000,00,2,8,10,A01
201100025836,0,31,000,16,0,0,15,A01
201100025837,0,07,000,00,1,6,04,A01
201100025838,0,07,000,00,1,0,00,A01
201100025839,0,07,000,00,2,6,01,B01
201100025839,0,30,000,00,2,1,17,A01
201100025840,0,07,000,00,2,2,02,A01
201100025840,0,15,000,00,2,6,01,B01
201100025841,0,07,000,13,0,9,14,A01
201100025842,0,07,000,13,0,3,06,A01
201100025843,0,07,000,00,2,2,01,A01
201100025843,0,10,000,00,2,0,01,B01
201100025844,0,07,000,03,0,3,00,A01
201100025845,0,07,000,13,0,3,01,A01
201100025846,0,07,000,00,2,4,01,B01
201100025846,0,07,000,00,2,1,02,A01
201100025847,0,07,000,00,2,5,01,B01
201100025847,0,07,000,00,2,9,17,A01
201100025848,0,07,000,00,2,8,01,B01
201100025848,0,30,000,00,2,1,09,A01
201100025849,0,07,000,13,0,9,01,A01
201100025850,0,07,000,00,2,1,02,A01
201100025850,0,07,000,00,1,4,23,B01
201100025851,0,07,000,00,2,4,23,B01
201100025851,0,37,001,00,2,4,23,C01
201100025851,0,07,000,00,2,1,02,A01
201100025852,0,07,000,00,1,7,00,A01
201100025853,0,07,000,00,2,7,12,A01
201100025853,0,07,000,00,2,1,01,B01
201100025854,0,07,000,00,2,1,01,A01
201100025854,0,07,000,00,2,4,01,B01
201100025855,0,33,000,00,2,1,01,B01
201100025855,0,07,000,00,2,3,13,A01
201100025856,0,07,000,00,1,1,01,A01
201100025857,0,07,000,00,1,7,01,A01
201100025858,0,07,000,00,1,1,01,A01
201100025859,0,07,000,00,1,1,15,A01
201100025860,0,07,000,00,2,1,01,B01
201100025860,0,07,000,00,2,4,04,A01
201100025861,0,07,000,03,2,1,11,A01
201100025861,0,07,000,00,0,3,01,B01
201100025862,0,30,000,00,0,0,00,A01
201100025863,0,07,000,00,1,3,01,A01
201100025864,0,07,000,00,2,3,01,A01
201100025864,0,30,000,00,2,2,01,B01
201100025865,0,02,000,00,9,0,00,A01
201100025866,0,07,000,00,2,1,02,A01
201100025866,0,07,000,00,2,4,02,B01
201100025867,0,07,000,00,2,4,01,B01
201100025867,0,07,000,00,2,1,01,A01
201100025868,0,07,000,00,2,4,02,B01
201100025868,0,07,000,00,2,1,02,A01
201100025869,0,07,000,00,1,2,01,B01
201100025870,0,07,000,00,0,0,15,A01
201100025870,0,31,000,03,0,9,17,B01
201100025871,0,07,000,00,2,1,02,A01
201100025871,0,07,000,00,2,4,02,B01
201100025872,0,30,000,00,2,3,01,B01
201100025872,0,07,000,00,2,1,15,A01
201100025873,0,07,000,00,1,1,01,B01
201100025874,0,07,000,00,2,2,13,A01
201100025874,0,07,000,00,2,3,01,B01
201100025875,0,07,000,00,2,4,01,B01
201100025875,0,07,000,00,2,0,02,A01
201100025876,0,07,000,00,1,1,01,A01
201100025877,0,07,000,03,0,1,00,A01
201100025878,0,33,000,00,0,7,01,A01
201100025879,0,07,000,13,0,2,14,A01
201100025880,0,10,000,00,2,1,01,A01
201100025880,0,07,000,00,2,4,01,B02
201100025881,0,30,000,00,2,3,01,A01
201100025881,0,07,000,00,2,2,01,B01
201100025882,0,07,000,00,2,2,16,B01
201100025882,0,30,000,00,2,1,00,A01
201100025883,0,07,000,00,1,1,01,A01
201100025884,0,07,000,00,2,3,01,A01
201100025884,0,01,000,00,2,1,01,B01
201100025885,0,07,000,15,0,1,14,A01
201100025886,0,30,000,00,2,1,17,B01
201100025886,0,07,000,00,2,3,01,C01
201100025886,0,07,000,00,2,7,15,A01
201100025887,0,07,000,00,1,1,01,A01
201100025888,0,99,000,00,2,6,20,B01
201100025888,0,14,000,00,2,2,02,A01
201100025889,0,07,000,00,1,1,01,A01
201100025890,0,07,000,02,0,2,14,A01
201100025891,0,02,000,00,2,7,16,B01
201100025891,0,10,000,00,2,1,09,A01
201100025892,0,07,000,00,2,1,02,A01
201100025892,0,07,000,00,2,4,02,B01
201100025893,0,07,000,00,2,3,01,B01
201100025893,0,07,000,00,2,1,01,A01
201100025894,0,07,000,01,2,1,02,A01
201100025894,0,07,000,00,2,4,02,B01
201100025895,0,07,000,00,2,6,09,A01
201100025895,0,07,000,00,2,2,01,B01
201100025896,0,07,000,00,1,4,04,A01
201100025897,0,07,000,00,2,1,02,A01
201100025898,0,07,000,13,0,8,14,A01
201100025899,0,01,000,00,0,0,01,A01
201100025900,0,02,000,00,2,8,01,A01
201100025900,0,02,000,00,2,6,01,B01
201100025901,0,02,000,00,2,0,09,B01
201100025901,0,07,000,00,2,3,09,A01
201100025902,0,07,000,00,2,1,01,A01
201100025902,0,33,000,00,2,1,01,B01
201100025903,0,07,000,00,2,1,01,B01
201100025903,0,07,000,00,2,8,01,A01
201100025904,0,31,000,00,2,1,01,A01
201100025904,0,07,000,00,2,8,15,B01
201100025905,0,30,000,00,2,1,01,B01
201100025905,0,07,000,00,2,2,15,A01
201100025906,0,07,000,00,2,8,09,A01
201100025906,0,07,000,00,2,1,24,C01
201100025906,0,02,000,00,2,1,01,B01
201100025907,0,07,000,00,2,6,15,A01
201100025907,0,30,000,00,2,1,01,B01
201100025908,0,07,000,00,2,4,02,B01
201100025908,0,10,000,00,2,1,02,A01
201100025909,0,07,000,00,2,1,01,A01
201100025909,0,10,000,00,2,3,01,B01
201100025910,0,33,000,00,2,1,01,A01
201100025910,0,07,000,00,2,4,01,B01
201100025911,0,07,000,00,2,4,02,B01
201100025911,0,07,000,00,2,1,02,A01
201100025912,0,10,000,00,2,1,02,A01
201100025912,0,33,000,00,2,4,02,B01
201100025912,0,10,000,00,2,4,02,C01
201100025912,0,07,000,00,2,1,02,D01
201100025913,0,02,000,00,0,0,01,A01
201100025914,0,07,000,00,2,0,24,C01
201100025914,0,34,000,00,2,1,02,A01
201100025914,0,07,000,00,2,0,24,D01
201100025914,0,07,000,00,2,5,02,B01
201100025915,0,01,000,00,2,4,02,B01
201100025915,0,07,000,00,2,1,02,A01
201100025916,0,07,000,00,2,3,01,A01
201100025916,0,33,000,00,2,9,17,B01
201100025917,0,33,000,00,0,0,02,A01
201100025918,0,07,000,00,2,8,16,A01
201100025918,0,07,000,00,2,3,01,B01
201100025919,0,33,000,01,2,9,01,A01
201100025919,0,10,000,00,2,2,16,B01
201100025920,0,07,000,00,0,4,02,B01
201100025920,0,07,000,00,2,4,02,A01
201100025921,0,07,000,00,1,1,01,A01
201100025922,0,10,000,00,1,4,20,A01
201100025923,0,07,000,00,2,3,13,A01
201100025923,0,07,000,00,2,1,17,B01
201100025924,0,07,000,00,1,1,01,A01
201100025925,0,07,000,00,2,1,09,A01
201100025925,0,30,000,00,2,9,01,B01
201100025926,0,30,000,00,2,8,17,A01
201100025926,0,07,000,00,0,8,15,B01
201100025927,0,07,000,00,2,8,15,B01
201100025927,0,30,000,00,2,7,17,A01
201100025928,0,13,000,00,2,1,02,A01
201100025928,0,07,000,00,2,4,02,B01
201100025929,0,02,000,01,0,0,00,A01
201100025930,0,07,000,06,0,1,13,A01
201100025931,0,30,000,00,2,0,01,B01
201100025931,0,07,000,00,2,4,01,A01
201100025932,0,07,000,00,1,0,00,A01
201100025933,0,07,000,00,2,3,01,B01
201100025933,0,10,000,00,2,1,13,A01
201100025934,0,07,000,00,2,5,01,B01
201100025934,0,07,000,00,2,4,20,A01
201100025935,0,07,000,00,1,0,00,A01
201100025936,0,07,000,00,2,7,16,B01
201100025936,0,02,000,00,2,1,18,A01
201100025937,0,33,000,00,2,1,02,B01
201100025937,0,07,000,00,2,9,01,C01
201100025937,0,07,000,00,2,1,01,A01
201100025937,0,07,000,00,2,6,01,D01
201100025938,0,07,000,00,2,5,02,B01
201100025938,0,07,000,00,2,3,02,A01
201100025939,0,33,000,00,2,1,01,A01
201100025939,0,07,000,00,2,1,15,B01
201100025940,0,07,000,00,2,1,02,A01
201100025940,0,14,000,00,2,4,02,B01
201100025941,0,07,000,00,2,4,02,B01
201100025941,0,33,000,00,2,1,02,A01
201100025942,0,33,000,00,2,7,01,B01
201100025942,0,07,000,00,2,3,01,A01
201100025943,0,07,000,00,2,1,01,B01
201100025943,2,07,000,00,2,9,00,A01
201100025944,0,07,000,02,0,0,00,A01
201100025945,0,07,000,00,2,6,00,B01
201100025945,0,07,000,00,2,8,00,A01
201100025945,0,07,000,00,2,3,00,C01
201100025946,0,07,000,00,2,5,02,B01
201100025946,0,31,000,00,2,1,02,A01
201100025947,0,30,000,00,2,1,01,B01
201100025947,0,07,000,00,2,3,09,A01
201100025948,0,07,000,00,2,4,02,A01
201100025948,1,07,000,00,0,0,00,Z01
201100025949,0,07,000,00,1,2,01,A01
201100025950,0,07,000,08,0,1,13,A01
201100025951,0,02,000,00,2,1,02,A01
201100025951,0,07,000,00,2,4,02,B01
201100025952,0,30,000,00,1,3,01,A01
201100025953,0,07,000,07,0,9,01,A01
201100025954,0,07,000,00,2,1,02,A01
201100025954,0,07,000,00,2,4,02,C01
201100025954,0,07,000,00,2,1,02,B01
201100025955,0,07,000,00,1,1,01,A01
201100025956,0,02,000,00,0,0,01,A01
201100025957,0,07,000,00,2,4,02,B01
201100025957,0,07,000,00,2,1,02,A01
201100025958,0,30,000,00,2,7,01,B01
201100025958,0,07,000,00,2,3,01,A01
201100025959,0,07,000,00,2,1,15,B01
201100025959,0,10,000,00,2,1,01,A01
201100025960,1,07,000,00,1,4,04,Z01
201100025961,0,07,000,00,2,1,01,B01
201100025961,0,99,000,00,2,1,01,A01
201100025962,0,07,000,00,2,6,02,B01
201100025962,0,31,000,00,2,0,02,A01
201100025963,0,07,000,00,2,1,01,B01
201100025963,0,07,000,00,2,1,01,A01
201100025964,0,30,000,00,2,1,01,B01
201100025964,0,07,000,00,2,1,01,A01
201100025965,0,33,000,00,2,7,01,B01
201100025965,0,10,000,00,2,5,20,A01
201100025966,0,33,000,00,2,1,01,B01
201100025966,0,07,000,00,2,3,00,A01
201100025967,0,07,000,00,2,1,02,A01
201100025967,0,07,000,00,2,4,02,B01
201100025968,0,07,000,00,1,1,01,A01
201100025969,0,07,000,00,0,9,01,A01
201100025970,0,07,000,00,2,1,02,A01
201100025970,0,07,000,00,2,4,02,B01
201100025970,0,07,000,00,2,4,02,C01
201100025971,0,07,000,00,2,1,15,A01
201100025971,0,33,000,00,2,2,17,B01
201100025972,0,07,000,00,2,1,01,A01
201100025972,0,07,000,00,2,8,01,B01
201100025973,1,07,000,00,1,2,00,A01
201100025974,0,10,000,00,2,1,02,A01
201100025974,0,07,000,00,2,9,02,B01
201100025974,0,07,000,00,2,4,02,C01
201100025975,0,07,000,00,2,1,16,A01
201100025975,0,10,000,00,2,0,01,B01
201100025976,0,07,000,00,2,3,01,A01
201100025976,0,33,000,00,2,1,01,B01
201100025977,0,30,000,01,0,1,01,A01
201100025978,0,07,000,00,2,8,01,B01
201100025978,0,07,000,00,2,3,01,A01
201100025979,0,30,000,00,2,1,02,A01
201100025979,0,30,000,00,2,0,02,B01
201100025980,0,07,000,06,0,1,14,A01
201100025981,0,31,000,00,2,3,01,A01
201100025981,0,01,000,00,2,0,01,B01
201100025982,0,07,000,08,0,9,14,A01
201100025983,0,07,000,00,2,7,01,B01
201100025983,0,07,000,00,2,2,15,A01
201100025984,0,30,000,14,0,0,01,A01
201100025985,0,07,000,00,2,1,02,A01
201100025985,0,07,000,00,2,4,02,B01
201100025986,0,10,000,00,2,4,02,D01
201100025986,0,07,000,00,2,4,02,C01
201100025986,0,10,000,00,2,1,02,A01
201100025986,0,07,000,00,2,4,02,B01
201100025987,0,33,000,00,2,3,01,A01
201100025987,0,10,000,00,2,3,15,B01
201100025988,0,10,000,00,2,3,15,B01
201100025988,0,33,000,00,2,3,01,A01
201100025989,0,07,000,00,2,7,15,B01
201100025989,0,01,000,00,2,0,15,A01
201100025990,0,07,000,00,2,4,02,B01
201100025990,0,07,000,00,2,1,02,A01
201100025991,0,07,000,00,2,1,01,A01
201100025991,0,07,000,00,2,5,01,B01
201100025992,0,07,000,09,0,1,14,A01
201100025993,0,07,000,00,2,6,04,A01
201100025993,0,07,000,00,2,1,01,B01
201100025994,0,33,000,00,2,1,17,B01
201100025994,0,07,000,00,2,3,15,A01
201100025995,0,07,000,00,2,0,15,A01
201100025995,0,07,000,00,2,0,01,B01
201100025995,0,07,000,00,2,0,01,C01
201100025996,0,07,000,00,0,9,01,A01
201100025997,0,07,000,00,2,5,15,A01
201100025997,0,32,000,00,2,0,01,B01
201100025998,0,33,000,00,2,1,01,B01
201100025998,0,07,000,00,2,6,15,A01
201100025999,0,30,000,00,2,2,13,B01
201100025999,0,07,000,00,2,2,01,A01
201100026000,0,07,000,00,2,1,02,A01
201100026000,0,07,000,00,2,4,02,B01
201100026001,0,07,000,00,2,1,01,B01
201100026001,0,01,000,00,2,1,01,A01
201100026002,0,07,000,00,2,1,02,A01
201100026002,0,02,000,00,2,4,02,B01
201100026003,0,07,000,00,2,3,01,B01
201100026003,0,02,000,00,2,2,00,A01
201100026004,0,07,000,00,2,4,02,B01
201100026004,0,07,000,00,2,1,02,A01
201100026005,0,02,000,00,2,1,02,A01
201100026006,0,07,000,00,2,7,01,B01
201100026006,0,07,000,00,2,1,09,A01
201100026007,0,07,000,00,1,3,01,A01
201100026008,0,07,000,00,2,2,16,A01
201100026008,0,07,000,00,2,3,09,B01
201100026009,0,07,000,00,2,4,02,B01
201100026009,0,07,000,00,2,3,02,A01
201100026010,0,15,000,00,2,2,02,A01
201100026010,0,01,000,00,2,8,02,B01
201100026011,0,07,000,00,2,4,01,B01
201100026011,0,30,000,00,2,0,00,A01
201100026012,0,10,000,00,2,0,01,A01
201100026012,0,31,000,14,2,2,01,B01
201100026013,0,07,000,00,2,4,02,C01
201100026013,0,13,000,00,2,1,02,A01
201100026013,0,07,000,00,2,9,02,B01
201100026014,0,07,000,00,2,3,15,A01
201100026014,0,02,000,00,2,0,01,B01
201100026015,0,07,000,12,0,9,01,A01
201100026016,0,15,000,00,0,4,02,B01
201100026016,0,10,000,00,2,1,02,A01
201100026017,0,07,000,00,2,1,17,A01
201100026017,0,07,000,00,0,3,15,B01
201100026018,0,07,000,00,1,2,01,A01
201100026019,0,07,000,00,0,4,02,B01
201100026019,0,07,000,00,2,1,02,A01
201100026020,0,07,000,00,2,3,15,A01
201100026020,0,01,000,00,0,0,01,B01
201100026021,0,07,000,00,2,1,02,A01
201100026021,0,07,000,00,0,4,02,B01
201100026022,0,07,000,07,0,1,01,A01
201100026023,0,07,000,00,1,1,01,A01
201100026024,0,10,000,00,2,2,01,A01
201100026024,0,07,000,00,2,3,01,B01
201100026025,0,02,000,00,0,4,02,B01
201100026025,0,07,000,00,2,1,02,A01
201100026026,0,07,000,02,0,1,02,B01
201100026026,0,07,000,00,2,1,02,A01
201100026027,0,07,000,00,2,5,02,B01
201100026027,0,32,000,00,2,1,02,A01
201100026028,0,07,000,00,1,4,04,A01
201100026029,0,33,000,00,2,2,17,A01
201100026029,0,07,000,00,2,3,15,B01
201100026030,0,07,000,15,0,1,14,A01
201100026031,0,07,000,00,2,1,01,A01
201100026031,0,07,000,00,0,6,15,B01
201100026032,0,32,000,00,0,4,01,B01
201100026032,0,32,000,00,2,1,02,A01
201100026033,0,07,000,06,0,1,01,A01
201100026034,0,07,000,00,2,3,01,B01
201100026034,0,07,000,00,2,3,15,A01
201100026035,0,14,000,00,1,0,01,A01
201100026036,0,10,000,00,0,5,01,B01
201100026036,0,07,000,00,2,1,01,A01
201100026037,0,07,000,00,2,2,01,B01
201100026037,0,07,000,00,2,1,15,A01
201100026038,0,01,000,00,2,8,15,B01
201100026038,0,07,000,00,9,7,01,A01
201100026039,1,07,000,00,1,1,11,A01
201100026040,0,33,000,00,0,1,17,A01
201100026041,0,07,000,00,0,4,23,B01
201100026041,0,07,000,00,2,4,01,A01
201100026041,0,10,000,00,2,3,01,C01
201100026042,0,07,000,00,2,2,01,A01
201100026042,0,33,000,00,0,3,01,B01
201100026043,0,07,000,00,2,3,01,C01
201100026043,0,07,000,00,2,3,01,A01
201100026043,0,33,000,00,0,5,15,B01
201100026044,0,02,000,00,2,1,02,A01
201100026044,0,07,000,00,0,3,01,C01
201100026044,0,07,000,00,0,4,02,B01
201100026045,0,10,000,00,2,3,16,A01
201100026045,0,01,000,00,2,1,01,B01
201100026046,0,07,000,00,1,7,00,A01
201100026047,0,07,000,00,0,2,23,B01
201100026047,0,01,000,00,0,1,01,A01
201100026048,0,07,000,00,1,3,01,A01
201100026049,0,07,000,00,1,2,01,A01
201100026050,0,07,000,11,0,9,01,A01
201100026051,0,03,000,00,1,1,01,A01
201100026052,0,07,000,00,1,2,01,A01
201100026053,0,07,000,00,2,5,15,A01
201100026053,0,33,000,00,2,1,01,B01
201100026054,0,33,000,00,0,2,01,B01
201100026054,0,07,000,00,2,3,01,A01
201100026055,0,07,000,00,2,1,02,A01
201100026055,0,07,000,00,0,4,02,B01
201100026056,0,07,000,00,2,3,16,B01
201100026056,0,07,000,00,2,2,01,A01
201100026057,0,07,000,00,2,1,01,B01
201100026057,0,07,000,00,2,1,05,A01
201100026058,1,07,000,00,2,1,01,Z01
201100026058,0,01,000,00,0,4,11,A01
201100026059,0,07,000,00,1,2,01,A01
201100026060,0,10,000,00,2,1,11,A01
201100026060,0,32,000,00,2,1,01,B01
201100026061,0,33,000,00,0,8,00,A01
201100026062,0,07,000,00,2,1,05,A01
201100026062,0,30,000,00,2,1,01,B01
201100026063,0,07,000,03,0,1,01,A01
201100026064,0,07,000,13,6,1,01,A01
201100026065,0,33,000,00,0,8,01,A01
201100026066,0,07,000,00,1,1,01,A01
201100026067,0,07,000,00,2,4,01,B01
201100026067,0,07,000,00,2,1,02,A01
201100026068,0,07,000,13,0,9,00,A01
201100026069,0,07,000,06,0,1,15,A01
201100026070,0,07,000,03,0,3,00,A01
201100026071,0,07,000,13,0,1,01,A01
201100026072,0,31,000,00,2,1,01,A01
201100026072,0,07,000,00,2,4,23,B01
201100026073,0,07,000,00,1,0,00,A01
201100026074,0,35,000,00,0,0,00,A01
201100026075,0,07,000,00,2,3,01,A01
201100026075,0,07,000,00,0,3,01,B01
201100026076,0,07,000,00,2,1,08,A01
201100026076,0,07,000,00,2,8,01,B01
201100026077,0,07,000,00,2,2,01,B01
201100026077,0,07,000,00,2,1,09,A01
201100026078,0,07,000,00,2,3,01,B01
201100026078,0,02,000,00,2,1,01,A01
201100026079,0,07,000,00,2,7,15,A01
201100026079,0,32,000,00,2,1,01,B01
201100026080,0,02,000,00,2,3,01,B01
201100026080,0,07,000,00,2,1,15,A01
201100026081,0,07,000,00,2,1,15,A01
201100026081,0,07,000,00,2,1,01,B01
201100026082,0,37,005,00,0,0,01,A01
201100026083,0,07,000,00,2,3,16,B01
201100026083,0,02,000,00,2,1,01,A01
201100026084,0,38,001,00,1,2,01,A01
201100026085,0,33,000,00,2,1,01,B01
201100026085,0,07,000,00,2,3,10,A01
201100026086,0,02,000,08,0,1,01,A01
201100026087,0,07,000,00,2,2,15,A01
201100026087,0,31,000,00,2,1,01,B01
201100026088,0,07,000,00,2,1,02,A01
201100026088,0,07,000,00,2,4,23,B01
201100026089,0,07,000,00,2,1,01,A01
201100026089,0,33,000,00,2,2,15,B01
201100026090,0,07,000,00,2,7,01,B01
201100026090,0,07,000,00,2,1,16,A01
201100026091,1,07,000,00,1,2,01,A01
201100026092,0,37,000,00,1,1,01,A01
201100026093,0,30,000,00,2,8,01,B01
201100026093,0,07,000,00,2,2,16,A01
201100026094,0,07,000,00,1,8,04,A01
201100026095,0,07,000,00,2,2,01,B01
201100026095,0,20,000,00,2,3,01,A01
201100026096,0,07,000,00,1,0,00,A01
201100026097,0,07,000,00,1,0,00,A01
201100026098,0,10,000,02,0,1,16,A01
201100026099,0,07,000,00,2,0,01,A01
201100026099,0,07,000,00,2,0,23,E01
201100026099,0,07,000,00,2,1,01,B01
201100026099,0,07,000,01,2,8,01,C01
201100026099,0,07,000,00,2,1,01,D01
201100026100,0,30,000,00,0,2,01,A01
201100026101,0,07,000,00,2,1,15,A01
201100026101,0,01,000,00,2,4,01,B01
201100026102,0,07,000,00,2,1,01,B01
201100026102,0,07,000,00,2,2,01,A01
201100026103,0,07,000,02,0,1,01,A01
201100026104,0,07,000,00,2,1,01,A01
201100026104,0,14,000,00,2,3,01,B01
201100026105,0,07,000,00,1,4,04,A01
201100026106,0,07,000,00,2,2,01,A01
201100026106,0,02,000,00,2,3,02,B01
201100026107,0,07,000,00,2,1,11,A01
201100026107,0,02,000,00,2,1,01,B01
201100026108,0,07,000,00,2,3,15,A01
201100026108,0,31,000,00,2,6,01,B01
201100026109,0,07,000,00,2,8,15,B01
201100026109,0,30,000,00,2,1,17,A01
201100026110,0,07,000,14,0,2,00,A01
201100026111,0,07,000,08,0,5,01,B01
201100026111,0,07,000,00,2,1,02,A01
201100026112,0,07,000,00,2,4,01,B01
201100026112,0,10,000,00,2,1,01,A01
201100026113,0,07,000,00,2,1,01,B01
201100026113,0,07,000,00,2,1,01,A01
201100026114,0,02,000,04,0,8,01,A01
201100026115,0,31,000,00,2,1,01,B01
201100026115,0,07,000,00,2,5,00,A01
201100026116,0,07,000,00,2,3,01,A01
201100026116,0,07,000,00,2,8,15,B01
201100026117,0,07,000,01,0,3,01,A01
201100026118,0,07,000,00,2,4,16,B01
201100026119,0,07,000,00,1,1,00,A01
201100026120,0,30,000,00,1,0,00,A01
201100026121,0,07,000,00,2,1,16,A01
201100026121,0,07,000,00,2,9,01,B01
201100026122,1,07,000,00,1,3,01,A01
201100026123,0,07,000,00,2,1,13,A01
201100026123,0,07,000,00,2,1,01,B01
201100026124,0,07,000,15,2,2,00,A01
201100026124,0,07,000,00,2,1,00,B01
201100026125,0,07,000,00,1,7,00,A01
201100026126,1,07,000,00,1,3,16,A01
201100026127,0,33,000,00,2,8,01,B01
201100026127,0,07,000,00,2,1,00,A01
201100026128,0,07,000,00,2,2,00,B01
201100026128,0,07,000,09,2,1,00,A01
201100026129,0,07,000,00,1,1,01,A01
201100026130,0,07,000,01,1,1,01,A01
201100026131,0,07,000,00,1,1,01,A01
201100026132,0,07,000,00,2,1,01,B01
201100026132,0,07,000,00,2,8,15,A01
201100026133,1,07,000,08,1,1,16,A01
201100026134,0,07,000,00,0,0,15,B01
201100026134,0,02,000,00,0,8,01,A01
201100026135,0,07,000,00,1,2,01,A01
201100026136,0,07,000,00,2,1,01,C01
201100026136,0,07,000,00,2,1,01,A01
201100026136,0,07,000,00,2,3,01,B01
201100026137,0,07,000,00,2,8,01,B01
201100026137,0,07,000,00,2,1,01,A01