Num_Acc,senc,catv,occutc,obs,obsm,choc,manv,num_veh
201100026138,0,32,000,00,2,7,17,B01
201100026138,0,07,000,00,2,3,15,A01
201100026139,0,07,000,00,2,1,01,A01
201100026139,0,07,000,00,2,4,01,B01
201100026140,0,07,000,00,2,1,01,A01
201100026140,0,02,000,01,2,7,01,B01
201100026141,0,07,000,00,1,4,04,A01
201100026142,0,37,001,00,1,8,01,A01
201100026143,0,07,000,00,2,1,01,B01
201100026143,0,10,000,00,2,1,01,A01
201100026144,0,07,000,00,2,7,15,B01
201100026144,0,07,000,00,2,5,01,C01
201100026144,0,07,000,00,2,1,01,A01
201100026145,0,07,000,00,2,1,15,B01
201100026145,0,07,000,00,2,1,01,A01
201100026146,1,07,000,00,2,1,01,A01
201100026146,0,32,000,00,2,1,01,B01
201100026147,0,07,000,02,0,9,01,A01
201100026148,0,07,000,00,2,7,20,A01
201100026148,0,01,000,00,2,1,01,B01
201100026149,0,07,000,00,1,1,01,A01
201100026150,0,10,000,00,2,4,01,B01
201100026150,0,07,000,00,2,6,01,C01
201100026150,0,07,000,00,2,1,01,A01
201100026151,0,31,000,08,2,8,01,B01
201100026151,0,07,000,00,2,1,15,A01
201100026152,0,07,000,02,0,1,01,A01
201100026153,0,10,000,00,2,1,01,A01
201100026153,0,07,000,00,2,4,01,B01
201100026154,0,07,000,00,2,3,15,A01
201100026154,0,01,000,00,2,1,19,B01
201100026155,0,07,000,00,2,1,01,B01
201100026155,0,07,000,00,2,7,15,A01
201100026156,0,07,000,00,2,1,15,A01
201100026156,0,02,000,00,2,1,19,B01
201100026157,0,32,000,00,2,3,01,B01
201100026157,0,07,000,00,2,1,15,A01
201100026158,1,30,000,00,1,0,01,A01
201100026159,0,07,000,06,0,3,00,A01
201100026160,0,37,001,00,1,3,01,A01
201100026161,0,02,000,00,0,7,01,A01
201100026162,0,07,000,00,2,0,13,A01
201100026162,0,02,000,00,0,0,01,B01
201100026163,0,10,000,00,2,1,15,B01
201100026163,0,31,000,00,2,1,01,A01
201100026164,0,07,000,00,1,1,00,A01
201100026165,0,07,000,02,0,1,00,A01
201100026166,0,07,000,00,2,2,15,B01
201100026166,0,31,000,00,2,1,01,A01
201100026167,0,33,000,00,2,1,01,A01
201100026167,0,07,000,00,2,1,01,B01
201100026168,0,07,000,02,0,0,00,A01
201100026169,0,07,000,13,0,3,01,A01
201100026170,0,07,000,00,2,4,01,B01
201100026170,0,07,000,00,2,1,01,A01
201100026171,1,07,000,00,1,1,01,A01
201100026172,1,07,000,00,2,1,02,A01
201100026172,0,07,000,00,0,4,01,B01
201100026173,0,33,000,00,2,7,02,A01
201100026173,0,07,000,00,2,5,02,C01
201100026173,0,07,000,00,2,7,02,B01
201100026174,0,07,000,00,2,2,01,B01
201100026174,2,07,000,00,2,3,01,A01
201100026175,0,30,000,00,2,1,01,B01
201100026175,0,01,000,00,2,1,05,A01
201100026176,0,07,000,00,2,1,01,B01
201100026176,0,07,000,01,2,3,01,A01
201100026177,0,07,000,02,0,1,13,A01
201100026178,0,07,000,00,2,3,09,A01
201100026178,0,02,000,00,2,1,01,B01
201100026179,0,07,000,06,0,1,01,A01
201100026180,0,33,000,00,0,4,23,B01
201100026180,0,07,000,00,2,1,02,A01
201100026181,0,07,000,00,2,3,19,A01
201100026181,0,15,000,00,2,1,01,B01
201100026182,0,07,000,00,2,1,01,A01
201100026182,0,07,000,00,2,6,01,C01
201100026182,0,07,000,00,2,4,17,B01
201100026183,2,07,000,00,2,1,01,B01
201100026183,0,33,000,00,2,1,01,A01
201100026184,0,10,000,00,2,2,01,B01
201100026184,0,07,000,00,2,1,01,A01
201100026185,0,07,000,00,1,7,01,A01
201100026186,0,07,000,00,2,3,01,B01
201100026186,0,33,000,01,2,2,02,A01
201100026187,0,07,000,08,0,1,01,A01
201100026188,0,31,000,00,2,1,01,B01
201100026188,0,07,000,00,2,6,09,A01
201100026189,0,07,000,07,0,6,01,A01
201100026190,2,07,000,13,0,0,01,A01
201100026191,0,33,000,00,2,1,01,B01
201100026191,0,07,000,00,2,1,01,A01
201100026192,0,07,000,00,2,1,01,A01
201100026192,0,33,000,00,2,8,01,B01
201100026193,0,31,000,00,2,2,06,B01
201100026193,0,07,000,00,9,1,15,A01
201100026194,0,07,000,00,2,1,01,A01
201100026194,0,07,000,00,2,4,01,B01
201100026195,0,07,000,00,2,4,01,B01
201100026195,0,07,000,00,2,4,01,C01
201100026195,0,14,000,00,2,1,01,A01
201100026196,0,07,000,00,1,1,01,A01
201100026197,0,02,000,00,2,1,01,A01
201100026197,0,07,000,00,0,5,23,B01
201100026198,0,07,000,00,2,2,01,B01
201100026198,0,07,000,00,2,6,09,A01
201100026199,0,37,220,00,2,2,07,B01
201100026199,0,07,000,00,0,3,16,A01
201100026200,0,15,000,00,1,1,15,A01
201100026201,0,07,000,01,0,1,00,A01
201100026201,0,37,000,00,0,4,00,B01
201100026202,0,02,000,00,1,1,01,A01
201100026203,0,07,000,01,2,3,01,B01
201100026203,0,30,000,00,2,1,05,A01
201100026204,0,07,000,00,2,1,02,A01
201100026204,0,33,000,00,2,4,23,B01
201100026205,0,07,000,00,1,1,01,A01
201100026206,0,07,000,00,1,0,20,A01
201100026207,0,07,000,00,2,4,04,A01
201100026207,0,07,000,00,2,1,02,B01
201100026208,0,07,000,00,2,1,01,B01
201100026208,0,07,000,00,2,1,17,A01
201100026209,0,07,000,00,9,1,16,A01
201100026209,0,01,000,00,2,7,01,B01
201100026210,0,13,000,00,2,5,01,B01
201100026210,0,07,000,00,2,7,12,A01
201100026211,0,07,000,00,2,0,11,A01
201100026211,0,07,000,00,2,7,01,B01
201100026212,0,10,000,00,2,4,04,A01
201100026212,0,33,000,00,2,1,01,B01
201100026213,0,31,000,00,2,1,00,A01
201100026214,0,02,000,00,2,1,01,B01
201100026214,0,07,000,00,2,0,01,A01
201100026215,0,02,000,03,0,0,01,A01
201100026216,0,07,000,00,2,4,23,B01
201100026216,0,02,000,00,2,1,02,A01
201100026217,0,07,000,00,2,2,00,A01
201100026217,0,07,000,00,2,8,01,B01
201100026218,0,14,000,00,2,1,01,B01
201100026218,0,07,000,00,2,3,15,A01
201100026219,0,07,000,00,2,1,01,B01
201100026219,0,07,000,00,2,2,01,A01
201100026220,0,07,000,00,1,1,01,A01
201100026221,0,07,000,02,0,1,01,A01
201100026222,1,07,000,00,2,1,02,A01
201100026222,1,07,000,00,2,4,02,C01
201100026222,0,07,000,00,1,1,23,B01
201100026222,0,07,000,00,2,4,02,D01
201100026223,0,33,000,00,2,3,01,B01
201100026223,0,33,000,00,2,2,14,A01
201100026224,0,33,000,00,2,2,01,B01
201100026224,0,07,000,00,2,0,15,A01
201100026225,0,07,000,00,1,1,15,A01
201100026226,0,32,000,00,2,1,01,B01
201100026226,0,07,000,00,2,3,01,A01
201100026227,0,07,000,00,2,3,09,A01
201100026227,0,07,000,00,2,2,01,B01
201100026228,0,33,000,00,2,1,05,A01
201100026228,1,07,000,00,2,1,01,B01
201100026229,0,07,000,01,2,5,01,B01
201100026229,0,07,000,00,2,1,01,A01
201100026230,0,31,000,00,2,8,01,B01
201100026230,1,10,000,00,2,8,11,A01
201100026231,0,07,000,00,2,2,20,B01
201100026231,0,30,000,00,2,1,17,A01
201100026232,0,07,000,00,1,0,00,A01
201100026233,0,33,000,00,2,0,01,B01
201100026233,0,07,000,00,2,0,12,A01
201100026234,0,33,000,00,1,1,01,A01
201100026235,0,07,000,00,2,4,23,C01
201100026235,0,07,000,00,2,4,23,B01
201100026235,0,07,000,00,2,1,02,A01
201100026236,0,07,000,01,0,1,00,A01
201100026237,0,07,000,00,1,1,01,A01
201100026238,0,02,000,00,2,1,09,A01
201100026238,0,07,000,00,2,2,16,B01
201100026239,0,07,000,00,2,6,01,B01
201100026239,0,10,000,00,2,8,15,A01
201100026240,0,30,000,00,0,0,00,A01
201100026241,0,10,000,00,2,1,01,A01
201100026241,0,07,000,06,2,4,23,B01
201100026242,0,31,000,00,2,7,01,B01
201100026242,0,07,000,00,2,1,09,A01
201100026243,0,07,000,00,2,1,15,B01
201100026243,0,30,000,00,2,7,17,A01
201100026244,0,07,000,00,2,4,10,B01
201100026244,0,02,000,00,2,1,01,A01
201100026245,0,31,000,00,2,1,01,A01
201100026245,0,07,000,00,2,3,01,B01
201100026246,0,07,000,00,2,1,16,A01
201100026247,0,33,000,00,2,8,01,B01
201100026247,0,07,000,00,2,2,09,A01
201100026248,0,07,000,00,2,1,09,A01
201100026248,0,02,000,00,2,1,01,B01
201100026249,0,07,000,00,2,3,01,B01
201100026249,0,07,000,00,2,2,09,A01
201100026250,0,07,000,00,1,1,01,B01
201100026250,0,10,000,00,1,3,01,A01
201100026251,0,10,000,00,2,3,01,B01
201100026251,0,07,000,00,2,1,01,A01
201100026252,0,07,000,00,2,1,01,A01
201100026252,0,07,000,00,2,6,00,B01
201100026253,0,10,000,00,1,4,04,A01
201100026254,2,31,000,00,2,0,05,A01
201100026254,0,07,000,00,2,1,01,B01
201100026255,0,07,000,00,0,1,09,A01
201100026255,0,30,000,00,2,7,01,B01
201100026256,0,07,000,00,2,2,01,B01
201100026256,0,07,000,00,2,1,09,A01
201100026257,0,31,000,00,2,1,02,A01
201100026257,0,07,000,00,2,4,02,B01
201100026258,0,07,000,00,2,2,01,B01
201100026258,0,02,000,00,2,1,09,A01
201100026259,0,07,000,00,2,1,00,A01
201100026259,0,02,000,00,2,1,01,B01
201100026260,0,07,000,00,2,2,02,A01
201100026260,0,33,000,00,2,8,02,B01
201100026261,0,10,000,00,2,1,02,A01
201100026261,0,07,000,00,2,4,23,B01
201100026262,0,07,000,00,2,1,16,A01
201100026262,0,07,000,00,2,3,09,B01
201100026263,0,01,000,00,2,8,15,B01
201100026263,0,07,000,00,9,7,02,A01
201100026264,1,02,000,00,2,0,05,A01
201100026264,0,07,000,00,2,0,00,B01
201100026265,0,07,000,00,2,1,15,A01
201100026265,0,01,000,00,2,8,01,B01
201100026266,0,07,000,01,9,5,15,A01
201100026266,0,01,000,00,2,0,01,B01
201100026267,0,07,000,00,2,4,02,B01
201100026267,0,07,000,00,2,4,02,C01
201100026267,0,10,000,00,2,1,02,A01
201100026268,0,02,000,00,2,1,17,A01
201100026268,0,07,000,00,2,6,01,B01
201100026269,0,07,000,00,2,4,02,B01
201100026269,0,07,000,00,2,4,02,C01
201100026269,0,07,000,00,2,1,02,A01
201100026270,0,07,000,00,2,4,02,B01
201100026270,0,07,000,00,2,1,02,A01
201100026271,0,07,000,00,2,1,01,A01
201100026272,0,33,000,01,0,1,05,A01
201100026273,1,99,000,00,2,1,09,A01
201100026273,0,31,000,00,2,0,01,B01
201100026274,0,07,000,13,0,9,01,A01
201100026275,0,07,000,00,2,4,02,C01
201100026275,0,07,000,00,2,1,02,A01
201100026275,0,07,000,00,2,4,02,B01
201100026276,0,07,000,00,2,3,15,B01
201100026276,0,07,000,00,2,5,00,A01
201100026277,0,07,000,00,2,4,02,C01
201100026277,0,10,000,00,2,1,02,A01
201100026277,0,07,000,00,2,4,02,B01
201100026278,0,02,000,00,0,0,00,A01
201100026279,0,02,000,00,2,1,02,B01
201100026279,0,10,000,00,2,3,09,A01
201100026280,0,02,000,00,2,1,01,B01
201100026280,1,07,000,00,2,1,05,Z01
201100026281,0,07,000,00,2,3,02,A01
201100026281,0,07,000,00,2,5,02,B01
201100026282,0,07,000,00,2,4,02,C01
201100026282,0,07,000,00,2,1,02,A01
201100026282,0,07,000,00,2,4,02,B01
201100026283,0,02,000,00,2,2,01,A01
201100026283,0,07,000,00,2,2,00,B01
201100026284,0,07,000,00,2,1,01,B01
201100026284,0,02,000,00,2,1,05,A01
201100026285,0,02,000,03,0,1,00,A01
201100026286,0,07,000,00,2,7,15,A01
201100026286,0,31,000,00,2,1,01,B01
201100026287,0,07,000,00,2,4,23,B01
201100026287,1,07,000,00,2,1,02,A01
201100026287,0,07,000,00,2,4,23,C01
201100026288,0,31,000,14,0,0,01,A01
201100026288,0,07,000,00,0,0,09,B01
201100026289,0,07,000,00,0,0,15,B01
201100026289,0,07,000,02,0,6,01,A01
201100026290,0,02,000,00,2,1,02,A01
201100026290,0,07,000,00,2,3,15,B01
201100026291,0,33,000,11,0,1,09,A01
201100026292,0,07,000,00,2,1,02,A01
201100026292,0,07,000,00,2,4,02,B01
201100026293,0,07,000,00,2,5,02,A01
201100026293,0,07,000,00,2,4,23,B01
201100026294,0,31,000,00,2,1,01,B01
201100026294,0,07,000,00,2,3,04,A01
201100026295,0,38,002,00,1,7,16,A01
201100026296,0,07,000,00,2,1,01,B01
201100026296,0,07,000,15,0,6,09,A01
201100026297,0,07,000,00,2,1,15,A01
201100026297,0,30,000,00,2,1,02,B01
201100026298,0,07,000,00,2,3,10,A01
201100026298,0,07,000,00,2,2,02,B01
201100026299,0,07,000,00,2,1,02,A01
201100026299,0,07,000,00,2,4,01,B01
201100026300,0,02,000,00,1,1,00,A01
201100026301,0,07,000,00,2,1,02,A01
201100026301,0,07,000,00,2,4,02,B01
201100026302,0,07,000,00,0,0,00,A01
201100026303,0,07,000,00,2,8,02,A01
201100026303,0,07,000,00,2,3,02,B01
201100026303,0,07,000,00,2,4,02,C01
201100026304,0,07,000,00,2,2,02,B01
201100026304,0,07,000,00,2,3,15,A01
201100026305,0,07,000,00,2,7,15,A01
201100026305,0,07,000,00,2,2,15,B01
201100026306,0,07,000,00,2,1,15,A01
201100026306,0,34,000,00,2,1,02,B01
201100026307,0,14,000,00,2,3,02,B01
201100026307,0,07,000,00,2,6,15,A01
201100026308,1,02,000,00,0,0,00,A01
201100026309,0,07,000,02,0,1,02,A01
201100026310,0,14,000,00,2,1,15,B01
201100026310,0,07,000,00,2,8,01,A01
201100026311,0,01,000,00,2,4,02,B01
201100026311,0,07,000,00,2,1,02,A01
201100026312,0,07,000,00,2,1,02,C01
201100026312,0,07,000,00,2,1,02,A01
201100026312,0,07,000,00,2,6,02,B01
201100026313,0,07,000,00,2,1,05,A01
201100026313,0,07,000,00,2,1,02,B01
201100026314,0,30,000,00,1,1,15,A01
201100026315,0,07,000,00,2,4,02,B01
201100026315,0,07,000,00,2,1,02,A01
201100026316,0,07,000,01,0,4,04,A01
201100026317,0,07,000,08,0,1,01,A01
201100026318,0,07,000,00,1,1,02,A01
201100026319,0,07,000,00,2,3,01,A01
201100026319,0,07,000,00,2,2,01,B01
201100026320,0,07,000,04,0,9,00,A01
201100026321,0,07,000,09,0,1,12,A01
201100026322,0,07,000,00,2,7,15,A01
201100026322,0,07,000,00,2,1,01,B01
201100026323,0,07,000,02,0,2,00,A01
201100026324,0,07,000,09,0,7,01,A01
201100026325,0,07,000,00,2,2,19,B01
201100026325,0,33,000,00,2,1,19,A01
201100026326,0,33,000,00,2,1,21,A01
201100026326,0,07,000,00,2,5,15,B01
201100026327,0,07,000,03,0,2,01,A01
201100026328,0,10,000,00,2,3,13,A01
201100026328,0,07,000,00,2,3,01,B02
201100026329,0,17,000,03,0,3,06,A01
201100026330,0,14,000,01,2,2,19,A01
201100026330,0,10,000,00,2,1,01,B02
201100026331,0,07,000,00,2,3,13,A01
201100026331,0,07,000,00,2,3,01,B02
201100026332,0,30,000,00,2,4,15,B02
201100026332,0,07,000,00,2,2,17,A01
201100026333,0,15,000,03,0,9,01,A01
201100026334,0,36,000,00,6,2,01,A01
201100026335,1,07,000,,2,1,11,A01
201100026335,0,07,000,00,2,5,17,B02
201100026336,0,01,000,00,2,4,01,B01
201100026336,0,07,000,00,9,3,00,A01
201100026337,0,07,000,12,4,5,14,A01
201100026337,0,40,001,00,2,2,02,B01
201100026338,0,33,000,00,2,1,01,B01
201100026338,0,07,000,00,2,5,19,A01
201100026339,0,07,000,00,1,1,01,A01
201100026340,0,01,000,00,2,5,01,B01
201100026340,0,07,000,00,2,1,01,A01
201100026341,1,07,000,00,2,6,11,A01
201100026341,0,07,000,00,2,2,01,B01
201100026341,0,33,000,00,2,2,01,C01
201100026342,0,07,000,06,0,9,01,A01
201100026343,0,03,000,00,2,1,01,A01
201100026343,0,07,000,00,2,1,01,B01
201100026343,0,07,000,00,2,1,01,C01
201100026344,0,33,000,00,2,1,01,A01
201100026344,0,07,000,00,2,6,15,B01
201100026345,1,07,000,00,2,1,01,Z01
201100026345,0,01,000,00,2,4,01,A01
201100026346,0,07,000,15,0,1,14,A01
201100026347,0,01,000,00,2,7,16,B01
201100026347,0,07,000,00,2,1,09,A01
201100026348,0,07,000,10,0,1,02,A01
201100026349,0,07,000,00,0,7,15,B01
201100026349,0,33,000,00,2,1,01,A01
201100026350,0,07,000,00,2,8,02,A01
201100026350,0,07,000,00,2,7,02,B01
201100026351,0,07,000,13,0,9,00,A01
201100026352,0,07,000,13,0,8,00,A01
201100026353,0,07,000,02,0,9,14,A01
201100026354,0,30,000,00,2,1,21,A01
201100026354,0,07,000,00,2,7,19,B01
201100026355,0,07,000,00,2,2,02,B01
201100026355,0,07,000,00,2,6,02,A01
201100026356,0,07,000,13,0,0,01,A01
201100026357,0,07,000,00,2,1,02,B01
201100026357,0,07,000,00,2,1,02,A01
201100026357,0,07,000,00,2,4,01,C01
201100026358,0,07,000,00,2,1,02,B01
201100026358,0,07,000,00,2,1,02,A01
201100026358,0,07,000,00,0,4,02,C01
201100026359,0,07,000,08,0,1,02,A01
201100026360,0,01,000,13,0,1,01,A01
201100026361,0,10,000,00,2,1,02,B01
201100026361,0,07,000,00,2,4,02,A01
201100026362,0,07,000,13,0,7,02,A01
201100026363,0,02,000,00,2,1,16,A01
201100026363,0,07,000,00,2,1,01,B01
201100026364,0,07,000,00,4,1,00,A01
201100026365,0,10,000,13,0,1,01,A01
201100026366,0,07,000,01,0,2,14,A01
201100026367,0,14,000,14,0,4,01,A01
201100026368,0,30,000,00,0,8,01,A01
201100026369,0,07,000,00,0,4,02,A01
201100026369,0,07,000,00,0,1,02,B01
201100026370,0,07,000,00,1,2,01,A01
201100026371,0,10,000,00,1,4,04,A01
201100026372,0,07,000,00,1,0,17,A01
201100026373,0,10,000,13,0,1,01,A01
201100026374,0,07,000,00,2,1,01,B01
201100026374,0,02,000,00,0,4,02,A01
201100026375,0,10,000,00,0,0,00,B01
201100026375,0,07,000,00,0,0,00,A01
201100026376,0,07,000,00,1,2,20,A01
201100026377,0,10,000,00,2,1,01,A01
201100026377,0,07,000,00,0,6,15,C01
201100026377,0,07,000,00,2,4,15,B01
201100026378,0,07,000,00,2,3,15,A01
201100026378,0,30,000,00,2,1,17,B01
201100026379,0,07,000,10,9,1,15,A01
201100026380,0,02,000,00,2,8,02,B01
201100026380,0,30,000,00,2,8,02,C01
201100026380,0,07,000,00,2,8,01,D01
201100026380,0,30,000,00,2,7,02,A01
201100026381,0,07,000,16,0,9,00,A01
201100026382,0,33,000,00,2,7,21,B01
201100026382,0,07,000,00,2,1,09,A01
201100026383,0,07,000,00,2,1,01,B01
201100026383,0,07,000,00,2,3,15,A01
201100026384,0,07,000,00,1,2,01,A01
201100026385,0,01,000,00,0,5,01,B01
201100026385,0,07,000,00,9,1,09,A01
201100026386,0,03,000,00,2,5,01,B01
201100026386,0,07,000,00,2,2,15,A01
201100026387,0,07,000,00,2,6,10,B01
201100026387,0,07,000,00,2,1,01,A01
201100026388,0,14,000,01,2,1,00,B01
201100026388,0,07,000,08,2,9,19,A01
201100026389,0,30,000,00,2,1,02,A01
201100026389,0,07,000,00,0,4,02,B01
201100026390,0,07,000,01,0,1,01,A01
201100026391,0,07,000,02,0,7,17,A01
201100026392,0,32,000,00,2,1,00,B02
201100026392,0,07,000,00,0,2,01,A01
201100026393,0,14,000,00,0,4,02,A01
201100026393,0,30,000,00,2,1,02,B02
201100026394,0,07,000,00,2,4,23,A01
201100026394,1,07,000,00,2,1,02,Z01
201100026395,1,07,000,00,1,0,00,Z01
201100026396,0,07,000,00,2,2,14,A01
201100026396,0,07,000,00,2,6,23,B01
201100026397,0,07,000,00,1,1,16,A01
201100026398,0,02,000,00,2,0,00,B01
201100026398,0,07,000,00,2,3,00,A01
201100026399,0,33,000,00,2,1,00,A01
201100026399,0,07,000,00,2,3,00,B01
201100026400,0,07,000,00,1,0,01,A01
201100026401,0,07,000,00,2,1,02,B01
201100026401,0,07,000,00,2,4,01,A01
201100026401,0,33,000,00,2,1,02,C01
201100026402,0,07,000,02,0,3,00,A01
201100026403,0,07,000,00,1,3,01,A01
201100026404,0,07,000,07,0,0,01,A01
201100026405,0,07,000,15,0,0,00,A01
201100026406,0,13,000,00,2,0,17,A01
201100026406,0,07,000,00,2,0,01,B01
201100026407,0,07,000,00,0,1,00,A01
201100026408,0,07,000,00,2,3,21,A01
201100026408,0,07,000,00,2,1,01,C01
201100026408,0,07,000,00,2,3,01,B01
201100026409,0,02,000,00,9,1,01,A01
201100026410,0,07,000,00,2,3,00,B01
201100026410,0,10,000,00,2,1,00,A01
201100026411,0,07,000,00,1,0,00,A01
201100026412,0,07,000,00,2,1,00,A01
201100026412,0,07,000,00,0,0,00,B01
201100026413,0,07,000,10,0,1,00,A01
201100026414,0,07,000,00,1,5,04,A01
201100026415,1,07,000,00,0,0,00,Z01
201100026415,0,07,000,00,2,0,00,A01
201100026416,1,07,000,00,1,0,00,Z01
201100026417,0,33,000,00,2,3,00,B01
201100026417,0,07,000,00,2,3,01,A01
201100026418,0,07,000,06,1,3,00,A01
201100026419,0,07,000,04,0,1,00,A01
201100026420,0,07,000,00,2,3,00,A01
201100026420,0,33,000,00,2,1,01,B01
201100026421,0,07,000,00,2,3,23,A01
201100026421,0,32,000,00,2,2,00,B01
201100026422,0,07,000,00,2,2,00,A01
201100026422,0,02,000,00,2,8,00,B01
201100026423,0,01,000,00,2,5,19,B01
201100026423,0,07,000,00,2,1,01,A01
201100026424,0,07,000,00,2,1,01,A01
201100026424,0,07,000,00,2,4,01,B01
201100026424,0,10,000,00,2,4,00,C01
201100026425,0,14,000,00,2,0,12,A01
201100026425,0,07,000,00,2,8,01,B01
201100026426,0,07,000,00,1,1,01,A01
201100026426,0,33,000,00,2,4,23,B01
201100026427,0,07,000,00,2,4,01,B01
201100026427,0,31,000,00,2,1,01,A01
201100026428,0,07,000,00,2,1,13,A01
201100026428,0,07,000,00,2,1,01,B01
201100026429,0,07,000,00,1,3,01,A01
201100026430,0,07,000,00,2,3,15,A01
201100026430,0,31,000,00,2,2,01,B01
201100026431,0,10,000,00,2,1,00,A01
201100026431,0,33,000,00,2,4,00,B01
201100026432,0,07,000,00,2,5,01,C01
201100026432,0,07,000,00,2,8,11,A01
201100026432,0,33,000,00,2,7,01,B01
201100026433,0,07,000,09,0,8,01,A01
201100026434,0,07,000,00,2,7,15,A01
201100026434,0,33,000,00,2,1,01,B01
201100026434,0,07,000,00,2,6,23,C01
201100026435,0,07,000,00,1,2,01,A01
201100026436,0,07,000,00,2,9,01,A01
201100026436,0,40,000,00,2,2,01,B01
201100026437,0,30,000,00,2,0,16,B01
201100026437,0,07,000,00,2,0,14,A01
201100026438,0,07,000,00,1,1,01,A01
201100026439,0,07,000,00,2,9,00,A01
201100026439,0,07,000,00,2,1,01,B01
201100026440,1,07,000,00,2,3,19,Z01
201100026440,0,31,000,00,2,8,01,B01
201100026441,0,07,000,00,2,4,02,B01
201100026441,0,07,000,00,2,1,01,A01
201100026442,0,07,000,00,2,4,23,B01
201100026442,2,10,000,00,2,1,01,A01
201100026442,0,07,000,00,0,4,02,C01
201100026443,0,31,000,00,2,3,01,B01
201100026443,0,07,000,00,2,3,15,A01
201100026444,0,07,000,00,2,4,00,B01
201100026444,0,30,000,00,2,1,00,A01
201100026445,0,07,000,00,1,0,01,A01
201100026446,0,34,000,00,0,0,00,A01
201100026447,0,07,000,00,1,2,01,A01
201100026448,0,07,000,00,2,4,02,A01
201100026448,0,07,000,00,2,4,23,B01
201100026448,0,07,000,00,2,1,02,C01
201100026449,0,07,000,00,2,3,19,A01
201100026449,0,33,000,00,2,1,01,B01
201100026450,0,07,000,02,0,1,00,A01
201100026451,0,33,000,00,2,1,00,A01
201100026451,0,07,000,00,2,4,00,B01
201100026452,0,07,000,00,0,6,23,B01
201100026452,0,07,000,01,0,1,00,A01
201100026453,0,02,000,00,2,1,01,A01
201100026453,0,07,000,00,2,4,02,B01
201100026454,1,07,000,00,1,1,00,Z01
201100026455,0,07,000,00,2,6,15,A01
201100026455,0,31,000,00,2,1,01,B01
201100026456,0,07,000,08,0,7,00,A01
201100026457,0,31,000,00,2,0,01,B01
201100026457,1,07,000,00,2,0,00,Z01
201100026458,0,30,000,00,2,0,01,A01
201100026458,0,07,000,00,2,8,22,B01
201100026459,0,07,000,00,2,2,00,A01
201100026459,0,01,000,00,2,1,00,B01
201100026460,0,07,000,00,1,1,01,A01
201100026461,0,07,000,00,2,1,13,A01
201100026461,0,07,000,00,2,7,01,B01
201100026462,0,07,000,00,2,1,00,A01
201100026462,0,07,000,00,2,3,01,B01
201100026463,0,07,000,00,2,8,01,B01
201100026463,0,07,000,00,2,7,01,A01
201100026463,0,07,000,00,2,8,00,C01
201100026464,0,33,000,00,2,1,17,B01
201100026464,0,07,000,00,0,6,00,C01
201100026464,0,10,000,00,2,3,15,A01
201100026465,0,02,000,00,2,1,00,A01
201100026465,0,07,000,00,2,2,00,B01
201100026466,0,07,000,00,2,0,00,A01
201100026466,0,32,000,00,2,8,00,B01
201100026467,0,07,000,00,1,1,01,A01
201100026468,0,07,000,05,0,2,01,A01
201100026469,0,07,000,00,2,1,13,A01
201100026469,0,07,000,00,2,1,01,B01
201100026470,0,31,000,00,2,1,00,A01
201100026470,0,07,000,00,2,6,00,B01
201100026471,0,07,000,00,2,4,00,C01
201100026471,0,07,000,00,2,1,00,B01
201100026471,0,07,000,00,2,1,00,A01
201100026472,0,01,000,00,2,4,01,B01
201100026472,0,07,000,00,2,3,02,A01
201100026473,0,07,000,00,2,8,06,A01
201100026473,0,31,000,00,2,1,01,B01
201100026474,2,07,000,00,2,1,15,Z01
201100026474,0,07,000,00,2,1,01,B01
201100026475,0,07,000,00,1,3,00,A01
201100026476,0,07,000,00,2,3,16,A01
201100026476,0,07,000,00,2,1,08,B01
201100026477,0,07,000,00,2,3,09,A01
201100026477,0,01,000,00,2,0,01,B01
201100026478,0,10,000,00,1,1,01,A01
201100026479,1,07,000,00,2,0,00,Z01
201100026479,0,32,000,00,0,8,00,A01
201100026480,0,10,000,00,2,1,00,A01
201100026480,0,10,000,00,2,8,00,B01
201100026481,0,07,000,09,0,1,00,A01
201100026482,0,07,000,00,0,1,01,B01
201100026482,0,07,000,00,2,1,15,A01
201100026483,0,31,000,00,2,2,01,A01
201100026483,0,07,000,00,2,6,01,B01
201100026484,0,01,000,00,2,1,01,B01
201100026484,0,07,000,00,2,0,09,A01
201100026485,0,07,000,00,1,2,01,A01
201100026486,0,07,000,00,2,1,01,A01
201100026486,0,07,000,00,2,2,01,B01
201100026487,0,07,000,00,2,7,15,A01
201100026487,0,07,000,00,2,1,01,B01
201100026488,0,07,000,00,2,4,00,B01
201100026488,0,07,000,00,2,1,00,A01
201100026489,0,07,000,00,2,1,17,A01
201100026489,0,07,000,00,2,1,20,B01
201100026490,0,07,000,00,1,2,01,A01
201100026491,0,07,000,00,2,1,00,A01
201100026491,0,07,000,00,0,0,00,B01
201100026492,0,07,000,00,1,4,04,A01
201100026493,0,07,000,00,2,3,00,B01
201100026493,1,07,000,00,2,1,00,A01
201100026494,1,07,000,00,1,0,00,Z01
201100026495,2,07,000,08,0,1,00,A01
201100026496,0,07,000,00,2,0,15,A01
201100026496,0,30,000,00,2,9,01,B01
201100026497,0,07,000,00,1,2,01,A01
201100026498,0,30,000,00,2,1,15,A01
201100026498,0,07,000,00,2,3,15,B01
201100026499,0,14,000,05,2,1,01,B01