Num_Acc,senc,catv,occutc,obs,obsm,choc,manv,num_veh
201100026499,0,14,000,05,2,6,23,A01
201100026500,0,07,000,00,2,6,00,B01
201100026500,0,14,000,00,2,0,00,C01
201100026500,0,07,000,00,2,1,00,A01
201100026501,0,07,000,00,2,6,13,A01
201100026501,0,33,000,00,2,1,17,B01
201100026502,0,02,000,08,0,0,00,A01
201100026503,0,07,000,01,0,2,01,A01
201100026504,0,33,000,03,0,7,00,A01
201100026505,0,02,000,00,0,1,16,A01
201100026506,0,30,000,00,2,0,15,B01
201100026506,1,07,000,00,2,0,10,Z01
201100026507,0,07,000,00,0,1,01,A01
201100026508,0,07,000,00,2,8,09,B01
201100026508,0,31,000,00,2,8,01,A01
201100026509,0,15,000,00,1,1,01,A01
201100026510,0,33,000,00,2,1,00,B01
201100026510,0,07,000,00,2,1,00,A01
201100026511,0,33,000,00,2,0,00,B01
201100026511,0,07,000,00,2,1,00,A01
201100026512,0,07,000,00,2,1,01,B01
201100026512,0,07,000,00,2,1,05,A01
201100026513,0,07,000,00,2,8,01,B01
201100026513,0,17,000,00,2,2,12,A01
201100026513,0,07,000,00,0,0,00,D01
201100026513,0,07,000,00,2,1,01,C01
201100026514,0,07,000,00,2,1,09,A01
201100026514,0,37,039,00,2,8,01,B01
201100026515,0,31,000,00,2,1,00,A01
201100026515,0,07,000,00,2,1,15,B01
201100026516,0,02,000,00,2,1,01,B01
201100026516,0,07,000,00,2,1,09,A01
201100026517,0,07,000,00,1,0,00,A01
201100026518,0,07,000,16,0,1,00,A01
201100026519,0,07,000,00,2,1,16,B01
201100026519,0,01,000,00,2,7,01,A01
201100026520,0,07,000,00,2,1,00,B01
201100026520,0,07,000,00,2,8,00,A01
201100026521,0,10,000,00,2,3,15,A01
201100026521,0,07,000,00,2,1,17,B01
201100026522,0,37,039,00,1,5,01,A01
201100026523,0,07,000,00,2,3,15,B01
201100026523,0,31,000,00,2,7,17,A01
201100026524,0,13,000,04,0,1,00,A01
201100026525,0,07,000,00,2,3,15,A01
201100026525,0,10,000,00,2,1,01,B01
201100026526,0,33,000,00,2,0,01,B01
201100026526,0,07,000,00,2,6,10,A01
201100026527,0,07,000,00,2,7,15,A01
201100026527,0,02,000,00,2,1,01,B01
201100026528,0,33,000,00,2,2,21,A01
201100026528,0,07,000,00,2,8,15,B01
201100026529,0,07,000,00,2,1,01,A01
201100026529,0,07,000,00,2,4,01,B01
201100026530,0,07,000,08,0,9,00,A01
201100026531,0,07,000,00,2,2,09,A01
201100026531,0,33,000,00,2,1,01,B01
201100026532,0,07,000,10,0,0,00,A01
201100026532,0,07,000,00,2,0,00,B01
201100026533,0,07,000,00,0,8,01,A01
201100026533,0,07,000,00,2,1,01,B01
201100026534,0,07,000,00,2,0,00,B01
201100026534,0,31,000,00,2,1,01,A01
201100026535,0,02,000,00,9,0,01,A01
201100026535,0,07,000,00,2,0,01,B01
201100026536,0,32,000,00,2,1,13,A01
201100026536,0,07,000,00,2,4,00,B01
201100026537,0,99,000,00,1,1,09,A01
201100026538,0,31,000,00,1,1,00,A01
201100026539,0,07,000,00,2,7,15,A01
201100026539,0,33,000,00,2,1,01,B01
201100026540,0,15,000,00,2,3,01,B01
201100026540,0,07,000,00,9,7,17,A01
201100026541,0,01,000,00,2,5,00,A01
201100026541,0,07,000,00,2,1,00,B01
201100026542,0,30,000,00,2,8,00,A01
201100026542,0,37,000,00,2,7,00,B01
201100026543,0,07,000,08,0,1,01,A01
201100026544,0,33,000,10,0,1,00,A01
201100026545,0,07,000,00,2,1,01,A01
201100026545,0,07,000,00,2,5,01,B01
201100026546,0,07,000,00,1,1,00,A01
201100026547,0,07,000,00,2,3,01,B01
201100026547,0,30,000,00,2,1,01,A01
201100026548,0,33,000,00,2,1,01,B01
201100026548,0,07,000,00,2,8,15,A01
201100026549,0,02,000,00,0,0,00,A01
201100026550,1,07,000,00,1,2,00,Z01
201100026551,0,07,000,00,2,8,22,A01
201100026551,0,01,000,01,0,1,01,B01
201100026552,0,07,000,00,2,4,01,B01
201100026552,0,07,000,00,2,1,01,A01
201100026553,0,07,000,00,2,4,23,C01
201100026553,0,07,000,00,2,4,23,B01
201100026553,0,07,000,00,2,0,00,A01
201100026554,0,02,000,00,2,7,00,A01
201100026554,0,07,000,00,2,0,00,B01
201100026555,0,07,000,00,2,4,01,B01
201100026555,0,07,000,00,2,1,01,A01
201100026555,0,14,000,00,2,0,01,C01
201100026556,0,07,000,00,1,0,00,A01
201100026557,0,07,000,00,2,1,00,A01
201100026557,0,07,000,00,2,0,00,B01
201100026557,0,37,006,00,2,4,00,C01
201100026558,0,33,000,00,2,5,00,B01
201100026558,0,31,000,00,2,1,00,A01
201100026559,0,07,000,00,2,4,23,B01
201100026559,0,07,000,00,2,1,01,A01
201100026559,0,07,000,00,2,4,23,C01
201100026559,0,07,000,00,2,4,23,D01
201100026560,0,07,000,00,2,8,01,B01
201100026560,0,07,000,00,2,1,15,A01
201100026561,0,07,000,00,2,1,00,A01
201100026561,0,10,000,00,2,4,00,B01
201100026562,0,07,000,09,0,0,01,A01
201100026563,0,07,000,00,2,1,01,B01
201100026563,0,07,000,00,2,2,01,A01
201100026564,0,07,000,00,1,0,00,A01
201100026565,0,34,000,00,2,1,00,A01
201100026565,0,07,000,00,2,4,00,B01
201100026566,0,31,000,00,0,1,00,B01
201100026566,0,07,000,00,2,6,00,A01
201100026567,0,30,000,00,2,1,00,A01
201100026567,0,07,000,00,2,4,00,B01
201100026568,0,07,000,00,2,1,02,C01
201100026568,1,07,000,00,2,0,00,Z01
201100026568,0,07,000,00,2,1,02,B01
201100026569,0,07,000,00,2,1,02,A01
201100026569,0,07,000,00,2,4,02,B01
201100026570,0,40,000,00,2,1,00,B01
201100026570,0,07,000,00,2,8,00,A01
201100026571,0,33,000,00,2,7,01,B01
201100026571,0,07,000,00,2,3,15,A01
201100026572,0,07,000,00,2,6,01,B01
201100026572,0,33,000,00,2,0,03,A01
201100026573,0,07,000,00,2,9,02,E01
201100026573,0,07,000,04,2,8,01,A01
201100026573,0,07,000,00,2,7,02,B01
201100026573,0,07,000,00,2,9,02,C01
201100026573,0,07,000,00,2,6,02,D01
201100026574,0,07,000,00,2,1,00,A01
201100026574,0,07,000,00,2,4,00,B01
201100026575,1,07,000,00,0,0,00,Z01
201100026575,0,02,000,00,2,0,00,A01
201100026576,0,07,000,00,2,1,01,B01
201100026576,0,01,000,00,2,8,15,A01
201100026577,0,07,000,00,1,2,01,A01
201100026578,0,07,000,00,0,4,00,B01
201100026578,0,07,000,00,0,4,00,C01
201100026578,0,07,000,00,1,1,00,A01
201100026579,0,07,000,00,2,1,00,A01
201100026579,0,07,000,00,2,1,00,B01
201100026580,0,07,000,12,0,1,00,A01
201100026581,0,07,000,00,0,0,00,A01
201100026582,0,10,000,00,1,4,04,A01
201100026583,0,01,000,00,2,1,00,A01
201100026583,0,37,005,00,2,4,00,B01
201100026584,0,07,000,00,2,3,15,A01
201100026584,0,33,000,00,2,1,17,B01
201100026585,0,07,000,00,2,6,00,A01
201100026585,0,30,000,00,2,1,01,B01
201100026586,0,07,000,00,1,2,01,A01
201100026587,0,07,000,00,2,4,01,B01
201100026587,0,02,000,00,2,1,00,A01
201100026588,0,01,000,00,2,1,01,A01
201100026588,0,07,000,00,2,1,05,B01
201100026589,0,36,000,06,0,1,10,A01
201100026590,0,07,000,00,2,1,13,A01
201100026590,0,07,000,02,2,1,01,B01
201100026591,0,07,000,00,2,8,01,B01
201100026591,0,33,000,00,2,1,01,A01
201100026592,0,07,000,00,1,2,01,A01
201100026593,0,07,000,00,2,2,01,A01
201100026593,0,07,000,00,2,1,09,B01
201100026594,0,07,000,00,1,0,01,A01
201100026595,0,14,000,10,0,8,01,A01
201100026596,0,32,000,00,2,1,01,A01
201100026596,0,07,000,00,2,8,15,B01
201100026597,0,10,000,00,2,3,00,B01
201100026597,0,07,000,00,2,1,01,A01
201100026598,0,07,000,00,2,8,09,A01
201100026598,0,30,000,00,2,1,01,B01
201100026599,0,31,000,00,2,9,17,A01
201100026599,0,07,000,00,2,8,20,B01
201100026600,0,33,000,02,0,9,01,A01
201100026601,0,33,000,00,2,1,01,B01
201100026601,0,07,000,00,2,7,15,A01
201100026602,0,07,000,00,2,2,01,C01
201100026602,0,07,000,01,0,1,01,A01
201100026603,0,07,000,00,2,1,00,A01
201100026603,0,07,000,00,2,4,00,B01
201100026604,0,07,000,00,2,1,00,A01
201100026604,0,07,000,00,2,8,00,B01
201100026605,0,07,000,00,2,4,00,B01
201100026605,0,07,000,00,2,1,00,A01
201100026606,0,07,000,00,2,1,17,A01
201100026607,0,07,000,00,2,2,01,B01
201100026607,0,01,000,00,2,1,01,A01
201100026608,0,15,000,00,2,7,01,C01
201100026608,0,15,000,00,2,2,01,B01
201100026608,0,07,000,00,2,6,01,A01
201100026609,0,07,000,00,2,3,15,B01
201100026609,0,31,000,00,2,1,17,A01
201100026610,0,31,000,00,2,1,01,B01
201100026610,0,07,000,00,2,5,15,A01
201100026611,0,07,000,00,1,1,17,A01
201100026612,0,02,000,00,2,1,01,B01
201100026612,0,07,000,00,2,3,01,A01
201100026613,0,07,000,00,2,2,16,B01
201100026613,0,01,000,00,2,8,01,A01
201100026614,0,02,000,00,2,2,17,A01
201100026614,0,07,000,00,2,8,15,B01
201100026615,1,07,000,00,2,0,05,Z01
201100026615,0,33,000,00,2,1,01,A01
201100026616,1,07,000,00,2,1,00,Z01
201100026616,0,07,000,00,2,6,01,A01
201100026617,0,33,000,00,2,0,00,B01
201100026617,0,33,000,00,2,1,00,A01
201100026618,0,30,000,00,2,1,15,A01
201100026618,0,10,000,00,0,0,08,B01
201100026619,0,37,001,00,1,3,15,A01
201100026620,0,02,000,00,0,0,00,A01
201100026621,0,07,000,00,1,4,04,A01
201100026622,0,31,000,00,2,8,09,B01
201100026622,0,07,000,00,2,1,01,A01
201100026623,0,33,000,00,2,1,02,A01
201100026623,0,07,000,00,2,4,01,B01
201100026624,0,07,000,00,1,7,00,A01
201100026625,0,07,000,00,2,6,01,B01
201100026625,0,33,000,00,2,1,15,A01
201100026626,0,07,000,08,0,9,00,A01
201100026627,0,33,000,00,2,9,01,A01
201100026627,0,07,000,00,2,4,01,B01
201100026628,0,07,000,00,1,1,16,A01
201100026629,0,33,000,00,2,1,01,A01
201100026629,0,01,000,00,2,8,19,B01
201100026630,0,07,000,00,1,1,01,A01
201100026631,0,07,000,00,2,1,00,A01
201100026631,0,40,001,00,2,8,00,B01
201100026632,0,07,000,00,2,4,01,A01
201100026632,0,07,000,00,2,1,01,B01
201100026633,0,37,006,00,2,3,01,B01
201100026633,0,07,000,00,2,3,13,A01
201100026634,0,07,000,00,1,3,01,A01
201100026635,1,02,000,00,2,0,00,Z01
201100026635,0,01,000,00,2,0,00,B01
201100026636,0,33,000,00,2,2,17,A01
201100026636,0,14,000,00,2,7,01,C01
201100026636,0,07,000,00,2,6,01,B01
201100026637,0,07,000,00,2,1,23,B01
201100026637,0,07,000,00,2,8,23,C01
201100026637,1,07,000,00,2,1,13,A01
201100026638,0,07,000,00,2,1,12,A01
201100026638,0,31,000,00,2,4,01,B01
201100026639,0,07,000,00,2,1,13,A01
201100026639,0,07,000,00,2,2,01,B01
201100026640,0,33,000,00,2,1,01,A01
201100026640,0,07,000,00,2,3,23,B01
201100026641,0,07,000,04,0,1,01,A01
201100026642,0,07,000,00,2,1,02,A01
201100026642,0,07,000,00,2,4,01,B01
201100026643,0,07,000,04,0,1,01,A01
201100026644,0,07,000,00,2,4,13,A01
201100026644,0,07,000,00,2,1,01,B01
201100026645,0,02,000,00,2,0,00,B01
201100026645,1,07,000,00,2,0,16,Z01
201100026646,0,07,000,01,0,1,01,A01
201100026647,0,07,000,02,0,1,01,A01
201100026648,0,10,000,00,2,7,16,B01
201100026648,0,02,000,00,2,3,01,A01
201100026649,0,07,000,00,0,1,00,A01
201100026650,0,30,000,00,2,1,01,A01
201100026650,0,07,000,00,2,5,00,B01
201100026651,0,30,000,00,2,1,21,A01
201100026651,0,07,000,00,0,0,00,B01
201100026652,0,10,000,12,0,7,01,A01
201100026653,0,07,000,00,1,6,04,A01
201100026654,0,07,000,00,0,0,00,A01
201100026654,0,07,000,00,0,0,00,B01
201100026654,0,07,000,00,2,0,00,C01
201100026655,0,07,000,00,2,7,01,B01
201100026655,0,07,000,00,2,8,21,A01
201100026656,0,01,000,00,2,1,01,A01
201100026656,0,07,000,00,2,6,24,B01
201100026657,0,07,000,00,2,3,01,A01
201100026657,1,07,000,00,2,0,16,Z01
201100026658,0,07,000,00,1,2,01,A01
201100026659,0,33,000,00,2,4,01,A01
201100026659,0,07,000,00,2,1,01,B01
201100026660,0,07,000,00,1,3,01,A01
201100026661,0,30,000,00,2,1,01,A01
201100026661,0,37,000,00,2,6,23,B01
201100026662,0,33,000,00,2,1,15,A01
201100026662,0,07,000,00,2,3,01,B01
201100026663,0,01,000,00,2,1,01,B01
201100026663,0,07,000,00,2,3,01,A01
201100026664,0,10,000,00,2,1,00,B01
201100026664,0,30,000,00,2,7,00,A01
201100026665,0,30,000,00,1,8,01,A01
201100026666,0,33,000,05,0,2,14,A01
201100026667,0,31,000,00,2,7,01,A01
201100026667,1,07,000,00,2,0,23,Z01
201100026668,0,07,000,00,2,4,00,B01
201100026668,0,07,000,00,2,1,00,A01
201100026669,0,07,000,00,2,7,00,B01
201100026669,0,07,000,00,2,8,00,A01
201100026670,0,30,000,00,2,1,05,B01
201100026670,0,07,000,00,2,3,15,A01
201100026671,0,33,000,00,2,7,00,A01
201100026671,0,07,000,00,2,1,00,B01
201100026672,0,07,000,00,2,2,00,A01
201100026672,0,01,000,00,2,6,00,B01
201100026673,0,07,000,00,2,1,00,A01
201100026673,0,07,000,00,2,1,01,B01
201100026674,0,31,000,00,1,1,00,A01
201100026675,0,33,000,00,2,7,00,B01
201100026675,0,07,000,00,2,1,00,A01
201100026676,0,31,000,00,2,2,21,B01
201100026676,0,07,000,00,2,8,00,A01
201100026677,0,07,000,00,2,6,01,A01
201100026677,0,10,000,00,0,2,02,B01
201100026678,0,07,000,00,2,1,01,B01
201100026678,0,07,000,00,0,1,00,A01
201100026679,0,07,000,00,2,7,01,A01
201100026679,0,07,000,00,2,4,01,B01
201100026680,0,07,000,00,2,3,01,A01
201100026681,0,07,000,00,2,1,01,A01
201100026681,0,07,000,00,2,5,01,B01
201100026682,0,30,000,00,2,1,17,B01
201100026682,0,07,000,00,2,3,09,A01
201100026683,0,33,000,00,2,1,01,A01
201100026683,0,07,000,00,2,8,01,B01
201100026684,0,33,000,00,2,1,16,B01
201100026684,0,07,000,00,2,3,16,A01
201100026685,0,07,000,00,1,0,01,A01
201100026686,0,13,000,00,2,3,01,A01
201100026686,0,07,000,00,2,5,23,B01
201100026687,0,07,000,00,2,0,15,A01
201100026687,0,33,000,00,2,0,17,B01
201100026688,0,33,000,00,2,3,01,A01
201100026688,0,07,000,00,2,2,12,B01
201100026689,0,07,000,00,2,4,01,B01
201100026689,0,07,000,00,2,4,01,C01
201100026689,0,07,000,00,2,1,01,A01
201100026690,0,99,000,00,0,7,00,A01
201100026691,0,07,000,00,2,2,01,B01
201100026691,0,30,000,00,2,3,15,A01
201100026692,0,31,000,00,2,7,01,B01
201100026692,0,07,000,00,2,4,04,A01
201100026693,0,07,000,00,2,3,15,A01
201100026693,0,31,000,00,2,1,01,B01
201100026694,0,07,000,00,2,8,01,B01
201100026694,1,07,000,00,0,0,00,Z01
201100026695,0,30,000,00,2,1,01,A01
201100026695,0,07,000,00,2,1,15,B01
201100026696,0,07,000,00,2,4,23,B01
201100026696,0,35,000,00,2,1,01,A01
201100026697,0,31,000,00,2,3,18,A01
201100026697,0,07,000,00,2,2,16,B01
201100026698,0,07,000,00,2,2,00,B01
201100026698,0,07,000,00,2,3,00,A01
201100026699,0,32,000,00,2,3,01,A01
201100026699,0,07,000,00,2,2,15,B01
201100026700,0,07,000,00,0,0,00,B01
201100026700,0,14,000,00,0,0,00,A01
201100026701,0,07,000,00,2,5,00,A01
201100026701,0,07,000,00,2,9,00,D01
201100026701,0,07,000,00,2,9,00,B01
201100026701,0,07,000,00,2,9,00,C01
201100026702,0,07,000,00,2,6,13,A01
201100026702,0,33,000,00,2,9,17,B01
201100026703,0,07,000,00,2,8,00,A01
201100026703,1,07,000,00,2,0,00,Z01
201100026704,0,03,000,00,0,9,00,A01
201100026705,0,31,000,00,0,2,01,A01
201100026706,0,07,000,03,0,1,01,A01
201100026707,0,07,000,00,1,1,01,A01
201100026708,0,07,000,00,2,1,01,A01
201100026708,0,33,000,00,2,4,02,B01
201100026709,0,07,000,00,2,1,02,A01
201100026709,0,07,000,00,2,4,02,B01
201100026709,0,07,000,00,2,4,02,C01
201100026710,0,07,000,00,2,5,00,B01
201100026710,0,02,000,00,2,1,01,A01
201100026711,0,02,000,00,2,1,01,A01
201100026711,0,07,000,00,2,3,09,B01
201100026712,0,07,000,15,0,1,16,A01
201100026713,0,07,000,06,2,3,01,B01
201100026713,0,07,000,06,2,2,01,A01
201100026714,0,07,000,00,2,3,01,A01
201100026714,0,37,001,00,2,3,01,B01
201100026715,0,31,000,00,2,0,01,B01
201100026715,0,07,000,00,2,1,15,A01
201100026716,0,07,000,00,2,1,01,A01
201100026716,0,01,000,00,2,4,01,B01
201100026717,0,02,000,00,2,7,01,B01
201100026717,0,10,000,00,2,3,11,A01
201100026718,0,31,000,00,2,8,01,B01
201100026718,0,07,000,00,2,6,11,A01
201100026719,0,07,000,00,2,7,01,B01
201100026719,0,02,000,00,2,1,15,A01
201100026720,0,07,000,00,2,3,02,A01
201100026720,0,31,000,00,2,2,01,B01
201100026721,0,07,000,00,2,1,01,B01
201100026721,0,33,000,00,2,5,01,A01
201100026722,0,02,000,00,2,0,01,B01
201100026722,0,07,000,00,2,3,15,A01
201100026723,0,33,000,00,0,3,01,A01
201100026724,0,07,000,00,1,2,01,A01
201100026725,0,07,000,00,2,2,01,B01
201100026725,0,07,000,00,2,1,01,A01
201100026726,0,07,000,00,0,1,13,A01
201100026726,0,07,000,00,2,1,01,B01
201100026727,0,10,000,00,2,0,00,A01
201100026727,0,01,000,00,2,0,00,B01
201100026728,0,07,000,00,1,1,00,A01
201100026729,0,07,000,00,2,2,01,B01
201100026729,0,01,000,00,2,1,01,A01
201100026730,1,07,000,00,0,0,00,B01
201100026730,0,01,000,00,2,7,00,A01
201100026731,0,07,000,00,2,1,00,B01
201100026731,0,07,000,00,2,1,00,A01
201100026732,0,07,000,00,1,3,01,A01
201100026733,0,30,000,00,2,1,00,A01
201100026733,0,07,000,00,2,8,00,B01
201100026734,0,07,000,00,2,3,23,B01
201100026734,0,10,000,00,2,1,02,A01
201100026735,0,07,000,09,0,1,01,A01
201100026736,0,07,000,00,2,4,11,B01
201100026736,0,07,000,00,2,1,01,A01
201100026737,0,07,000,00,2,7,16,B01
201100026737,0,01,000,00,2,1,00,A01
201100026738,0,33,000,00,0,1,01,E01
201100026738,0,07,000,00,2,1,02,C01
201100026738,0,10,000,00,2,2,02,D01
201100026738,0,07,000,00,0,0,00,A01
201100026738,0,07,000,00,2,4,01,B01
201100026739,0,07,000,00,2,4,00,B01
201100026739,0,07,000,00,2,1,00,A01
201100026740,0,07,000,00,2,3,08,B01
201100026740,0,30,000,00,2,1,15,A01
201100026741,0,07,000,00,2,9,14,A01
201100026741,0,07,000,00,2,3,01,B01
201100026742,0,07,000,00,2,7,00,B01
201100026742,0,10,000,00,2,3,00,A01
201100026743,0,07,000,00,2,2,00,B01
201100026743,0,07,000,00,2,6,00,A01
201100026744,2,07,000,00,0,0,00,A01
201100026745,0,07,000,00,2,4,00,B01
201100026745,0,07,000,00,2,1,00,A01
201100026746,0,07,000,00,2,2,15,A01
201100026746,0,01,000,00,2,1,01,B01
201100026747,0,07,000,00,2,3,00,C01
201100026747,0,07,000,00,2,2,00,A01
201100026747,0,07,000,00,2,1,00,B01
201100026748,0,07,000,00,2,0,00,A01
201100026748,0,32,000,00,2,0,02,B01
201100026749,0,07,000,00,2,0,00,B01
201100026749,0,10,000,00,2,2,00,A01
201100026750,0,07,000,00,2,1,00,A01
201100026751,0,34,000,00,2,2,00,B01
201100026751,0,07,000,00,2,8,00,A01
201100026752,0,07,000,00,0,0,00,A01
201100026753,0,07,000,00,1,6,04,A01
201100026754,0,07,000,00,2,8,00,C01
201100026754,0,07,000,00,2,1,05,A01
201100026754,0,07,000,00,2,1,00,D01
201100026754,0,07,000,00,2,1,00,B01
201100026754,0,07,000,00,0,8,00,E01
201100026755,0,01,000,00,2,0,01,B01
201100026755,0,07,000,00,2,0,16,A01
201100026756,0,37,000,00,1,1,00,A01
201100026757,0,07,000,00,2,1,00,A01
201100026757,0,10,000,00,2,8,00,B01
201100026758,0,30,000,00,2,7,00,A01
201100026758,0,07,000,00,2,1,00,B01
201100026759,0,32,000,01,0,0,00,A01
201100026760,0,07,000,00,2,1,05,A01
201100026760,0,07,000,00,2,0,00,C01
201100026760,0,07,000,00,2,1,00,B01
201100026761,0,07,000,00,2,7,12,A01
201100026761,0,15,000,00,2,2,01,B01
201100026762,0,07,000,00,2,3,15,A01
201100026762,0,33,000,00,2,7,21,B01
201100026763,0,07,000,00,0,0,00,A01
201100026764,0,32,000,00,2,1,00,A01
201100026764,0,32,000,00,2,4,00,B01
201100026765,0,07,000,00,2,0,00,B01
201100026765,0,07,000,00,2,5,00,A01
201100026766,0,15,000,00,2,8,11,A01
201100026766,0,33,000,00,2,6,00,B01
201100026767,0,07,000,00,2,0,00,B01
201100026767,0,07,000,00,2,1,01,A01
201100026768,0,33,000,09,0,1,13,A01
201100026769,0,07,000,00,2,1,01,B01
201100026769,0,07,000,00,2,1,01,A01
201100026770,0,07,000,05,0,0,01,A01
201100026771,0,07,000,00,2,6,01,B01
201100026771,0,07,000,00,2,1,16,A01
201100026772,0,07,000,00,2,4,01,B01
201100026772,0,33,000,00,2,1,13,A01
201100026773,0,02,000,00,2,9,01,A01
201100026773,0,07,000,00,2,6,01,B01
201100026774,0,07,000,00,1,1,01,A01
201100026775,0,07,000,00,2,3,01,A01
201100026775,0,30,000,00,2,7,00,B01
201100026776,0,07,000,00,2,1,02,E01
201100026776,0,07,000,00,2,1,02,A01
201100026776,0,07,000,00,2,4,02,C01
201100026776,0,07,000,00,2,4,02,D01
201100026776,0,07,000,00,2,4,02,B01
201100026777,0,07,000,00,2,3,15,A01
201100026777,0,07,000,00,2,6,01,B01
201100026778,0,07,000,00,2,1,01,A01
201100026778,0,15,000,00,2,6,15,C01
201100026778,0,31,000,00,2,4,01,B01
201100026779,0,07,000,00,2,4,01,B01
201100026779,0,07,000,00,2,1,01,A01
201100026780,0,33,000,00,2,7,01,A01
201100026780,0,07,000,00,2,3,15,B01
201100026781,0,01,000,00,2,0,05,A01
201100026781,0,07,000,00,2,3,09,B01
201100026782,0,07,000,00,2,4,01,C01
201100026782,0,07,000,00,2,1,01,A01
201100026782,0,07,000,00,2,1,01,B01
201100026783,0,30,000,00,0,8,00,A01
201100026784,0,07,000,00,1,1,01,A01
201100026785,1,30,000,00,1,0,01,Z01
201100026786,0,07,000,00,2,0,15,A01
201100026786,0,33,000,00,2,8,01,B01
201100026787,0,33,000,00,2,1,17,A01
201100026787,0,07,000,00,2,3,15,B01
201100026788,0,07,000,00,1,1,01,A01
201100026789,0,07,000,00,2,1,15,A01
201100026789,0,33,000,00,2,1,01,B01
201100026790,0,07,000,00,2,4,01,B01
201100026790,0,07,000,00,2,0,01,A01
201100026791,0,07,000,00,2,6,09,B01
201100026791,0,31,000,00,2,1,01,A01
201100026792,0,33,000,00,2,7,01,B01
201100026792,0,07,000,00,2,3,11,A01
201100026793,0,37,000,06,0,1,01,A01
201100026794,0,07,000,00,2,3,15,A01
201100026794,0,31,000,00,2,8,01,B01
201100026795,0,07,000,00,1,0,01,A01
201100026796,0,07,000,00,1,1,01,A01
201100026797,2,30,000,00,2,1,00,A01
201100026797,0,37,001,00,2,2,01,B01
201100026798,0,30,000,00,2,1,01,A01
201100026798,0,07,000,00,2,4,01,B01
201100026799,0,07,000,00,2,1,00,A01
201100026799,1,07,000,00,0,0,00,Z01
201100026799,0,07,000,00,2,4,00,C01
201100026799,0,07,000,00,2,4,00,B01
201100026800,0,01,000,00,2,7,00,A01
201100026800,0,40,000,00,0,1,00,B01
201100026801,0,07,000,00,1,4,04,A01
201100026802,0,07,000,00,2,1,00,A01
201100026802,0,07,000,00,2,3,00,B01
201100026803,0,33,000,00,2,1,09,A01
201100026803,0,07,000,00,2,4,01,B01
201100026804,0,07,000,00,2,6,15,A01
201100026804,0,33,000,00,2,1,13,B01
201100026805,2,32,000,00,1,1,00,A01
201100026806,0,07,000,00,2,1,00,B01
201100026806,0,07,000,00,2,7,00,A01
201100026807,0,07,000,00,2,1,00,A01
201100026807,0,01,000,00,2,4,00,B01
201100026808,0,33,000,00,2,3,01,B01
201100026808,1,07,000,00,2,0,00,Z01
201100026809,0,07,000,00,2,7,15,A01
201100026809,0,07,000,00,2,1,01,B01
201100026810,0,07,000,00,2,7,00,A01
201100026810,0,33,000,00,2,1,01,B01
201100026811,0,33,000,00,2,1,00,A01
201100026811,0,13,000,00,2,0,00,B01
201100026812,0,07,000,00,2,6,01,A01
201100026812,0,07,000,00,2,2,01,B01
201100026812,0,10,000,00,2,1,01,C01
201100026813,0,02,000,00,2,8,13,A01
201100026813,0,07,000,00,2,1,14,B01
201100026814,0,07,000,00,1,1,01,A01
201100026815,0,31,000,00,0,7,01,A01
201100026816,0,32,000,00,2,1,00,A01
201100026816,0,07,000,00,2,1,00,B01
201100026817,0,07,000,00,2,4,01,A01
201100026817,0,07,000,00,2,1,01,B01
201100026818,1,07,000,00,2,1,00,Z01
201100026818,0,30,000,00,2,4,00,A01
201100026819,0,07,000,00,2,1,00,A01
201100026819,0,07,000,00,2,8,00,B01
201100026820,0,07,000,00,2,1,01,B01
201100026820,0,07,000,00,2,3,15,A01
201100026821,0,07,000,00,2,1,01,B01
201100026821,0,07,000,00,2,2,12,A01
201100026822,0,01,000,00,2,1,00,A01
201100026822,0,07,000,00,0,3,01,B01
201100026823,0,32,000,00,2,8,00,B01
201100026823,0,07,000,00,2,8,00,A01
201100026824,0,02,000,00,2,1,01,A01
201100026824,0,07,000,00,2,3,01,B01
201100026825,0,10,000,00,2,1,00,A01
201100026825,0,07,000,00,2,4,00,B01
201100026826,0,33,000,00,2,1,01,B01
201100026826,0,07,000,00,2,3,10,A01
201100026827,1,07,000,00,0,0,00,D01
201100026827,0,07,000,00,2,7,01,B01
201100026827,0,07,000,03,2,2,01,A01
201100026827,1,07,000,00,0,0,00,C01
201100026828,0,07,000,00,2,1,01,A01
201100026828,0,07,000,00,2,7,01,B01
201100026829,0,07,000,00,2,3,00,B01
201100026829,0,07,000,00,2,1,00,A01
201100026830,0,13,000,00,2,3,09,A01
201100026830,0,07,000,00,2,4,01,B01
201100026831,0,32,000,00,2,8,01,B01
201100026831,0,07,000,00,2,3,15,A01
201100026832,0,35,000,15,0,0,00,A01
201100026833,0,07,000,00,2,2,15,A01
201100026833,0,01,000,00,2,1,00,B01
201100026834,0,37,001,00,1,1,01,A01
201100026835,0,32,000,00,2,3,01,A01
201100026835,1,07,000,00,2,5,17,Z01
201100026836,0,01,000,00,2,2,00,A01
201100026836,0,30,000,00,0,1,00,B01
201100026837,0,33,000,00,2,8,03,A01
201100026837,0,07,000,00,2,2,12,B01
201100026838,0,07,000,00,0,4,00,B01
201100026838,0,30,000,00,2,1,00,A01
201100026839,0,31,000,00,2,1,00,B01
201100026839,0,07,000,00,1,1,00,A01
201100026840,0,07,000,00,2,9,01,B01