Num_Acc,senc,catv,occutc,obs,obsm,choc,manv,num_veh
201100027193,0,07,000,00,1,1,11,A01
201100027194,1,07,000,00,1,0,00,A01
201100027195,0,33,000,00,2,1,01,B01
201100027195,0,07,000,00,2,3,11,A01
201100027196,0,02,000,08,0,1,00,A01
201100027197,0,07,000,00,2,2,01,A01
201100027197,0,07,000,00,2,3,01,B01
201100027198,0,37,001,00,0,1,01,B01
201100027198,0,07,000,00,2,3,09,A01
201100027199,0,07,000,00,2,1,02,A01
201100027199,0,33,000,00,0,4,16,B01
201100027200,0,07,000,00,2,1,15,A01
201100027200,0,30,000,00,2,1,01,B01
201100027201,0,07,000,00,2,2,09,A01
201100027201,0,31,000,00,2,8,00,B01
201100027202,0,40,000,00,2,2,01,B01
201100027202,0,32,000,00,4,3,19,A01
201100027203,0,07,000,00,2,1,01,B01
201100027203,0,07,000,00,2,8,15,A01
201100027204,0,07,000,00,2,2,15,A01
201100027204,0,02,000,00,2,1,01,B01
201100027205,0,07,000,00,2,7,01,B01
201100027205,0,07,000,00,2,1,01,A01
201100027206,0,07,000,00,0,4,01,B01
201100027206,0,07,000,00,2,1,02,A01
201100027207,0,07,000,00,1,1,01,A01
201100027208,0,07,000,00,1,1,01,A01
201100027209,0,14,000,00,2,1,02,A01
201100027209,0,07,000,00,0,4,23,B01
201100027210,0,07,000,00,2,1,15,B01
201100027210,0,07,000,00,2,1,16,A01
201100027211,0,33,000,00,2,1,01,A01
201100027211,0,07,000,00,0,4,23,B01
201100027212,0,33,000,00,1,1,16,A01
201100027213,0,07,000,00,1,1,15,A01
201100027214,0,37,002,00,2,2,01,B01
201100027214,0,07,000,00,2,1,01,A01
201100027215,0,07,000,00,2,1,15,A01
201100027215,0,01,000,00,2,0,01,B01
201100027216,0,30,000,00,0,2,00,A01
201100027217,0,07,000,00,0,7,15,B01
201100027217,0,01,000,00,2,1,07,A01
201100027218,0,07,000,00,0,4,02,B01
201100027218,0,31,000,00,2,1,02,A01
201100027219,0,07,000,00,2,1,01,A01
201100027219,0,01,000,00,2,5,01,B01
201100027220,0,07,000,00,1,1,13,A01
201100027221,0,07,000,00,1,1,15,A01
201100027222,0,07,000,01,0,1,14,A01
201100027223,0,37,001,00,1,2,16,A01
201100027224,0,07,000,01,0,1,01,A01
201100027225,0,07,000,00,1,0,01,A01
201100027226,0,01,000,00,4,2,01,A01
201100027226,0,40,000,00,2,3,01,B01
201100027227,0,07,000,00,2,6,01,B01
201100027227,0,07,000,00,2,1,01,A01
201100027228,0,07,000,00,2,1,01,A01
201100027228,0,07,000,00,0,2,01,B01
201100027229,0,07,000,00,2,7,01,A01
201100027229,1,07,000,00,2,1,14,B01
201100027230,0,07,000,00,1,2,01,A01
201100027231,0,37,010,00,1,0,01,A01
201100027232,0,33,000,00,1,2,01,A01
201100027233,0,07,000,00,2,1,02,A01
201100027233,0,14,000,00,0,5,02,B01
201100027234,0,30,000,00,2,1,02,A01
201100027234,0,07,000,00,0,5,02,B01
201100027235,0,30,000,00,2,1,01,B01
201100027235,0,07,000,00,0,6,01,A01
201100027236,0,30,000,00,0,1,01,A01
201100027237,0,07,000,00,2,3,01,A01
201100027237,0,33,000,00,2,2,01,B01
201100027238,0,10,000,00,0,8,01,B01
201100027238,0,10,000,00,2,1,01,A01
201100027239,0,02,000,00,0,1,01,B01
201100027239,0,07,000,00,2,2,15,A01
201100027240,0,07,000,00,1,3,01,A01
201100027241,0,07,000,00,0,8,01,B01
201100027241,0,30,000,00,2,2,01,A01
201100027242,0,07,000,00,1,3,01,A01
201100027243,0,07,000,00,0,4,02,B01
201100027243,0,07,000,00,2,1,02,A01
201100027244,0,10,000,00,2,1,02,A01
201100027244,0,07,000,00,0,4,02,B01
201100027245,0,14,000,01,2,4,04,A01
201100027245,0,30,000,00,0,1,24,B01
201100027246,0,07,000,04,1,4,04,A01
201100027247,1,07,000,01,0,3,00,Z01
201100027247,0,02,000,00,0,0,01,B01
201100027248,0,33,000,00,0,7,01,A01
201100027248,0,07,000,00,2,1,00,B01
201100027249,0,01,000,00,2,4,02,B01
201100027249,1,07,000,00,2,1,02,Z01
201100027250,0,33,000,00,0,1,01,B01
201100027250,0,10,000,00,2,3,15,A01
201100027251,0,07,000,00,0,0,16,A01
201100027251,0,01,000,00,0,0,01,B01
201100027252,0,07,000,00,2,1,01,A01
201100027252,0,10,000,01,0,8,01,B01
201100027253,0,10,000,00,0,5,14,A01
201100027253,0,33,000,00,2,3,01,B01
201100027254,0,02,000,00,2,1,01,A01
201100027254,0,07,000,00,0,5,16,B01
201100027255,0,07,000,00,1,1,15,A01
201100027256,0,07,000,00,2,1,01,A01
201100027256,0,07,000,00,2,4,01,B01
201100027257,0,07,000,01,2,1,09,A01
201100027257,0,07,000,00,2,7,01,B01
201100027258,0,07,000,00,0,3,16,B01
201100027258,0,01,000,00,2,1,00,A01
201100027259,0,07,000,01,0,2,01,A01
201100027260,0,07,000,00,2,2,15,A01
201100027260,0,33,000,00,0,8,18,B01
201100027261,0,07,000,00,0,4,01,B01
201100027261,0,07,000,00,0,5,01,C01
201100027261,2,07,000,00,2,1,09,A01
201100027262,0,07,000,00,1,2,01,A01
201100027263,0,40,000,08,2,2,01,B01
201100027263,0,10,000,00,4,3,01,A01
201100027264,0,07,000,00,0,7,15,A01
201100027264,0,02,000,00,2,1,01,B01
201100027265,0,02,000,00,2,1,01,A01
201100027265,0,07,000,00,2,2,16,B01
201100027266,0,01,000,00,2,1,19,A01
201100027266,0,07,000,00,0,3,01,B01
201100027267,0,31,000,00,1,3,01,A01
201100027268,0,07,000,00,2,5,01,A01
201100027268,0,10,000,00,2,3,01,B01
201100027269,0,01,000,00,2,1,01,A01
201100027270,0,34,000,00,2,1,01,B01
201100027270,0,07,000,00,0,3,09,A01
201100027271,0,14,000,00,2,1,01,B01
201100027271,0,07,000,00,2,1,13,A01
201100027272,0,07,000,07,0,2,16,A01
201100027273,2,07,000,15,2,2,00,Z01
201100027273,0,31,000,00,2,1,00,B01
201100027274,0,07,000,00,2,2,01,B01
201100027274,0,02,000,00,0,3,01,A01
201100027275,0,07,000,00,1,1,15,A01
201100027276,0,07,000,00,0,8,09,A01
201100027276,0,30,000,00,2,7,00,B01
201100027277,0,07,000,00,0,8,01,B01
201100027277,0,02,000,00,2,1,01,A01
201100027278,0,07,000,00,0,1,03,A01
201100027279,0,07,000,00,1,3,01,A01
201100027280,0,31,000,00,2,1,01,B01
201100027280,0,07,000,00,0,2,01,A01
201100027281,0,14,000,00,0,0,01,B01
201100027281,0,02,000,00,2,0,02,A01
201100027282,0,07,000,00,0,3,01,A01
201100027282,0,01,000,00,2,1,01,B01
201100027283,0,07,000,00,0,3,09,A01
201100027283,0,07,000,00,2,1,01,B01
201100027284,0,07,000,00,0,8,23,A01
201100027284,0,01,000,00,2,1,01,B01
201100027285,0,07,000,00,2,1,01,A01
201100027285,0,07,000,00,2,1,15,B01
201100027286,0,07,000,00,1,2,01,A01
201100027287,0,07,000,00,2,3,15,B01
201100027287,0,07,000,00,2,3,01,A01
201100027288,0,30,000,00,2,1,02,A01
201100027288,0,07,000,00,0,4,02,B01
201100027289,0,30,000,15,0,1,00,A01
201100027290,0,07,000,00,1,7,01,A01
201100027291,0,07,000,00,2,1,01,B01
201100027291,0,07,000,00,2,1,13,A01
201100027292,0,07,000,00,2,1,02,A01
201100027292,0,07,000,00,0,4,02,C01
201100027292,0,07,000,00,2,1,02,B01
201100027293,0,33,000,00,2,2,01,B01
201100027293,0,07,000,00,0,1,09,A01
201100027294,0,07,000,00,2,1,15,A01
201100027294,0,33,000,00,2,1,01,B01
201100027295,0,33,000,00,0,0,00,B01
201100027295,0,07,000,00,0,8,15,A01
201100027296,0,32,000,00,2,1,01,A01
201100027296,0,07,000,00,0,4,02,B01
201100027297,0,07,000,00,0,4,02,C01
201100027297,0,07,000,00,2,4,02,B01
201100027297,0,07,000,00,2,1,02,A01
201100027298,0,07,000,00,2,1,01,B01
201100027298,0,07,000,00,2,1,01,A01
201100027299,0,01,000,00,1,1,01,A01
201100027300,0,07,000,00,0,6,15,B01
201100027300,0,07,000,00,2,1,01,A01
201100027301,0,14,000,00,2,1,02,A01
201100027301,0,07,000,00,2,4,02,C01
201100027301,0,07,000,00,0,4,02,B01
201100027302,0,40,000,00,0,2,01,A01
201100027303,0,07,000,00,2,1,01,B01
201100027303,0,07,000,00,2,1,01,A01
201100027304,0,07,000,00,2,4,01,B01
201100027304,0,07,000,00,2,1,01,A01
201100027305,0,07,000,00,1,1,15,A01
201100027306,0,07,000,00,2,4,01,B01
201100027306,0,10,000,00,2,1,01,A01
201100027307,0,07,000,00,2,7,01,A01
201100027307,0,01,000,00,2,0,01,B01
201100027308,0,07,000,00,2,1,01,B01
201100027308,0,07,000,00,0,5,15,A01
201100027309,0,07,000,00,0,4,02,C01
201100027309,0,10,000,00,2,1,02,A01
201100027309,0,07,000,00,2,4,02,B01
201100027310,0,07,000,00,2,0,01,B01
201100027310,0,07,000,00,2,0,01,A01
201100027311,0,07,000,00,2,3,09,A01
201100027311,0,33,000,00,2,1,01,B01
201100027312,0,07,000,00,2,1,10,A01
201100027312,0,32,000,00,2,1,01,B01
201100027313,0,07,000,00,2,1,01,A01
201100027313,0,02,000,00,2,8,01,B01
201100027314,0,07,000,00,0,4,02,B01
201100027314,0,07,000,00,2,1,02,A01
201100027315,0,33,000,00,2,1,01,B01
201100027315,0,15,000,00,2,8,16,A01
201100027316,0,31,000,00,1,7,01,A01
201100027317,0,10,000,00,2,1,01,B01
201100027317,0,07,000,00,2,4,01,C01
201100027317,0,07,000,00,2,1,01,A01
201100027318,0,07,000,00,2,5,01,B01
201100027318,0,30,000,00,2,1,13,A01
201100027319,0,31,000,00,2,1,01,B01
201100027319,0,07,000,00,2,2,15,A01
201100027320,0,31,000,00,1,1,01,A01
201100027321,0,07,000,00,2,7,16,A01
201100027321,0,30,000,00,2,1,01,B01
201100027322,0,07,000,00,0,3,15,A01
201100027322,0,30,000,00,2,3,01,B01
201100027323,0,07,000,00,1,3,15,A01
201100027324,0,30,000,00,2,1,02,A01
201100027324,0,10,000,00,0,5,02,B01
201100027325,0,07,000,00,0,4,02,B01
201100027325,0,07,000,00,0,3,24,C01
201100027325,0,01,000,00,2,1,01,A01
201100027326,0,33,000,00,0,8,01,B01
201100027326,0,07,000,00,2,3,15,A01
201100027327,0,31,000,00,2,1,16,A01
201100027327,0,07,000,00,2,6,01,B01
201100027328,0,07,000,00,0,2,01,A01
201100027329,0,07,000,00,0,1,01,B01
201100027329,0,07,000,00,2,1,01,A01
201100027330,0,07,000,00,1,3,15,A01
201100027331,0,10,000,00,1,1,15,A01
201100027332,0,07,000,00,2,2,16,A01
201100027332,0,02,000,00,2,3,01,B01
201100027333,0,07,000,00,2,1,01,B01
201100027333,0,07,000,00,1,2,01,A01
201100027334,0,33,000,00,2,1,17,A01
201100027334,0,07,000,00,2,0,16,B01
201100027335,0,07,000,00,2,2,01,A01
201100027335,0,01,000,00,2,1,01,B01
201100027336,0,31,000,14,0,2,01,B01
201100027336,0,10,000,00,9,2,22,A01
201100027337,0,32,000,00,1,1,01,A01
201100027338,0,31,000,00,1,9,01,A01
201100027339,0,07,000,00,2,0,16,B01
201100027339,0,02,000,00,2,7,01,A01
201100027340,0,30,000,01,0,1,00,A01
201100027341,0,07,000,00,1,1,01,A01
201100027342,0,07,000,00,2,2,01,A01
201100027342,0,07,000,00,2,3,01,B01
201100027343,0,02,000,00,0,0,01,A01
201100027344,0,07,000,00,1,1,01,A01
201100027345,0,07,000,14,0,7,01,A01
201100027346,0,07,000,10,0,1,14,A01
201100027347,0,30,000,00,2,3,01,B01
201100027347,0,07,000,00,0,1,15,A01
201100027348,0,30,000,00,2,3,01,A01
201100027348,1,07,000,00,0,8,15,Z01
201100027349,0,30,000,14,0,1,01,A01
201100027350,0,07,000,00,2,2,10,A01
201100027350,0,01,000,00,2,1,01,B01
201100027351,0,31,000,00,0,3,01,A01
201100027351,0,07,000,00,0,7,16,B01
201100027352,0,01,000,00,0,7,01,A01
201100027352,0,07,000,00,2,2,01,B01
201100027353,0,30,000,00,2,1,01,A01
201100027353,0,07,000,00,0,2,18,B01
201100027354,0,07,000,00,0,2,01,A01
201100027355,0,07,000,00,2,1,01,B01
201100027355,0,10,000,00,2,4,01,C01
201100027355,0,07,000,00,2,1,01,A01
201100027356,0,33,000,00,1,7,01,A01
201100027357,0,01,000,00,2,1,01,B01
201100027357,0,07,000,00,0,2,15,A01
201100027358,0,07,000,00,0,8,09,A01
201100027358,0,33,000,00,2,9,01,B01
201100027359,0,07,000,00,2,1,01,A01
201100027359,0,07,000,00,2,2,01,B01
201100027360,1,07,000,00,2,1,01,Z01
201100027360,0,07,000,05,2,2,01,B01
201100027361,0,07,000,00,0,8,10,A01
201100027361,0,07,000,00,2,1,02,B01
201100027362,0,33,000,00,2,8,01,B01
201100027362,0,07,000,00,2,4,13,A01
201100027363,0,07,000,00,2,3,15,A01
201100027363,0,02,000,00,2,7,01,B01
201100027364,0,02,000,00,2,1,01,A01
201100027364,0,10,000,00,0,7,16,B01
201100027365,0,07,000,15,0,2,15,A01
201100027366,0,07,000,00,2,3,15,A01
201100027366,0,30,000,00,2,1,01,B01
201100027367,0,40,000,00,1,1,01,A01
201100027368,0,07,000,00,0,8,01,B01
201100027368,0,07,000,00,2,1,15,A01
201100027369,0,07,000,00,1,4,01,A01
201100027370,0,01,000,00,2,0,01,A01
201100027370,0,07,000,00,2,1,16,B01
201100027371,0,10,000,00,0,4,02,B01
201100027371,0,07,000,00,2,1,01,A01
201100027372,0,07,000,00,0,5,01,B01
201100027372,0,07,000,00,2,1,09,A01
201100027373,0,07,000,00,1,1,01,A01
201100027374,0,07,000,00,2,1,15,A01
201100027374,0,01,000,00,2,0,01,B01
201100027375,0,07,000,00,2,1,01,A01
201100027375,0,07,000,00,0,8,01,B01
201100027376,0,07,000,00,2,1,01,A01
201100027377,0,07,000,00,1,3,01,A01
201100027378,0,07,000,00,1,1,15,A01
201100027379,0,07,000,00,2,5,02,B01
201100027379,0,32,000,00,2,1,02,A01
201100027380,0,07,000,00,2,1,16,B01
201100027380,0,07,000,00,2,1,16,A01
201100027381,0,02,000,01,2,1,01,A01
201100027381,0,10,000,00,0,2,16,B01
201100027382,0,07,000,00,2,8,16,A01
201100027382,0,02,000,00,2,1,01,B01
201100027383,0,40,000,00,1,1,01,A01
201100027384,0,07,000,04,0,3,01,A01
201100027385,0,07,000,00,2,1,01,A01
201100027385,0,07,000,00,2,4,01,B01
201100027386,0,07,000,00,2,1,00,A01
201100027386,0,07,000,00,0,3,16,B01
201100027387,0,07,000,00,0,4,02,B01
201100027387,0,02,000,01,2,1,02,A01
201100027388,0,07,000,00,2,1,15,B01
201100027388,0,37,000,00,2,1,15,A01
201100027389,0,07,000,00,2,5,01,A01
201100027389,0,07,000,00,2,1,01,B01
201100027390,0,07,000,00,2,8,22,A01
201100027390,0,01,000,01,0,0,02,B01
201100027391,0,07,000,00,2,4,15,B01
201100027391,0,99,000,00,0,8,01,C01
201100027391,0,10,000,00,2,1,01,A01
201100027392,0,07,000,03,2,1,01,A01
201100027393,0,07,000,00,1,1,01,A01
201100027394,0,33,000,00,2,7,01,A01
201100027394,0,07,000,00,2,1,09,B01
201100027395,0,10,000,00,2,1,09,A01
201100027395,0,01,000,00,2,4,01,B01
201100027396,0,07,000,00,2,1,15,A01
201100027396,0,07,000,00,2,1,01,B01
201100027397,0,07,000,00,2,3,10,A01
201100027397,0,34,000,00,2,3,17,B01
201100027398,0,07,000,00,2,1,01,B01
201100027398,0,07,000,00,2,8,05,A01
201100027399,0,07,000,00,2,1,09,A01
201100027399,0,02,000,00,2,1,01,B01
201100027400,0,01,000,00,2,0,01,B01
201100027400,0,07,000,00,2,1,22,A01
201100027401,0,02,000,00,2,1,01,B01
201100027401,0,07,000,00,2,1,15,A01
201100027402,0,01,000,00,0,3,19,B01
201100027402,1,07,000,00,2,1,01,Z01
201100027403,0,07,000,00,1,2,01,A01
201100027404,0,30,000,00,1,5,01,A01
201100027405,0,07,000,00,2,1,01,A01
201100027405,0,10,000,00,0,3,01,B01
201100027406,0,30,000,00,2,1,01,A01
201100027406,0,07,000,00,0,8,16,B01
201100027407,0,07,000,00,2,2,17,A01
201100027407,0,01,000,00,0,4,15,B01
201100027408,0,07,000,00,2,1,01,B01
201100027408,0,07,000,00,0,1,15,A01
201100027409,0,40,000,00,2,1,01,B01
201100027409,0,01,000,00,4,9,13,A01
201100027410,0,02,000,00,2,3,01,A01
201100027410,1,10,000,00,2,5,02,Z01
201100027411,0,07,000,00,1,0,09,A01
201100027412,0,07,000,00,2,1,15,A01
201100027412,0,07,000,00,2,1,10,B01
201100027413,0,02,000,00,2,1,15,B01
201100027413,0,07,000,00,2,2,01,A01
201100027414,0,07,000,06,0,1,01,A01
201100027415,0,31,000,00,0,1,00,A01
201100027416,0,07,000,01,0,3,01,A01
201100027417,0,07,000,00,2,1,01,B01
201100027417,0,07,000,00,2,1,15,A01
201100027418,0,07,000,00,2,1,01,A01
201100027419,0,37,000,00,2,1,01,B01
201100027419,0,07,000,00,2,2,16,A01
201100027420,0,07,000,00,2,5,16,A01
201100027420,0,01,000,00,2,1,19,B01
201100027421,0,07,000,00,2,1,15,A01
201100027421,0,31,000,00,2,5,01,B01
201100027422,0,07,000,00,2,1,15,A01
201100027422,0,99,000,00,0,0,00,B01
201100027423,0,07,000,00,1,8,01,A01
201100027424,0,10,000,00,2,1,01,A01
201100027425,0,07,000,00,1,2,15,A01
201100027426,0,07,000,00,2,1,15,A01
201100027426,0,32,000,00,2,1,01,B01
201100027427,0,07,000,00,2,6,01,B01
201100027427,0,07,000,00,0,6,01,C01
201100027427,0,07,000,00,2,5,01,A01
201100027428,0,07,000,00,2,4,01,A01
201100027428,0,07,000,00,2,1,01,B01
201100027429,0,07,000,00,1,1,01,A01
201100027430,0,40,000,00,2,1,01,B01
201100027430,0,07,000,00,0,7,01,A01
201100027431,0,07,000,00,2,1,09,A01
201100027431,0,33,000,00,2,2,01,B01
201100027432,0,07,000,00,2,1,01,B01
201100027432,0,07,000,00,2,1,00,A01
201100027433,0,01,000,00,0,0,00,A01
201100027434,0,07,000,00,2,3,00,C01
201100027434,0,07,000,00,2,3,00,A01
201100027434,0,07,000,00,2,1,00,B01
201100027435,0,07,000,00,1,2,01,A01
201100027436,0,07,000,00,1,3,01,A01
201100027437,0,37,000,00,2,4,01,B01
201100027437,0,07,000,00,2,1,13,A01
201100027438,1,07,000,00,2,0,16,A01
201100027438,0,30,000,00,2,8,01,B01
201100027439,0,10,000,00,2,1,01,A01
201100027439,0,07,000,00,0,4,01,B01
201100027439,0,07,000,00,2,1,01,C01
201100027440,0,07,000,00,2,3,15,B01
201100027440,0,07,000,00,2,3,15,A01
201100027441,0,07,000,00,1,1,16,A01
201100027442,0,02,000,00,2,7,00,A01
201100027443,0,07,000,01,2,1,01,A01
201100027444,0,31,000,00,2,4,01,B01
201100027444,0,07,000,00,2,1,01,A01
201100027445,0,30,000,00,2,2,01,B01
201100027446,0,07,000,00,2,7,14,B01
201100027446,0,30,000,00,2,0,01,A01
201100027447,0,07,000,00,2,3,01,B01
201100027447,0,30,000,00,2,0,19,A01
201100027448,0,07,000,00,2,2,15,A01
201100027448,0,07,000,00,2,1,01,B01
201100027449,0,30,000,00,2,1,01,A01
201100027449,0,07,000,00,2,4,14,B01
201100027450,0,07,000,00,2,1,15,A01
201100027450,0,02,000,00,2,1,01,B01
201100027451,0,17,000,00,2,0,16,A01
201100027451,0,01,000,00,2,4,01,B01
201100027452,0,33,000,00,2,1,01,A01
201100027452,0,10,000,00,2,1,15,B01
201100027453,0,07,000,00,2,1,01,A01
201100027453,0,30,000,00,2,4,01,B01
201100027454,0,07,000,00,2,2,01,A01
201100027454,0,01,000,00,2,1,01,B01
201100027455,0,07,000,00,0,7,01,B01
201100027455,0,02,000,00,2,1,01,A01
201100027456,0,14,000,08,0,7,01,A01
201100027457,0,07,000,00,2,4,15,B01
201100027457,0,07,000,00,2,1,01,A01
201100027458,0,07,000,00,2,1,10,A01
201100027458,0,31,000,00,2,7,01,B01
201100027459,0,07,000,00,2,1,01,A01
201100027459,0,07,000,00,2,1,01,B01
201100027460,0,02,000,00,2,1,01,A01
201100027461,0,07,000,00,0,8,15,B01
201100027461,0,30,000,00,2,1,01,A01
201100027462,0,40,000,00,1,2,01,A01
201100027463,0,07,000,00,2,0,01,A01
201100027463,0,30,000,00,0,2,01,B01
201100027464,0,33,000,00,2,8,01,B01
201100027464,0,07,000,00,2,6,11,A01
201100027465,0,02,000,06,0,1,01,A01
201100027466,0,01,000,00,2,7,01,B01
201100027466,0,07,000,00,2,1,01,A01
201100027467,0,31,000,00,2,7,01,B01
201100027467,0,07,000,00,2,2,15,A01
201100027468,0,07,000,08,0,1,01,A01
201100027469,0,01,000,00,2,1,01,A01
201100027469,0,37,000,00,2,4,01,B01
201100027470,0,07,000,08,0,1,13,A01
201100027471,0,30,000,00,2,0,01,A01
201100027471,0,07,000,00,2,3,09,B01
201100027472,0,07,000,00,2,1,01,B01
201100027472,0,07,000,00,2,1,00,A01
201100027473,0,33,000,00,2,3,01,B01
201100027473,0,07,000,00,2,3,01,A01
201100027474,0,07,000,00,0,6,01,B01
201100027474,0,01,000,00,2,1,15,A01
201100027475,0,33,000,00,0,0,15,A01
201100027476,0,30,000,00,0,0,00,A01
201100027477,0,07,000,01,0,3,01,A01
201100027478,0,07,000,00,2,2,12,A01
201100027478,0,02,000,00,2,7,01,B01
201100027478,0,07,000,00,2,8,01,C01
201100027479,0,02,000,00,2,9,01,A01
201100027479,0,13,000,00,2,1,01,B01
201100027480,0,33,000,00,2,1,01,B01
201100027480,0,07,000,00,0,6,01,C01
201100027480,0,07,000,00,2,1,01,A01
201100027481,0,02,000,00,2,1,01,A01
201100027481,0,07,000,00,2,2,09,B01
201100027482,0,02,000,00,0,7,01,A01
201100027483,0,07,000,00,0,4,01,C01
201100027483,0,07,000,00,2,1,18,A01
201100027483,0,07,000,00,2,1,15,B01
201100027484,0,33,000,00,1,0,01,A01
201100027485,0,34,000,00,2,2,01,B01
201100027485,0,07,000,00,2,1,15,A01
201100027486,0,30,000,00,2,2,01,A01
201100027486,1,07,000,00,2,8,00,Z01
201100027487,0,07,000,07,0,3,13,A01
201100027487,0,07,000,00,2,1,01,B01
201100027488,0,07,000,00,2,1,02,A01
201100027488,0,01,000,00,0,1,01,B01
201100027489,0,07,000,00,2,3,01,B01
201100027489,0,01,000,00,2,1,01,A01
201100027490,0,02,000,00,2,1,02,A01
201100027490,0,10,000,00,0,4,02,B01
201100027491,0,30,000,01,0,1,01,B01
201100027491,0,07,000,00,0,3,24,A01
201100027492,0,07,000,00,1,1,01,A01
201100027493,0,02,000,01,0,3,00,A01
201100027494,0,07,000,00,2,8,09,B01
201100027494,0,07,000,00,2,1,01,A01
201100027495,0,07,000,00,2,3,01,B01
201100027495,0,33,000,00,2,7,16,A01
201100027496,0,07,000,00,2,0,15,A01
201100027496,0,31,000,00,2,0,01,B01
201100027497,0,07,000,00,2,1,01,A01
201100027497,0,07,000,00,1,4,23,B01
201100027498,0,33,000,00,0,7,14,A01
201100027499,0,07,000,00,2,1,15,A01
201100027499,0,33,000,00,2,1,01,B01
201100027500,0,07,000,00,2,5,16,A01
201100027500,0,01,000,00,2,1,01,B01
201100027501,0,07,000,00,2,1,01,A01
201100027501,0,07,000,00,0,4,01,B01
201100027502,0,07,000,00,4,3,15,A01
201100027502,0,40,000,00,2,1,01,B01
201100027503,0,30,000,00,2,1,01,A01
201100027503,0,07,000,00,2,4,01,B01
201100027504,0,07,000,00,2,3,15,A01
201100027504,0,31,000,00,2,1,01,B01
201100027505,0,07,000,00,1,1,01,A01
201100027506,0,07,000,00,0,4,02,C01
201100027506,0,07,000,00,2,1,02,A01
201100027506,0,07,000,00,2,1,02,B01
201100027507,0,07,000,00,2,1,02,A01
201100027507,0,07,000,00,0,4,02,C01
201100027507,0,07,000,00,2,1,02,B01
201100027508,0,07,000,00,2,3,01,A01
201100027508,0,31,000,00,2,2,01,B01
201100027509,0,07,000,00,0,0,00,A01
201100027509,0,34,000,00,0,0,00,B01
201100027510,0,07,000,00,2,1,01,B01
201100027510,0,07,000,00,0,8,01,A01
201100027511,0,30,000,00,2,7,01,B01
201100027511,0,07,000,00,2,8,15,A01
201100027512,0,10,000,00,2,1,01,A01
201100027512,0,07,000,00,0,4,01,B01
201100027513,0,33,000,00,1,1,18,A01
201100027513,0,07,000,00,2,4,00,B01
201100027514,0,01,000,00,0,0,00,A01
201100027515,0,07,000,00,2,2,01,B01
201100027515,0,02,000,00,2,1,01,A01
201100027516,0,07,000,00,2,1,15,A01
201100027516,0,33,000,00,2,1,01,B01
201100027517,0,33,000,00,0,5,01,A01
201100027518,0,07,000,00,2,0,05,A01
201100027518,0,07,000,00,2,1,15,B01
201100027519,0,01,000,00,2,1,01,B01
201100027519,0,07,000,00,2,1,15,A01
201100027520,0,07,000,00,2,1,16,A01
201100027520,0,07,000,00,2,1,01,B01
201100027521,0,02,000,00,2,1,14,B01
201100027521,0,07,000,00,2,3,01,A01
201100027522,0,02,000,00,2,1,01,A01
201100027522,0,07,000,00,2,1,01,B01
201100027523,0,07,000,00,2,1,01,A01
201100027524,0,07,000,00,1,1,15,A01
201100027525,0,07,000,00,2,2,02,A01
201100027525,0,02,000,00,2,4,23,B01
201100027526,0,07,000,00,0,4,02,B01
201100027526,0,07,000,00,2,1,02,A01
201100027526,0,07,000,01,0,4,02,C01
201100027526,0,07,000,00,0,4,02,D01
201100027527,0,07,000,00,2,1,15,B01
201100027527,0,02,000,00,2,1,01,A01
201100027528,0,07,000,14,0,1,01,A01
201100027529,0,07,000,00,2,1,01,B01
201100027529,0,33,000,00,2,9,01,A01
201100027530,0,02,000,00,0,0,00,A01
201100027531,0,32,000,00,2,1,02,A01
201100027531,0,07,000,00,0,4,01,C01
201100027531,0,07,000,00,0,4,11,B01
201100027532,0,07,000,06,0,1,00,A01
201100027533,0,07,000,00,2,1,15,A01
201100027533,0,30,000,00,2,1,01,B01
201100027534,0,07,000,00,2,3,01,B01
201100027534,0,07,000,00,0,2,01,A01
201100027535,0,07,000,00,0,1,13,A01
201100027535,0,02,000,00,2,1,01,B01
201100027536,0,07,000,00,2,5,01,A01
201100027536,0,02,000,00,2,1,15,B01
201100027537,0,31,000,00,2,7,01,B01
201100027537,0,07,000,00,2,3,13,A01
201100027538,0,40,000,00,1,1,01,A01
201100027539,0,07,000,00,2,8,02,A01
201100027539,0,02,000,00,2,1,02,B01
201100027540,0,33,000,00,2,3,01,A01
201100027540,0,01,000,00,0,4,09,B01
201100027541,0,01,000,00,0,2,01,A01
201100027541,0,07,000,00,2,1,01,B01
201100027542,0,30,000,15,0,1,01,A01
201100027543,0,07,000,00,2,1,05,A01
201100027543,0,01,000,00,2,1,01,B01
201100027544,0,07,000,06,0,8,00,A01
201100027545,0,33,000,00,2,1,01,B01
201100027545,0,07,000,00,2,8,10,A01
201100027546,1,07,000,00,1,0,01,Z01
201100027547,0,07,000,00,0,8,23,A01
201100027547,0,01,000,01,2,1,01,B01
201100027548,0,40,000,00,0,2,01,B01
201100027548,0,07,000,00,4,3,13,A01
201100027549,0,40,000,00,2,8,01,B01
201100027549,0,10,000,00,2,1,01,A01
201100027550,0,07,000,00,2,1,01,B01
201100027550,0,07,000,00,2,1,01,A01
201100027551,0,07,000,00,2,4,23,B01
201100027551,0,07,000,00,0,4,23,C01
201100027551,0,07,000,00,2,1,01,A01
201100027552,0,07,000,00,2,3,15,A01