Num_Acc,senc,catv,occutc,obs,obsm,choc,manv,num_veh
201100027552,0,32,000,00,0,3,01,B01
201100027553,0,07,000,01,0,2,14,A01
201100027554,0,30,000,00,2,1,01,B01
201100027554,0,07,000,00,0,8,15,A01
201100027555,0,33,000,00,2,1,01,B01
201100027555,0,10,000,00,0,8,10,A01
201100027556,0,07,000,00,0,0,16,B01
201100027556,0,10,000,00,2,1,01,A01
201100027557,0,07,000,01,0,7,01,A01
201100027557,0,07,000,00,2,0,01,B01
201100027558,0,07,000,00,1,4,04,A01
201100027559,0,01,000,00,2,1,01,B01
201100027559,0,33,000,00,2,1,13,A01
201100027560,0,07,000,00,2,1,01,C01
201100027560,0,07,000,00,2,3,13,A01
201100027560,0,07,000,01,2,1,01,B01
201100027561,0,10,000,00,2,1,01,A01
201100027561,0,10,000,00,2,8,01,B01
201100027562,0,07,000,00,2,3,01,A01
201100027562,0,07,000,00,0,5,01,B01
201100027563,0,02,000,00,2,1,01,A01
201100027563,0,37,001,00,2,0,01,B01
201100027564,0,10,000,00,2,7,15,A01
201100027564,0,32,000,00,2,2,01,B01
201100027565,0,07,000,06,0,1,00,A01
201100027566,0,33,000,00,2,1,01,A01
201100027566,0,01,000,00,2,8,01,B01
201100027567,0,32,000,00,2,3,01,B01
201100027567,0,07,000,00,0,8,01,C01
201100027567,0,02,000,00,2,1,01,A01
201100027568,0,30,000,00,2,1,01,B01
201100027569,0,07,000,00,2,1,01,A01
201100027569,0,01,000,00,0,0,19,B01
201100027570,0,07,000,00,2,3,01,B01
201100027570,0,07,000,00,2,3,13,A01
201100027571,0,07,000,00,2,2,15,A01
201100027571,0,01,000,00,2,0,01,B01
201100027572,0,07,000,00,0,0,15,A01
201100027572,0,30,000,00,2,7,01,B01
201100027573,0,07,000,00,1,3,01,A01
201100027574,0,07,000,00,2,1,01,B01
201100027574,0,07,000,00,0,7,01,A01
201100027575,0,32,000,00,2,8,02,A01
201100027575,0,14,000,00,0,4,02,B01
201100027576,0,01,000,00,1,0,02,C01
201100027576,0,01,000,00,0,0,02,A01
201100027576,0,01,000,00,2,1,02,B01
201100027577,0,30,000,00,0,0,01,B01
201100027577,0,07,000,00,2,3,16,A01
201100027578,0,07,000,00,2,7,16,A01
201100027578,0,32,000,00,2,8,01,B01
201100027579,0,10,000,00,2,1,01,A01
201100027579,0,02,000,00,0,4,02,B01
201100027580,0,07,000,00,0,0,24,A01
201100027580,0,01,000,01,0,1,01,B01
201100027581,0,02,000,08,0,1,01,A01
201100027582,0,07,000,00,1,7,01,A01
201100027583,0,01,000,00,2,1,01,B01
201100027583,0,07,000,00,0,7,09,A01
201100027584,0,07,000,00,2,4,02,B01
201100027584,0,07,000,00,0,4,02,C01
201100027584,0,07,000,00,2,1,00,A01
201100027585,0,07,000,00,2,1,01,B01
201100027585,0,07,000,00,2,0,01,A01
201100027586,0,07,000,01,0,1,01,A01
201100027586,0,07,000,01,2,1,15,B01
201100027587,0,07,000,00,2,1,15,A01
201100027587,0,02,000,00,2,1,01,B01
201100027588,0,01,000,00,2,0,06,A01
201100027588,0,40,000,00,2,1,01,B01
201100027589,0,07,000,00,2,3,01,B01
201100027589,0,07,000,00,2,2,01,A01
201100027590,0,07,000,00,0,0,15,B01
201100027590,0,33,000,15,0,9,00,A01
201100027591,0,07,000,00,2,1,15,A01
201100027591,0,01,000,00,2,1,01,B01
201100027592,0,33,000,00,2,1,02,A01
201100027592,0,07,000,00,2,4,02,B01
201100027593,0,07,000,00,1,2,16,A01
201100027594,0,07,000,00,2,0,02,A01
201100027594,0,07,000,00,0,4,02,B01
201100027595,1,02,000,00,1,0,00,Z01
201100027596,1,07,000,00,2,0,00,Z01
201100027596,0,07,000,00,0,8,01,A01
201100027597,0,07,000,00,2,1,01,A01
201100027597,0,07,000,00,2,8,01,B01
201100027598,0,30,000,00,2,1,02,A01
201100027598,0,07,000,00,0,4,02,B01
201100027599,0,07,000,00,0,5,16,B01
201100027599,0,33,000,01,0,7,16,A01
201100027600,0,07,000,00,2,3,01,A01
201100027600,0,07,000,00,2,1,01,B01
201100027601,0,07,000,00,0,0,15,A01
201100027601,0,33,000,00,2,1,01,B01
201100027602,0,30,000,00,2,1,02,B01
201100027602,0,07,000,00,2,4,15,A01
201100027603,0,07,000,00,2,1,01,B01
201100027603,0,07,000,00,0,8,01,A01
201100027604,0,07,000,00,2,6,09,A01
201100027604,0,33,000,00,2,1,01,B01
201100027605,0,02,000,00,2,1,01,B01
201100027605,1,07,000,00,0,3,01,A01
201100027606,0,30,000,00,2,1,01,A01
201100027606,0,07,000,00,0,0,15,B01
201100027607,0,07,000,01,0,9,01,B01
201100027607,0,07,000,00,2,1,01,A01
201100027608,0,01,000,00,0,8,15,A01
201100027608,0,07,000,00,2,3,01,B01
201100027609,0,07,000,00,2,0,01,B01
201100027609,0,07,000,00,2,0,15,A01
201100027610,0,33,000,01,1,9,01,A01
201100027611,0,07,000,00,0,4,02,B01
201100027611,0,01,000,00,2,1,02,A01
201100027612,0,31,000,00,2,1,01,B01
201100027612,0,07,000,00,2,8,15,A01
201100027613,0,10,000,00,1,4,11,A01
201100027614,0,40,000,00,1,0,01,A01
201100027615,0,07,000,00,2,1,15,A01
201100027615,0,30,000,00,0,1,01,B01
201100027616,0,40,000,00,1,2,01,A01
201100027617,0,07,000,00,2,4,13,B01
201100027617,0,31,000,00,2,9,01,A01
201100027618,0,07,000,00,2,3,13,A01
201100027618,0,07,000,00,0,3,01,B01
201100027619,0,10,000,01,0,2,01,A01
201100027619,0,10,000,00,0,0,24,B01
201100027620,0,07,000,00,2,1,01,B01
201100027620,0,01,000,00,2,0,01,A01
201100027621,0,33,000,01,2,1,01,A01
201100027621,0,07,000,00,0,5,15,B01
201100027622,0,07,000,00,0,3,15,B01
201100027622,0,07,000,01,2,1,01,A01
201100027623,1,07,000,00,0,2,16,A01
201100027623,0,01,000,00,0,3,16,B01
201100027624,0,07,000,08,0,3,00,A01
201100027625,0,40,000,00,2,1,01,B01
201100027625,0,07,000,00,4,1,05,A01
201100027626,0,07,000,00,0,8,00,A01
201100027626,0,40,000,00,2,1,01,B01
201100027627,0,07,000,00,2,1,01,A01
201100027627,0,07,000,00,2,5,04,B01
201100027628,0,02,000,00,0,8,01,A01
201100027629,0,07,000,00,2,1,01,A01
201100027629,0,07,000,00,2,4,01,B01
201100027629,0,07,000,00,2,4,01,C01
201100027630,0,07,000,00,2,1,15,A01
201100027630,0,33,000,00,0,0,01,B01
201100027631,0,07,000,00,1,1,01,A01
201100027632,0,13,000,00,2,1,02,A01
201100027632,0,07,000,00,0,4,23,C01
201100027632,0,07,000,00,2,4,23,B01
201100027633,0,07,000,00,0,0,00,B01
201100027633,0,07,000,00,2,1,01,A01
201100027634,0,07,000,00,1,0,01,A01
201100027635,0,07,000,01,0,3,01,A01
201100027636,0,01,000,00,0,0,01,B01
201100027636,0,30,000,00,2,1,15,A01
201100027637,0,10,000,00,0,3,15,A01
201100027637,0,33,000,00,2,2,15,B01
201100027638,0,07,000,01,0,3,01,A01
201100027639,0,01,000,00,2,1,00,A01
201100027639,0,07,000,00,2,1,01,B01
201100027640,0,02,000,00,2,1,15,A01
201100027641,0,31,000,00,1,1,01,A01
201100027642,0,07,000,00,2,0,00,A01
201100027642,0,33,000,00,0,0,01,B01
201100027643,0,07,000,00,2,1,15,A01
201100027643,0,31,000,00,0,0,01,B01
201100027644,0,07,000,00,2,6,15,B01
201100027644,0,02,000,00,2,1,17,A01
201100027645,0,07,000,00,0,0,01,C01
201100027645,0,02,000,00,2,1,01,A01
201100027645,0,07,000,00,0,0,01,B01
201100027646,0,02,000,00,2,8,01,A01
201100027646,0,10,000,00,0,0,16,B01
201100027647,0,07,000,00,2,1,15,A01
201100027647,0,40,000,00,2,1,00,B01
201100027648,0,07,000,00,0,5,15,A01
201100027648,0,02,000,00,2,1,01,B01
201100027649,0,07,000,00,0,7,16,A01
201100027649,0,01,000,00,2,0,01,B01
201100027650,0,07,000,00,1,1,01,A01
201100027651,0,01,000,00,2,1,01,B01
201100027651,0,31,000,00,0,8,15,A01
201100027652,0,07,000,00,2,4,15,A01
201100027652,0,01,000,00,0,0,01,B01
201100027653,0,07,000,00,0,5,17,B01
201100027653,0,01,000,00,2,1,15,A01
201100027654,0,07,000,00,0,8,15,A01
201100027654,0,40,000,00,2,1,01,B01
201100027655,0,30,000,14,0,1,00,A01
201100027656,0,07,000,00,0,4,01,B01
201100027656,0,30,000,00,2,1,02,A01
201100027657,0,07,000,00,1,1,01,A01
201100027658,0,07,000,00,0,3,01,A01
201100027658,0,01,000,00,2,1,19,B01
201100027659,0,33,000,00,2,1,01,B01
201100027659,0,07,000,00,0,0,15,A01
201100027660,0,33,000,00,0,8,01,A01
201100027660,0,07,000,00,2,1,01,B01
201100027661,0,02,000,00,0,2,00,A01
201100027661,0,07,000,00,2,3,00,B01
201100027662,0,10,000,00,2,1,01,B01
201100027662,0,07,000,00,0,7,01,A01
201100027663,1,37,001,00,2,5,17,Z01
201100027663,0,01,000,00,0,3,01,A01
201100027664,0,31,000,14,0,2,01,A01
201100027665,0,10,000,00,0,3,15,B01
201100027665,0,02,000,00,2,9,00,A01
201100027666,0,07,000,00,0,1,02,A01
201100027666,0,07,000,00,2,4,23,B01
201100027666,0,07,000,00,0,4,23,C01
201100027667,0,07,000,00,0,2,16,A01
201100027667,0,02,000,00,2,8,01,B01
201100027668,0,32,000,00,0,7,15,A01
201100027668,0,34,000,00,2,1,01,B01
201100027669,0,02,000,00,0,8,00,A01
201100027670,0,07,000,00,0,4,02,B01
201100027670,1,33,000,00,2,0,02,Z01
201100027671,0,07,000,00,1,0,04,A01
201100027672,0,07,000,00,0,3,01,B01
201100027672,0,33,000,00,2,1,01,A01
201100027673,0,07,000,07,0,1,01,A01
201100027674,0,07,000,00,0,3,15,A01
201100027674,0,33,000,00,2,2,17,B01
201100027675,0,40,000,00,2,1,01,B01
201100027675,0,07,000,07,0,8,01,A01
201100027676,0,02,000,00,2,1,01,A01
201100027677,0,02,000,00,0,7,01,A01
201100027678,0,07,000,00,1,1,01,A01
201100027679,0,07,000,00,0,3,16,A01
201100027679,0,07,000,00,2,3,15,B01
201100027680,0,07,000,00,1,1,01,A01
201100027681,0,07,000,00,2,1,01,B01
201100027681,0,07,000,00,0,5,01,A01
201100027682,1,07,000,01,1,2,01,Z01
201100027683,0,30,000,00,0,7,01,A01
201100027684,0,07,000,00,0,8,23,A01
201100027684,0,01,000,00,2,4,01,B01
201100027685,0,10,000,00,0,8,13,B01
201100027685,0,33,000,00,2,7,01,A01
201100027686,0,07,000,00,1,1,01,A01
201100027687,0,31,000,00,2,1,01,B01
201100027687,0,07,000,00,0,2,15,A01
201100027688,0,07,000,00,1,4,04,A01
201100027689,0,33,000,00,2,1,01,B01
201100027689,0,07,000,00,0,7,15,A01
201100027690,0,07,000,00,2,1,01,B01
201100027690,0,07,000,00,0,2,15,A01
201100027691,0,17,000,00,0,7,16,A01
201100027691,0,01,000,00,2,9,16,B01
201100027692,0,10,000,00,1,1,16,A01
201100027693,0,07,000,00,0,4,02,B01
201100027693,0,32,000,00,2,1,02,A01
201100027694,0,07,000,00,1,2,00,A01
201100027695,0,07,000,00,0,4,02,C01
201100027695,0,07,000,00,2,1,02,A01
201100027695,0,07,000,00,2,1,02,B01
201100027696,1,07,000,01,0,0,01,Z01
201100027696,0,01,000,00,2,3,01,B01
201100027697,0,33,000,00,2,1,01,B01
201100027697,0,07,000,00,0,6,01,A01
201100027698,0,07,000,00,0,1,23,C01
201100027698,0,07,000,00,2,4,23,B01
201100027698,0,07,000,00,0,3,16,A01
201100027699,0,07,000,00,2,7,16,A01
201100027699,0,01,000,00,2,3,16,B01
201100027700,0,07,000,00,0,6,15,B01
201100027700,0,02,000,00,2,1,01,A01
201100027701,0,02,000,00,2,1,01,B01
201100027701,0,07,000,00,0,2,01,A01
201100027702,0,07,000,00,0,2,16,B01
201100027702,0,02,000,00,2,1,01,A01
201100027703,0,01,000,00,2,1,14,B01
201100027703,0,07,000,00,0,3,16,A01
201100027704,0,34,000,00,0,7,01,A01
201100027705,0,07,000,00,0,4,02,B01
201100027705,0,07,000,00,0,2,02,A01
201100027706,0,31,000,00,0,7,01,B01
201100027706,0,07,000,00,2,1,01,A01
201100027707,0,34,000,00,2,6,02,A01
201100027707,1,30,000,00,2,0,02,Z01
201100027708,0,07,000,00,2,8,15,A01
201100027708,0,33,000,00,2,9,01,B01
201100027709,0,30,000,00,0,7,01,A01
201100027709,0,07,000,00,2,2,01,B01
201100027710,0,02,000,00,2,3,01,A01
201100027710,0,07,000,00,2,3,15,B01
201100027711,0,07,000,00,1,2,01,A01
201100027712,0,33,000,00,0,8,01,A01
201100027713,0,07,000,00,1,2,15,A01
201100027714,0,07,000,00,0,0,15,A01
201100027714,0,33,000,00,2,0,01,B01
201100027715,0,02,000,00,2,2,15,A01
201100027715,0,01,000,00,2,1,16,B01
201100027716,0,07,000,00,0,4,01,B01
201100027716,0,33,000,00,2,1,02,A01
201100027717,0,07,000,00,0,7,01,A01
201100027717,0,07,000,00,0,3,01,C01
201100027717,0,07,000,00,2,1,01,B01
201100027718,0,31,000,00,2,1,01,B01
201100027718,0,07,000,00,0,2,15,A01
201100027719,0,07,000,00,0,2,01,A01
201100027719,0,01,000,00,2,1,01,B01
201100027720,0,07,000,00,0,3,15,A01
201100027720,0,07,000,00,2,2,01,B01
201100027721,0,33,000,00,0,8,01,A01
201100027722,0,31,000,00,0,1,01,A01
201100027723,0,07,000,00,2,2,15,A01
201100027723,0,07,000,00,2,1,01,C01
201100027723,0,33,000,01,2,9,01,B01
201100027724,0,33,000,00,2,3,09,A01
201100027724,0,07,000,00,0,2,01,B01
201100027725,0,07,000,00,0,2,01,B01
201100027725,0,33,000,00,2,2,15,A01
201100027726,0,40,000,00,0,0,01,A01
201100027727,0,30,000,01,2,0,16,A01
201100027727,0,07,000,00,2,2,01,B01
201100027728,0,30,000,01,0,7,01,B01
201100027728,0,07,000,00,2,1,15,A01
201100027729,0,30,000,00,0,7,01,B01
201100027729,0,07,000,00,2,8,01,A01
201100027730,0,32,000,00,1,6,01,A01
201100027731,0,07,000,00,2,2,01,A01
201100027731,0,33,000,00,0,3,01,B01
201100027732,0,07,000,00,2,1,01,B01
201100027732,0,01,000,00,2,1,01,A01
201100027733,0,07,000,00,2,1,13,B01
201100027733,0,31,000,00,0,9,01,A01
201100027734,0,07,000,00,0,8,15,A01
201100027734,0,33,000,09,2,1,17,B01
201100027735,0,07,000,14,0,1,16,A01
201100027736,0,33,000,00,2,3,01,B01
201100027736,0,07,000,00,0,2,01,A01
201100027737,0,10,000,00,0,7,22,A01
201100027737,0,01,000,00,2,1,01,B01
201100027738,1,07,000,00,0,0,00,Z01
201100027739,0,07,000,01,2,2,01,A01
201100027739,0,07,000,00,0,3,19,B01
201100027740,0,07,000,00,1,4,04,A01
201100027741,1,02,000,00,1,0,01,Z01
201100027742,0,07,000,00,2,1,02,A01
201100027742,0,07,000,00,0,4,23,B01
201100027743,0,10,000,00,2,1,02,B01
201100027743,0,10,000,00,2,1,02,C01
201100027743,0,07,000,04,0,1,01,A01
201100027744,0,07,000,00,0,4,01,B01
201100027744,0,07,000,00,2,1,02,A01
201100027745,0,30,000,00,2,7,01,A01
201100027745,0,07,000,00,2,1,01,B01
201100027746,0,01,000,00,2,9,09,A01
201100027746,0,07,000,00,2,1,16,B01
201100027747,0,30,000,00,0,8,01,B01
201100027747,0,07,000,00,2,0,17,A01
201100027748,0,37,001,00,0,7,01,B01
201100027748,0,01,000,00,2,4,00,A01
201100027749,0,32,000,00,0,3,01,B01
201100027749,0,07,000,00,2,2,15,A01
201100027750,0,07,000,00,1,1,01,A01
201100027751,0,07,000,00,2,0,04,A01
201100027751,0,07,000,00,0,2,00,B01
201100027752,0,07,000,00,2,1,00,B01
201100027752,0,07,000,00,2,1,00,A01
201100027753,0,07,000,00,2,4,02,A01
201100027753,0,07,000,00,2,1,02,B01
201100027753,0,07,000,00,0,4,01,C01
201100027754,0,33,000,00,0,1,09,A01
201100027754,0,07,000,00,2,8,01,B01
201100027755,0,07,000,00,2,2,16,B01
201100027755,0,01,000,00,2,1,01,A01
201100027756,0,31,000,00,2,7,01,B01
201100027756,0,07,000,00,0,7,15,A01
201100027757,0,10,000,00,0,6,01,B01
201100027757,0,30,000,00,2,1,01,A01
201100027758,0,07,000,00,0,5,01,C01
201100027758,0,07,000,00,2,2,02,A01
201100027758,0,02,000,00,2,1,02,B01
201100027759,0,37,001,00,2,1,01,A01
201100027759,0,07,000,00,0,4,01,B01
201100027760,0,07,000,02,0,1,01,A01
201100027761,0,07,000,00,2,1,01,B01
201100027761,0,07,000,06,0,3,00,A01
201100027762,0,01,000,00,0,0,19,B01
201100027762,0,07,000,00,2,1,01,A01
201100027763,0,07,000,12,0,8,16,A01
201100027764,0,07,000,10,0,1,01,A01
201100027765,0,07,000,00,2,4,01,B01
201100027765,0,07,000,08,2,1,01,A01
201100027766,0,07,000,00,2,1,02,A01
201100027766,0,30,000,00,0,4,00,B01
201100027767,0,07,000,15,0,1,15,A01
201100027768,0,40,000,00,1,7,01,A01
201100027769,0,32,000,00,0,8,01,B01
201100027769,1,07,000,00,2,1,01,A01
201100027770,0,07,000,00,0,8,17,A01
201100027770,0,30,000,00,2,3,01,B01
201100027771,0,07,000,00,0,2,01,B01
201100027771,0,30,000,00,2,1,16,A01
201100027772,0,07,000,00,0,4,23,B01
201100027772,0,10,000,00,2,1,02,A01
201100027773,0,07,000,00,0,7,01,B01
201100027773,0,02,000,00,2,1,09,A01
201100027774,2,30,000,00,2,1,09,A01
201100027774,0,07,000,00,0,2,01,B01
201100027775,0,07,000,00,0,4,23,B01
201100027775,0,10,000,00,2,1,02,A01
201100027776,0,07,000,01,0,1,01,A01
201100027777,0,07,000,08,0,6,01,B01
201100027777,0,07,000,00,2,1,01,A01
201100027778,0,07,000,00,0,0,15,A01
201100027778,0,36,000,00,2,2,00,B01
201100027779,0,07,000,00,2,1,02,A01
201100027779,0,07,000,00,0,6,16,B01
201100027780,0,33,000,14,0,1,01,A01
201100027781,0,07,000,00,0,0,15,B01
201100027781,0,33,000,00,2,2,17,A01
201100027782,0,07,000,00,2,1,02,A01
201100027782,0,33,000,00,0,0,00,C01
201100027782,0,07,000,00,0,6,00,B01
201100027783,0,07,000,00,0,3,15,A01
201100027783,0,01,000,00,2,1,05,B01
201100027784,0,01,000,00,2,1,00,A01
201100027784,0,07,000,00,0,2,00,B01
201100027785,0,02,000,14,0,0,01,A01
201100027786,0,33,000,00,0,4,01,B01
201100027786,0,07,000,00,2,0,15,A01
201100027787,0,02,000,00,2,3,01,B01
201100027787,0,07,000,00,2,1,01,A01
201100027788,0,07,000,00,2,1,02,A01
201100027788,0,07,000,00,2,4,02,D01
201100027788,0,07,000,00,0,4,01,E01
201100027788,0,07,000,00,2,4,02,C01
201100027788,0,07,000,00,2,4,02,B01
201100027789,0,02,000,00,2,1,01,A01
201100027789,0,07,000,00,2,3,15,B01
201100027790,0,30,000,00,0,8,01,B01
201100027790,0,07,000,00,2,3,15,A01
201100027791,0,30,000,00,2,1,01,B01
201100027791,0,07,000,00,2,2,01,A01
201100027792,0,10,000,00,1,3,00,A01
201100027793,0,10,000,00,2,4,04,A01
201100027793,0,02,000,00,2,1,01,B01
201100027794,0,07,000,01,0,4,20,B01
201100027794,0,07,000,00,2,1,01,A01
201100027795,0,33,000,00,0,6,00,B01
201100027795,0,07,000,00,2,1,00,A01
201100027796,0,07,000,00,2,1,00,A01
201100027796,0,07,000,00,0,2,00,B01
201100027796,0,10,000,00,0,4,01,C01
201100027797,1,07,000,00,0,0,20,Z01
201100027797,0,07,000,00,2,1,01,B01
201100027797,0,33,000,00,2,1,01,A01
201100027798,0,07,000,02,0,8,01,A01
201100027798,1,07,000,00,2,0,16,Z01
201100027799,0,02,000,00,2,1,02,A01
201100027799,0,07,000,00,0,5,01,B01
201100027800,0,07,000,08,0,7,15,A01
201100027801,0,07,000,01,0,2,12,A01
201100027802,0,07,000,00,0,1,01,B01
201100027802,0,31,000,00,2,2,15,A01
201100027803,0,07,000,00,2,1,02,C01
201100027803,0,07,000,00,2,1,02,A01
201100027803,0,07,000,00,0,4,01,D01
201100027803,0,07,000,00,0,4,02,B01
201100027804,0,07,000,00,2,1,02,A01
201100027804,0,07,000,00,0,4,01,B01
201100027805,0,33,000,00,2,7,01,A01
201100027805,0,07,000,00,0,3,15,B01
201100027806,0,07,000,00,0,4,01,E01
201100027806,0,07,000,00,2,1,02,A01
201100027806,0,07,000,00,2,4,02,B01
201100027806,0,07,000,00,2,4,02,D01
201100027806,0,07,000,00,2,4,02,C01
201100027807,0,01,000,00,0,0,16,A01
201100027807,0,07,000,00,0,2,01,B01
201100027808,0,07,000,00,2,3,01,B01
201100027808,0,07,000,00,0,2,13,A01
201100027809,0,07,000,00,1,3,15,A01
201100027810,0,02,000,00,2,4,00,A01
201100027810,0,02,000,00,0,0,00,B01
201100027811,0,01,000,00,1,1,01,A01
201100027812,0,07,000,00,0,2,15,A01
201100027812,0,07,000,00,2,1,01,B01
201100027813,0,02,000,00,0,1,21,B01
201100027813,0,07,000,00,0,0,15,A01
201100027814,0,07,000,00,0,7,01,B01
201100027814,0,32,000,00,2,1,16,A01
201100027815,0,10,000,00,1,1,15,A01
201100027816,0,07,000,00,2,1,15,A01
201100027816,0,33,000,00,0,3,01,B01
201100027817,0,07,000,00,2,1,02,B01
201100027817,0,07,000,00,0,4,01,C01
201100027817,0,07,000,00,2,1,02,A01
201100027818,0,30,000,00,0,4,02,B01
201100027818,1,07,000,00,2,1,02,Z01
201100027819,0,07,000,00,2,1,02,A01
201100027819,0,07,000,00,0,4,23,B01
201100027820,0,30,000,00,1,1,01,A01
201100027821,0,07,000,00,2,1,01,A01
201100027821,0,07,000,00,0,3,01,B01
201100027822,0,07,000,00,2,3,01,B01
201100027822,2,07,000,00,2,1,05,Z01
201100027823,1,07,000,00,2,1,00,Z01
201100027823,0,07,000,00,2,8,00,A01
201100027824,0,07,000,00,0,8,01,A01
201100027824,0,07,000,00,2,1,01,B01
201100027825,0,34,000,00,5,8,21,A01
201100027826,0,02,000,00,2,2,01,A01
201100027826,0,07,000,00,0,2,01,B01
201100027827,0,07,000,00,2,1,02,B01
201100027827,0,07,000,00,0,4,01,A01
201100027828,0,07,000,00,2,4,02,B01
201100027828,0,07,000,00,0,4,01,C01
201100027828,0,07,000,00,2,4,02,A01
201100027829,0,10,000,00,4,3,15,A01
201100027829,0,40,000,00,0,3,01,B01
201100027830,0,31,000,00,2,1,02,A01
201100027830,0,07,000,00,0,4,01,C01
201100027830,0,07,000,00,2,4,02,B01
201100027831,0,07,000,00,2,3,01,B01
201100027831,0,07,000,00,2,1,15,A01
201100027832,0,07,000,00,2,4,02,B01
201100027832,0,10,000,00,2,1,02,A01
201100027832,0,10,000,00,0,4,01,C01
201100027833,0,02,000,00,2,2,01,A01
201100027833,0,07,000,00,2,3,01,B01
201100027834,0,30,000,00,2,1,18,B01
201100027834,0,14,000,00,0,5,01,A01
201100027835,0,07,000,08,0,1,01,A01
201100027836,0,07,000,00,0,4,23,C01
201100027836,0,07,000,00,2,4,02,B01
201100027836,0,07,000,00,2,1,02,A01
201100027837,0,07,000,00,0,7,00,A01
201100027837,0,40,000,00,2,7,01,B01
201100027838,0,07,000,11,0,1,01,A01
201100027839,0,07,000,00,0,4,01,B01
201100027839,0,07,000,00,2,1,02,A01
201100027840,0,07,000,00,2,1,02,A01
201100027840,0,07,000,00,0,4,01,B01
201100027841,0,07,000,00,2,1,05,A01
201100027841,0,07,000,00,2,1,01,B01
201100027842,0,07,000,00,2,3,15,B01
201100027842,0,30,000,00,2,2,00,A01
201100027843,0,07,000,00,0,5,15,B01
201100027843,0,30,000,00,2,1,02,A01
201100027844,0,07,000,09,0,2,18,A01
201100027845,0,07,000,00,2,3,01,A01
201100027845,0,01,000,00,2,1,01,B01
201100027846,0,15,000,00,2,1,12,A01
201100027846,0,07,000,00,0,8,01,B01
201100027847,0,07,000,00,1,1,01,A01
201100027848,0,32,000,00,2,1,01,A01
201100027848,0,07,000,00,2,4,01,B01
201100027849,0,01,000,00,2,1,16,B01
201100027849,0,01,000,00,0,8,00,A01
201100027850,0,07,000,00,2,8,01,A01
201100027850,0,32,000,00,2,1,01,B01
201100027851,0,07,000,00,1,3,06,A01
201100027852,0,01,000,00,2,1,01,B01
201100027852,0,07,000,00,0,3,09,A01
201100027853,0,07,000,00,2,2,01,A01
201100027853,0,07,000,00,2,3,01,B01
201100027854,0,01,000,00,2,1,15,B01
201100027854,0,07,000,00,2,1,01,A01
201100027855,0,02,000,00,2,1,01,B01
201100027855,1,07,000,00,2,0,01,Z01
201100027856,0,07,000,01,0,1,24,A01
201100027857,0,02,000,00,2,7,01,B01
201100027857,0,07,000,00,0,3,13,A01
201100027858,0,07,000,00,0,3,13,A01
201100027858,0,30,000,00,2,2,01,B01
201100027859,0,32,000,00,2,1,02,A01
201100027859,0,07,000,00,0,4,01,B01
201100027860,0,07,000,00,0,2,15,A01
201100027860,0,02,000,00,2,1,01,B01
201100027861,0,07,000,00,2,0,01,A01
201100027861,0,01,000,00,0,0,01,B01
201100027862,0,01,000,00,2,8,00,B01
201100027862,1,07,000,00,2,0,00,Z01
201100027863,0,07,000,00,2,4,02,B01
201100027863,0,07,000,00,2,1,02,A01
201100027863,0,07,000,00,0,0,01,C01
201100027864,0,02,000,00,2,1,01,A01
201100027864,0,07,000,00,2,1,01,B01
201100027865,0,07,000,14,0,1,09,A01
201100027866,0,02,000,00,1,1,01,Z01
201100027867,0,07,000,00,0,2,16,A01
201100027867,0,02,000,00,2,3,01,B01
201100027868,0,07,000,00,2,1,02,C01
201100027868,0,07,000,00,0,4,01,D01
201100027868,0,07,000,00,2,1,02,A01
201100027868,0,07,000,00,2,4,02,B01
201100027869,0,40,000,00,1,2,01,A01
201100027870,0,33,000,00,1,1,01,A01
201100027871,0,31,000,00,0,1,00,A01
201100027872,0,01,000,00,2,3,01,B01
201100027872,0,07,000,00,2,2,15,A01
201100027873,0,01,000,00,2,3,13,A01
201100027873,0,37,010,00,0,0,01,B01
201100027874,1,30,000,00,0,0,00,Z01
201100027875,0,07,000,00,2,3,11,A01
201100027875,0,31,000,00,2,7,12,B01
201100027876,0,03,000,00,2,1,00,A01
201100027877,0,33,000,00,1,3,01,A01
201100027878,0,37,001,00,1,5,16,A01
201100027879,0,01,000,00,2,1,01,A01
201100027879,0,07,000,00,2,1,00,B01
201100027880,0,07,000,02,0,1,00,A01
201100027881,0,31,000,00,2,1,01,B01
201100027881,0,10,000,00,2,3,15,A01
201100027882,0,31,000,00,2,3,01,B01
201100027882,0,07,000,00,2,5,16,A01
201100027883,0,40,000,00,2,2,01,B01
201100027883,0,07,000,00,4,0,00,A01
201100027884,0,33,000,00,2,3,01,B01
201100027884,0,07,000,00,0,3,15,A01
201100027885,0,30,000,00,2,1,01,B01
201100027885,0,07,000,00,2,2,22,A01
201100027886,0,07,000,00,0,5,15,B01
201100027886,0,01,000,00,2,1,01,A01
201100027887,0,07,000,00,1,2,01,A01
201100027888,0,13,000,00,1,0,01,A01
201100027889,0,30,000,00,0,6,01,A01
201100027889,1,07,000,00,0,0,00,Z01
201100027890,0,07,000,00,2,3,15,A01
201100027890,0,33,000,00,0,5,16,B01
201100027891,0,07,000,08,0,1,02,A01
201100027892,0,07,000,00,0,2,01,B01
201100027892,0,30,000,00,2,1,01,A01
201100027893,0,31,000,00,2,5,01,B01
201100027893,0,07,000,00,0,2,01,A01
201100027894,0,01,000,00,2,1,01,A01
201100027894,0,10,000,00,0,3,01,B01