Num_Acc,senc,catv,occutc,obs,obsm,choc,manv,num_veh
201100027895,0,07,000,00,2,1,02,A01
201100027895,0,31,000,00,0,4,01,B01
201100027896,0,02,000,00,1,1,01,A01
201100027897,0,07,000,00,0,7,01,B01
201100027897,0,02,000,00,2,1,01,A01
201100027898,0,07,000,00,2,2,01,A01
201100027898,0,07,000,00,2,3,01,B01
201100027899,0,01,000,00,0,8,19,A01
201100027899,0,30,000,00,2,1,01,B01
201100027900,0,10,000,00,0,6,17,A01
201100027901,0,34,000,00,1,3,15,B01
201100027901,0,07,000,00,2,8,15,A01
201100027902,0,15,000,00,2,1,01,A01
201100027902,0,07,000,00,2,9,01,B01
201100027903,0,01,000,00,0,8,01,B01
201100027903,1,07,000,00,2,0,01,Z01
201100027904,0,10,000,00,0,3,16,A01
201100027904,0,07,000,00,2,1,01,B01
201100027905,0,07,000,00,0,4,02,B01
201100027905,0,07,000,00,2,2,01,A01
201100027905,0,07,000,00,0,4,01,C01
201100027906,0,07,000,00,2,2,12,A01
201100027906,0,31,000,00,0,8,01,B01
201100027907,0,07,000,00,0,1,20,A01
201100027907,0,31,000,00,2,1,01,B01
201100027908,0,01,000,00,0,1,15,A01
201100027908,0,07,000,00,2,1,01,B01
201100027909,0,01,000,01,0,3,01,A01
201100027909,0,07,000,00,0,8,24,B01
201100027910,0,01,000,00,0,7,01,A01
201100027910,0,07,000,00,2,1,01,B01
201100027911,0,14,000,01,0,2,01,A01
201100027912,0,07,000,00,1,1,20,A01
201100027913,0,07,000,00,2,3,15,A01
201100027913,0,31,000,00,2,0,01,B01
201100027914,0,30,000,00,2,3,01,A01
201100027914,0,10,000,00,0,2,20,B01
201100027915,0,10,000,08,0,1,00,A01
201100027916,0,40,000,00,1,1,01,A01
201100027917,0,01,000,00,2,7,15,A01
201100027917,0,33,000,00,0,2,01,B01
201100027918,0,33,000,00,0,4,01,A01
201100027919,1,10,000,00,2,0,00,Z01
201100027919,0,01,000,00,0,0,00,A01
201100027920,0,07,000,00,1,3,15,A01
201100027921,0,07,000,00,2,0,01,A01
201100027921,0,31,000,00,2,0,01,B01
201100027922,0,02,000,00,2,1,01,A01
201100027922,0,07,000,00,2,8,15,B01
201100027923,0,07,000,00,0,0,09,A01
201100027924,0,07,000,00,1,1,16,A01
201100027925,0,07,000,00,1,0,16,A01
201100027926,0,02,000,00,2,1,15,B01
201100027926,0,07,000,00,2,3,01,A01
201100027927,0,07,000,00,0,5,16,B01
201100027927,0,02,000,00,2,1,01,A01
201100027928,0,02,000,00,2,1,01,A01
201100027928,0,10,000,00,0,7,15,B01
201100027929,0,30,000,00,2,1,01,B01
201100027929,0,10,000,00,2,1,15,A01
201100027930,0,07,000,00,2,1,01,Z01
201100027931,0,02,000,07,0,2,00,A01
201100027932,0,07,000,00,2,1,15,A01
201100027932,0,07,000,00,0,1,01,B01
201100027933,0,07,000,00,2,5,15,A01
201100027933,0,01,000,00,2,1,01,B01
201100027934,0,10,000,00,2,9,01,A01
201100027934,0,40,000,00,2,1,01,B01
201100027935,0,33,000,00,2,8,16,B01
201100027935,0,07,000,00,0,7,01,A01
201100027936,0,13,000,00,2,1,02,A01
201100027936,0,07,000,00,0,4,23,B01
201100027937,0,07,000,00,1,2,01,A01
201100027938,0,02,000,00,2,0,02,A01
201100027938,0,07,000,00,0,6,01,B01
201100027939,0,07,000,00,2,0,15,A01
201100027940,0,07,000,00,2,3,01,A01
201100027940,0,31,000,00,0,6,01,B01
201100027941,0,02,000,00,2,9,01,A01
201100027941,0,07,000,00,0,5,16,B01
201100027942,0,07,000,00,1,3,17,A01
201100027943,0,07,000,00,2,6,01,B01
201100027943,0,31,000,00,2,7,01,A01
201100027944,1,07,000,00,2,1,00,Z01
201100027945,0,31,000,00,0,3,13,B01
201100027945,0,07,000,00,2,2,01,A01
201100027946,0,13,000,00,0,2,17,A01
201100027946,0,31,000,00,2,3,16,B01
201100027947,0,07,000,00,1,1,01,A01
201100027948,0,07,000,00,1,3,15,A01
201100027949,0,07,000,08,0,1,00,A01
201100027950,0,07,000,00,0,7,15,A01
201100027950,0,31,000,00,2,2,01,B01
201100027951,0,33,000,00,2,2,15,A01
201100027951,0,07,000,00,2,8,01,B01
201100027952,0,07,000,00,0,2,16,A01
201100027952,0,01,000,00,2,1,01,B01
201100027953,0,07,000,00,2,1,01,B01
201100027953,0,07,000,09,0,8,01,A01
201100027954,0,07,000,00,2,1,15,A01
201100027954,0,02,000,00,2,9,01,B01
201100027955,0,33,000,00,2,2,17,B01
201100027955,0,07,000,00,2,3,15,A01
201100027956,0,07,000,00,1,1,01,A01
201100027957,0,33,000,00,2,7,01,A01
201100027957,0,07,000,00,0,8,01,B01
201100027958,1,07,000,00,1,4,04,Z01
201100027959,0,07,000,00,2,1,16,A01
201100027959,0,07,000,00,0,8,01,B01
201100027960,0,07,000,00,2,1,01,A01
201100027960,0,10,000,00,2,1,01,B01
201100027960,0,10,000,00,2,4,01,D01
201100027960,0,07,000,00,2,4,01,C01
201100027961,0,07,000,00,2,1,00,A01
201100027962,1,07,000,00,2,0,15,A01
201100027962,0,02,000,00,2,8,01,B01
201100027963,0,02,000,00,5,9,01,A01
201100027964,0,34,000,00,2,3,01,A01
201100027964,0,07,000,00,0,2,16,B01
201100027965,0,07,000,00,2,3,22,A01
201100027965,0,01,000,00,2,0,01,B01
201100027966,0,07,000,00,2,5,09,A01
201100027966,0,01,000,00,2,8,09,B01
201100027967,0,32,000,00,2,8,05,A01
201100027967,0,07,000,00,2,3,01,B01
201100027968,0,07,000,00,2,4,01,A01
201100027969,0,02,000,00,2,7,01,A01
201100027970,0,40,000,00,2,3,01,B01
201100027970,0,38,001,08,4,2,01,A01
201100027971,0,30,000,00,2,1,01,B01
201100027971,0,07,000,00,2,1,15,A01
201100027972,0,01,000,00,0,2,01,A01
201100027972,0,07,000,00,2,1,01,B01
201100027973,0,02,000,00,2,5,01,B01
201100027973,0,07,000,00,2,1,16,A01
201100027974,0,33,000,00,0,7,15,B01
201100027974,0,07,000,00,0,0,01,A01
201100027975,0,07,000,00,0,2,16,A01
201100027975,0,01,000,00,2,1,02,B01
201100027976,0,32,000,00,2,1,01,B01
201100027976,0,07,000,00,2,2,01,A01
201100027977,0,02,000,00,2,1,01,A01
201100027977,0,10,000,00,0,4,01,B01
201100027978,0,01,000,00,2,0,03,B01
201100027978,0,01,000,00,2,0,01,A01
201100027979,1,02,000,00,1,8,01,A01
201100027980,0,33,000,00,2,7,15,B01
201100027980,0,07,000,00,2,8,15,A01
201100027981,0,07,000,00,2,4,01,B01
201100027981,0,07,000,00,2,1,01,A01
201100027982,0,33,000,00,2,9,00,B01
201100027982,0,07,000,00,0,3,15,A01
201100027983,0,07,000,12,0,9,01,A01
201100027984,0,33,000,00,2,0,01,A01
201100027984,1,07,000,00,2,0,00,Z01
201100027985,0,07,000,00,0,4,01,C01
201100027985,0,07,000,00,2,4,01,B01
201100027985,0,10,000,00,2,1,01,A01
201100027986,0,34,000,00,2,1,01,A01
201100027986,0,07,000,00,0,8,10,B01
201100027987,0,01,000,00,0,5,16,B01
201100027987,0,07,000,00,2,1,14,A01
201100027988,0,02,000,00,2,1,15,A01
201100027988,0,07,000,00,2,3,16,B01
201100027989,0,07,000,13,0,6,01,A01
201100027990,0,31,000,00,2,3,00,B01
201100027990,0,07,000,00,0,5,01,A01
201100027991,0,07,000,00,2,8,15,B01
201100027991,0,32,000,00,2,9,17,A01
201100027992,0,07,000,00,2,1,01,B01
201100027992,0,07,000,00,2,1,16,A01
201100027993,0,07,000,00,0,5,01,B01
201100027993,0,34,000,00,2,1,02,A01
201100027994,0,32,000,00,0,0,00,A01
201100027994,1,34,000,00,0,0,00,Z01
201100027995,0,01,000,00,2,1,01,B01
201100027995,0,07,000,00,2,8,15,A01
201100027996,0,01,000,00,0,7,01,B01
201100027996,0,07,000,00,2,3,01,A01
201100027997,0,32,000,00,0,1,17,B01
201100027997,0,07,000,00,2,1,15,A01
201100027998,0,07,000,00,0,2,16,B01
201100027998,0,01,000,00,2,1,05,A01
201100027999,0,10,000,00,1,1,15,A01
201100028000,0,07,000,00,0,1,05,B01
201100028000,0,07,000,00,2,1,01,A01
201100028001,0,14,000,00,0,0,16,A01
201100028001,0,01,000,00,2,9,01,B01
201100028002,0,07,000,00,2,1,02,A01
201100028002,0,07,000,00,0,4,01,B01
201100028003,0,31,000,00,2,9,01,B01
201100028003,0,10,000,00,0,4,10,A01
201100028004,0,07,000,14,0,8,01,A01
201100028005,0,02,000,00,2,1,01,B01
201100028005,0,07,000,00,0,6,01,A01
201100028006,0,07,000,00,0,0,11,A01
201100028006,0,33,000,00,0,0,01,B01
201100028007,0,07,000,00,1,0,15,A01
201100028008,0,07,000,00,0,4,01,B01
201100028008,0,07,000,00,2,1,01,A01
201100028009,0,07,000,00,2,7,20,A01
201100028009,0,10,000,00,0,3,01,B01
201100028010,0,13,000,00,2,1,01,A01
201100028010,0,07,000,00,0,4,01,B01
201100028011,0,07,000,00,2,4,02,B01
201100028011,0,07,000,00,0,4,01,C01
201100028011,0,07,000,00,2,1,02,A01
201100028012,0,07,000,00,1,2,01,A01
201100028013,0,30,000,00,0,9,01,B01
201100028013,0,07,000,00,2,1,15,A01
201100028014,0,32,000,00,2,1,01,B01
201100028014,0,07,000,00,0,7,14,A01
201100028015,0,30,000,00,0,8,01,B01
201100028015,0,07,000,00,2,1,01,A01
201100028016,0,10,000,00,1,1,01,A01
201100028017,0,07,000,00,2,3,09,A01
201100028017,0,01,000,00,0,9,01,B01
201100028018,0,07,000,00,2,1,01,A01
201100028018,0,10,000,00,2,4,01,C01
201100028018,0,07,000,00,2,9,01,B01
201100028019,0,33,000,00,1,1,17,A01
201100028020,0,07,000,00,1,3,01,A01
201100028021,0,07,000,00,2,2,01,A01
201100028021,0,01,000,00,2,1,01,B01
201100028022,0,07,000,00,2,1,01,A01
201100028023,0,33,000,00,2,1,01,A01
201100028023,0,10,000,00,2,4,01,B01
201100028024,0,02,000,00,2,8,13,A01
201100028024,0,07,000,00,0,5,01,B01
201100028025,0,07,000,08,0,7,01,B01
201100028025,0,40,000,00,2,1,01,A01
201100028026,0,07,000,00,0,4,01,B01
201100028026,1,07,000,00,2,1,01,Z01
201100028027,0,32,000,00,2,1,02,A01
201100028027,0,07,000,00,0,4,02,B01
201100028028,0,33,000,00,2,1,01,B01
201100028028,0,07,000,00,0,7,15,A01
201100028029,0,07,000,00,2,0,18,A01
201100028030,0,07,000,00,2,8,15,B01
201100028030,0,07,000,00,2,3,01,A01
201100028031,0,07,000,01,2,9,02,A01
201100028031,0,01,000,00,0,4,01,B01
201100028032,0,02,000,01,2,1,01,A01
201100028032,0,07,000,00,0,3,01,B01
201100028033,0,33,000,00,2,9,01,B01
201100028033,0,07,000,00,2,1,00,A01
201100028034,0,07,000,00,2,1,01,A01
201100028034,0,02,000,00,2,1,01,B01
201100028035,0,07,000,00,1,2,01,A01
201100028036,0,07,000,00,2,2,15,A01
201100028036,0,07,000,00,2,1,15,B01
201100028037,0,07,000,01,2,1,01,A01
201100028037,0,07,000,00,2,4,01,B01
201100028038,0,07,000,00,2,3,15,A01
201100028038,0,33,000,00,0,8,02,B01
201100028039,0,07,000,00,2,1,13,A01
201100028039,0,07,000,00,2,1,01,B01
201100028040,0,10,000,00,0,5,14,B01
201100028040,0,33,000,00,2,1,01,A01
201100028041,0,07,000,00,2,2,15,A01
201100028041,0,33,000,00,2,3,01,B01
201100028042,0,07,000,00,0,4,02,B01
201100028042,0,10,000,00,2,1,02,A01
201100028043,0,07,000,11,0,1,05,A01
201100028044,0,07,000,00,2,3,13,A01
201100028044,0,07,000,00,2,3,01,B01
201100028045,0,07,000,00,2,8,15,A01
201100028045,0,07,000,00,2,2,01,B01
201100028046,0,07,000,00,0,8,19,A01
201100028046,0,31,000,00,2,2,01,B01
201100028047,0,07,000,00,2,1,20,A01
201100028047,0,01,000,00,0,8,19,B01
201100028048,0,07,000,00,0,1,01,B01
201100028048,0,07,000,00,2,4,01,A01
201100028049,0,07,000,00,2,2,15,A01
201100028049,0,33,000,00,2,1,01,B01
201100028050,0,07,000,00,0,8,15,B01
201100028050,0,31,000,00,2,7,21,A01
201100028051,0,07,000,00,2,4,02,B01
201100028051,0,07,000,00,2,4,02,C01
201100028051,0,07,000,00,0,4,01,D01
201100028051,0,07,000,00,2,1,02,A01
201100028052,0,07,000,00,0,8,09,A01
201100028052,0,33,000,00,0,8,02,B01
201100028053,0,02,000,00,2,1,01,A01
201100028053,0,07,000,00,0,8,15,B01
201100028054,0,07,000,00,0,8,15,B01
201100028054,0,02,000,00,2,9,17,A01
201100028055,0,33,000,00,2,9,17,A01
201100028055,0,10,000,00,0,8,15,B01
201100028056,0,07,000,00,0,6,16,A01
201100028056,0,02,000,00,2,1,01,B01
201100028057,0,02,000,00,2,1,16,B01
201100028057,0,07,000,00,0,3,01,A01
201100028058,0,02,000,15,0,3,00,A01
201100028059,0,33,000,00,0,6,17,B01
201100028059,0,07,000,00,2,2,10,A01
201100028060,0,07,000,00,0,5,23,B01
201100028060,0,07,000,00,2,3,01,A01
201100028061,0,07,000,00,0,3,15,A01
201100028061,0,33,000,00,2,1,01,B01
201100028062,0,07,000,00,2,3,01,A01
201100028062,0,32,000,00,2,4,15,B01
201100028062,0,07,000,00,0,1,01,C01
201100028063,0,07,000,00,0,8,15,A01
201100028063,0,33,000,00,0,8,01,B01
201100028064,0,07,000,00,0,7,16,A01
201100028064,0,33,000,00,2,1,01,B01
201100028065,0,07,000,00,2,1,15,A01
201100028065,0,30,000,00,0,9,01,B01
201100028066,0,33,000,00,2,1,01,B01
201100028066,0,07,000,00,0,7,15,A01
201100028067,0,07,000,00,2,1,02,A01
201100028067,0,07,000,00,0,4,02,B01
201100028068,0,07,000,00,1,7,17,A01
201100028069,0,07,000,00,2,1,16,A01
201100028069,0,10,000,00,0,2,01,C01
201100028069,0,33,000,00,0,1,01,B01
201100028070,0,07,000,00,1,2,15,A01
201100028071,0,07,000,00,0,4,15,B01
201100028071,0,33,000,00,2,1,01,A01
201100028072,0,31,000,00,0,7,01,A01
201100028073,0,37,001,00,1,3,01,A01
201100028074,0,30,000,00,2,1,01,B01
201100028074,0,07,000,00,0,3,15,A01
201100028075,0,30,000,00,2,1,01,C01
201100028075,0,07,000,00,2,1,15,A01
201100028075,0,30,000,00,2,1,01,B01
201100028076,0,31,000,00,2,1,01,A01
201100028076,0,07,000,00,2,6,01,B01
201100028077,0,07,000,00,0,5,16,B01
201100028077,0,37,010,00,2,1,01,A01
201100028078,0,02,000,00,2,1,17,B01
201100028078,0,07,000,00,0,3,15,A01
201100028079,0,07,000,01,0,8,01,A01
201100028079,0,40,000,00,2,1,01,B01
201100028080,0,07,000,00,0,8,16,A01
201100028080,0,07,000,00,2,1,01,B01
201100028081,0,07,000,00,2,5,01,A01
201100028081,0,33,000,00,2,8,01,B01
201100028082,0,10,000,00,2,1,01,B01
201100028082,0,07,000,00,2,3,15,A01
201100028083,0,07,000,00,2,2,01,B01
201100028083,0,07,000,00,2,3,16,A01
201100028084,0,02,000,00,2,1,02,A01
201100028084,0,07,000,00,0,4,01,B01
201100028085,0,07,000,00,2,1,02,A01
201100028085,0,07,000,00,2,1,15,B01
201100028086,0,10,000,00,2,1,15,A01
201100028086,0,30,000,00,2,1,01,B01
201100028087,0,07,000,00,0,8,15,A01
201100028087,0,10,000,00,2,3,01,B01
201100028088,0,40,000,00,1,0,00,A01
201100028089,0,40,000,00,2,1,01,A01
201100028089,0,07,000,08,0,9,01,B01
201100028090,0,07,000,00,0,8,15,A01
201100028090,0,33,000,00,2,1,02,B01
201100028091,0,01,000,00,2,1,01,B01
201100028091,0,07,000,00,0,7,23,A01
201100028092,0,10,000,00,0,1,00,A01
201100028093,0,33,000,03,0,1,01,A01
201100028094,0,07,000,00,2,1,00,A01
201100028095,0,07,000,00,2,2,15,A01
201100028095,0,01,000,00,2,1,01,B01
201100028096,0,07,000,00,2,1,01,A01
201100028096,0,07,000,00,0,4,01,B01
201100028097,0,07,000,00,1,1,01,A01
201100028098,0,01,000,00,0,0,01,B01
201100028098,0,07,000,00,2,7,16,A01
201100028099,0,07,000,00,1,3,16,A01
201100028100,0,07,000,00,2,1,00,A01
201100028100,0,02,000,00,0,2,00,B01
201100028101,0,07,000,00,1,2,16,A01
201100028102,0,07,000,00,2,1,18,A01
201100028102,0,07,000,00,0,4,23,B01
201100028103,0,10,000,00,2,1,01,B01
201100028103,0,02,000,00,0,9,01,A01
201100028104,0,01,000,00,2,0,01,A01
201100028104,1,07,000,00,0,0,00,Z01
201100028105,0,07,000,00,2,7,01,B01
201100028105,0,33,000,00,0,1,15,A01
201100028106,0,01,000,00,2,1,16,B01
201100028106,0,07,000,00,2,2,15,A01
201100028107,0,07,000,00,4,9,01,A01
201100028107,0,07,000,00,0,2,23,C01
201100028107,0,40,000,00,2,1,01,B01
201100028108,0,07,000,00,0,2,01,B01
201100028108,0,01,000,00,0,0,19,A01
201100028109,0,07,000,00,2,2,01,C01
201100028109,0,07,000,00,2,7,01,A01
201100028109,0,07,000,00,0,6,01,B01
201100028110,0,07,000,00,2,1,01,A01
201100028110,0,07,000,00,2,4,01,B01
201100028110,0,07,000,00,0,4,01,C01
201100028111,0,07,000,00,0,6,01,B01
201100028111,0,34,000,00,0,1,01,A01
201100028112,0,02,000,00,2,1,00,B01
201100028112,0,07,000,00,2,5,16,A01
201100028113,0,33,000,00,2,1,01,B01
201100028113,0,07,000,00,2,2,15,A01
201100028114,0,07,000,00,2,1,15,B01
201100028114,0,33,000,00,2,7,15,A01
201100028115,0,30,000,00,2,1,01,A01
201100028115,0,07,000,00,0,3,15,B01
201100028116,0,07,000,00,2,4,02,B01
201100028116,0,07,000,00,2,1,02,A01
201100028117,0,03,000,00,2,1,01,A01
201100028118,1,07,000,00,1,1,01,A01
201100028119,0,02,000,00,0,1,17,A01
201100028120,0,07,000,00,0,8,01,A01
201100028120,0,07,000,00,2,1,01,B01
201100028121,0,01,000,00,2,1,21,A01
201100028121,0,07,000,00,0,1,15,B01
201100028122,0,37,015,00,1,7,01,A01
201100028123,0,07,000,00,0,2,01,B01
201100028123,0,01,000,00,2,0,05,A01
201100028124,0,07,000,00,2,1,01,A01
201100028124,0,07,000,00,2,7,01,B01
201100028125,0,07,000,06,0,1,16,A01
201100028126,0,33,000,00,1,1,01,A01
201100028127,0,07,000,00,0,8,00,A01
201100028127,0,34,000,00,2,2,00,B01
201100028128,1,02,000,00,2,0,15,Z01
201100028128,0,31,000,00,2,1,01,A01
201100028129,0,10,000,00,2,1,16,A01
201100028130,0,07,000,00,2,7,01,A01
201100028131,0,07,000,00,1,0,01,A01
201100028132,0,07,000,00,2,2,15,A01
201100028132,0,07,000,00,2,1,01,B01
201100028133,0,07,000,00,2,7,15,A01
201100028133,0,33,000,00,2,1,01,B01
201100028134,0,34,000,00,2,1,01,B01
201100028134,0,10,000,00,0,7,15,A01
201100028135,0,07,000,00,2,8,10,A01
201100028135,0,30,000,00,2,1,01,B01
201100028136,0,07,000,07,0,2,06,A01
201100028137,0,07,000,00,2,3,15,A01
201100028137,0,30,000,00,2,2,01,B01
201100028138,0,30,000,00,2,0,02,A01
201100028138,0,01,000,00,2,2,02,B01
201100028139,0,07,000,00,1,2,21,A01
201100028140,0,07,000,00,2,2,01,B01
201100028140,0,07,000,00,2,3,00,A01
201100028141,0,02,000,00,0,7,01,A01
201100028142,0,20,000,00,0,8,01,B01
201100028142,0,30,000,00,2,1,01,A01
201100028143,0,07,000,00,2,9,00,A01
201100028144,0,01,000,01,0,2,01,B01
201100028144,0,07,000,00,0,8,24,A01
201100028145,0,07,000,00,0,5,01,B01
201100028145,0,07,000,00,0,0,05,A01
201100028146,0,07,000,00,2,1,05,A01
201100028146,0,07,000,00,2,1,01,B01
201100028147,0,10,000,00,1,1,01,A01
201100028148,0,10,000,00,2,1,01,B01
201100028148,0,07,000,00,0,3,01,A01
201100028149,0,37,000,00,1,1,16,A01
201100028150,0,10,000,00,2,5,16,B01
201100028150,0,30,000,00,2,1,01,A01
201100028151,0,31,000,00,2,7,01,B01
201100028151,0,07,000,00,2,1,15,A01
201100028152,0,07,000,00,2,1,01,B01
201100028152,0,30,000,00,0,5,10,A01
201100028153,0,07,000,00,2,1,01,A01
201100028153,0,07,000,00,2,4,01,C01
201100028153,0,07,000,00,2,1,01,B01
201100028154,0,40,000,00,1,3,01,A01
201100028155,0,07,000,00,2,4,00,B01
201100028155,0,02,000,00,2,1,15,A01
201100028156,0,07,000,00,1,1,01,A01
201100028157,0,07,000,00,0,4,01,A01
201100028157,0,32,000,00,2,1,01,B01
201100028158,0,07,000,14,0,1,16,A01
201100028159,0,07,000,00,2,1,01,B01
201100028159,0,07,000,00,0,7,19,A01
201100028160,0,10,000,00,2,1,01,A01
201100028160,0,10,000,00,0,8,10,B01
201100028161,0,02,000,00,2,1,01,B01
201100028161,0,07,000,00,2,1,16,A01
201100028162,0,07,000,00,2,0,01,A01
201100028162,0,07,000,00,0,8,01,B01
201100028162,0,07,000,00,2,1,01,C01
201100028163,0,40,000,00,1,1,01,A01
201100028164,0,07,000,00,2,1,09,A01
201100028164,0,01,000,00,2,1,01,B01
201100028165,1,07,000,00,2,0,15,Z01
201100028165,0,34,000,00,0,7,01,A01
201100028166,0,07,000,00,2,3,15,A01
201100028166,0,30,000,00,2,1,01,B01
201100028167,0,07,000,00,2,1,15,B01
201100028167,0,30,000,00,2,1,01,A01
201100028168,0,07,000,00,1,1,01,A01
201100028169,0,07,000,00,2,1,01,A01
201100028169,0,07,000,00,2,4,01,B01
201100028170,0,07,000,00,2,1,02,A01
201100028170,0,07,000,00,0,4,23,B01
201100028171,0,07,000,06,0,1,16,A01
201100028172,0,07,000,00,2,1,13,A01
201100028172,0,07,000,00,2,1,01,B01
201100028173,0,07,000,00,2,1,15,A01
201100028173,0,07,000,00,2,1,01,B01
201100028174,0,40,000,00,1,0,01,A01
201100028175,0,07,000,00,2,1,02,A01
201100028175,0,07,000,00,0,4,02,B01
201100028176,0,01,000,00,2,2,01,A01
201100028176,0,10,000,00,2,3,01,B01
201100028177,0,30,000,01,0,1,01,A01
201100028178,1,07,000,00,1,0,00,Z01
201100028179,0,07,000,00,2,5,15,B01
201100028179,0,31,000,00,2,1,01,A01
201100028180,0,01,000,00,0,1,00,A01
201100028181,0,07,000,00,0,5,01,A01
201100028181,0,02,000,00,2,1,01,B01
201100028182,0,07,000,00,2,6,15,A01
201100028182,0,10,000,00,0,3,01,B01
201100028183,0,07,000,00,0,8,16,A01
201100028183,0,33,000,01,2,1,01,B01
201100028184,0,34,000,00,2,1,01,A01
201100028184,0,07,000,00,1,5,15,B01
201100028185,0,07,000,00,0,3,15,B01
201100028185,0,33,000,00,2,9,15,A01
201100028186,0,07,000,00,0,1,15,A01
201100028186,0,33,000,00,2,1,01,B01
201100028187,0,02,000,00,2,1,01,A01
201100028187,0,07,000,00,2,6,15,B01
201100028188,0,40,000,00,1,2,01,A01
201100028189,0,07,000,14,0,1,01,A01
201100028190,0,07,000,00,2,4,01,A01
201100028190,0,33,000,00,0,4,23,B01
201100028191,0,33,000,06,0,2,00,A01
201100028192,0,02,000,00,2,1,01,A01
201100028192,0,07,000,00,0,3,01,B01
201100028193,0,07,000,00,2,1,01,A01
201100028193,0,07,000,00,2,4,16,B01
201100028194,0,37,010,00,1,1,01,B01
201100028195,0,07,000,00,2,1,02,A01
201100028195,0,07,000,00,2,4,02,B01
201100028195,0,07,000,00,0,4,02,C01
201100028195,0,07,000,00,0,4,01,D01
201100028196,0,07,000,00,2,1,01,A01
201100028196,0,07,000,00,2,1,01,B01
201100028197,0,01,000,01,0,1,15,A01
201100028198,0,07,000,06,0,2,01,A01
201100028199,0,07,000,00,2,3,17,A01
201100028199,0,31,000,00,2,1,01,B01
201100028200,0,07,000,00,1,2,01,A01
201100028201,0,07,000,00,1,0,04,A01
201100028202,0,40,000,00,1,2,01,A01
201100028203,0,32,000,00,2,2,01,A01
201100028203,0,07,000,00,2,2,15,B01
201100028204,0,07,000,00,2,4,01,B01
201100028204,0,07,000,00,2,1,01,A01
201100028205,0,07,000,00,2,1,02,A01
201100028205,0,10,000,00,0,4,01,B01
201100028206,0,07,000,00,2,2,15,A01
201100028206,0,33,000,00,2,1,16,B01
201100028207,0,31,000,00,0,5,01,A01
201100028207,1,07,000,00,2,3,15,Z01
201100028208,0,01,000,00,2,4,19,A01
201100028208,1,07,000,00,2,0,16,Z01
201100028209,0,07,000,00,2,1,01,A01
201100028209,0,07,000,00,1,4,01,B01
201100028210,0,30,000,00,2,1,02,A01
201100028210,0,07,000,00,2,4,02,B01
201100028211,0,07,000,00,1,3,01,A01
201100028212,0,01,000,00,0,0,01,A01
201100028212,0,07,000,00,2,3,01,B01
201100028213,0,07,000,00,1,1,15,A01
201100028214,0,07,000,00,1,1,15,A01
201100028215,0,07,000,00,2,3,15,A01
201100028215,0,02,000,00,2,1,01,B01
201100028216,0,10,000,00,1,0,01,A01
201100028217,0,30,000,00,2,2,01,B01
201100028217,0,10,000,00,0,8,09,A01
201100028218,0,10,000,00,2,1,01,A01
201100028218,0,07,000,00,2,9,01,B01
201100028218,0,07,000,00,0,4,01,C01
201100028219,0,07,000,00,1,3,15,A01
201100028220,0,10,000,00,0,8,15,A01
201100028220,0,02,000,00,2,1,01,B01
201100028221,0,07,000,00,0,8,15,A01
201100028221,0,34,000,00,2,1,01,B01
201100028222,0,07,000,00,1,0,01,A01
201100028223,0,33,000,00,0,9,00,A01
201100028224,0,10,000,00,0,1,02,A01
201100028224,0,07,000,00,0,4,01,B01
201100028225,0,07,000,00,1,0,15,A01
201100028226,0,02,000,00,2,1,01,A01
201100028226,0,07,000,00,0,8,02,B01
201100028227,0,07,000,00,0,3,00,A01
201100028227,0,30,000,00,2,2,16,B01
201100028228,0,07,000,00,1,1,15,A01
201100028229,0,07,000,00,2,2,00,A01
201100028229,0,07,000,00,2,4,00,B01
201100028230,0,07,000,00,0,3,01,A01
201100028230,0,01,000,00,2,1,16,B01
201100028231,0,07,000,00,1,1,01,A01
201100028232,0,07,000,00,2,1,02,A01
201100028232,0,07,000,00,0,4,02,B01
201100028233,0,01,000,00,0,8,02,B01
201100028233,0,07,000,00,2,2,02,A01
201100028234,0,07,000,00,2,7,01,A01
201100028234,0,07,000,00,2,1,01,B01
201100028235,0,07,000,01,2,1,02,A01
201100028235,0,07,000,00,0,4,02,B01
201100028236,0,33,000,00,2,3,21,B01
201100028236,0,07,000,00,2,5,15,A01
201100028237,0,07,000,11,1,1,14,A01
201100028238,0,07,000,09,2,1,19,A01
201100028238,0,07,000,09,2,1,01,B01
201100028239,0,33,000,00,2,1,01,B01
201100028239,0,07,000,00,2,1,11,A01
201100028240,0,07,000,01,0,1,01,A01
201100028241,0,07,000,00,2,5,15,A01
201100028241,0,33,000,00,2,1,00,B01
201100028242,0,01,000,00,2,1,00,B01
201100028242,0,10,000,00,9,3,09,A01
201100028243,0,30,000,00,2,8,00,A01
201100028243,0,07,000,00,2,3,02,B01
201100028244,0,07,000,00,1,1,01,A01
201100028245,0,07,000,00,2,8,01,B01
201100028245,0,30,000,00,2,1,00,A01
201100028246,0,02,000,00,2,7,12,B01
201100028246,0,07,000,00,2,2,09,A01
201100028247,0,07,000,00,1,6,04,A01
201100028248,0,07,000,00,1,2,00,A01
201100028249,0,07,000,02,0,1,00,A01
201100028250,0,31,000,00,0,0,00,A01
201100028250,1,07,000,00,0,0,00,Z01
201100028251,0,01,000,00,0,8,00,B01
201100028251,0,07,000,00,0,7,17,A01
201100028252,0,07,000,00,2,8,10,A01