Num_Acc,senc,catv,occutc,obs,obsm,choc,manv,num_veh
201100028252,0,33,000,00,2,1,02,B01
201100028253,0,07,000,00,2,3,05,A01
201100028253,0,07,000,00,2,3,01,B01
201100028254,0,30,000,05,0,1,00,A01
201100028255,0,30,000,00,2,1,01,B01
201100028255,0,07,000,00,2,3,15,A01
201100028256,0,30,000,00,2,1,00,A01
201100028256,0,07,000,00,2,8,15,B01
201100028257,0,07,000,00,2,1,15,A01
201100028257,0,33,000,00,2,7,01,B01
201100028258,0,07,000,00,1,3,00,A01
201100028259,0,02,000,00,0,1,00,A01
201100028260,0,02,000,00,2,7,17,B01
201100028260,0,07,000,00,2,3,15,A01
201100028261,0,07,000,00,2,3,09,A01
201100028261,0,30,000,00,2,0,00,B01
201100028262,0,33,000,00,2,1,00,B01
201100028262,0,07,000,00,2,8,10,A01
201100028263,0,32,000,00,2,1,00,B01
201100028263,0,07,000,00,2,8,15,A01
201100028264,0,07,000,00,2,3,01,B01
201100028264,0,10,000,00,2,8,01,C01
201100028264,0,33,000,00,2,8,17,A01
201100028265,0,07,000,00,2,1,01,A01
201100028265,0,01,000,00,2,4,02,B01
201100028266,0,31,000,00,2,1,01,B01
201100028266,0,07,000,00,2,2,17,A01
201100028267,0,32,000,00,2,7,01,B01
201100028267,0,07,000,00,2,2,09,A01
201100028268,0,07,000,06,0,1,16,A01
201100028269,0,07,000,00,2,3,15,A01
201100028269,0,30,000,00,2,1,01,B01
201100028270,0,34,000,12,0,1,00,A01
201100028271,0,02,000,08,0,1,14,A01
201100028272,0,07,000,00,2,3,01,B01
201100028272,0,07,000,13,2,0,01,A01
201100028273,0,07,000,00,2,1,01,B01
201100028273,0,07,000,00,2,1,17,A01
201100028274,0,01,000,00,2,1,01,B01
201100028274,0,07,000,00,2,1,09,A01
201100028275,0,07,000,00,0,0,00,A01
201100028275,0,14,000,00,0,0,00,B01
201100028276,0,07,000,00,2,1,19,A01
201100028276,0,07,000,00,2,0,01,B01
201100028276,0,07,000,00,2,1,01,C01
201100028276,0,07,000,00,2,1,01,D01
201100028277,0,07,000,00,0,0,00,A01
201100028278,0,33,000,00,0,0,01,B01
201100028278,0,07,000,00,0,0,09,A01
201100028279,0,07,000,00,0,0,00,A01
201100028280,0,01,000,00,0,0,00,B01
201100028280,0,07,000,00,0,0,00,A01
201100028281,0,07,000,00,2,3,01,B01
201100028281,0,07,000,00,0,0,00,A01
201100028282,0,07,000,00,0,0,00,A01
201100028283,0,30,000,00,2,1,01,B01
201100028283,0,07,000,00,2,1,15,A01
201100028284,0,07,000,00,0,0,00,A01
201100028285,0,07,000,00,0,0,00,A01
201100028286,0,07,000,00,0,0,00,A01
201100028287,0,07,000,00,0,0,00,A01
201100028288,0,07,000,00,0,0,00,A01
201100028289,0,07,000,00,2,1,01,A01
201100028289,0,30,000,00,2,1,01,B01
201100028290,0,07,000,00,2,3,01,A01
201100028290,0,30,000,00,2,8,01,B01
201100028291,0,07,000,00,1,1,01,A01
201100028292,0,07,000,00,0,0,00,A01
201100028293,0,07,000,00,0,0,00,B01
201100028293,0,02,000,00,0,0,00,A01
201100028294,0,07,000,00,2,0,01,A01
201100028294,0,01,000,00,2,0,00,B01
201100028295,0,07,000,00,0,0,00,A01
201100028295,0,32,000,00,0,0,00,B01
201100028296,0,07,000,00,0,0,00,A01
201100028296,0,37,001,00,0,0,00,B01
201100028297,0,07,000,00,0,0,00,B01
201100028297,0,30,000,00,0,0,00,A01
201100028298,1,07,000,00,1,1,00,Z01
201100028299,0,07,000,00,1,1,01,A01
201100028300,0,07,000,00,0,0,00,A01
201100028300,0,07,000,00,0,0,00,B01
201100028301,0,07,000,00,0,0,00,B01
201100028301,0,07,000,00,0,0,00,A01
201100028302,0,07,000,00,0,0,00,A01
201100028303,0,07,000,00,1,1,15,A01
201100028304,0,07,000,02,0,0,15,A01
201100028305,0,07,000,00,0,0,00,A01
201100028306,0,07,000,00,2,5,01,C01
201100028306,0,07,000,00,2,3,01,B01
201100028306,0,07,000,01,0,2,01,A01
201100028307,0,07,000,00,2,2,15,A01
201100028307,1,07,000,00,2,1,01,Z01
201100028308,0,07,000,00,0,0,00,A01
201100028309,0,33,000,00,0,0,00,B01
201100028309,0,07,000,00,0,0,00,A01
201100028310,0,30,000,00,2,1,00,B01
201100028310,0,07,000,00,2,1,01,A01
201100028311,0,30,000,00,0,0,00,A01
201100028311,0,07,000,00,0,0,00,B01
201100028312,0,33,000,00,2,1,01,B01
201100028312,0,07,000,00,9,4,09,A01
201100028313,0,07,000,00,1,0,09,A01
201100028314,0,07,000,00,1,0,00,A01
201100028315,0,07,000,00,0,0,00,A01
201100028316,0,07,000,00,0,0,00,B01
201100028316,0,07,000,00,0,0,00,A01
201100028317,0,07,000,00,0,0,00,B01
201100028317,1,07,000,00,0,0,00,Z01
201100028318,0,07,000,00,2,1,01,B01
201100028318,0,07,000,00,2,1,13,A01
201100028319,0,07,000,00,1,2,01,A01
201100028320,0,07,000,06,0,3,15,A01
201100028321,0,07,000,00,0,0,00,B01
201100028321,0,36,000,00,0,0,00,A01
201100028322,0,07,000,00,2,4,23,B01
201100028322,0,03,000,00,2,3,01,A01
201100028323,0,07,000,00,0,0,00,A01
201100028324,0,07,000,00,0,0,00,A01
201100028325,0,30,000,00,0,0,00,A01
201100028326,0,33,000,00,9,7,01,B01
201100028326,0,07,000,00,0,0,17,A01
201100028327,0,30,000,00,0,0,01,A01
201100028328,0,07,000,00,0,0,00,A01
201100028328,0,07,000,00,0,0,00,B01
201100028329,0,07,000,00,1,1,17,A01
201100028330,0,30,000,00,0,0,01,A01
201100028331,0,01,000,00,2,7,00,B01
201100028331,1,07,000,00,0,0,00,Z01
201100028332,0,99,000,00,2,1,15,A01
201100028332,0,07,000,00,2,8,01,B01
201100028333,0,07,000,00,1,7,01,A01
201100028334,0,07,000,00,0,0,00,A01
201100028334,0,07,000,00,0,0,00,B01
201100028335,2,07,000,00,2,1,01,A01
201100028335,0,07,000,00,2,3,01,B01
201100028336,0,07,000,00,2,3,01,A01
201100028336,0,07,000,00,0,1,01,B01
201100028337,0,07,000,01,2,7,01,B01
201100028337,0,02,000,00,2,0,01,A01
201100028338,0,07,000,00,0,0,00,A01
201100028339,0,07,000,00,0,0,00,A01
201100028340,0,07,000,12,0,1,01,A01
201100028341,0,07,000,00,0,0,00,A01
201100028341,0,07,000,00,0,0,00,B01
201100028342,0,02,000,00,2,7,02,A01
201100028342,0,07,000,00,2,6,02,B01
201100028343,0,37,001,00,0,0,00,B01
201100028343,0,02,000,00,0,0,01,A01
201100028344,0,33,000,00,2,1,01,B01
201100028344,0,07,000,00,2,3,13,A01
201100028345,0,02,000,00,0,0,00,A01
201100028346,0,07,000,00,0,0,00,A01
201100028347,0,07,000,00,0,0,00,A01
201100028347,0,07,000,00,0,0,00,B01
201100028348,0,07,000,00,2,1,15,A01
201100028348,0,34,000,00,2,1,01,B01
201100028349,0,07,000,00,2,7,01,B01
201100028349,0,07,000,00,2,1,01,A01
201100028350,0,07,000,00,1,1,01,A01
201100028351,0,01,000,00,0,0,00,B01
201100028351,0,07,000,00,0,0,00,A01
201100028352,0,30,000,00,0,0,00,A01
201100028353,0,01,000,00,0,0,00,A01
201100028353,0,07,000,00,0,0,00,B01
201100028354,0,07,000,00,0,0,00,A01
201100028355,0,07,000,00,0,0,00,A01
201100028355,0,07,000,00,0,0,00,B01
201100028356,0,07,000,00,0,0,00,B01
201100028356,0,07,000,00,0,0,00,A01
201100028357,0,07,000,00,0,0,00,A01
201100028357,0,33,000,00,0,0,00,B01
201100028358,0,07,000,00,2,1,01,B01
201100028358,0,30,000,00,2,7,01,A01
201100028359,0,07,000,00,0,0,00,B01
201100028359,0,07,000,00,0,0,00,A01
201100028360,0,07,000,00,0,0,00,A01
201100028360,0,07,000,00,0,0,00,B01
201100028361,0,33,000,00,2,1,01,B01
201100028361,0,07,000,00,2,6,10,A01
201100028362,0,07,000,00,0,0,00,A01
201100028363,0,07,000,00,2,1,13,A01
201100028363,0,07,000,00,2,1,01,B01
201100028364,0,07,000,00,2,4,01,B01
201100028364,0,32,000,00,2,1,01,A01
201100028365,0,10,000,00,2,1,01,B01
201100028365,0,33,000,00,2,1,13,A01
201100028366,0,07,000,00,2,1,10,A01
201100028366,0,34,000,00,2,1,01,B01
201100028367,0,07,000,00,0,0,00,B01
201100028367,0,30,000,00,0,0,00,A01
201100028368,0,32,000,00,0,0,00,A01
201100028368,0,07,000,00,0,0,00,B01
201100028369,0,30,000,00,2,2,01,B01
201100028369,0,01,000,00,2,1,00,A01
201100028370,0,07,000,00,2,1,01,B01
201100028370,0,30,000,00,2,1,01,A01
201100028371,0,30,000,00,1,1,17,A01
201100028372,0,07,000,00,2,6,15,B01
201100028372,0,02,000,00,2,1,05,A01
201100028373,0,07,000,08,0,1,01,A01
201100028374,0,07,000,00,1,3,11,A01
201100028375,0,07,000,00,2,1,00,A01
201100028375,0,07,000,00,2,1,01,B01
201100028375,1,07,000,00,2,1,00,Z01
201100028376,0,30,000,00,2,1,05,A01
201100028376,0,07,000,00,2,3,15,B01
201100028377,0,07,000,00,2,3,09,A01
201100028377,0,33,000,00,2,7,01,B01
201100028378,0,07,000,00,1,1,15,A01
201100028379,0,07,000,00,2,1,17,A01
201100028379,0,07,000,00,9,1,01,C01
201100028379,0,07,000,04,2,4,01,B01
201100028380,0,07,000,00,1,1,01,A01
201100028381,1,07,000,00,1,1,00,A01
201100028382,0,32,000,00,0,1,01,A01
201100028383,0,07,000,09,0,1,01,A01
201100028384,0,36,000,00,2,1,01,A01
201100028384,0,07,000,00,0,0,00,B01
201100028384,0,07,000,00,0,0,00,C01
201100028385,0,07,000,00,0,0,00,A01
201100028385,0,07,000,00,0,0,00,B01
201100028386,0,07,000,00,0,1,01,A01
201100028387,0,07,000,03,0,1,13,A01
201100028388,0,07,000,00,2,1,01,B01
201100028388,0,34,000,00,2,1,13,A01
201100028389,0,07,000,00,2,8,01,B01
201100028389,1,07,000,00,2,3,13,A01
201100028390,0,07,000,15,0,0,00,A01
201100028391,0,07,000,00,2,3,01,B01
201100028391,0,03,000,00,2,1,01,A01
201100028392,0,07,000,00,2,1,09,A01
201100028392,0,07,000,00,2,7,01,B01
201100028393,2,07,000,00,2,1,13,A01
201100028393,0,07,000,00,2,1,01,B01
201100028394,0,07,000,00,1,1,01,A01
201100028395,0,07,000,00,0,1,01,A01
201100028396,0,10,000,00,2,1,01,B01
201100028396,0,07,000,00,2,2,15,A01
201100028397,0,07,000,00,1,1,01,A01
201100028398,0,30,000,00,2,1,01,B01
201100028398,0,07,000,00,2,2,01,A01
201100028399,0,07,000,00,2,7,01,A01
201100028399,0,07,000,00,2,1,01,B01
201100028400,0,07,000,00,2,1,01,A01
201100028400,0,07,000,00,2,1,01,B01
201100028401,0,07,000,06,2,1,01,B01
201100028401,0,07,000,06,2,1,01,A01
201100028402,0,07,000,00,2,8,15,B01
201100028402,0,30,000,05,2,7,17,A01
201100028403,0,07,000,00,2,8,15,A01
201100028403,0,30,000,00,2,1,01,B01
201100028404,0,07,000,13,0,3,01,A01
201100028405,0,07,000,00,1,1,16,A01
201100028406,0,07,000,00,2,1,01,B01
201100028406,0,07,000,00,2,3,13,A01
201100028407,0,07,000,00,2,1,21,A01
201100028407,0,07,000,00,2,1,01,B01
201100028408,0,07,000,16,0,1,01,A01
201100028409,0,07,000,00,2,6,01,C01
201100028409,0,07,000,00,2,4,01,B01
201100028409,1,07,000,00,2,1,02,A01
201100028410,0,07,000,01,0,2,01,A01
201100028411,1,07,000,00,2,3,13,A01
201100028411,0,07,000,00,2,4,23,C01
201100028411,0,33,000,14,2,7,01,B01
201100028412,0,32,000,11,0,1,01,A01
201100028413,0,33,000,00,2,1,01,B01
201100028413,0,07,000,00,2,7,15,A01
201100028414,0,07,000,00,2,3,01,B01
201100028414,0,07,000,00,2,1,13,A01
201100028415,0,34,000,00,2,2,03,B01
201100028415,0,07,000,00,2,7,09,C01
201100028415,0,07,000,00,2,8,03,A01
201100028416,0,33,000,00,2,1,01,B01
201100028416,0,07,000,00,2,3,15,A01
201100028417,0,31,000,00,2,1,17,A01
201100028417,0,07,000,00,2,8,01,B01
201100028418,0,30,000,00,2,1,00,B01
201100028418,0,07,000,00,2,6,15,A01
201100028419,0,07,000,00,0,0,09,B01
201100028419,0,31,000,00,0,0,02,A01
201100028420,0,07,000,00,1,2,15,A01
201100028421,0,07,000,00,1,1,01,A01
201100028422,0,07,000,00,2,1,01,B01
201100028422,0,07,000,00,2,1,09,A01
201100028423,0,31,000,00,0,0,01,A01
201100028424,0,07,000,00,1,1,01,A01
201100028425,0,07,000,00,2,3,10,A01
201100028425,0,31,000,00,2,1,01,B01
201100028426,0,33,000,00,0,0,01,A01
201100028427,0,07,000,00,2,1,01,B01
201100028427,0,07,000,00,2,8,15,A01
201100028428,0,07,000,00,2,3,10,A01
201100028428,0,30,000,00,2,2,01,B01
201100028429,0,07,000,00,2,2,12,A01
201100028429,0,02,000,00,2,1,07,B01
201100028430,0,07,000,01,2,1,01,A01
201100028430,0,07,000,00,2,8,01,B01
201100028431,0,07,000,00,2,1,01,A01
201100028431,0,31,000,00,2,1,01,B01
201100028432,0,33,000,11,0,1,01,A01
201100028433,0,33,000,00,2,7,01,B01
201100028433,0,10,000,00,2,8,09,A01
201100028434,0,07,000,00,1,1,01,A01
201100028435,0,07,000,00,2,1,15,B01
201100028435,0,31,000,00,2,1,01,A01
201100028436,0,32,000,00,2,1,01,B01
201100028436,0,07,000,00,2,2,15,A01
201100028437,0,07,000,00,2,1,09,A01
201100028437,0,07,000,00,2,7,01,B01
201100028438,0,07,000,00,1,1,16,A01
201100028439,0,07,000,00,2,8,02,A01
201100028439,0,07,000,00,2,1,02,B01
201100028440,0,32,000,00,0,0,00,A01
201100028441,0,32,000,00,2,1,09,A01
201100028441,0,07,000,00,0,3,16,B01
201100028442,0,07,000,00,2,4,02,B01
201100028442,1,07,000,00,2,1,02,A01
201100028443,0,02,000,00,2,1,01,B01
201100028443,0,07,000,00,2,5,16,A01
201100028444,0,07,000,00,1,1,15,A01
201100028445,0,07,000,00,2,5,01,A01
201100028445,0,31,000,00,2,3,01,B01
201100028446,0,07,000,00,2,3,15,B01
201100028446,0,30,000,00,2,1,01,A01
201100028447,0,01,000,00,2,8,01,A01
201100028447,0,32,000,00,2,1,01,B01
201100028448,0,33,000,00,2,1,01,B01
201100028448,0,07,000,00,2,1,15,A01
201100028449,0,02,000,00,0,1,01,A01
201100028450,0,30,000,00,2,1,01,B01
201100028450,0,07,000,00,2,3,00,A01
201100028451,2,07,000,06,0,1,00,A01
201100028452,0,02,000,00,0,2,02,A01
201100028453,0,01,000,00,2,8,01,A01
201100028453,0,07,000,00,2,1,15,B01
201100028454,0,32,000,12,0,1,01,A01
201100028455,0,02,000,00,0,8,16,A01
201100028456,0,07,000,00,2,1,01,A01
201100028457,0,31,000,00,2,1,01,B01
201100028457,0,07,000,00,2,5,15,A01
201100028458,0,33,000,00,2,1,01,B01
201100028458,0,07,000,00,0,7,15,A01
201100028459,0,31,000,00,2,3,01,B01
201100028459,0,07,000,00,2,1,15,A01
201100028460,0,07,000,00,1,4,04,A01
201100028461,0,07,000,03,0,1,01,A01
201100028462,0,07,000,00,2,1,01,B01
201100028462,0,07,000,00,2,1,15,A01
201100028463,0,01,000,00,0,4,01,B01
201100028463,0,07,000,00,2,1,01,A01
201100028463,0,01,000,00,0,4,01,C01
201100028464,0,40,001,00,2,2,00,B01
201100028464,0,32,000,00,4,3,00,A01
201100028465,0,07,000,00,1,1,01,A01
201100028466,0,33,000,11,0,1,01,A01
201100028467,0,07,000,13,2,2,13,B01
201100028467,1,07,000,00,2,3,13,A01
201100028468,0,07,000,00,1,4,04,A01
201100028469,0,07,000,13,0,1,01,A01
201100028470,0,07,000,00,2,1,13,B01
201100028470,0,33,000,00,2,3,01,A01
201100028471,0,07,000,15,0,2,01,A01
201100028472,0,30,000,00,0,1,01,A01
201100028473,0,07,000,00,2,1,01,A01
201100028473,0,07,000,00,0,4,01,B01
201100028474,0,32,000,00,2,1,01,B01
201100028474,0,07,000,00,2,2,15,A01
201100028475,0,07,000,00,2,8,01,B01
201100028475,0,07,000,00,2,3,01,C01
201100028475,0,07,000,08,2,1,01,A01
201100028476,0,30,000,00,2,1,02,A01
201100028476,0,07,000,00,0,6,01,B01
201100028477,0,33,000,00,2,1,01,B01
201100028477,0,07,000,00,0,6,10,A01
201100028478,0,33,000,00,2,1,01,B01
201100028478,0,07,000,00,2,8,09,A01
201100028479,0,07,000,00,2,4,15,B01
201100028479,0,07,000,00,2,1,02,A01
201100028479,0,07,000,00,2,1,01,C01
201100028480,0,07,000,02,0,3,01,A01
201100028481,0,07,000,00,2,1,02,A01
201100028481,0,07,000,00,2,2,02,C01
201100028481,0,07,000,00,2,6,02,B01
201100028482,0,33,000,00,2,2,01,A01
201100028482,0,07,000,00,0,4,01,B01
201100028483,0,07,000,00,2,4,01,B01
201100028483,0,07,000,00,2,1,02,A01
201100028484,0,07,000,00,0,8,01,C01
201100028484,0,07,000,00,2,1,02,A01
201100028484,0,01,000,00,2,4,02,B01
201100028485,0,07,000,00,2,8,11,A01
201100028485,0,34,000,00,2,7,01,B01
201100028486,0,07,000,00,1,2,01,A01
201100028487,0,07,000,11,0,8,02,A01
201100028488,0,34,000,00,0,8,01,A01
201100028489,0,07,000,00,1,1,00,A01
201100028490,0,07,000,00,1,2,15,A01
201100028491,0,07,000,00,2,1,01,B01
201100028491,0,07,000,00,2,1,13,A01
201100028492,0,07,000,00,1,1,01,A01
201100028493,0,32,000,00,2,7,17,A01
201100028493,0,07,000,00,2,1,15,B01
201100028494,0,14,000,00,1,1,01,A01
201100028495,0,33,000,00,2,1,01,B01
201100028495,0,07,000,00,2,3,15,A01
201100028496,0,07,000,00,2,1,16,B01
201100028496,2,01,000,00,1,8,01,A01
201100028497,0,33,000,00,2,7,01,A01
201100028497,0,07,000,00,2,6,15,B01
201100028498,0,07,000,00,2,8,19,B01
201100028498,0,30,000,00,2,1,19,A01
201100028499,0,07,000,02,0,1,00,A01
201100028500,0,07,000,00,2,8,15,A01
201100028500,0,32,000,00,2,1,01,B01
201100028501,0,33,000,11,0,9,00,A01
201100028502,0,30,000,00,2,7,15,B01
201100028502,0,33,000,00,2,1,01,A01
201100028503,0,34,000,00,2,0,01,B01
201100028503,0,07,000,00,2,0,01,A01
201100028504,0,07,000,00,2,2,01,B01
201100028504,0,01,000,00,2,1,05,A01
201100028505,0,02,000,00,2,3,01,B01
201100028505,0,07,000,00,2,7,09,A01
201100028506,0,07,000,12,2,6,00,A01
201100028506,0,07,000,00,2,2,00,B01
201100028507,0,07,000,05,0,1,01,A01
201100028508,0,07,000,00,0,0,01,A01
201100028509,0,31,000,00,2,1,01,B01
201100028509,0,07,000,00,2,3,16,A01
201100028510,0,30,000,00,2,7,00,A01
201100028510,0,07,000,00,2,3,00,B01
201100028511,0,07,000,00,2,4,02,C01
201100028511,0,07,000,00,2,1,02,A01
201100028511,0,07,000,00,2,4,02,B01
201100028512,0,07,000,00,0,4,01,B01
201100028512,0,07,000,00,2,1,01,A01
201100028513,0,07,000,01,0,2,01,A01
201100028514,0,32,000,00,0,0,01,A01
201100028515,0,07,000,00,2,1,01,B01
201100028515,0,07,000,00,2,2,15,A01
201100028516,0,07,000,00,2,7,01,B01
201100028516,0,07,000,00,2,1,01,A01
201100028517,0,33,000,00,2,1,01,A01
201100028517,0,07,000,00,2,3,01,B01
201100028518,1,07,000,00,1,1,00,A01
201100028519,0,07,000,01,0,1,00,A01
201100028520,0,33,000,00,2,8,01,B01
201100028520,0,07,000,00,2,7,12,A01
201100028521,0,33,000,00,2,2,01,B01
201100028521,0,07,000,00,2,5,15,A01
201100028522,0,07,000,00,2,3,01,C01
201100028522,0,30,000,00,2,1,03,A01
201100028522,0,07,000,00,2,8,01,B01
201100028523,0,32,000,00,2,2,01,B01
201100028523,0,07,000,00,2,1,19,A01
201100028524,0,32,000,00,0,0,00,B01
201100028524,0,01,000,00,0,0,00,A01
201100028524,0,01,000,00,0,0,00,C01
201100028525,0,33,000,00,2,7,19,B01
201100028525,0,07,000,00,2,2,19,A01
201100028526,0,07,000,15,0,1,01,A01
201100028527,0,07,000,00,2,1,01,A01
201100028527,0,33,000,00,2,4,01,B01
201100028528,0,07,000,16,0,2,01,A01
201100028529,0,07,000,00,1,1,05,A01
201100028530,0,07,000,00,0,4,02,C01
201100028530,0,07,000,00,2,1,02,B01
201100028530,0,07,000,00,2,1,02,A01
201100028531,0,31,000,00,2,2,16,A01
201100028531,0,07,000,00,2,3,01,B01
201100028532,0,10,000,00,1,6,04,A01
201100028533,0,30,000,00,0,0,01,A01
201100028534,0,07,000,00,2,2,16,A01
201100028534,0,07,000,00,2,8,01,B01
201100028535,0,07,000,00,2,1,01,B01
201100028535,0,07,000,00,2,7,15,A01
201100028536,0,10,000,00,2,5,15,A01
201100028536,0,02,000,00,2,1,01,B01
201100028537,0,34,000,00,2,7,01,A01
201100028537,0,07,000,00,2,1,01,B01
201100028538,0,07,000,00,2,1,15,A01
201100028538,0,07,000,00,2,1,01,B01
201100028539,0,07,000,00,2,4,01,B01
201100028539,0,30,000,00,2,1,02,A01
201100028540,0,07,000,00,2,2,15,A01
201100028540,0,33,000,00,2,1,01,B01
201100028541,0,07,000,00,2,8,15,A01
201100028541,0,33,000,00,2,7,17,B01
201100028542,0,07,000,00,2,4,01,D01
201100028542,0,10,000,00,2,4,01,B01
201100028542,0,03,000,00,2,4,01,C01
201100028542,0,07,000,00,2,1,01,A01
201100028543,0,37,020,00,1,8,24,B01
201100028543,0,33,000,00,1,2,17,A01
201100028544,0,07,000,12,2,3,01,A01
201100028544,0,07,000,00,2,5,02,B01
201100028544,0,07,000,00,0,5,02,C01
201100028545,0,07,000,00,2,1,19,A01
201100028545,0,32,000,00,2,1,01,B01
201100028546,0,07,000,00,1,1,01,A01
201100028547,0,07,000,00,2,1,01,B01
201100028547,0,07,000,00,2,7,15,A01
201100028548,0,07,000,00,2,7,01,B01
201100028548,0,07,000,00,2,3,01,A01
201100028549,0,07,000,03,0,3,00,A01
201100028550,0,07,000,04,0,1,01,A01
201100028551,0,07,000,04,0,3,13,A01
201100028552,0,07,000,00,2,1,01,B01
201100028552,0,32,000,00,2,7,01,A01
201100028553,0,07,000,00,2,1,15,A01
201100028553,0,34,000,00,2,3,16,B01
201100028554,0,38,001,00,2,2,01,A01
201100028554,0,10,000,00,2,6,01,B01
201100028555,0,07,000,00,1,2,01,A01
201100028556,0,07,000,00,2,3,01,A01
201100028556,0,07,000,00,2,1,01,B01
201100028557,0,34,000,00,0,7,16,A01
201100028558,0,07,000,00,2,6,11,B01
201100028558,0,07,000,00,2,2,00,A01
201100028559,0,07,000,00,2,1,01,A01
201100028559,0,07,000,00,2,4,01,B01
201100028560,0,07,000,00,1,2,01,A01
201100028561,0,01,000,00,2,3,01,B01
201100028561,0,07,000,00,2,7,22,A01
201100028562,0,07,000,00,1,2,00,A01
201100028563,0,07,000,00,2,1,02,D01
201100028563,0,07,000,00,2,4,23,B01
201100028563,0,07,000,00,2,3,23,C01
201100028563,0,07,000,00,2,1,02,A01
201100028564,0,10,000,00,2,3,15,B01
201100028564,0,10,000,00,2,2,16,A01
201100028565,0,01,000,00,2,7,01,B01
201100028565,0,07,000,00,2,1,09,A01
201100028566,0,07,000,00,2,7,01,B01
201100028566,1,07,000,00,2,1,09,A01
201100028566,0,01,000,00,2,8,01,C01
201100028567,0,07,000,00,0,4,02,B01
201100028567,0,07,000,00,2,1,02,A01
201100028568,0,07,000,00,2,4,01,D01
201100028568,0,07,000,00,2,4,02,C01
201100028568,0,07,000,00,1,4,02,B01
201100028568,0,07,000,00,2,1,02,A01
201100028569,0,07,000,00,2,3,01,B01
201100028569,0,01,000,00,2,7,19,A01
201100028570,0,07,000,00,2,1,01,A01
201100028570,0,01,000,00,2,3,19,B01
201100028571,0,07,000,00,1,2,01,A01
201100028572,1,07,000,15,0,0,00,B01
201100028572,0,01,000,00,0,0,00,A01
201100028573,0,07,000,05,0,2,00,A01
201100028574,0,07,000,00,9,7,22,A01
201100028574,0,01,000,00,2,1,01,B01
201100028575,0,31,000,00,2,1,17,A01
201100028575,0,07,000,00,2,3,17,B01
201100028576,0,01,000,00,2,2,19,B01
201100028576,0,07,000,00,2,1,01,A01
201100028577,0,33,000,00,2,1,05,B01
201100028577,0,07,000,00,2,8,09,A01
201100028578,0,33,000,00,2,8,01,A01
201100028578,0,07,000,00,2,7,14,B01
201100028579,0,33,000,00,2,1,01,B01
201100028579,0,07,000,00,2,7,09,A01
201100028580,0,07,000,00,2,8,15,A01
201100028580,0,32,000,00,2,1,01,B01
201100028581,0,07,000,00,2,3,10,A01
201100028581,0,33,000,00,2,1,01,B01
201100028582,0,07,000,00,0,8,24,A01
201100028582,0,01,000,00,2,2,01,B01
201100028583,0,37,030,00,4,8,01,A01
201100028583,0,40,000,00,2,1,01,B01
201100028584,0,07,000,00,2,1,01,A01
201100028584,0,07,000,00,2,4,01,B01
201100028585,0,07,000,00,2,3,09,A01
201100028585,0,07,000,00,2,5,01,B01
201100028586,0,07,000,00,2,1,01,A01
201100028586,0,07,000,00,2,4,01,B01
201100028587,0,07,000,00,2,2,15,A01
201100028587,0,30,000,00,2,1,01,B01
201100028588,0,07,000,00,1,1,01,A01
201100028589,0,34,000,00,2,1,01,A01
201100028589,0,33,000,00,2,8,09,B01
201100028590,0,33,000,00,2,1,01,B01
201100028590,0,07,000,00,2,7,09,A01
201100028591,0,07,000,00,2,2,01,B01
201100028591,0,07,000,00,2,1,09,A01
201100028592,0,07,000,00,1,2,01,A01
201100028593,0,07,000,00,0,4,01,E01
201100028593,0,07,000,00,2,4,01,C01
201100028593,0,07,000,00,2,4,01,D01
201100028593,0,07,000,00,2,4,23,B01
201100028593,0,07,000,00,0,1,01,A01
201100028594,0,10,000,00,2,3,10,A01
201100028594,0,33,000,00,2,2,17,B01
201100028595,0,17,000,16,0,0,15,A01
201100028596,0,07,000,00,0,2,01,A01
201100028597,0,07,000,00,2,3,09,A01
201100028597,0,01,000,00,2,1,01,B01
201100028598,0,07,000,00,2,1,01,B01
201100028598,0,07,000,00,2,1,17,A01
201100028599,0,32,000,03,0,2,01,A01
201100028600,0,07,000,00,2,3,10,A01
201100028600,0,33,000,00,2,1,01,B01
201100028601,0,34,000,00,2,1,01,B01
201100028601,0,07,000,00,2,2,15,A01
201100028602,0,07,000,02,0,1,01,A01
201100028603,0,07,000,00,2,1,00,B01
201100028603,0,07,000,00,2,8,00,A01
201100028604,0,07,000,00,2,3,05,A01
201100028604,0,07,000,00,2,3,01,B01
201100028605,0,07,000,04,0,3,01,A01
201100028606,0,07,000,00,1,3,15,A01
201100028607,0,07,000,00,2,5,01,B01
201100028607,0,32,000,00,2,1,01,A01
201100028608,0,07,000,00,1,1,15,A01
201100028609,0,99,000,00,2,1,09,A01
201100028609,0,99,000,00,2,2,01,B01
201100028610,0,33,000,00,2,1,03,A01
201100028610,0,07,000,00,2,5,15,B01
201100028611,0,07,000,15,2,5,01,A01
201100028611,0,07,000,00,2,3,16,B01
201100028612,0,07,000,00,4,1,01,A01
201100028612,0,40,000,00,2,1,01,B01
201100028613,0,07,000,00,1,2,16,A01
201100028614,0,07,000,14,0,1,01,A01
201100028615,0,07,000,00,2,1,01,A01
201100028615,0,07,000,00,2,4,01,B01
201100028616,0,07,000,00,1,1,15,A01
201100028617,0,10,000,00,2,6,20,A01
201100028617,0,33,000,00,2,1,01,B01
201100028618,0,07,000,00,9,8,01,A01
201100028618,0,01,000,00,2,1,19,B01