Num_Acc,senc,catv,occutc,obs,obsm,choc,manv,num_veh
201100028619,1,31,000,00,1,1,00,A01
201100028620,0,10,000,00,0,7,15,A01
201100028620,1,07,000,00,0,0,00,Z01
201100028621,0,01,000,00,1,3,01,A01
201100028622,0,07,000,00,2,3,15,A01
201100028622,0,31,000,00,2,1,17,B01
201100028623,0,31,000,00,9,3,17,A01
201100028624,0,10,000,13,0,1,01,A01
201100028625,0,07,000,00,2,6,00,A01
201100028625,0,33,000,00,2,1,00,B01
201100028626,0,33,000,15,2,8,01,B01
201100028626,2,02,000,00,2,1,19,A01
201100028627,0,07,000,00,2,8,11,A01
201100028627,0,33,000,00,2,1,01,B01
201100028628,0,32,000,00,2,1,01,C01
201100028628,0,07,000,00,2,3,01,D01
201100028628,0,07,000,00,2,3,01,B01
201100028628,0,07,000,00,2,1,06,A01
201100028629,0,10,000,08,0,1,01,A01
201100028630,0,07,000,00,2,2,15,A01
201100028630,0,07,000,00,2,1,01,B01
201100028631,0,07,000,15,0,1,00,A01
201100028632,0,33,000,00,2,1,01,B01
201100028632,1,07,000,00,0,0,00,Z01
201100028633,1,33,000,00,1,0,01,A01
201100028634,0,31,000,00,2,8,01,B01
201100028634,0,07,000,00,0,6,11,A01
201100028635,0,07,000,12,0,0,00,A01
201100028636,0,07,000,00,2,1,00,A01
201100028636,0,07,000,00,2,4,00,B01
201100028637,0,01,000,00,2,7,01,A01
201100028637,0,30,000,00,2,1,01,B01
201100028638,0,07,000,00,2,8,09,A01
201100028638,0,34,000,00,2,1,01,B01
201100028639,0,07,000,00,2,6,02,B01
201100028639,0,30,000,00,2,2,02,A01
201100028640,0,07,000,00,2,3,09,A01
201100028640,0,30,000,00,2,1,02,B01
201100028641,0,31,000,00,1,1,01,A01
201100028642,0,07,000,00,2,4,23,B01
201100028642,0,33,000,00,2,1,02,A01
201100028643,0,02,000,00,2,2,01,B01
201100028643,0,07,000,00,2,3,15,A01
201100028644,0,34,000,00,2,7,03,A01
201100028644,0,07,000,00,2,7,01,C01
201100028644,0,07,000,00,2,8,01,B01
201100028645,0,07,000,00,0,5,01,B01
201100028645,0,07,000,00,2,3,11,A01
201100028645,0,07,000,00,2,1,01,C01
201100028645,0,07,000,00,0,5,23,D01
201100028646,0,31,000,12,0,1,01,A01
201100028647,0,07,000,00,2,1,15,A01
201100028647,0,07,000,00,2,1,01,B01
201100028648,0,31,000,00,2,8,00,A01
201100028648,0,07,000,00,2,7,16,B01
201100028649,0,40,000,00,2,1,01,B01
201100028649,0,07,000,00,4,7,01,A01
201100028650,0,30,000,00,2,3,13,A01
201100028650,0,07,000,00,2,3,01,B01
201100028651,0,07,000,00,1,1,01,A01
201100028652,0,01,000,00,2,3,05,A01
201100028652,0,07,000,00,2,1,16,B01
201100028653,0,33,000,00,0,0,17,A01
201100028654,0,07,000,00,2,1,15,B01
201100028654,0,01,000,00,2,1,01,A01
201100028655,0,01,000,00,1,1,01,A01
201100028656,0,32,000,14,0,1,01,A01
201100028657,0,07,000,00,2,1,01,B01
201100028657,0,07,000,00,2,5,04,A01
201100028658,0,31,000,00,0,0,00,A01
201100028659,0,07,000,00,2,2,15,A01
201100028659,0,02,000,00,2,1,16,B01
201100028660,0,07,000,07,0,3,01,A01
201100028661,0,07,000,00,2,7,01,B01
201100028661,0,07,000,00,2,1,01,A01
201100028662,0,01,000,00,2,8,01,B01
201100028662,0,07,000,00,2,7,14,A01
201100028663,0,07,000,00,2,1,01,A01
201100028664,0,07,000,00,2,1,01,B01
201100028664,0,33,000,00,1,1,17,A01
201100028665,0,07,000,00,1,0,04,A01
201100028666,0,07,000,00,2,1,00,B01
201100028666,0,07,000,00,2,1,00,A01
201100028667,0,30,000,00,0,7,01,A01
201100028668,0,07,000,00,0,0,17,A01
201100028669,0,01,000,00,2,8,01,B01
201100028669,0,07,000,00,2,3,01,A01
201100028670,0,07,000,00,2,3,01,B01
201100028670,0,07,000,00,2,8,21,A01
201100028671,0,07,000,15,0,2,21,A01
201100028672,0,33,000,03,0,1,00,A01
201100028673,0,33,000,00,2,1,01,B01
201100028673,0,07,000,00,2,3,10,A01
201100028674,0,07,000,03,2,1,01,A01
201100028674,0,07,000,00,2,1,01,C01
201100028674,0,07,000,00,2,4,00,B01
201100028675,0,07,000,00,2,2,15,A01
201100028675,0,02,000,00,2,1,01,B01
201100028676,0,07,000,00,0,4,21,C01
201100028676,0,30,000,00,2,4,01,B01
201100028676,0,07,000,00,2,1,21,D01
201100028676,1,07,000,00,2,1,00,A01
201100028677,1,07,000,00,1,0,01,Z01
201100028678,1,10,000,00,2,0,15,Z01
201100028678,0,32,000,00,2,7,01,B01
201100028679,0,01,000,00,1,1,01,A01
201100028680,0,07,000,00,0,4,01,C01
201100028680,0,10,000,00,2,1,02,A01
201100028680,0,07,000,00,2,4,23,B01
201100028681,0,30,000,00,2,8,09,A01
201100028681,0,07,000,00,2,2,01,B01
201100028682,0,07,000,00,2,4,23,B01
201100028682,1,30,000,00,2,1,02,A01
201100028683,0,30,000,00,2,1,01,B01
201100028683,0,07,000,00,2,5,17,A01
201100028684,0,10,000,00,2,1,13,A01
201100028684,0,07,000,00,0,6,01,B01
201100028684,0,33,000,00,2,1,01,C01
201100028685,0,30,000,00,2,2,01,A01
201100028685,0,07,000,00,2,2,09,B01
201100028686,0,07,000,00,2,7,09,A01
201100028686,0,33,000,00,2,1,01,B01
201100028687,0,07,000,00,2,3,09,A01
201100028687,0,33,000,00,2,1,01,B01
201100028688,0,07,000,00,2,1,00,B01
201100028688,0,07,000,00,2,2,00,A01
201100028689,0,32,000,12,0,8,01,A01
201100028690,0,07,000,00,2,7,15,A01
201100028690,0,07,000,00,2,5,01,B01
201100028691,0,07,000,00,0,7,14,A01
201100028692,0,07,000,00,1,1,01,A01
201100028693,0,07,000,00,2,6,14,B01
201100028694,0,07,000,00,2,7,15,A01
201100028694,0,07,000,00,1,1,01,C01
201100028694,0,07,000,00,2,3,01,B01
201100028695,0,07,000,00,1,2,01,A01
201100028696,0,07,000,00,2,8,01,B01
201100028696,0,33,000,00,2,7,17,A01
201100028697,0,07,000,00,1,1,01,A01
201100028698,0,07,000,00,2,1,01,B01
201100028698,0,07,000,00,2,1,13,A01
201100028699,0,32,000,00,0,0,01,A01
201100028700,0,33,000,00,2,1,02,A01
201100028700,0,30,000,00,2,4,02,B01
201100028701,1,33,000,00,2,8,17,A01
201100028701,0,33,000,00,2,8,01,B01
201100028702,0,33,000,00,2,1,01,A01
201100028702,0,07,000,00,2,2,15,B01
201100028703,0,32,000,00,2,1,01,B01
201100028703,0,32,000,00,2,1,01,A01
201100028704,0,07,000,06,2,4,13,A01
201100028704,0,07,000,00,2,2,01,B01
201100028705,0,07,000,00,2,8,00,A01
201100028705,0,33,000,00,2,2,17,B01
201100028706,0,31,000,00,2,7,02,B01
201100028706,0,10,000,00,2,3,10,A01
201100028707,0,10,000,00,9,1,09,A01
201100028707,0,01,000,00,2,7,01,B01
201100028708,1,36,000,08,0,3,16,A01
201100028709,0,07,000,00,2,5,15,B01
201100028709,0,07,000,00,2,3,16,A01
201100028710,0,07,000,00,1,3,01,A01
201100028711,0,07,000,00,2,1,14,A01
201100028712,0,07,000,00,0,4,02,A01
201100028712,0,07,000,00,2,3,02,B01
201100028713,0,01,000,00,2,1,01,A01
201100028713,0,07,000,00,2,3,01,B01
201100028714,0,07,000,00,2,4,02,B01
201100028714,0,33,000,00,2,1,02,A01
201100028715,1,07,000,00,0,0,10,A01
201100028715,0,33,000,00,0,0,00,B01
201100028716,0,07,000,12,0,0,00,A01
201100028717,0,01,000,00,0,0,01,A01
201100028718,0,33,000,00,0,7,01,A01
201100028719,0,07,000,00,2,1,00,B01
201100028719,0,07,000,00,2,1,00,A01
201100028720,0,33,000,00,2,1,01,B01
201100028720,0,07,000,00,2,7,15,A01
201100028721,0,07,000,00,1,7,01,A01
201100028722,0,07,000,00,2,7,01,A01
201100028722,0,33,000,00,2,8,09,B01
201100028723,0,07,000,00,0,4,01,B01
201100028723,0,07,000,00,2,1,02,A01
201100028724,0,14,000,00,0,8,16,A01
201100028725,0,36,000,00,2,1,07,A01
201100028725,0,07,000,00,2,3,15,B01
201100028726,0,07,000,00,0,6,23,B01
201100028726,0,33,000,00,2,1,02,A01
201100028727,0,30,000,00,1,1,00,A01
201100028728,0,10,000,00,2,8,01,B01
201100028728,0,07,000,00,2,1,01,A01
201100028729,0,01,000,00,2,1,13,A01
201100028729,0,10,000,00,2,1,01,B01
201100028730,0,07,000,00,2,7,20,A01
201100028730,0,34,000,00,2,8,01,B01
201100028731,0,07,000,00,1,7,01,A01
201100028732,0,32,000,00,2,5,15,A01
201100028732,0,32,000,00,2,1,01,B01
201100028733,0,07,000,00,2,4,10,A01
201100028733,0,33,000,00,2,1,01,B01
201100028734,0,30,000,00,2,1,17,A01
201100028734,0,07,000,00,2,6,01,B01
201100028735,0,32,000,00,2,3,01,A01
201100028735,0,07,000,00,2,8,10,B01
201100028736,0,07,000,00,1,1,15,A01
201100028737,0,07,000,12,0,2,01,A01
201100028738,0,33,000,00,1,1,01,A01
201100028739,0,31,000,00,2,1,01,B01
201100028739,0,10,000,00,2,8,10,A01
201100028740,0,07,000,08,2,1,06,A01
201100028740,0,07,000,00,2,1,01,B01
201100028741,0,07,000,00,0,2,15,A01
201100028741,0,30,000,00,0,1,00,B01
201100028742,0,07,000,00,2,4,02,B01
201100028742,0,07,000,00,2,1,02,A01
201100028743,0,07,000,14,0,1,12,A01
201100028744,0,07,000,00,2,4,01,B01
201100028744,0,07,000,00,2,1,01,A01
201100028745,0,07,000,00,2,3,01,C01
201100028745,1,07,000,00,2,7,15,Z01
201100028745,0,33,000,00,2,2,01,B01
201100028746,0,07,000,00,2,2,01,B01
201100028746,0,07,000,00,2,6,11,A01
201100028747,0,07,000,01,2,8,01,B01
201100028747,0,07,000,00,2,1,01,A01
201100028748,0,02,000,00,2,8,01,A01
201100028748,0,07,000,00,2,7,01,B01
201100028749,0,07,000,00,2,2,17,A01
201100028749,0,07,000,00,2,8,15,B01
201100028750,0,07,000,00,2,1,10,A01
201100028750,0,31,000,00,2,8,01,B01
201100028751,0,33,000,00,0,0,01,A01
201100028752,1,07,000,00,0,7,01,Z01
201100028752,0,32,000,00,2,8,01,A01
201100028753,0,32,000,00,0,0,21,B01
201100028753,0,07,000,00,0,0,15,A01
201100028754,0,07,000,00,1,1,17,A01
201100028755,0,07,000,00,1,1,15,A01
201100028756,0,07,000,00,1,5,04,A01
201100028757,0,34,000,00,2,1,01,B01
201100028757,0,07,000,00,2,7,15,A01
201100028758,0,07,000,00,2,1,15,A01
201100028758,0,30,000,00,2,1,01,B01
201100028759,0,07,000,00,2,1,01,B01
201100028759,0,07,000,00,2,1,16,A01
201100028760,0,33,000,00,2,5,01,B01
201100028760,0,07,000,00,2,7,01,C01
201100028760,0,07,000,00,2,2,15,A01
201100028761,0,07,000,00,2,1,01,B01
201100028761,0,01,000,00,2,3,05,A01
201100028762,0,07,000,00,2,2,01,B01
201100028762,0,07,000,00,2,8,10,A01
201100028763,0,07,000,00,2,8,15,B01
201100028763,1,07,000,00,2,1,01,A01
201100028764,0,07,000,00,2,3,00,B01
201100028764,0,07,000,00,2,3,13,A01
201100028765,0,33,000,00,2,1,01,B01
201100028765,0,07,000,00,2,5,15,A01
201100028766,0,07,000,00,0,8,15,A01
201100028766,0,33,000,00,2,1,17,B01
201100028767,0,07,000,00,2,1,15,B01
201100028767,0,02,000,00,2,7,17,A01
201100028768,0,02,000,00,2,1,01,B01
201100028768,1,07,000,00,0,3,00,Z01
201100028769,0,30,000,00,2,1,17,B01
201100028769,0,07,000,00,2,8,10,A01
201100028770,0,07,000,00,1,1,01,A01
201100028771,0,40,000,00,1,1,01,B01
201100028772,0,30,000,00,2,6,00,B01
201100028772,0,07,000,00,2,2,00,A01
201100028773,0,07,000,00,2,3,15,B01
201100028773,0,30,000,00,2,7,17,A01
201100028774,0,07,000,15,0,2,01,A01
201100028775,0,07,000,00,2,1,01,A01
201100028775,0,01,000,00,2,1,00,B01
201100028776,0,33,000,00,2,0,01,A01
201100028776,0,07,000,00,2,1,15,B01
201100028777,0,30,000,00,2,7,12,B01
201100028777,0,07,000,00,2,8,09,A01
201100028778,0,07,000,00,2,2,15,B01
201100028778,0,07,000,00,2,7,01,A01
201100028779,0,07,000,00,2,8,01,A01
201100028779,0,07,000,00,2,1,01,B01
201100028780,0,10,000,06,0,1,01,A01
201100028781,0,32,000,00,0,8,01,A01
201100028782,0,32,000,00,2,7,01,B01
201100028782,0,07,000,00,2,3,09,A01
201100028783,0,07,000,01,0,2,01,A01
201100028784,0,30,000,00,2,7,12,A01
201100028784,0,07,000,00,2,8,01,B01
201100028785,0,07,000,00,2,4,01,B01
201100028785,0,07,000,00,2,1,02,A01
201100028786,0,07,000,00,0,3,00,B01
201100028786,0,33,000,06,2,1,15,A01
201100028787,0,10,000,00,2,8,15,A01
201100028787,0,31,000,00,2,7,17,B01
201100028788,0,07,000,00,2,8,15,A01
201100028788,0,33,000,00,2,1,02,B01
201100028789,0,32,000,00,2,7,01,A01
201100028789,0,07,000,00,2,3,16,B01
201100028790,0,07,000,00,2,1,13,A01
201100028790,0,07,000,00,0,1,01,B01
201100028791,0,07,000,00,2,4,23,B01
201100028791,0,07,000,00,2,8,23,C01
201100028791,0,33,000,00,2,1,02,A01
201100028791,0,07,000,00,2,8,23,D01
201100028792,0,33,000,00,0,0,01,A01
201100028793,0,07,000,00,2,8,10,A01
201100028793,0,33,000,00,2,1,17,B01
201100028794,0,07,000,00,2,5,15,A01
201100028794,0,32,000,00,2,3,01,B01
201100028795,0,07,000,00,2,1,12,A01
201100028795,0,07,000,00,2,4,01,B01
201100028796,0,07,000,00,2,6,10,B01
201100028796,1,33,000,00,0,1,00,A01
201100028797,1,99,000,00,2,2,00,A01
201100028798,0,07,000,07,0,2,13,A01
201100028799,0,07,000,00,2,2,14,A01
201100028799,0,31,000,00,2,8,01,B01
201100028800,0,07,000,02,0,1,01,A01
201100028801,0,07,000,12,1,1,01,A01
201100028802,0,07,000,15,0,1,16,A01
201100028803,0,07,000,00,2,8,15,B01
201100028803,0,33,000,00,2,7,17,A01
201100028804,0,07,000,00,0,1,01,A01
201100028805,0,02,000,00,0,0,11,A01
201100028806,0,07,000,00,0,1,06,A01
201100028807,0,07,000,00,1,1,01,A01
201100028808,0,01,000,00,2,1,00,A01
201100028808,0,07,000,00,2,7,01,B01
201100028809,0,07,000,00,1,1,01,A01
201100028810,0,07,000,00,0,4,01,B01
201100028810,0,32,000,00,2,1,02,A01
201100028811,1,07,000,00,0,,,Z01
201100028811,0,32,000,00,0,7,01,A01
201100028812,0,07,000,00,2,1,01,A01
201100028812,0,07,000,00,2,4,00,B01
201100028813,0,07,000,00,2,3,09,A01
201100028813,0,01,000,00,2,1,01,B01
201100028814,0,14,000,00,2,4,02,B01
201100028814,0,32,000,00,2,1,02,A01
201100028815,0,07,000,00,2,6,10,A01
201100028815,0,07,000,00,2,2,01,B01
201100028816,0,07,000,00,2,2,15,A01
201100028816,0,34,000,00,2,1,01,B01
201100028817,0,07,000,00,2,1,02,B01
201100028817,0,07,000,00,2,2,05,A01
201100028818,0,07,000,07,2,7,01,A01
201100028818,0,33,000,00,2,3,01,B01
201100028819,0,07,000,06,0,1,00,A01
201100028820,0,31,000,00,2,1,01,C01
201100028820,0,34,000,00,2,7,17,B01
201100028820,0,07,000,00,2,3,13,A01
201100028821,0,07,000,00,4,8,01,A01
201100028821,0,40,000,00,2,1,01,B01
201100028822,1,99,000,00,1,8,01,Z01
201100028823,0,07,000,15,0,2,01,A01
201100028824,0,07,000,00,2,2,21,A01
201100028825,0,33,000,00,2,7,17,A01
201100028825,0,07,000,00,2,8,00,B01
201100028826,0,33,000,00,2,8,01,A01
201100028826,0,07,000,00,2,7,18,B01
201100028827,0,30,000,00,2,2,01,A01
201100028828,0,34,000,00,2,7,01,B01
201100028828,0,07,000,00,2,1,15,A01
201100028829,0,07,000,00,1,2,16,A01
201100028830,0,10,000,00,2,3,13,A01
201100028830,0,33,000,00,2,1,01,B01
201100028831,0,02,000,00,2,1,00,B01
201100028831,1,07,000,00,0,0,00,Z01
201100028832,0,02,000,12,0,1,13,A01
201100028833,0,32,000,00,2,8,11,A01
201100028833,0,07,000,00,2,7,01,B01
201100028834,0,07,000,00,2,7,01,B01
201100028834,0,07,000,00,2,1,01,A01
201100028835,0,33,000,12,0,1,14,A01
201100028836,0,01,000,00,2,4,01,B01
201100028836,0,07,000,00,2,1,09,A01
201100028837,0,34,000,11,0,8,01,A01
201100028838,0,07,000,00,2,8,15,B01
201100028838,0,07,000,00,2,1,01,A01
201100028839,0,34,000,00,0,0,01,A01
201100028840,0,30,000,00,2,1,17,A01
201100028840,0,10,000,00,2,1,15,B01
201100028841,0,10,000,00,2,3,15,A01
201100028841,0,33,000,00,2,2,17,B01
201100028842,0,07,000,00,1,2,01,A01
201100028843,0,07,000,00,2,3,17,A01
201100028843,0,33,000,00,2,1,01,B01
201100028844,0,33,000,00,2,1,01,B01
201100028844,0,07,000,00,2,3,15,A01
201100028845,0,33,000,00,2,2,09,A01
201100028845,0,10,000,00,0,0,01,B01
201100028846,0,17,000,00,2,3,02,A01
201100028846,0,07,000,00,2,2,02,B01
201100028847,1,07,000,00,1,0,01,Z01
201100028848,0,07,000,08,0,1,01,A01
201100028849,0,10,000,00,1,4,04,A01
201100028850,0,07,000,00,2,4,02,B01
201100028850,0,07,000,00,2,1,02,A01
201100028850,0,07,000,00,2,4,02,D01
201100028850,0,07,000,00,2,4,02,C01
201100028851,0,07,000,00,2,3,01,B01
201100028851,0,07,000,00,2,2,01,A01
201100028852,0,07,000,02,0,7,01,A01
201100028853,0,10,000,00,0,6,01,B01
201100028853,0,07,000,00,2,1,12,A01
201100028854,0,07,000,00,2,1,02,A01
201100028854,0,30,000,00,2,4,01,B01
201100028855,0,14,000,00,2,3,01,B01
201100028855,0,07,000,00,2,5,17,A01
201100028856,0,33,000,00,2,1,01,B01
201100028856,0,07,000,00,2,3,15,A01
201100028857,0,33,000,00,2,2,09,B01
201100028857,0,07,000,00,2,3,09,A01
201100028858,0,33,000,00,2,1,01,B01
201100028858,0,10,000,00,2,3,10,A01
201100028859,0,07,000,00,2,6,01,B01
201100028859,0,07,000,00,2,1,00,D01
201100028859,0,07,000,00,2,1,05,A01
201100028859,0,07,000,00,2,1,00,C01
201100028860,0,01,000,00,2,7,19,B01
201100028860,0,07,000,00,2,1,01,A01
201100028861,0,31,000,10,0,2,14,A01
201100028862,0,07,000,00,1,2,17,A01
201100028863,1,07,000,01,0,1,02,A01
201100028864,0,33,000,04,2,2,01,B01
201100028864,1,07,000,00,2,0,00,Z01
201100028865,0,34,000,14,0,1,01,A01
201100028866,0,07,000,00,1,7,17,A01
201100028867,0,34,000,00,0,0,01,D01
201100028867,0,07,000,00,0,6,01,C01
201100028867,0,07,000,00,2,2,01,B01
201100028867,0,07,000,00,0,0,16,A01
201100028868,0,07,000,00,2,7,01,B01
201100028868,0,07,000,00,2,1,01,A01
201100028869,0,07,000,00,0,4,23,A01
201100028869,0,01,000,00,0,1,01,B01
201100028870,0,33,000,00,2,1,01,B01
201100028870,0,07,000,00,2,8,15,A01
201100028871,0,07,000,00,2,1,00,A01
201100028871,0,01,000,00,2,1,01,B01
201100028872,0,07,000,00,1,4,04,A01
201100028873,0,07,000,00,2,8,24,A01
201100028873,0,01,000,01,0,1,01,B01
201100028874,1,07,000,00,2,8,13,A01
201100028874,0,07,000,00,2,8,01,B01
201100028875,0,30,000,00,2,1,01,A01
201100028875,0,07,000,00,2,2,15,B01
201100028876,0,07,000,00,1,1,16,A01
201100028877,1,07,000,00,2,1,01,Z01
201100028877,0,07,000,00,0,7,01,B01
201100028878,0,07,000,00,0,6,02,B01
201100028878,0,07,000,00,2,1,02,A01
201100028879,0,07,000,00,2,3,01,C01
201100028879,0,07,000,00,2,6,09,A01
201100028879,0,33,000,00,2,1,01,B01
201100028880,0,10,000,00,1,2,18,A01
201100028881,0,33,000,00,2,2,17,A01
201100028881,0,07,000,00,2,8,15,B01
201100028882,0,07,000,00,2,3,01,B01
201100028882,0,07,000,00,2,2,01,A01
201100028883,0,07,000,00,1,3,01,A01
201100028884,0,07,000,00,1,1,01,A01
201100028885,0,07,000,01,2,7,16,B01
201100028885,0,30,000,00,2,6,18,A01
201100028886,0,01,000,00,2,2,15,A01
201100028886,0,32,000,00,2,2,01,B01
201100028887,0,01,000,00,2,8,19,A01
201100028887,0,07,000,00,2,3,01,B01
201100028888,0,33,000,00,2,1,01,B01
201100028888,0,01,000,00,2,7,19,A01
201100028889,0,07,000,00,2,4,01,B01
201100028889,0,33,000,00,2,1,01,A01
201100028889,0,07,000,00,2,4,01,C01
201100028890,0,37,011,00,1,2,01,A01
201100028891,0,07,000,00,1,1,01,A01
201100028892,0,07,000,00,2,3,00,A01
201100028892,0,30,000,00,2,1,00,B01
201100028893,0,30,000,00,1,1,01,A01
201100028894,0,07,000,00,2,8,01,A01
201100028894,0,07,000,00,2,8,01,B01
201100028895,0,30,000,00,0,0,01,A01
201100028896,0,10,000,00,2,7,17,A01
201100028896,0,30,000,00,2,8,01,B01
201100028897,0,34,000,00,2,1,02,A01
201100028897,0,07,000,00,2,4,02,B01
201100028898,0,07,000,00,2,3,09,A01
201100028898,0,32,000,00,2,1,14,B01
201100028899,0,07,000,00,2,2,01,B01
201100028899,0,10,000,00,2,3,16,C01
201100028899,0,07,000,00,2,3,01,A01
201100028900,0,07,000,00,2,8,01,B01
201100028900,0,30,000,00,2,1,01,A01
201100028901,0,07,000,00,2,1,01,A01
201100028901,0,07,000,00,0,1,01,B01
201100028902,0,07,000,00,2,4,02,B01
201100028902,1,07,000,00,2,1,02,A01
201100028903,0,07,000,00,1,4,04,A01
201100028904,0,07,000,00,2,2,16,B01
201100028904,0,01,000,00,2,1,19,A01
201100028905,0,07,000,00,2,1,01,B01
201100028905,0,07,000,00,2,5,15,A01
201100028906,0,07,000,00,2,5,00,B01
201100028906,0,33,000,00,2,3,01,A01
201100028907,0,07,000,07,2,7,17,B01
201100028907,0,07,000,00,2,3,15,A01
201100028908,0,07,000,00,1,4,04,A01
201100028909,0,07,000,00,1,2,01,A01
201100028910,0,32,000,00,2,2,01,B01
201100028910,0,07,000,00,2,6,15,A01
201100028911,0,07,000,00,1,1,01,A01
201100028912,0,07,000,00,9,3,01,B01
201100028912,0,02,000,00,2,7,01,A01
201100028913,0,07,000,00,2,1,09,A01
201100028913,0,31,000,00,0,7,01,B01
201100028914,0,07,000,00,1,2,01,A01
201100028915,0,33,000,00,2,8,01,B01
201100028915,0,07,000,00,2,3,15,A01
201100028916,0,10,000,00,2,4,04,A01
201100028916,0,32,000,00,2,7,21,B01
201100028917,0,31,000,00,2,8,01,B01
201100028917,0,07,000,00,2,3,15,A01
201100028918,0,02,000,00,1,1,01,A01
201100028919,0,33,000,00,2,3,01,A01
201100028919,0,07,000,00,2,3,16,B01
201100028920,0,07,000,00,0,3,01,B01
201100028920,0,07,000,09,2,2,00,A01
201100028921,2,07,000,00,9,3,05,A01
201100028921,0,07,000,00,9,1,01,B01
201100028922,1,07,000,00,1,1,01,A01
201100028923,0,33,000,00,2,1,01,B01
201100028923,0,07,000,00,2,3,15,A01
201100028924,0,33,000,00,2,8,02,A01
201100028924,0,07,000,00,2,7,16,B01
201100028925,0,07,000,00,2,1,02,A01
201100028925,0,13,000,00,2,4,02,B01
201100028926,0,07,000,00,2,1,15,A01
201100028926,0,30,000,00,2,1,17,B01
201100028927,0,02,000,00,2,7,01,B01
201100028927,0,07,000,00,2,1,16,A01
201100028928,0,07,000,00,1,1,01,A01
201100028929,0,33,000,00,0,9,01,A01
201100028930,0,07,000,00,1,1,01,A01
201100028931,0,07,000,00,2,1,15,A01
201100028931,0,07,000,00,2,1,01,B01
201100028932,0,07,000,00,2,2,15,A01
201100028932,0,32,000,00,2,1,01,B01
201100028933,0,32,000,00,2,8,01,B01
201100028933,0,07,000,00,2,2,12,A01
201100028934,0,07,000,00,2,8,10,A01
201100028934,0,31,000,00,2,2,01,B01
201100028935,0,07,000,00,0,9,01,A01
201100028936,0,07,000,00,1,1,01,A01
201100028937,0,07,000,00,2,8,15,B01
201100028937,0,33,000,12,2,7,17,A01
201100028938,0,13,000,00,2,1,01,C01
201100028938,0,13,000,15,2,1,01,B01
201100028938,0,07,000,00,2,1,17,A01
201100028939,0,20,000,00,1,1,01,A01
201100028940,0,07,000,00,2,3,01,B01
201100028940,0,07,000,00,2,2,01,A01
201100028941,0,32,000,00,1,1,01,A01
201100028942,0,07,000,00,1,7,01,A01
201100028943,0,07,000,00,1,2,01,A01
201100028944,0,07,000,00,2,8,13,B01
201100028944,0,30,000,00,2,5,17,A01
201100028945,0,07,000,00,2,6,24,B01
201100028945,0,30,000,01,0,1,00,A01
201100028946,0,30,000,00,0,4,01,B01
201100028946,0,07,000,00,2,1,02,A01
201100028947,0,31,000,00,0,7,01,A01
201100028948,0,07,000,00,2,7,15,A01
201100028948,0,30,000,00,2,1,01,B01
201100028949,0,32,000,00,2,1,01,A01
201100028949,0,07,000,00,2,6,01,B01
201100028950,0,07,000,00,2,7,13,A01
201100028950,0,07,000,00,2,1,01,B01
201100028951,0,10,000,00,2,7,01,A01
201100028951,0,01,000,00,2,1,19,B01
201100028952,0,07,000,08,0,1,01,A01
201100028953,0,07,000,00,2,4,01,C01
201100028953,0,07,000,00,2,1,01,A01
201100028953,0,07,000,00,2,0,01,B01
201100028954,0,07,000,00,2,3,15,B01
201100028954,0,30,000,00,2,1,01,A01
201100028955,0,32,000,00,2,4,02,B01
201100028955,0,07,000,00,2,1,02,A01
201100028956,0,07,000,00,2,1,01,B01
201100028956,0,07,000,00,2,7,06,A01
201100028957,0,07,000,00,2,8,01,C01
201100028957,1,99,000,00,2,0,17,A01
201100028957,0,30,000,00,2,3,01,B01
201100028958,0,07,000,00,2,3,15,A01
201100028958,0,32,000,00,2,7,17,B01
201100028959,0,07,000,00,2,6,10,A01
201100028959,0,33,000,00,2,1,01,B01
201100028960,0,07,000,00,2,7,01,C01
201100028960,0,07,000,00,2,8,22,A01
201100028960,0,01,000,00,2,7,01,B01
201100028961,0,10,000,00,2,1,15,A01
201100028961,0,07,000,00,2,8,01,C01
201100028961,0,07,000,00,2,8,01,B01
201100028962,0,32,000,00,2,1,01,B01
201100028962,0,07,000,00,2,7,15,A01
201100028963,0,07,000,00,1,1,01,A01
201100028964,0,30,000,00,2,2,17,A01
201100028964,0,07,000,00,2,8,15,B01
201100028965,0,07,000,02,0,8,01,A01
201100028966,0,01,000,00,2,4,02,B01
201100028966,1,07,000,00,2,2,02,A01
201100028967,0,30,000,00,2,1,02,B01
201100028967,0,07,000,00,2,3,15,A01
201100028968,0,07,000,00,1,1,01,A01
201100028969,0,31,000,00,2,8,01,B01
201100028969,0,07,000,00,2,7,16,A01
201100028970,0,02,000,00,2,1,01,A01
201100028970,0,07,000,00,2,8,01,B01
201100028971,0,07,000,00,1,2,21,A01
201100028972,0,07,000,00,1,1,00,A01
201100028973,0,10,000,00,2,1,01,A01
201100028973,0,07,000,00,2,8,01,B01
201100028974,0,07,000,04,0,3,01,A01
201100028975,0,07,000,00,1,1,01,A01
201100028976,0,30,000,00,2,1,01,B01
201100028976,0,07,000,00,2,3,15,A01
201100028977,0,07,000,00,2,4,02,B01
201100028977,0,34,000,00,2,1,02,A01
201100028978,0,31,000,00,0,0,01,A01
201100028979,0,07,000,00,2,3,09,B01
201100028979,0,33,000,00,2,7,17,A01
201100028980,0,07,000,00,1,1,01,A01