Num_Acc,senc,catv,occutc,obs,obsm,choc,manv,num_veh
201100029359,0,01,000,00,2,4,01,B01
201100029359,0,07,000,00,2,1,01,A01
201100029360,0,07,000,00,2,2,15,A01
201100029360,0,01,000,00,2,1,01,B01
201100029361,0,07,000,00,2,3,01,A01
201100029361,0,02,000,00,2,1,01,B01
201100029362,0,02,000,00,2,1,01,A01
201100029362,0,07,000,00,2,8,01,B01
201100029363,0,10,000,00,2,7,15,A01
201100029363,0,33,000,00,2,8,01,B01
201100029364,0,30,000,00,2,1,19,A01
201100029364,0,07,000,00,2,8,01,B01
201100029365,0,07,000,11,0,1,01,A01
201100029366,0,07,000,02,0,2,01,A01
201100029367,0,30,000,00,0,0,01,A01
201100029368,0,07,000,00,1,1,15,A01
201100029369,0,07,000,00,2,1,01,B01
201100029369,0,07,000,00,2,3,16,A01
201100029370,0,07,000,00,0,4,02,B01
201100029370,0,07,000,00,2,1,01,A01
201100029371,0,07,000,00,2,3,09,A01
201100029371,0,01,000,00,2,1,01,B01
201100029372,0,37,020,00,1,0,09,A01
201100029373,0,07,000,00,1,1,01,A01
201100029374,0,15,000,00,2,7,12,A01
201100029374,0,07,000,00,2,8,01,B01
201100029375,0,07,000,10,0,1,01,A01
201100029376,0,07,000,03,0,9,01,A01
201100029377,0,01,000,00,0,0,01,A01
201100029378,0,02,000,00,0,0,01,A01
201100029379,0,07,000,00,2,1,01,A01
201100029379,0,07,000,00,2,4,01,B01
201100029380,0,02,000,00,0,1,01,A01
201100029381,0,07,000,00,1,8,01,A01
201100029382,0,07,000,09,0,8,01,A01
201100029383,1,07,000,00,2,1,01,A01
201100029383,0,01,000,00,2,4,01,B01
201100029384,0,30,000,00,2,1,01,B01
201100029384,0,07,000,00,2,8,10,A01
201100029385,0,38,001,00,2,2,01,B01
201100029385,0,07,000,00,2,4,04,A01
201100029386,1,07,000,00,0,0,13,A01
201100029386,0,10,000,00,2,1,01,B01
201100029387,0,07,000,03,0,8,01,A01
201100029388,0,13,000,13,2,1,01,A01
201100029389,0,02,000,00,2,1,01,A01
201100029389,0,07,000,00,2,5,23,B01
201100029390,0,07,000,13,0,1,01,A01
201100029391,0,07,000,00,2,1,15,A01
201100029391,0,31,000,00,2,1,01,B01
201100029392,0,07,000,00,1,1,01,A01
201100029393,0,07,000,00,2,0,01,B01
201100029393,0,10,000,08,2,0,01,A01
201100029394,0,01,000,00,2,1,15,A01
201100029394,0,07,000,00,2,6,01,B01
201100029395,0,07,000,00,2,1,01,A01
201100029395,0,07,000,00,2,4,02,B01
201100029396,0,07,000,00,0,0,16,A01
201100029396,0,37,010,00,0,0,01,B01
201100029397,0,07,000,13,0,1,01,A01
201100029398,0,07,000,06,0,1,01,A01
201100029399,0,01,000,00,0,0,01,A01
201100029400,0,07,000,00,2,2,16,A01
201100029400,0,01,000,00,2,1,01,B01
201100029401,0,01,000,00,0,1,01,A01
201100029402,0,13,000,00,2,1,02,A01
201100029402,0,07,000,00,2,4,02,B01
201100029402,0,07,000,00,2,4,01,C01
201100029403,1,07,000,00,1,1,01,A01
201100029404,0,07,000,00,2,1,09,A01
201100029404,0,01,000,00,2,1,01,B01
201100029405,0,07,000,07,0,1,01,A01
201100029406,0,31,000,00,2,1,01,A01
201100029406,0,07,000,00,2,4,23,B01
201100029407,0,02,000,00,2,1,01,B01
201100029407,0,07,000,00,0,8,15,A01
201100029408,0,02,000,00,2,1,01,A01
201100029408,0,37,001,00,2,1,01,B01
201100029409,0,33,000,00,2,7,01,B01
201100029409,0,07,000,00,2,1,09,A01
201100029410,0,07,000,00,2,4,04,A01
201100029410,0,33,000,00,2,1,01,B01
201100029411,0,01,000,00,1,1,01,A01
201100029412,0,33,000,00,0,0,01,A01
201100029413,0,07,000,13,2,1,02,A01
201100029413,0,07,000,00,2,5,02,B01
201100029414,0,07,000,06,0,1,06,A01
201100029415,0,01,000,00,0,0,01,A01
201100029416,0,15,000,00,1,2,01,A01
201100029417,0,07,000,08,0,1,01,A01
201100029418,0,33,000,00,2,2,02,A01
201100029418,0,07,000,00,2,4,01,B01
201100029419,2,02,000,00,1,1,01,A01
201100029420,0,01,000,12,0,0,01,A01
201100029421,0,02,000,00,2,0,01,A01
201100029421,0,07,000,00,2,2,23,B01
201100029422,0,07,000,00,2,1,01,A01
201100029422,0,07,000,00,2,3,01,B01
201100029423,0,07,000,02,0,9,19,A01
201100029424,0,02,000,00,2,4,19,A01
201100029424,0,07,000,00,2,1,01,B01
201100029425,0,07,000,00,2,2,01,B01
201100029425,0,07,000,00,2,3,01,A01
201100029426,0,07,000,00,2,0,09,B01
201100029426,0,30,000,00,2,1,21,A01
201100029427,0,07,000,09,0,1,01,A01
201100029428,2,30,000,00,0,0,01,A01
201100029429,0,07,000,00,1,1,01,A01
201100029430,0,30,000,00,0,0,01,A01
201100029431,0,30,000,00,0,8,01,A01
201100029432,0,17,000,00,2,8,01,A01
201100029432,0,07,000,00,2,7,02,B01
201100029433,0,37,003,00,1,2,01,A01
201100029434,0,07,000,00,2,2,14,A01
201100029434,0,01,000,00,2,4,01,B01
201100029435,1,07,000,00,2,2,22,A01
201100029435,0,01,000,00,2,0,01,B01
201100029436,0,07,000,09,0,6,01,A01
201100029437,0,07,000,00,2,1,02,A01
201100029437,0,07,000,00,2,1,23,B01
201100029437,0,07,000,00,2,4,02,C01
201100029438,0,30,000,00,2,8,18,A01
201100029438,0,07,000,00,2,7,16,B01
201100029439,0,07,000,00,2,3,13,A01
201100029439,0,07,000,00,2,6,01,B01
201100029440,0,07,000,13,0,1,01,A01
201100029441,0,34,000,00,0,1,01,A01
201100029442,0,07,000,00,1,2,01,A01
201100029443,0,33,000,00,2,1,01,B01
201100029443,0,07,000,00,2,2,15,A01
201100029444,0,30,000,00,2,8,01,A01
201100029444,0,07,000,00,2,2,16,B01
201100029445,1,07,000,00,2,1,01,A01
201100029445,0,30,000,00,2,1,01,B01
201100029446,0,01,000,00,1,1,01,A01
201100029447,0,07,000,00,2,5,16,A01
201100029447,0,14,000,00,2,3,01,B01
201100029448,0,07,000,00,2,4,02,C01
201100029448,0,07,000,00,2,4,23,B01
201100029448,0,07,000,00,2,1,01,A01
201100029449,0,10,000,00,2,5,15,B01
201100029449,0,07,000,00,2,2,23,C01
201100029449,0,07,000,00,2,8,16,A01
201100029450,0,33,000,01,2,1,01,A01
201100029450,0,10,000,00,2,5,23,B01
201100029451,0,02,000,12,0,1,01,A01
201100029452,0,33,000,00,2,1,01,B01
201100029452,0,07,000,00,2,4,04,A01
201100029453,0,07,000,00,2,0,01,A01
201100029453,0,07,000,00,2,8,09,B01
201100029454,0,07,000,00,2,4,02,B01
201100029454,0,07,000,00,2,1,01,A01
201100029455,0,10,000,00,2,1,01,A01
201100029455,0,02,000,00,2,4,02,B01
201100029456,0,07,000,00,2,1,01,A01
201100029456,0,07,000,00,2,4,23,B01
201100029457,0,07,000,00,1,2,09,A01
201100029458,0,07,000,00,2,1,01,B01
201100029458,0,10,000,13,2,1,01,A01
201100029459,0,07,000,00,2,4,23,B01
201100029459,0,07,000,00,2,1,01,A01
201100029460,0,07,000,00,2,1,09,B01
201100029460,0,01,000,00,2,1,05,A01
201100029461,0,07,000,00,2,3,01,B01
201100029461,0,01,000,00,2,1,19,A01
201100029462,0,07,000,00,2,4,23,B01
201100029462,0,10,000,00,2,1,23,C01
201100029462,0,07,000,00,2,1,01,A01
201100029462,0,07,000,00,2,4,23,E01
201100029462,0,07,000,00,2,4,23,D01
201100029463,0,07,000,00,2,5,16,A01
201100029463,0,01,000,00,2,8,01,B01
201100029464,0,07,000,00,1,1,01,A01
201100029465,0,10,000,00,2,3,01,A01
201100029465,0,07,000,00,2,5,23,B01
201100029466,0,07,000,00,2,1,01,A01
201100029466,0,07,000,00,2,4,02,B01
201100029466,0,07,000,00,2,4,02,C01
201100029466,0,07,000,00,2,4,02,D01
201100029466,0,07,000,00,2,4,02,E01
201100029467,0,01,000,00,2,1,19,B01
201100029467,0,07,000,00,2,1,15,A01
201100029468,0,07,000,00,1,1,01,A01
201100029469,0,33,000,00,2,1,01,B01
201100029469,0,07,000,00,2,1,13,A01
201100029470,0,01,000,00,2,1,01,B01
201100029470,0,07,000,00,2,3,09,A01
201100029471,0,07,000,00,2,4,23,C01
201100029471,0,07,000,00,2,1,01,A01
201100029471,0,07,000,00,2,4,23,B01
201100029472,0,07,000,00,1,1,15,A01
201100029473,0,07,000,00,2,5,09,A01
201100029473,0,33,000,00,2,1,01,B01
201100029474,0,01,000,00,0,0,01,A01
201100029475,0,07,000,00,1,2,01,A01
201100029476,0,07,000,00,1,7,16,A01
201100029477,0,30,000,00,2,7,01,A01
201100029477,0,07,000,00,2,1,01,B01
201100029478,1,07,000,00,2,1,01,Z01
201100029478,0,07,000,00,2,4,02,B01
201100029479,0,13,000,00,2,7,15,A01
201100029479,0,01,000,00,2,1,01,B01
201100029480,1,07,000,00,2,1,01,A01
201100029480,0,07,000,00,2,7,01,B01
201100029481,0,33,000,00,2,2,12,A01
201100029481,0,07,000,00,2,3,01,B01
201100029482,0,07,000,00,2,8,01,B01
201100029482,0,07,000,00,2,8,15,A01
201100029483,0,02,000,00,0,1,01,A01
201100029484,0,33,000,00,2,1,01,A01
201100029484,0,07,000,00,2,8,01,B01
201100029485,0,07,000,00,2,4,23,C01
201100029485,0,10,000,00,2,1,01,A01
201100029485,0,07,000,00,2,4,23,B01
201100029486,0,30,000,00,0,0,00,A01
201100029487,0,30,000,00,0,1,00,A01
201100029488,0,01,000,00,2,1,01,A01
201100029488,0,07,000,00,2,7,01,B01
201100029489,0,01,000,00,2,1,19,B01
201100029489,1,10,000,00,2,0,01,A01
201100029490,0,33,000,00,2,0,01,B01
201100029490,0,10,000,00,2,0,09,A01
201100029491,0,07,000,00,2,8,09,A01
201100029491,0,37,015,00,2,3,01,B01
201100029492,0,07,000,00,1,1,17,A01
201100029493,0,07,000,00,2,2,15,A01
201100029493,0,02,000,00,2,1,01,B01
201100029494,0,30,000,00,0,1,01,A01
201100029495,0,33,000,00,1,1,01,A01
201100029496,0,07,000,00,2,8,15,A01
201100029496,0,30,000,00,2,1,17,B01
201100029497,0,10,000,07,0,1,01,A01
201100029498,0,07,000,00,2,4,23,B01
201100029498,1,10,000,00,2,1,01,A01
201100029499,0,07,000,00,2,7,12,A01
201100029499,0,07,000,00,2,8,01,B01
201100029500,0,07,000,00,2,1,01,B01
201100029500,0,01,000,00,2,7,15,A01
201100029500,0,07,000,00,2,1,23,C01
201100029501,0,07,000,08,2,1,01,B01
201100029501,0,07,000,00,2,8,00,A01
201100029502,0,07,000,00,2,2,15,A01
201100029502,0,07,000,00,2,1,01,B01
201100029503,0,07,000,00,1,2,01,A01
201100029504,1,30,000,00,0,1,01,A01
201100029504,0,01,000,00,0,4,02,B01
201100029505,0,10,000,00,2,1,01,A01
201100029505,0,07,000,00,2,4,23,B01
201100029506,0,01,000,00,2,1,05,A01
201100029506,0,07,000,00,2,7,09,B01
201100029507,0,07,000,00,2,3,09,A01
201100029507,0,07,000,00,2,1,01,B01
201100029508,0,01,000,00,1,1,01,A01
201100029509,0,01,000,11,0,1,01,A01
201100029510,0,07,000,00,2,5,02,B01
201100029510,0,30,000,00,2,1,01,A01
201100029511,0,07,000,06,2,1,01,A01
201100029511,0,07,000,00,2,1,01,B01
201100029512,0,33,000,00,2,2,17,A01
201100029512,0,01,000,00,2,1,15,B01
201100029513,0,07,000,00,2,4,02,B01
201100029513,0,07,000,00,2,1,01,A01
201100029514,0,30,000,00,1,7,01,A01
201100029515,0,07,000,00,2,3,09,A01
201100029515,0,01,000,00,2,1,01,B01
201100029516,0,13,000,00,2,1,15,A01
201100029516,0,07,000,00,2,4,23,B01
201100029516,0,01,000,00,2,0,01,C01
201100029517,0,07,000,06,0,8,01,A01
201100029518,0,01,000,00,0,1,01,A01
201100029519,0,07,000,00,1,1,01,A01
201100029520,0,30,000,11,0,1,17,A01
201100029521,0,37,015,00,2,8,15,B01
201100029521,0,02,000,00,2,1,01,A01
201100029522,0,37,005,00,1,2,01,A01
201100029523,0,30,000,01,0,1,21,A01
201100029524,0,33,000,00,2,1,01,A01
201100029524,0,07,000,00,2,4,02,B01
201100029525,0,30,000,00,0,1,01,A01
201100029526,0,07,000,00,2,1,01,A01
201100029526,0,07,000,00,2,4,02,B01
201100029527,0,07,000,00,2,4,02,C01
201100029527,0,07,000,00,2,4,02,B01
201100029527,0,07,000,00,2,1,01,A01
201100029528,0,07,000,00,2,6,09,A01
201100029528,0,30,000,00,2,1,01,B01
201100029529,0,33,000,00,0,0,01,A01
201100029530,0,07,000,00,1,2,01,A01
201100029531,0,02,000,00,0,8,01,A01
201100029532,0,07,000,01,0,1,01,A01
201100029533,0,07,000,00,2,1,01,B01
201100029533,0,07,000,00,2,8,09,A01
201100029534,0,07,000,00,2,1,01,A01
201100029534,0,07,000,00,2,4,02,B01
201100029535,0,07,000,09,0,1,01,A01
201100029536,0,02,000,00,2,1,01,A01
201100029536,0,07,000,00,2,1,09,B01
201100029537,0,02,000,00,2,8,18,A01
201100029537,0,07,000,00,2,7,16,B01
201100029538,0,07,000,00,1,1,15,A01
201100029539,0,30,000,00,0,1,01,A01
201100029540,0,07,000,00,2,1,09,A01
201100029540,0,30,000,00,0,8,01,B01
201100029541,0,01,000,00,0,1,01,A01
201100029542,0,07,000,00,2,5,15,A01
201100029542,0,01,000,00,2,1,01,B01
201100029543,0,30,000,11,2,1,01,B01
201100029543,0,07,000,00,2,8,01,A01
201100029544,0,07,000,00,2,3,01,A01
201100029544,0,01,000,00,2,1,01,B01
201100029545,0,15,000,00,2,0,01,A01
201100029545,0,07,000,00,2,4,01,B01
201100029546,1,99,000,00,1,1,01,Z01
201100029547,0,01,000,00,2,1,01,B01
201100029547,0,07,000,00,2,1,09,A01
201100029548,0,07,000,00,2,2,01,A01
201100029549,0,32,000,09,0,1,01,A01
201100029550,0,30,000,00,2,1,01,B01
201100029550,0,07,000,00,2,3,15,A01
201100029551,0,07,000,00,2,4,23,C01
201100029551,0,07,000,00,2,4,23,B01
201100029551,0,07,000,00,2,1,01,A01
201100029552,0,07,000,03,0,9,01,A01
201100029553,0,07,000,00,2,2,15,B01
201100029553,0,07,000,00,2,1,01,A01
201100029554,0,07,000,00,1,1,01,A01
201100029555,0,07,000,00,1,2,15,A01
201100029556,0,07,000,00,2,1,01,A01
201100029556,0,07,000,00,2,4,23,B01
201100029556,0,07,000,00,2,4,23,C01
201100029557,0,07,000,00,2,1,01,A01
201100029557,0,07,000,00,2,4,02,B01
201100029558,0,07,000,00,1,2,01,A01
201100029559,0,30,000,00,2,1,01,A01
201100029560,0,07,000,00,1,1,01,A01
201100029561,0,33,000,00,2,1,01,B01
201100029561,0,07,000,00,2,3,09,A01
201100029562,0,07,000,11,0,8,01,A01
201100029563,0,30,000,00,2,1,01,B01
201100029563,0,07,000,00,2,5,01,A01
201100029564,0,07,000,00,2,3,09,A01
201100029564,0,07,000,00,2,7,01,B01
201100029565,0,07,000,00,1,1,01,A01
201100029566,0,07,000,00,2,1,13,B01
201100029566,0,07,000,00,2,4,21,A01
201100029567,0,30,000,06,0,1,16,A01
201100029568,0,02,000,09,0,1,01,A01
201100029569,0,07,000,00,2,1,01,B01
201100029569,0,07,000,00,2,1,01,A01
201100029570,0,31,000,11,0,0,01,A01
201100029571,0,07,000,00,2,2,16,A01
201100029571,0,38,010,00,2,8,01,B01
201100029572,0,07,000,00,2,1,23,B01
201100029572,0,07,000,00,2,1,02,A01
201100029572,0,07,000,00,2,4,23,C01
201100029573,0,07,000,00,2,8,15,A01
201100029573,0,01,000,00,2,1,01,B01
201100029574,0,01,000,00,2,1,01,B01
201100029574,0,07,000,00,2,0,09,A01
201100029575,0,07,000,11,0,3,16,A01
201100029576,0,07,000,00,2,8,16,A01
201100029576,0,17,000,00,2,2,01,B01
201100029577,0,07,000,00,2,1,15,A01
201100029577,0,02,000,00,2,3,01,B01
201100029578,0,33,000,00,2,1,01,A01
201100029578,0,07,000,00,2,4,01,B01
201100029579,0,07,000,00,1,1,15,A01
201100029580,0,33,000,00,4,1,19,A01
201100029580,0,39,000,00,2,1,01,B01
201100029581,0,07,000,00,2,2,09,A01
201100029581,0,01,000,00,2,0,01,B01
201100029582,0,30,000,00,2,1,21,A01
201100029583,0,07,000,00,2,3,11,A01
201100029583,0,33,000,00,2,1,01,B01
201100029584,0,07,000,00,2,4,23,C01
201100029584,0,07,000,00,2,3,02,A01
201100029584,0,07,000,00,2,5,23,B01
201100029585,0,07,000,03,0,7,01,A01
201100029586,0,33,000,00,2,7,01,B01
201100029586,0,07,000,00,2,2,23,A01
201100029587,0,07,000,00,1,1,15,A01
201100029588,0,01,000,00,0,1,01,A01
201100029589,0,07,000,11,0,3,01,A01
201100029590,0,07,000,00,2,1,01,A01
201100029590,0,07,000,00,2,2,15,B01
201100029591,0,07,000,00,1,1,01,A01
201100029592,0,33,000,00,2,1,01,A01
201100029592,0,07,000,00,2,8,01,B01
201100029593,0,07,000,00,2,3,15,A01
201100029593,0,01,000,00,2,1,19,B01
201100029594,0,02,000,00,2,1,01,B01
201100029594,0,07,000,00,2,8,15,A01
201100029595,0,10,000,00,2,2,01,B01
201100029595,0,10,000,00,2,3,01,A01
201100029596,0,07,000,00,2,1,01,A01
201100029596,0,07,000,00,2,4,02,D01
201100029596,0,07,000,00,2,4,01,B01
201100029596,0,33,000,00,2,4,02,C01
201100029597,0,07,000,03,0,6,01,A01
201100029598,0,07,000,00,2,9,01,B01
201100029598,0,13,000,00,2,2,17,A01
201100029599,1,07,000,00,2,0,01,A01
201100029599,0,30,000,00,2,7,15,B01
201100029600,0,07,000,00,1,2,01,A01
201100029601,0,37,001,00,2,1,15,A01
201100029601,0,33,000,00,2,1,01,B01
201100029602,0,31,000,00,2,1,01,B01
201100029602,0,07,000,00,2,6,10,A01
201100029603,0,07,000,00,2,7,15,A01
201100029603,0,07,000,00,2,1,01,B01
201100029604,0,01,000,00,2,1,01,A01
201100029604,0,07,000,00,2,3,09,B01
201100029605,0,07,000,00,1,2,01,A01
201100029606,0,07,000,00,2,1,01,A01
201100029606,0,07,000,09,2,7,01,B01
201100029607,0,07,000,07,2,1,01,A01
201100029607,0,14,000,06,2,1,01,B01
201100029608,0,07,000,11,0,1,01,A01
201100029609,0,07,000,00,0,8,01,A01
201100029610,0,07,000,00,0,0,00,A01
201100029611,0,07,000,00,1,7,01,A01
201100029612,0,07,000,08,0,9,01,A01
201100029613,0,07,000,00,1,2,01,A01
201100029614,0,07,000,00,2,3,09,A01
201100029614,0,01,000,00,2,2,01,B01
201100029615,0,07,000,06,2,1,01,B01
201100029615,0,07,000,00,2,1,13,A01
201100029616,0,07,000,00,1,2,01,A01
201100029617,1,07,000,00,1,1,01,A01
201100029618,0,33,000,00,2,8,17,B01
201100029618,0,07,000,00,2,3,15,A01
201100029619,0,33,000,00,2,1,17,A01
201100029619,0,07,000,06,2,4,01,B01
201100029620,0,01,000,00,2,0,02,B01
201100029620,0,07,000,00,2,2,17,A01
201100029621,0,01,000,00,2,3,10,A01
201100029621,0,07,000,00,9,2,01,B01
201100029622,0,07,000,15,0,9,01,A01
201100029622,0,07,000,00,2,3,23,B01
201100029623,0,07,000,00,2,1,01,A01
201100029623,0,07,000,01,2,4,01,B01
201100029624,0,07,000,00,2,3,01,B01
201100029624,0,20,000,00,2,3,01,A01
201100029625,0,07,000,00,1,3,01,A01
201100029626,0,01,000,00,2,7,01,B01
201100029626,0,10,000,00,9,3,15,A01
201100029627,0,07,000,00,2,1,01,B01
201100029627,0,07,000,01,2,7,01,A01
201100029628,0,07,000,00,2,4,23,B01
201100029628,0,02,000,00,2,1,01,A01
201100029629,1,07,000,00,2,0,15,Z01
201100029629,0,31,000,00,2,0,19,B01
201100029630,0,07,000,00,2,0,16,A01
201100029630,0,01,000,00,2,0,01,B01
201100029631,0,30,000,00,2,1,17,A01
201100029631,0,07,000,00,2,3,15,B01
201100029632,0,07,000,00,1,3,01,A01
201100029633,0,30,000,00,2,8,15,A01
201100029633,0,07,000,00,2,1,01,B01
201100029634,0,07,000,00,1,2,01,A01
201100029635,0,07,000,00,2,3,15,A01
201100029635,0,30,000,00,2,1,01,B01
201100029636,0,33,000,00,2,1,21,A01
201100029636,0,07,000,00,2,1,23,B01
201100029637,0,07,000,00,1,3,01,A01
201100029638,0,07,000,00,2,1,01,B01
201100029638,0,07,000,00,2,8,15,A01
201100029639,0,07,000,00,1,1,01,A01
201100029640,0,07,000,00,1,1,01,A01
201100029641,0,02,000,00,0,0,01,A01
201100029642,0,32,000,00,2,7,17,B01
201100029642,0,07,000,00,2,8,15,A01
201100029643,0,10,000,00,2,5,15,B01
201100029643,0,33,000,00,2,1,18,A01
201100029644,0,02,000,00,2,1,01,B01
201100029644,0,10,000,00,2,3,15,A01
201100029645,0,07,000,00,0,0,09,A01
201100029645,0,02,000,00,0,0,01,B01
201100029645,0,02,000,00,0,0,01,C01
201100029646,0,02,000,00,0,0,01,A01
201100029647,0,07,000,06,0,2,00,A01
201100029648,0,07,000,00,2,3,01,A01
201100029648,0,07,000,00,2,7,01,B01
201100029649,0,07,000,04,0,3,01,A01
201100029650,0,07,000,06,1,2,14,A01
201100029650,0,07,000,00,2,6,01,B01
201100029650,0,07,000,00,2,3,01,C01
201100029651,0,33,000,00,1,1,01,A01
201100029652,0,07,000,00,2,4,23,B01
201100029652,0,07,000,00,2,1,01,A01
201100029652,0,07,000,00,2,4,23,C01
201100029653,0,07,000,00,0,0,19,A01
201100029654,0,33,000,00,0,9,19,A01
201100029655,0,07,000,03,0,1,14,A01
201100029656,0,30,000,00,2,1,01,A01
201100029656,0,07,000,00,2,6,15,B01
201100029657,0,07,000,00,0,3,15,B01
201100029657,0,30,000,00,2,1,01,A01
201100029658,0,02,000,06,0,1,21,A01
201100029659,2,07,000,00,1,2,01,A01
201100029660,0,33,000,00,2,1,01,B01
201100029660,0,07,000,00,2,3,19,A01
201100029661,0,33,000,00,0,0,09,A01
201100029662,0,07,000,09,0,1,14,A01
201100029663,0,07,000,00,2,4,01,B01
201100029663,0,07,000,00,2,1,01,A01
201100029664,0,07,000,08,1,1,01,A01
201100029665,0,07,000,00,2,1,13,A01
201100029665,0,07,000,00,2,1,01,B01
201100029666,0,07,000,06,0,3,01,A01
201100029667,0,07,000,06,0,1,13,A01
201100029668,0,33,000,00,2,2,17,A01
201100029668,0,07,000,00,2,3,15,B01
201100029669,0,07,000,00,2,7,01,B01
201100029669,0,17,000,00,2,8,13,A01
201100029670,0,07,000,00,1,2,01,A01
201100029671,0,07,000,04,0,1,09,A01
201100029672,0,15,000,00,2,3,15,A01
201100029672,0,07,000,00,2,1,01,B01
201100029673,0,31,000,00,0,7,01,A01
201100029674,0,36,000,06,0,3,16,A01
201100029675,0,33,000,00,2,7,02,B01
201100029675,0,33,000,00,2,8,02,A01
201100029676,0,30,000,00,0,0,01,A01
201100029677,0,07,000,06,0,1,01,A01
201100029678,0,02,000,00,0,8,01,A01
201100029679,0,02,000,00,2,1,01,B01
201100029679,0,07,000,00,2,3,09,A01
201100029680,0,07,000,00,1,4,04,A01
201100029681,0,07,000,00,2,1,01,B01
201100029681,0,07,000,00,2,7,01,A01
201100029682,0,33,000,00,2,1,05,A01
201100029682,0,10,000,00,2,1,01,B01
201100029683,0,07,000,00,0,0,14,A01
201100029684,0,07,000,06,0,1,14,A01
201100029685,0,07,000,00,2,1,01,B01
201100029685,0,07,000,00,2,3,15,A01
201100029686,0,30,000,12,0,1,14,A01
201100029687,0,07,000,00,2,1,01,B01
201100029687,0,07,000,00,2,8,15,A01
201100029688,0,30,000,02,0,1,01,A01
201100029689,0,07,000,00,2,2,01,A01
201100029689,0,07,000,00,2,6,01,B01
201100029690,0,33,000,00,2,1,01,A01
201100029690,0,07,000,06,2,8,15,B01
201100029691,0,02,000,00,2,6,15,B01
201100029691,0,30,000,00,2,2,01,A01
201100029692,0,33,000,00,2,1,01,B01
201100029692,0,07,000,00,0,7,01,A01
201100029693,0,02,000,00,0,1,00,A01
201100029694,0,07,000,13,0,5,01,A01
201100029695,0,07,000,00,0,0,14,A01
201100029696,0,07,000,02,0,1,01,A01
201100029697,0,33,000,04,0,1,15,A01
201100029698,0,02,000,00,0,0,01,A01
201100029699,0,03,000,00,1,1,01,A01
201100029700,0,17,000,15,0,7,02,A01
201100029701,0,33,000,01,2,1,17,B01
201100029701,0,07,000,00,2,3,15,A01
201100029702,0,07,000,03,2,9,01,A01
201100029702,0,07,000,00,2,2,01,B01
201100029703,0,32,000,00,1,1,18,A01
201100029704,0,30,000,00,0,0,01,A01
201100029705,0,33,000,00,0,0,17,A01
201100029706,0,07,000,00,2,3,13,A01
201100029706,0,30,000,00,2,1,01,B01
201100029707,0,33,000,01,1,7,17,A01
201100029708,0,07,000,00,0,0,01,A01
201100029709,0,07,000,13,0,0,14,A01
201100029710,0,07,000,00,2,2,17,B01
201100029710,0,01,000,00,2,6,15,A01
201100029711,0,01,000,00,0,0,14,A01
201100029712,0,07,000,00,2,2,15,A01
201100029712,0,07,000,00,2,1,01,B01
201100029713,0,07,000,13,0,9,01,A01
201100029714,0,07,000,00,2,7,15,A01
201100029714,0,33,000,00,2,1,01,B01
201100029715,0,07,000,00,2,6,23,C01
201100029715,0,07,000,00,2,4,01,B01
201100029715,0,07,000,00,2,1,01,A01
201100029716,0,07,000,00,2,3,01,A01
201100029716,0,07,000,00,0,1,01,B01
201100029717,0,01,000,00,0,0,14,A01
201100029718,0,07,000,00,0,0,14,A01
201100029719,0,07,000,00,2,7,15,A01
201100029719,0,31,000,00,2,1,01,B01
201100029720,0,07,000,00,2,1,01,B01
201100029720,0,07,000,00,2,4,01,A01
201100029721,0,01,000,00,2,4,13,A01
201100029721,0,07,000,00,2,1,01,B01
201100029722,0,07,000,00,2,4,01,B01
201100029722,0,07,000,00,2,1,01,A01
201100029723,0,07,000,00,2,3,13,A01
201100029723,0,07,000,00,2,3,01,B01
201100029724,0,07,000,00,2,2,15,A01
201100029724,0,07,000,00,2,3,01,B01
201100029725,0,07,000,00,0,8,10,A01
201100029725,0,31,000,00,2,1,01,B01
201100029726,0,07,000,00,2,2,15,A01
201100029726,0,07,000,00,2,1,01,B01
201100029727,0,15,000,00,2,4,01,B01
201100029727,0,15,000,00,2,1,01,A01
201100029728,0,02,000,00,0,0,14,A01
201100029729,0,07,000,00,1,1,01,A01
201100029730,0,02,000,00,2,1,17,A01
201100029730,0,07,000,00,2,8,15,B01
201100029731,0,10,000,00,2,1,17,A01
201100029731,0,01,000,00,2,8,09,B01
201100029732,0,07,000,00,2,1,02,A01
201100029732,0,07,000,00,2,1,02,B01
201100029732,0,07,000,00,2,4,02,C01
201100029733,0,07,000,00,2,3,09,A01
201100029733,0,07,000,00,2,1,01,B01
201100029734,0,07,000,00,1,1,00,A01
201100029735,0,07,000,00,2,3,01,A01
201100029735,0,07,000,00,2,1,15,B01
201100029736,0,10,000,00,2,3,01,A01
201100029736,0,10,000,00,2,2,01,B01
201100029737,0,30,000,00,1,1,01,A01
201100029738,0,01,000,00,0,0,01,A01
201100029739,0,07,000,00,2,1,01,B01
201100029739,0,03,000,00,2,1,15,A01
201100029740,0,07,000,00,2,5,00,A01
201100029740,0,01,000,00,2,1,01,B01
201100029741,0,07,000,00,6,1,01,A01
201100029742,0,07,000,13,0,7,01,A01
201100029743,0,07,000,00,0,9,01,A01
201100029744,0,33,000,00,2,1,01,B01
201100029744,0,07,000,00,2,1,01,A01
201100029745,0,07,000,00,0,9,01,A01
201100029746,0,33,000,00,2,9,02,C01
201100029746,0,07,000,00,2,1,02,A01