Num_Acc,senc,catv,occutc,obs,obsm,choc,manv,num_veh
201100030504,0,31,000,00,2,1,01,A01
201100030504,0,07,000,00,2,1,15,B01
201100030505,0,01,000,00,2,1,01,B01
201100030505,0,07,000,00,2,3,15,A01
201100030506,0,07,000,00,2,2,15,A01
201100030506,0,30,000,00,2,8,02,B01
201100030507,0,07,000,00,1,0,01,A01
201100030508,0,34,000,00,2,8,01,B01
201100030508,0,07,000,00,2,1,01,C01
201100030508,0,07,000,00,2,1,15,A01
201100030509,0,07,000,00,1,3,01,A01
201100030510,0,07,000,00,1,4,04,A01
201100030511,0,07,000,00,2,1,02,A01
201100030511,0,07,000,00,2,4,23,B01
201100030511,0,07,000,00,2,4,23,C01
201100030512,0,07,000,00,2,1,01,A01
201100030512,0,07,000,00,2,6,23,B01
201100030513,1,01,000,00,1,1,01,Z01
201100030514,0,01,000,00,2,7,01,B01
201100030514,0,07,000,00,2,1,01,A01
201100030515,0,07,000,00,2,4,02,B01
201100030515,0,07,000,00,2,1,02,A01
201100030516,0,07,000,00,1,6,04,A01
201100030517,1,07,000,00,1,1,01,Z01
201100030518,0,01,000,00,2,1,01,B01
201100030518,0,10,000,00,2,3,22,A01
201100030519,0,07,000,00,1,2,01,A01
201100030520,0,07,000,14,0,1,02,B01
201100030520,0,21,000,00,2,6,02,A01
201100030521,0,07,000,00,1,2,01,A01
201100030522,0,07,000,00,2,1,01,D01
201100030522,0,07,000,00,2,7,01,F02
201100030522,0,07,000,00,2,3,01,G02
201100030522,0,07,000,00,2,8,01,B01
201100030522,0,07,000,00,2,1,01,H02
201100030522,0,07,000,00,2,1,01,E01
201100030522,0,37,003,01,0,1,00,A01
201100030522,0,07,000,00,2,1,01,C01
201100030523,0,33,000,02,0,1,00,A01
201100030524,0,07,000,00,1,1,15,A01
201100030525,0,31,000,00,2,3,01,B01
201100030525,0,07,000,00,2,3,01,A01
201100030526,0,07,000,00,9,1,02,A01
201100030526,0,33,000,09,2,1,01,B01
201100030527,0,07,000,00,1,3,01,A01
201100030528,0,07,000,00,1,8,01,A01
201100030529,0,30,000,01,9,4,24,B01
201100030529,0,07,000,00,9,4,04,A01
201100030530,0,13,000,00,1,3,00,A01
201100030531,0,07,000,00,2,1,05,B01
201100030531,0,07,000,00,2,1,01,A01
201100030532,0,02,000,00,2,1,13,A01
201100030532,0,07,000,00,9,1,01,B01
201100030533,0,33,000,00,2,0,01,B01
201100030533,0,07,000,00,2,0,15,A01
201100030534,0,07,000,00,2,3,01,A01
201100030534,0,32,000,00,2,1,13,B01
201100030535,0,07,000,00,2,3,00,A01
201100030535,0,07,000,00,2,2,00,B01
201100030536,0,07,000,08,0,1,00,A01
201100030537,0,07,000,00,0,5,23,B01
201100030537,0,33,000,00,2,5,02,A01
201100030537,0,07,000,00,0,0,19,C01
201100030538,0,07,000,00,1,1,01,A01
201100030539,0,07,000,00,2,7,15,A01
201100030539,0,07,000,00,2,3,21,B01
201100030540,0,07,000,11,2,1,06,A01
201100030540,0,07,000,00,2,1,01,B01
201100030540,0,07,000,14,2,1,02,C01
201100030541,0,07,000,00,9,7,15,A01
201100030541,0,32,000,00,2,1,00,B01
201100030542,0,33,000,00,2,1,17,A01
201100030542,0,10,000,00,9,3,19,B01
201100030543,0,07,000,00,0,6,23,B01
201100030543,0,30,000,00,0,1,02,A01
201100030543,0,07,000,02,0,2,24,C01
201100030544,0,10,000,11,0,1,00,A01
201100030545,0,10,000,00,2,1,13,A01
201100030545,0,07,000,00,2,6,00,B01
201100030545,0,07,000,00,2,1,00,C01
201100030546,0,07,000,00,1,7,00,A01
201100030547,0,07,000,00,9,2,17,A01
201100030548,0,07,000,00,2,2,15,B01
201100030548,0,33,000,00,2,1,01,A01
201100030549,0,02,000,00,2,1,02,A01
201100030549,0,07,000,00,9,4,02,B01
201100030550,0,07,000,00,2,4,02,C01
201100030550,0,07,000,00,2,4,23,B01
201100030550,0,07,000,00,2,4,23,D01
201100030550,0,07,000,00,2,1,02,A01
201100030551,0,07,000,00,2,7,06,A01
201100030551,0,07,000,00,2,1,00,B01
201100030552,0,07,000,00,2,0,02,B01
201100030552,0,07,000,00,2,1,02,A01
201100030552,0,07,000,00,0,8,01,C01
201100030553,0,07,000,00,0,4,02,C01
201100030553,0,07,000,00,0,4,02,B01
201100030553,0,07,000,00,2,1,02,A01
201100030554,0,30,000,14,2,1,17,A01
201100030554,0,07,000,00,2,3,15,B01
201100030555,0,07,000,00,2,3,01,A01
201100030555,0,07,000,00,0,3,01,B01
201100030556,0,02,000,00,1,1,01,A01
201100030557,0,07,000,00,1,1,01,A01
201100030558,0,07,000,00,2,1,15,A01
201100030558,0,02,000,00,2,1,01,B01
201100030559,0,01,000,00,2,8,01,B01
201100030559,0,07,000,00,9,7,16,A01
201100030560,0,07,000,09,0,6,24,B01
201100030560,0,07,000,00,1,2,14,A01
201100030561,0,07,000,00,0,1,01,A01
201100030562,0,10,000,00,1,1,00,A01
201100030563,0,07,000,00,9,2,15,A01
201100030563,0,01,000,00,2,1,01,B01
201100030564,0,07,000,00,1,4,20,A01
201100030565,0,07,000,00,1,2,01,A01
201100030566,0,07,000,00,0,3,15,B01
201100030567,0,33,000,00,0,4,15,B01
201100030567,0,07,000,00,0,1,03,A01
201100030568,0,07,000,00,1,2,01,A01
201100030569,0,33,000,00,0,2,01,B01
201100030569,0,07,000,00,2,3,01,A01
201100030570,0,07,000,00,1,7,00,A01
201100030571,0,07,000,00,1,3,20,Z01
201100030572,0,07,000,00,1,3,01,A01
201100030573,0,07,000,00,1,1,01,A01
201100030574,0,07,000,08,0,2,16,A01
201100030575,0,07,000,00,1,4,04,A01
201100030576,0,07,000,00,0,5,16,B01
201100030576,0,02,000,00,2,1,02,A01
201100030577,0,07,000,00,2,3,09,A01
201100030577,0,02,000,00,2,1,17,B01
201100030578,0,07,000,00,1,3,01,A01
201100030579,0,02,000,00,2,1,01,B01
201100030579,0,07,000,00,2,5,15,A01
201100030580,0,33,000,00,2,3,17,A01
201100030580,0,07,000,00,2,1,01,B01
201100030581,0,07,000,02,0,7,14,A01
201100030582,0,07,000,00,2,4,15,B01
201100030582,0,10,000,00,2,1,02,Z01
201100030583,0,07,000,00,1,3,15,A01
201100030584,0,07,000,00,2,1,15,A01
201100030584,0,30,000,00,2,1,01,B01
201100030585,0,30,000,00,2,1,17,A01
201100030585,0,07,000,00,2,8,15,B01
201100030586,0,07,000,00,1,8,01,A01
201100030587,0,10,000,00,2,1,13,A01
201100030587,0,02,000,00,2,1,01,B01
201100030588,0,07,000,08,0,1,14,A01
201100030589,0,32,000,00,2,1,17,A01
201100030589,0,07,000,00,2,3,09,B01
201100030590,0,07,000,00,1,1,01,A01
201100030591,0,02,000,00,2,1,01,A01
201100030591,0,07,000,00,2,3,09,B01
201100030592,0,07,000,00,2,3,13,A01
201100030592,0,07,000,00,2,8,01,B01
201100030592,0,07,000,00,2,3,02,C01
201100030593,0,07,000,00,2,2,10,A01
201100030593,0,33,000,00,2,3,01,B01
201100030594,0,07,000,06,0,1,14,A01
201100030595,0,07,000,00,2,1,02,A01
201100030595,0,07,000,00,2,4,02,B01
201100030595,0,07,000,00,2,4,01,C01
201100030596,0,02,000,00,2,7,01,B01
201100030596,0,07,000,00,2,1,09,A01
201100030597,0,07,000,00,2,5,23,B01
201100030597,0,02,000,00,2,3,02,A01
201100030598,0,07,000,11,0,1,13,A01
201100030599,0,07,000,00,2,1,02,A01
201100030599,0,07,000,00,2,4,02,B01
201100030599,0,10,000,00,2,4,01,C01
201100030600,0,30,000,00,2,2,17,A01
201100030600,0,07,000,00,2,2,15,B01
201100030601,0,01,000,00,2,1,19,A01
201100030601,0,07,000,00,2,7,09,B01
201100030602,0,07,000,00,1,3,01,A01
201100030603,0,07,000,00,2,7,15,A01
201100030603,0,07,000,00,2,3,01,B01
201100030604,0,17,000,03,2,1,02,A01
201100030604,0,21,000,00,2,4,01,B01
201100030605,0,07,000,00,2,2,01,A01
201100030605,0,07,000,00,2,8,01,B01
201100030606,0,07,000,00,2,1,02,A01
201100030606,0,15,000,00,2,4,01,B01
201100030607,0,07,000,00,2,8,22,A01
201100030607,0,01,000,01,0,1,01,B01
201100030608,0,07,000,00,2,3,20,A01
201100030608,0,33,000,00,2,1,01,B01
201100030608,0,07,000,00,2,3,01,C01
201100030609,0,02,000,00,2,1,02,A01
201100030609,0,07,000,,0,4,01,B02
201100030609,0,07,000,00,2,8,01,C03
201100030610,0,30,000,00,2,1,01,B01
201100030610,0,07,000,00,2,2,15,A01
201100030611,0,07,000,00,2,7,09,A01
201100030611,0,32,000,00,2,8,01,B01
201100030612,0,07,000,00,2,8,13,A01
201100030612,0,07,000,00,2,3,01,B01
201100030613,0,07,000,00,2,7,15,A01
201100030613,0,33,000,00,2,1,01,B01
201100030614,0,30,000,00,2,1,17,A01
201100030614,0,07,000,00,2,3,15,B01
201100030615,0,30,000,00,2,1,13,A01
201100030615,0,07,000,00,2,3,01,B01
201100030616,0,21,000,00,2,4,01,B01
201100030616,0,15,000,00,2,1,09,A01
201100030617,0,07,000,,1,4,04,A01
201100030618,0,07,000,00,2,1,20,A01
201100030618,0,01,000,00,2,1,01,B02
201100030619,0,07,000,00,2,1,02,A01
201100030619,0,07,000,00,2,4,23,B02
201100030620,0,07,000,00,2,3,15,A01
201100030620,0,30,000,00,2,8,17,B01
201100030621,0,07,000,00,1,1,09,A01
201100030622,0,07,000,00,2,1,01,A01
201100030622,0,07,000,00,1,4,02,B01
201100030623,0,07,000,00,2,2,01,B01
201100030623,0,07,000,00,2,1,19,A01
201100030624,0,07,000,00,2,1,01,B01
201100030624,0,07,000,00,2,3,15,A01
201100030625,1,07,000,00,1,1,01,Z01
201100030626,0,07,000,00,2,1,02,A01
201100030626,0,07,000,00,2,4,23,B01
201100030627,0,07,000,00,2,1,01,A01
201100030627,0,07,000,00,2,7,01,B01
201100030628,0,07,000,00,0,1,01,A01
201100030629,0,33,000,00,2,1,02,B01
201100030629,0,37,015,00,2,5,15,A01
201100030630,0,07,000,06,0,1,01,A01
201100030631,0,07,000,00,2,4,02,B01
201100030631,0,07,000,00,2,1,01,A01
201100030631,0,07,000,00,2,4,02,C01
201100030631,0,07,000,00,0,4,02,D01
201100030632,0,10,000,00,1,1,01,A01
201100030633,0,07,000,00,2,4,23,B01
201100030633,0,34,000,00,2,1,02,A01
201100030634,0,07,000,00,1,1,02,A01
201100030635,0,07,000,00,2,1,02,A01
201100030635,0,07,000,00,2,4,02,B01
201100030636,0,07,000,06,0,1,13,A01
201100030637,0,16,000,00,2,7,12,A01
201100030637,0,07,000,00,2,8,01,B01
201100030638,0,07,000,06,0,1,01,A01
201100030639,0,07,000,00,2,8,02,B01
201100030639,0,10,000,00,2,2,00,A01
201100030640,0,07,000,00,2,1,02,A01
201100030640,0,07,000,00,0,4,01,B01
201100030641,0,07,000,00,2,2,01,A01
201100030641,0,07,000,00,2,1,01,B01
201100030642,0,02,000,00,2,1,01,A01
201100030642,0,07,000,00,2,2,15,B01
201100030643,0,33,000,00,0,0,01,A01
201100030644,0,01,000,00,2,1,01,B01
201100030644,0,07,000,00,2,1,09,A01
201100030645,0,07,000,00,2,4,23,B01
201100030645,0,07,000,00,2,1,02,A01
201100030646,0,07,000,03,0,1,01,A01
201100030647,0,33,000,15,0,1,01,A01
201100030648,0,02,000,00,2,1,17,A01
201100030648,0,07,000,00,2,3,16,B01
201100030649,0,07,000,00,2,1,02,A01
201100030649,0,07,000,00,2,4,01,B01
201100030650,0,07,000,00,2,1,13,A01
201100030650,0,07,000,00,2,1,01,B01
201100030651,0,07,000,00,2,0,01,A01
201100030651,0,30,000,00,2,0,01,B01
201100030652,0,10,000,00,2,8,15,A01
201100030652,0,02,000,00,2,3,01,B01
201100030653,0,07,000,00,2,3,10,A01
201100030653,0,30,000,00,2,2,01,B01
201100030654,0,07,000,00,2,1,02,A01
201100030654,0,07,000,00,2,3,16,B01
201100030655,0,07,000,00,1,1,01,A01
201100030656,0,07,000,00,2,4,02,C01
201100030656,0,07,000,00,2,4,02,B01
201100030656,0,07,000,00,2,1,02,A01
201100030657,0,33,000,00,2,3,02,B01
201100030657,0,07,000,00,2,2,15,A01
201100030658,0,30,000,00,2,1,02,A01
201100030658,0,10,000,00,2,4,02,B01
201100030659,0,07,000,00,2,1,02,A01
201100030659,0,07,000,00,2,4,01,B01
201100030660,0,02,000,00,0,0,01,A01
201100030661,0,15,000,00,2,6,02,B01
201100030661,0,07,000,00,2,2,02,A01
201100030662,0,07,000,00,0,4,01,B01
201100030662,0,07,000,00,2,1,02,A01
201100030663,0,33,000,00,2,8,01,B01
201100030663,0,07,000,00,2,6,15,A01
201100030664,0,13,000,00,2,6,01,A01
201100030664,0,07,000,00,2,1,02,B01
201100030665,0,07,000,06,0,1,01,A01
201100030666,0,07,000,00,2,4,01,B01
201100030666,0,02,000,00,2,1,02,A01
201100030667,0,07,000,00,2,8,01,A01
201100030667,0,33,000,00,2,1,01,B01
201100030668,0,01,000,00,2,1,01,B01
201100030668,0,07,000,00,2,5,01,A01
201100030669,0,07,000,00,2,1,02,A01
201100030669,0,07,000,00,2,4,02,B01
201100030669,0,07,000,00,2,4,02,D01
201100030669,0,07,000,00,2,4,23,C01
201100030670,0,33,000,06,0,1,01,A01
201100030671,0,07,000,00,2,3,09,A01
201100030671,0,02,000,00,2,1,01,B01
201100030672,0,07,000,00,2,1,15,B01
201100030672,0,07,000,00,2,1,01,A01
201100030673,0,07,000,00,2,4,23,B01
201100030673,0,07,000,00,2,1,02,A01
201100030674,0,07,000,00,1,1,01,A01
201100030675,0,07,000,00,2,4,02,B01
201100030675,0,07,000,00,2,4,01,C01
201100030675,0,07,000,00,2,1,02,A01
201100030676,0,07,000,00,2,3,09,A01
201100030676,0,33,000,00,0,7,01,B01
201100030677,0,07,000,00,0,9,01,A01
201100030678,0,07,000,00,2,1,01,B01
201100030678,0,07,000,00,2,2,15,A01
201100030679,0,07,000,00,2,1,01,A01
201100030679,0,07,000,00,2,4,15,B01
201100030680,0,07,000,08,0,2,14,A01
201100030681,0,01,000,00,2,1,02,B01
201100030681,0,10,000,00,9,3,15,A01
201100030682,0,07,000,08,0,1,01,A01
201100030683,0,07,000,00,2,2,15,A01
201100030683,0,01,000,00,2,1,01,B01
201100030684,0,07,000,00,2,1,17,A01
201100030684,0,07,000,00,2,1,01,B01
201100030685,0,07,000,00,2,1,09,A01
201100030685,0,07,000,00,2,4,01,B01
201100030686,0,02,000,00,0,4,16,B01
201100030686,1,07,000,00,2,1,02,Z01
201100030687,0,07,000,00,9,2,01,A01
201100030687,0,01,000,00,2,8,15,B01
201100030688,0,07,000,00,1,1,01,A01
201100030689,0,07,000,00,2,1,02,A01
201100030689,0,07,000,00,0,4,23,B01
201100030690,0,07,000,08,0,7,02,A01
201100030691,0,07,000,00,2,8,02,A01
201100030691,0,10,000,00,2,3,02,B01
201100030692,0,07,000,00,2,1,01,B01
201100030692,0,10,000,00,2,1,01,C01
201100030692,0,07,000,00,2,1,13,A01
201100030693,0,10,000,00,2,4,04,A01
201100030693,0,30,000,00,2,1,01,B01
201100030694,0,07,000,00,2,2,02,A01
201100030694,0,31,000,00,2,6,01,B01
201100030695,0,07,000,00,2,1,02,A01
201100030695,0,07,000,00,2,4,01,B01
201100030696,0,01,000,00,2,7,01,B01
201100030696,0,10,000,00,2,1,09,A01
201100030697,0,33,000,00,2,1,02,A01
201100030697,0,07,000,00,0,4,01,C01
201100030697,0,33,000,00,2,0,02,B01
201100030698,0,07,000,06,0,1,01,A01
201100030699,0,07,000,00,2,4,23,B01
201100030699,0,07,000,00,2,1,02,A01
201100030700,0,07,000,00,2,8,16,B01
201100030700,0,02,000,00,2,1,01,A01
201100030701,0,07,000,08,0,1,17,A01
201100030702,0,02,000,00,2,1,01,A01
201100030702,0,07,000,00,2,5,16,B01
201100030703,0,07,000,00,2,3,15,B01
201100030703,0,07,000,00,2,3,01,A01
201100030704,0,07,000,00,2,1,15,A01
201100030704,0,07,000,00,2,1,01,B01
201100030705,0,07,000,00,2,5,15,A01
201100030705,0,33,000,00,2,1,01,B01
201100030706,0,07,000,00,2,3,01,A01
201100030706,0,01,000,00,0,7,01,B01
201100030707,0,07,000,00,2,1,02,A01
201100030707,0,07,000,00,2,4,02,B01
201100030707,0,07,000,00,2,1,02,C01
201100030708,0,07,000,13,0,9,02,A01
201100030709,0,07,000,00,2,1,01,B01
201100030709,0,07,000,00,2,1,15,A01
201100030710,0,07,000,00,2,1,02,B01
201100030710,0,07,000,00,2,7,09,A01
201100030711,0,07,000,00,2,1,15,A01
201100030711,0,07,000,00,0,3,01,B01
201100030712,0,07,000,00,1,1,01,A01
201100030713,0,07,000,00,2,2,15,A01
201100030713,0,33,000,00,2,1,01,B01
201100030714,0,07,000,00,2,1,02,A01
201100030714,0,07,000,00,2,4,23,B01
201100030715,0,07,000,00,0,9,01,A01
201100030716,0,07,000,00,2,1,10,A01
201100030716,0,07,000,00,2,2,01,B01
201100030717,0,02,000,00,2,1,01,A01
201100030717,0,01,000,00,2,4,01,B01
201100030718,0,33,000,00,2,1,02,A01
201100030718,0,07,000,00,2,4,15,B01
201100030719,0,10,000,00,2,1,02,A01
201100030719,0,07,000,00,2,4,01,B01
201100030720,0,33,000,00,2,1,17,B01
201100030720,0,07,000,00,2,2,09,A01
201100030721,0,01,000,00,2,3,02,B01
201100030721,0,10,000,00,2,3,15,A01
201100030722,0,34,000,00,0,9,01,A01
201100030723,0,07,000,00,2,4,16,A01
201100030723,0,01,000,00,2,1,01,B01
201100030724,0,07,000,00,2,2,16,A01
201100030724,0,33,000,00,2,3,02,B01
201100030725,0,07,000,00,2,1,13,A01
201100030725,0,02,000,00,2,4,23,B01
201100030726,0,01,000,12,0,1,01,A01
201100030727,0,07,000,00,1,1,15,A01
201100030728,0,07,000,00,2,1,01,B01
201100030728,0,07,000,00,2,1,15,A01
201100030729,0,02,000,00,0,7,16,A01
201100030730,0,02,000,12,0,7,15,A01
201100030731,0,07,000,00,2,2,16,B01
201100030731,0,07,000,00,2,8,01,A01
201100030732,0,07,000,00,2,1,01,A01
201100030732,0,07,000,00,2,4,02,C01
201100030732,0,07,000,00,2,4,01,B01
201100030733,0,30,000,14,0,0,01,A01
201100030734,0,07,000,01,0,1,01,A01
201100030735,0,02,000,00,0,8,01,A01
201100030736,0,07,000,00,2,3,02,A01
201100030736,0,07,000,00,0,5,01,B01
201100030737,0,01,000,00,2,1,11,A01
201100030737,0,07,000,00,9,7,02,B01
201100030738,0,07,000,00,2,7,01,B01
201100030738,0,07,000,00,2,4,04,A01
201100030739,0,07,000,00,2,3,13,A01
201100030739,0,07,000,00,2,3,01,B01
201100030740,0,30,000,00,2,1,02,A01
201100030740,0,07,000,00,2,3,15,B01
201100030741,0,10,000,00,2,2,02,A01
201100030741,0,07,000,00,2,1,01,B01
201100030742,0,07,000,00,2,1,15,A01
201100030742,0,07,000,00,2,3,01,B01
201100030743,0,07,000,00,2,4,01,D01
201100030743,0,07,000,00,2,1,02,A01
201100030743,0,07,000,00,2,4,02,B01
201100030743,0,07,000,00,2,1,02,C01
201100030744,0,01,000,00,2,1,02,B01
201100030744,0,07,000,00,2,3,15,A01
201100030745,0,07,000,06,0,1,01,A01
201100030746,0,07,000,00,2,1,01,B01
201100030746,0,07,000,00,2,3,15,A01
201100030747,0,07,000,01,0,2,01,A01
201100030748,0,07,000,00,1,1,01,A01
201100030749,0,30,000,00,9,7,01,A01
201100030750,0,01,000,00,2,1,01,B01
201100030750,0,07,000,00,2,3,15,A01
201100030751,0,33,000,00,2,4,02,B01
201100030751,0,10,000,00,2,4,02,C01
201100030751,0,38,010,00,2,1,02,A01
201100030752,0,07,000,00,2,7,15,A01
201100030752,0,07,000,00,2,2,01,B01
201100030753,0,07,000,00,2,4,02,D01
201100030753,0,10,000,00,2,4,02,B01
201100030753,0,07,000,00,2,1,01,A01
201100030753,0,10,000,00,2,4,02,C01
201100030754,0,32,000,00,2,1,01,B01
201100030754,0,07,000,00,2,3,15,A01
201100030755,0,02,000,00,2,3,02,B01
201100030755,0,37,010,00,2,5,17,A01
201100030756,0,07,000,00,1,4,01,C01
201100030756,0,07,000,00,2,1,01,B01
201100030756,0,07,000,00,2,1,01,A01
201100030757,0,07,000,00,0,4,01,C01
201100030757,0,07,000,00,2,1,01,A01
201100030757,0,07,000,00,2,4,01,B01
201100030758,0,07,000,08,2,4,02,A01
201100030758,0,07,000,00,2,1,02,B01
201100030759,0,07,000,00,2,1,02,A01
201100030759,0,07,000,00,2,4,01,C01
201100030759,0,07,000,00,2,4,02,B01
201100030760,0,07,000,00,2,1,12,A01
201100030760,0,07,000,00,2,4,01,B01
201100030761,0,07,000,00,1,6,04,A01
201100030762,0,07,000,00,2,1,01,A01
201100030762,0,10,000,00,2,1,13,B01
201100030763,0,07,000,00,2,3,02,A01
201100030763,0,01,000,00,2,1,02,B01
201100030764,0,07,000,08,0,9,01,A01
201100030765,0,07,000,00,2,2,01,A01
201100030765,0,30,000,00,2,1,01,B01
201100030766,0,07,000,00,1,2,01,A01
201100030767,0,07,000,09,2,3,15,B01
201100030767,0,33,000,00,2,1,17,A01
201100030768,0,07,000,00,2,3,14,A01
201100030768,0,07,000,00,2,3,01,B01
201100030769,0,07,000,08,2,1,01,B01
201100030769,0,07,000,15,2,8,19,A01
201100030770,0,07,000,00,9,8,22,A01
201100030770,0,01,000,01,0,1,01,B01
201100030771,0,07,000,00,1,3,01,A01
201100030772,0,07,000,00,2,3,15,A01
201100030772,0,30,000,00,2,1,01,B01
201100030773,0,30,000,01,1,1,01,A01
201100030774,0,30,000,12,0,7,16,A01
201100030775,0,30,000,00,2,2,01,B01
201100030775,0,07,000,00,2,3,09,A01
201100030776,0,07,000,02,0,3,14,A01
201100030777,0,07,000,00,2,1,01,A01
201100030777,0,07,000,00,2,4,01,B01
201100030778,0,07,000,00,2,3,01,A01
201100030778,0,07,000,00,2,3,01,B01
201100030779,0,33,000,00,2,1,17,B01
201100030779,0,07,000,00,2,6,15,A01
201100030780,0,01,000,00,2,8,01,A01
201100030780,0,07,000,00,2,7,01,B01
201100030781,0,07,000,00,2,1,01,B01
201100030781,0,30,000,00,2,8,15,A01
201100030782,0,07,000,06,0,1,01,A01
201100030783,0,07,000,00,0,6,15,B01
201100030783,0,30,000,00,2,1,01,A01
201100030784,0,33,000,00,2,1,21,A01
201100030784,0,07,000,00,2,1,15,B01
201100030785,0,07,000,00,2,9,01,B01
201100030785,0,07,000,00,2,1,15,A01
201100030786,0,07,000,00,2,1,17,A01
201100030786,0,30,000,00,2,8,15,B01
201100030787,0,02,000,00,2,4,01,B01
201100030787,1,07,000,00,2,2,14,A01
201100030788,0,07,000,13,2,4,01,B01
201100030788,0,07,000,00,2,1,01,A01
201100030789,0,14,000,00,1,5,04,A01
201100030790,0,15,000,00,2,1,01,A01
201100030790,0,10,000,00,2,4,23,B01
201100030791,0,07,000,00,2,3,15,A01
201100030791,0,33,000,00,2,8,01,B01
201100030792,0,15,000,04,0,1,01,A01
201100030793,0,07,000,00,2,1,01,C01
201100030793,0,07,000,00,2,4,15,A01
201100030793,0,07,000,14,0,1,01,B01
201100030794,0,07,000,00,1,3,15,A01
201100030795,0,07,000,02,0,1,01,A01
201100030796,0,07,000,06,0,1,01,A01
201100030797,0,07,000,00,2,1,17,A01
201100030797,0,07,000,00,2,8,15,B01
201100030798,0,07,000,03,2,9,13,A01
201100030798,0,07,000,00,2,1,01,B01
201100030799,0,07,000,00,2,8,01,B01
201100030799,0,10,000,00,2,1,01,C01
201100030799,0,10,000,00,2,0,23,D01
201100030799,0,07,000,00,2,3,11,A01
201100030800,1,07,000,00,2,7,17,A01
201100030800,0,30,000,00,2,8,01,B01
201100030801,0,07,000,00,2,1,01,A01
201100030801,0,07,000,00,2,4,23,B01
201100030802,0,10,000,00,1,1,01,A01
201100030803,0,07,000,00,2,4,23,B01
201100030803,0,10,000,00,2,1,01,A01
201100030804,0,01,000,01,0,1,01,A01
201100030805,0,07,000,00,1,1,01,A01
201100030806,0,37,010,00,1,2,00,A01
201100030807,0,07,000,00,2,7,13,A01
201100030807,0,07,000,00,2,1,00,B01
201100030808,0,07,000,00,1,1,01,A01
201100030809,0,14,000,00,2,7,17,A01
201100030809,0,01,000,00,2,9,01,B01
201100030810,0,07,000,00,2,7,00,B01
201100030810,0,02,000,00,2,8,00,A01
201100030811,0,10,000,00,1,4,04,A01
201100030812,0,07,000,12,0,1,00,A01
201100030813,0,07,000,00,2,3,00,B01
201100030813,0,10,000,00,2,2,13,A01
201100030814,0,07,000,02,0,1,00,A01
201100030815,0,07,000,00,2,5,09,A01
201100030815,0,07,000,00,2,3,01,B01
201100030816,0,07,000,00,1,1,01,A01
201100030817,0,07,000,13,0,8,13,A01
201100030818,0,07,000,00,2,8,15,A01
201100030818,0,01,000,00,2,1,00,B01
201100030819,0,01,000,00,2,1,00,B01
201100030819,0,07,000,00,2,2,00,A01
201100030820,0,07,000,00,2,1,02,A01
201100030820,0,37,001,00,2,4,02,B01
201100030821,0,07,000,13,0,3,00,A01
201100030822,0,38,001,00,2,2,01,B01
201100030822,0,07,000,00,2,3,15,A01
201100030823,0,02,000,00,2,1,00,B01
201100030823,0,07,000,00,2,3,00,A01
201100030824,0,07,000,00,1,2,15,A01
201100030825,0,07,000,06,0,1,00,A01
201100030826,0,07,000,00,0,1,00,A01
201100030827,0,07,000,00,2,1,13,A01
201100030827,0,07,000,00,2,1,00,B01
201100030828,0,07,000,00,1,1,00,A01
201100030829,0,10,000,00,2,3,01,B01
201100030829,0,33,000,02,0,1,21,D01
201100030829,0,01,000,00,2,1,01,C01
201100030829,0,07,000,00,2,1,16,A01
201100030830,0,33,000,00,2,1,01,B01
201100030830,0,07,000,00,2,2,15,A01
201100030831,0,07,000,00,2,4,23,C01
201100030831,0,07,000,00,2,1,02,A01
201100030831,0,07,000,00,2,4,23,B01
201100030832,0,07,000,00,2,5,17,A01
201100030832,0,01,000,00,2,4,01,B01
201100030833,0,07,000,00,1,1,01,A01
201100030834,0,07,000,00,2,7,15,A01
201100030834,0,33,000,00,2,1,01,B01
201100030835,0,07,000,00,2,3,13,A01
201100030835,0,07,000,00,2,8,00,B01
201100030836,0,07,000,00,1,4,04,A01
201100030837,0,07,000,13,0,1,00,A01
201100030838,0,07,000,00,2,1,01,B01
201100030838,0,07,000,00,2,1,13,A01
201100030839,0,07,000,00,2,1,02,A01
201100030839,0,07,000,00,2,4,02,B01
201100030840,0,30,000,00,2,1,17,A01
201100030840,0,07,000,00,2,8,15,B01
201100030841,0,07,000,02,0,1,00,A01
201100030842,0,07,000,00,2,2,01,B01
201100030842,0,07,000,00,2,2,15,A01
201100030843,0,01,000,00,2,8,00,B01
201100030843,0,07,000,00,2,1,09,A01
201100030844,0,07,000,00,1,2,01,A01
201100030845,0,07,000,00,2,1,00,B01
201100030845,0,07,000,00,2,1,00,C01
201100030845,0,30,000,00,2,8,00,A01
201100030846,0,07,000,07,0,0,00,A01
201100030847,0,36,000,12,0,1,00,A01
201100030848,0,07,000,00,1,3,01,A01
201100030849,0,07,000,00,2,3,21,A01
201100030849,0,07,000,00,2,1,01,B01
201100030850,0,07,000,00,2,1,01,B01
201100030850,0,07,000,00,2,5,00,A01
201100030851,0,07,000,00,2,4,04,A01
201100030851,0,07,000,00,2,1,00,B01
201100030852,0,02,000,00,2,1,01,B01
201100030852,0,07,000,00,2,6,15,A01
201100030853,0,07,000,00,2,8,15,B01
201100030853,1,99,000,00,2,1,17,A01
201100030854,0,07,000,00,2,4,23,B01
201100030854,0,07,000,00,2,1,01,A01
201100030855,0,07,000,06,0,0,00,A01