Num_Acc,senc,catv,occutc,obs,obsm,choc,manv,num_veh
201100030856,0,37,025,00,1,2,01,A01
201100030857,0,07,000,00,2,3,15,A01
201100030857,0,30,000,00,0,8,01,B01
201100030858,0,10,000,00,1,2,01,A01
201100030859,0,07,000,00,1,4,04,A01
201100030860,0,07,000,00,1,2,01,A01
201100030861,0,30,000,00,2,1,01,B01
201100030861,0,07,000,00,2,2,15,A01
201100030862,0,10,000,13,0,2,21,A01
201100030862,1,07,000,00,0,0,02,B01
201100030863,0,17,000,13,0,8,13,A01
201100030864,1,07,000,00,1,4,04,A01
201100030864,0,07,000,00,2,7,01,B01
201100030865,0,07,000,00,2,3,15,A01
201100030865,0,02,000,00,2,8,01,B01
201100030865,0,07,000,00,9,3,23,C01
201100030866,0,07,000,00,2,3,15,B01
201100030866,0,07,000,00,2,1,01,A01
201100030867,0,07,000,00,1,2,01,A01
201100030868,0,07,000,00,2,8,15,A01
201100030868,0,02,000,00,2,1,17,B01
201100030869,0,33,000,12,0,2,01,A01
201100030870,0,02,000,00,0,0,05,A01
201100030871,0,07,000,00,9,1,01,B01
201100030871,0,01,000,00,2,1,13,A01
201100030872,0,07,000,00,1,2,01,A01
201100030873,0,07,000,00,2,7,11,A01
201100030873,0,02,000,00,2,1,00,B01
201100030874,0,01,000,00,2,0,00,B01
201100030874,0,07,000,00,9,0,17,A01
201100030875,0,33,000,00,2,0,01,A01
201100030875,0,07,000,00,2,3,01,B01
201100030876,0,37,001,00,1,0,01,A01
201100030877,0,07,000,00,0,6,02,B01
201100030877,0,07,000,00,0,2,02,A01
201100030878,0,07,000,02,0,9,01,A01
201100030879,0,07,000,08,0,1,01,A01
201100030880,0,07,000,00,2,3,15,A01
201100030880,0,01,000,00,2,4,01,B01
201100030881,0,01,000,01,0,1,01,B01
201100030881,0,07,000,00,2,8,22,A01
201100030882,0,07,000,00,2,7,15,A01
201100030882,0,07,000,00,2,2,01,B01
201100030883,0,07,000,00,2,1,01,B01
201100030883,0,07,000,00,2,7,15,A01
201100030884,0,07,000,00,2,3,01,B01
201100030884,0,07,000,08,2,1,01,A01
201100030885,0,07,000,00,2,4,04,A01
201100030885,0,30,000,00,2,1,01,B01
201100030886,0,07,000,00,2,4,01,B01
201100030886,0,02,000,00,2,1,01,A01
201100030887,0,07,000,00,1,1,01,A01
201100030888,0,07,000,01,0,1,01,A01
201100030889,0,07,000,00,1,4,04,A01
201100030890,0,30,000,00,2,2,01,B01
201100030890,0,07,000,00,2,3,20,A01
201100030891,0,07,000,00,2,1,01,A01
201100030891,0,07,000,00,2,2,15,B01
201100030892,0,07,000,08,0,7,01,A01
201100030893,0,07,000,00,1,7,01,A01
201100030894,0,02,000,00,2,8,01,B01
201100030894,0,07,000,00,2,7,17,A01
201100030895,0,07,000,00,1,3,01,A01
201100030896,0,30,000,00,2,1,01,A01
201100030896,0,07,000,00,2,7,15,B01
201100030897,0,33,000,00,2,1,17,B01
201100030897,0,07,000,00,2,8,15,A01
201100030898,0,07,000,00,1,3,16,A01
201100030899,0,07,000,01,0,1,15,A01
201100030900,0,14,000,00,2,7,12,A01
201100030900,0,07,000,00,2,8,01,B01
201100030901,0,07,000,00,2,1,01,B01
201100030901,0,30,000,00,2,1,15,A01
201100030902,0,33,000,00,2,1,01,B01
201100030902,0,07,000,00,2,7,15,A01
201100030903,0,07,000,00,2,1,02,A01
201100030903,0,07,000,00,2,4,02,B01
201100030904,0,31,000,06,2,1,01,B01
201100030904,0,07,000,00,2,1,15,A01
201100030905,0,07,000,00,1,7,01,A01
201100030906,0,07,000,00,2,3,15,A01
201100030906,0,07,000,00,2,3,01,B01
201100030907,0,30,000,00,2,1,02,A01
201100030907,0,07,000,00,0,4,02,B01
201100030908,0,07,000,00,0,9,01,A01
201100030909,0,07,000,00,2,8,01,B01
201100030909,0,10,000,00,2,3,19,A01
201100030910,0,07,000,00,2,1,02,A01
201100030910,0,07,000,00,2,4,02,B01
201100030911,0,07,000,00,0,0,01,A01
201100030912,0,07,000,00,1,1,01,A01
201100030913,0,07,000,00,2,1,19,A01
201100030913,0,07,000,00,2,8,01,B01
201100030914,0,07,000,00,0,9,21,A01
201100030915,0,07,000,00,1,2,00,A01
201100030916,0,07,000,00,1,2,01,A01
201100030917,0,07,000,00,1,6,04,A01
201100030918,0,07,000,00,2,3,01,A01
201100030918,0,07,000,00,2,1,01,B01
201100030919,0,07,000,00,1,1,00,A01
201100030920,0,07,000,00,1,7,01,A01
201100030921,0,01,000,00,2,0,19,A01
201100030921,0,07,000,00,2,3,01,B01
201100030922,0,07,000,00,2,3,16,B01
201100030922,0,07,000,00,2,2,01,A01
201100030923,0,07,000,00,2,6,02,B01
201100030923,0,30,000,00,2,1,02,A01
201100030924,0,37,001,00,2,7,01,A01
201100030924,0,01,000,00,2,8,01,B01
201100030925,0,07,000,00,2,3,15,A01
201100030925,0,07,000,00,2,7,01,B01
201100030926,0,07,000,00,2,3,00,A01
201100030926,0,30,000,00,2,0,00,B01
201100030927,0,07,000,00,2,1,23,C01
201100030927,0,07,000,00,2,1,15,A01
201100030927,0,01,000,14,2,8,01,B01
201100030928,0,34,000,00,2,2,01,A01
201100030928,0,34,000,00,2,6,01,B01
201100030929,0,07,000,00,2,1,15,B01
201100030929,0,30,000,00,2,5,01,A01
201100030930,0,07,000,00,2,1,01,A01
201100030930,0,01,000,00,2,8,19,B01
201100030931,0,33,000,00,2,3,01,B01
201100030931,0,07,000,00,2,3,09,A01
201100030932,0,30,000,00,2,4,01,B01
201100030932,0,07,000,00,2,1,01,A01
201100030933,0,01,000,00,2,1,01,B01
201100030933,0,07,000,00,2,4,15,A01
201100030934,0,07,000,00,2,8,16,B01
201100030934,0,33,000,00,2,1,01,A01
201100030935,0,07,000,00,2,2,19,A01
201100030935,0,02,000,00,2,1,01,B01
201100030936,0,07,000,00,2,4,02,B01
201100030936,0,02,000,00,2,1,02,A01
201100030937,0,07,000,00,2,1,15,A01
201100030937,0,01,000,00,2,3,01,B01
201100030938,0,02,000,00,2,1,01,B01
201100030938,0,07,000,00,2,1,15,A01
201100030939,0,07,000,00,1,1,01,A01
201100030940,0,07,000,00,2,2,01,A01
201100030940,0,07,000,00,2,1,01,B01
201100030941,0,07,000,00,2,1,02,A01
201100030941,0,01,000,00,2,4,02,B01
201100030942,0,07,000,00,0,0,01,A01
201100030942,0,33,000,00,0,0,01,B01
201100030943,0,31,000,00,2,8,01,B01
201100030943,0,07,000,00,2,1,15,A01
201100030944,0,07,000,00,2,6,15,B01
201100030944,0,07,000,00,2,3,01,A01
201100030945,0,07,000,00,1,3,15,A01
201100030946,0,07,000,08,0,1,01,A01
201100030947,0,31,000,01,2,1,01,A01
201100030947,0,07,000,00,2,1,01,D01
201100030947,0,07,000,00,2,1,09,B01
201100030948,0,07,000,00,2,8,09,A01
201100030948,0,07,000,00,2,3,01,B01
201100030949,0,07,000,00,2,4,01,C01
201100030949,0,07,000,00,2,1,01,B01
201100030949,0,07,000,00,2,4,01,A01
201100030950,0,33,000,00,2,1,01,B01
201100030950,0,07,000,00,2,2,19,A01
201100030951,0,07,000,00,2,2,01,A01
201100030951,0,01,000,00,2,1,09,B01
201100030952,0,34,000,01,2,1,01,B01
201100030952,0,07,000,00,2,2,15,A01
201100030953,0,07,000,00,2,3,09,B01
201100030953,0,33,000,00,2,1,01,A01
201100030954,0,07,000,00,2,4,01,B01
201100030954,0,30,000,00,2,1,01,A01
201100030955,0,30,000,00,1,1,01,A01
201100030956,0,07,000,00,2,1,01,C01
201100030956,0,07,000,00,2,4,01,A01
201100030956,0,07,000,00,2,4,01,B01
201100030957,0,07,000,00,2,8,01,B01
201100030957,0,07,000,00,2,1,09,A01
201100030958,0,07,000,00,2,1,01,A01
201100030958,0,07,000,00,2,2,01,B01
201100030959,0,07,000,00,2,3,00,A01
201100030959,0,30,000,00,2,5,01,B01
201100030960,0,30,000,00,2,6,01,A01
201100030960,0,07,000,00,2,1,01,B01
201100030961,0,07,000,00,2,1,02,A01
201100030961,0,07,000,00,2,4,02,B01
201100030962,0,07,000,00,2,1,01,A01
201100030962,0,07,000,00,2,1,01,B01
201100030963,0,07,000,02,0,1,01,A01
201100030964,0,07,000,00,2,4,02,B01
201100030964,0,30,000,00,2,1,02,A01
201100030965,0,30,000,00,2,1,00,B01
201100030965,0,07,000,00,2,3,16,A01
201100030966,0,07,000,00,2,2,01,B01
201100030966,0,07,000,00,2,3,01,A01
201100030967,0,07,000,00,2,1,13,A01
201100030967,0,07,000,00,2,1,01,B01
201100030968,0,07,000,00,2,3,01,B01
201100030968,0,07,000,00,2,2,01,A01
201100030969,0,07,000,00,2,6,09,A01
201100030969,0,07,000,00,2,1,01,B01
201100030970,0,07,000,00,2,8,01,B01
201100030970,0,30,000,00,2,1,09,A01
201100030971,0,07,000,00,2,1,10,A01
201100030971,0,30,000,00,2,2,17,B01
201100030972,0,07,000,00,2,4,23,A01
201100030972,0,30,000,00,2,1,02,B01
201100030973,0,07,000,00,2,4,02,B01
201100030973,0,07,000,00,2,1,02,A01
201100030974,0,07,000,00,2,5,16,A01
201100030974,0,01,000,00,2,1,01,B01
201100030975,0,07,000,00,2,1,01,A01
201100030975,0,07,000,00,2,4,16,B01
201100030976,0,07,000,00,2,3,01,B01
201100030976,0,01,000,00,2,1,15,A01
201100030977,0,30,000,01,2,1,17,A01
201100030977,0,01,000,00,2,1,01,B01
201100030977,0,07,000,00,2,1,23,C01
201100030978,0,07,000,00,2,3,01,B01
201100030978,0,07,000,00,2,2,19,A01
201100030979,0,07,000,00,2,3,19,A01
201100030979,0,30,000,00,2,1,01,B01
201100030980,0,30,000,00,2,1,19,A01
201100030980,0,07,000,00,2,2,01,B01
201100030981,0,30,000,00,2,1,17,B01
201100030981,0,07,000,00,2,8,15,A01
201100030982,0,07,000,00,2,3,09,A01
201100030982,0,30,000,00,2,5,01,B01
201100030983,0,02,000,00,1,1,01,A01
201100030984,0,10,000,00,2,1,01,B01
201100030984,0,07,000,00,2,7,01,A01
201100030985,0,07,000,00,2,2,09,A01
201100030985,0,07,000,00,2,1,01,B01
201100030986,0,07,000,00,2,3,09,A01
201100030986,0,33,000,01,2,1,01,B01
201100030987,0,07,000,00,1,1,16,A01
201100030988,0,07,000,00,2,3,09,A01
201100030988,0,30,000,00,2,1,01,B01
201100030989,0,07,000,00,2,2,01,A01
201100030989,0,07,000,00,2,3,01,B01
201100030989,0,07,000,01,2,3,23,C01
201100030990,0,07,000,00,2,3,13,A01
201100030990,0,07,000,00,2,3,01,B01
201100030991,0,07,000,00,1,1,01,A01
201100030992,0,07,000,00,2,2,01,A01
201100030992,0,01,000,00,2,1,15,B01
201100030993,0,07,000,00,2,3,15,A01
201100030993,0,02,000,00,2,1,01,B01
201100030994,0,31,000,00,2,1,13,B01
201100030994,0,07,000,00,2,2,01,A01
201100030995,0,07,000,00,2,2,01,B01
201100030995,0,01,000,00,2,4,09,A01
201100030996,0,07,000,00,2,1,01,B01
201100030996,0,07,000,00,2,1,01,A01
201100030997,0,07,000,00,1,1,01,A01
201100030998,0,01,000,00,2,4,02,B01
201100030998,0,07,000,00,2,2,02,A01
201100030999,0,07,000,00,1,1,01,A01
201100031000,0,07,000,09,2,4,01,A01
201100031000,1,99,000,00,2,1,15,B01
201100031001,0,07,000,00,1,1,01,A01
201100031002,1,07,000,00,1,2,01,A01
201100031003,0,07,000,00,1,1,01,A01
201100031004,0,07,000,00,1,1,01,A01
201100031005,0,07,000,03,2,3,01,B01
201100031005,0,07,000,00,2,2,12,A01
201100031006,0,07,000,00,0,0,13,A01
201100031007,0,32,000,00,2,1,01,B01
201100031007,0,07,000,00,2,7,16,A01
201100031008,0,07,000,00,2,3,09,A01
201100031008,0,30,000,00,2,1,01,B01
201100031009,0,07,000,00,2,2,01,A01
201100031009,0,30,000,00,2,1,01,B01
201100031010,0,07,000,02,0,1,01,A01
201100031011,0,07,000,00,2,1,15,A01
201100031011,0,30,000,00,2,1,01,B01
201100031012,0,07,000,00,2,1,15,A01
201100031012,0,02,000,00,2,1,01,B01
201100031013,0,07,000,00,2,4,02,B01
201100031013,0,07,000,00,2,1,02,A01
201100031014,0,07,000,00,2,4,02,B01
201100031014,0,07,000,00,2,1,02,A01
201100031015,0,30,000,00,0,0,21,A01
201100031016,0,07,000,00,2,4,02,B01
201100031016,1,07,000,00,2,1,02,A01
201100031017,0,07,000,00,2,3,15,A01
201100031017,0,30,000,00,2,1,01,B01
201100031018,0,01,000,00,2,1,02,A01
201100031018,0,10,000,00,2,4,02,B01
201100031019,0,31,000,00,0,1,01,A01
201100031020,0,07,000,00,2,1,02,A01
201100031020,0,07,000,00,2,4,02,B01
201100031021,0,07,000,01,0,3,00,A01
201100031022,0,10,000,00,2,1,02,A01
201100031022,0,07,000,00,1,1,02,B01
201100031023,0,07,000,12,0,9,01,A01
201100031024,0,07,000,00,2,3,01,B01
201100031024,0,07,000,00,2,1,15,A01
201100031025,0,07,000,06,2,4,15,B01
201100031025,0,07,000,00,2,1,02,A01
201100031026,0,07,000,00,1,1,01,A01
201100031027,0,07,000,00,1,1,01,A01
201100031028,0,33,000,00,2,1,01,B01
201100031028,0,07,000,00,0,6,09,A01
201100031029,1,07,000,00,1,1,01,Z01
201100031030,0,07,000,06,0,8,01,A01
201100031031,0,07,000,00,1,2,01,A01
201100031032,0,07,000,00,1,1,01,A01
201100031033,0,02,000,00,2,7,01,B01
201100031033,0,07,000,00,2,3,16,A01
201100031034,0,07,000,00,1,2,01,A01
201100031035,1,07,000,00,1,1,15,Z01
201100031036,0,02,000,00,2,8,21,B01
201100031036,0,07,000,00,2,3,15,A01
201100031037,0,07,000,00,0,8,22,B01
201100031037,0,07,000,00,1,0,01,C01
201100031037,1,10,000,01,1,2,01,A01
201100031038,0,02,000,00,9,2,01,A01
201100031039,0,07,000,00,1,1,01,A01
201100031040,0,07,000,00,1,4,04,A01
201100031041,0,07,000,12,0,2,01,A01
201100031042,0,07,000,00,1,0,04,A01
201100031043,1,13,000,00,2,5,16,Z01
201100031043,0,33,000,00,2,8,16,B01
201100031044,0,07,000,00,2,1,01,B01
201100031044,0,07,000,00,2,3,15,A01
201100031045,0,07,000,00,1,2,01,A01
201100031046,0,10,000,00,2,1,01,B01
201100031046,0,07,000,00,2,2,15,A01
201100031047,0,07,000,12,0,9,01,A01
201100031048,0,07,000,00,1,3,01,A01
201100031049,0,07,000,00,2,1,02,A01
201100031049,0,07,000,00,0,4,02,B01
201100031050,0,07,000,00,0,4,02,B01
201100031050,0,07,000,00,2,2,02,A01
201100031051,0,07,000,00,0,0,06,A01
201100031052,0,07,000,00,2,0,00,B01
201100031052,0,07,000,00,2,1,15,A01
201100031053,0,31,000,00,0,0,02,A01
201100031054,0,07,000,00,1,2,16,A01
201100031055,0,38,057,00,2,6,24,B01
201100031055,0,07,000,00,2,1,00,A01
201100031056,0,07,000,00,2,2,15,A01
201100031056,0,07,000,01,2,8,01,B02
201100031057,0,07,000,00,1,3,15,A01
201100031058,0,07,000,00,1,4,04,A01
201100031059,0,07,000,00,1,1,01,A01
201100031060,0,07,000,00,2,1,02,A01
201100031060,0,07,000,00,2,4,02,C01
201100031060,0,07,000,00,2,9,02,B01
201100031061,0,07,000,00,2,1,05,A01
201100031061,0,07,000,00,2,1,01,B01
201100031062,0,40,027,00,1,2,01,A01
201100031063,0,07,000,08,0,1,01,A01
201100031064,0,07,000,00,1,7,01,A01
201100031065,0,07,000,00,1,2,01,A01
201100031066,0,07,000,00,1,2,01,A01
201100031067,0,07,000,00,0,7,15,A01
201100031067,0,01,000,00,2,1,01,B01
201100031068,0,32,000,00,2,1,01,B01
201100031068,0,07,000,00,2,3,15,A01
201100031069,0,07,000,00,1,1,00,A01
201100031070,0,07,000,01,0,3,01,A01
201100031071,0,07,000,00,2,2,00,A01
201100031071,0,07,000,00,2,3,01,B01
201100031072,0,07,000,00,2,3,01,A01
201100031072,0,07,000,00,2,5,01,B01
201100031073,0,07,000,00,2,3,01,B01
201100031074,0,07,000,00,1,1,01,A01
201100031075,0,33,000,00,2,8,01,B01
201100031075,0,07,000,00,2,1,15,A01
201100031076,0,07,000,00,0,4,01,A01
201100031076,0,07,000,00,2,4,01,B01
201100031077,0,07,000,00,1,2,17,A01
201100031078,0,07,000,00,2,3,00,B01
201100031078,0,07,000,00,2,3,15,A01
201100031079,0,14,000,00,1,6,04,A01
201100031080,0,07,000,00,1,4,04,A01
201100031081,0,07,000,00,1,4,04,A01
201100031082,0,02,000,00,2,2,00,B01
201100031082,0,07,000,00,9,1,00,A01
201100031083,0,07,000,00,0,0,00,A01
201100031084,0,07,000,01,0,1,00,A01
201100031085,0,07,000,00,2,1,01,B01
201100031085,0,07,000,00,2,1,10,A01
201100031086,0,07,000,01,0,1,00,A01
201100031087,0,32,000,00,2,0,01,A01
201100031087,0,07,000,00,2,0,02,B01
201100031088,0,07,000,00,1,3,16,A01
201100031089,0,07,000,00,1,0,15,A01
201100031090,1,07,000,00,1,0,01,Z01
201100031091,0,07,000,00,1,2,01,A01
201100031092,0,07,000,00,2,1,01,A01
201100031092,0,07,000,00,2,4,16,B01
201100031093,0,01,000,00,2,1,01,B01
201100031093,0,07,000,00,9,7,00,A01
201100031094,0,07,000,00,1,4,04,A01
201100031095,0,33,000,16,0,8,01,A01
201100031096,0,07,000,15,2,2,01,A01
201100031096,0,07,000,00,2,1,01,B01
201100031097,0,33,000,00,2,1,18,A01
201100031098,0,07,000,00,0,2,01,A01
201100031099,0,07,000,00,1,2,16,A01
201100031100,0,07,000,00,1,4,04,A01
201100031101,0,07,000,00,2,5,16,B01
201100031101,0,07,000,00,2,3,01,A01
201100031102,0,07,000,00,2,1,01,B01
201100031102,0,07,000,00,2,8,01,A01
201100031103,0,07,000,00,1,0,00,A01
201100031104,0,33,000,00,0,7,01,A01
201100031105,0,07,000,00,1,1,01,A01
201100031106,0,32,000,00,2,1,01,A01
201100031106,0,07,000,00,2,2,01,B01
201100031107,0,33,000,00,2,1,01,B01
201100031107,0,07,000,00,2,2,15,A01
201100031108,0,30,000,00,1,1,01,A01
201100031109,0,07,000,00,2,4,01,B01
201100031109,0,07,000,00,2,1,01,A01
201100031110,0,07,000,00,2,4,02,B01
201100031110,0,07,000,00,2,1,02,A01
201100031111,0,07,000,00,1,0,15,A01
201100031112,0,07,000,00,1,2,01,A01
201100031113,0,07,000,00,1,3,01,A01
201100031114,0,07,000,01,0,2,00,A01
201100031115,0,07,000,00,2,8,01,B01
201100031115,0,07,000,00,0,1,09,A01
201100031116,0,33,000,00,2,1,01,B01
201100031116,0,07,000,00,0,8,09,A01
201100031117,0,07,000,01,0,2,21,A01
201100031118,0,33,000,00,2,1,01,A01
201100031118,0,33,000,00,2,4,01,B01
201100031119,0,07,000,00,0,5,09,A01
201100031119,0,33,000,00,2,3,21,B01
201100031120,0,07,000,00,1,1,15,A01
201100031121,0,32,000,00,2,1,01,A01
201100031121,0,07,000,00,2,1,01,B01
201100031122,0,07,000,02,0,0,00,A01
201100031123,0,07,000,00,1,3,01,A01
201100031124,0,07,000,00,2,3,01,B01
201100031124,0,07,000,00,0,3,13,A01
201100031125,0,07,000,00,2,1,02,A01
201100031125,0,07,000,00,0,4,23,B01
201100031126,0,07,000,00,1,2,01,A01
201100031127,0,07,000,00,0,8,15,B01
201100031127,2,07,000,00,2,2,17,A01
201100031128,0,30,000,00,2,1,01,B01
201100031128,0,07,000,00,0,5,15,A01
201100031129,0,07,000,00,1,0,02,A01
201100031130,0,07,000,00,2,1,01,A01
201100031130,0,07,000,00,2,0,01,B01
201100031131,0,07,000,00,1,1,01,A01
201100031132,0,07,000,00,2,1,02,G01
201100031132,0,07,000,00,2,0,02,D02
201100031132,0,07,000,00,2,1,02,B01
201100031132,0,07,000,00,2,1,02,A01
201100031132,0,07,000,00,0,1,02,F01
201100031132,0,07,000,00,2,4,02,H02
201100031132,0,07,000,00,2,1,02,E02
201100031132,0,07,000,00,2,1,02,C01
201100031133,0,33,000,00,2,2,17,B01
201100031133,0,07,000,00,0,8,15,A01
201100031134,0,07,000,00,2,2,02,A01
201100031134,0,07,000,00,0,4,02,B01
201100031135,0,07,000,00,1,1,01,A01
201100031136,0,07,000,00,1,2,01,A01
201100031137,0,30,000,00,2,1,01,A01
201100031137,0,07,000,00,2,8,01,B01
201100031138,0,30,000,00,2,0,01,A01
201100031138,0,07,000,00,0,0,20,B01
201100031139,0,30,000,00,2,1,13,A01
201100031139,0,07,000,00,2,2,16,B01
201100031140,0,07,000,00,2,4,02,C01
201100031140,0,07,000,00,2,1,02,A01
201100031140,0,07,000,00,2,9,02,B01
201100031141,1,99,000,00,2,1,02,Z01
201100031141,0,31,000,00,0,4,02,B01
201100031142,0,07,000,00,2,8,01,B01
201100031142,0,10,000,00,0,2,15,A01
201100031143,0,30,000,00,2,3,00,A01
201100031143,0,07,000,00,0,7,01,B01
201100031144,0,07,000,00,2,1,01,B01
201100031144,0,07,000,00,2,3,17,A01
201100031145,0,07,000,08,0,2,01,A01
201100031146,0,07,000,00,2,4,23,C01
201100031146,0,07,000,00,2,1,01,A01
201100031146,0,07,000,00,2,4,23,B01
201100031147,0,07,000,00,1,3,01,A01
201100031148,0,07,000,00,2,1,15,A01
201100031148,0,07,000,00,2,1,01,B01
201100031149,0,07,000,01,0,9,01,A01
201100031150,0,03,000,00,1,8,01,A01
201100031151,0,31,000,00,2,1,01,B01
201100031151,0,07,000,00,2,8,15,A01
201100031152,0,07,000,00,2,7,01,A01
201100031152,0,07,000,00,2,3,23,C01
201100031152,0,07,000,00,2,1,01,B01
201100031152,0,07,000,00,9,6,23,D01
201100031153,0,31,000,00,0,6,15,A01
201100031153,0,07,000,00,2,6,02,B01
201100031154,0,07,000,00,2,2,15,A01
201100031154,0,33,000,00,2,1,01,B01
201100031155,0,31,000,00,0,0,00,B01
201100031155,0,07,000,00,2,0,00,A01
201100031156,0,07,000,00,2,1,01,A01
201100031156,0,32,000,00,2,3,01,B01
201100031157,0,07,000,00,2,1,02,A01
201100031157,0,07,000,00,2,4,23,B01
201100031157,0,07,000,00,2,5,02,C01
201100031158,0,07,000,00,2,2,01,B01
201100031158,0,07,000,00,0,8,09,A01
201100031159,0,07,000,00,1,3,00,A01
201100031160,0,07,000,00,0,0,09,A01
201100031160,0,31,000,00,2,0,01,B01
201100031161,0,07,000,00,1,3,00,A01
201100031162,0,07,000,00,1,2,00,A01
201100031163,0,07,000,00,2,6,15,A01
201100031163,0,33,000,00,2,1,01,B01
201100031164,0,01,000,00,2,1,09,A01
201100031164,0,07,000,00,2,7,01,B01
201100031165,0,07,000,12,0,1,01,A01
201100031166,0,07,000,00,2,1,00,B01
201100031166,0,02,000,00,0,1,15,A01
201100031167,0,30,000,00,2,1,01,B01
201100031167,0,07,000,00,2,3,01,A01
201100031168,0,07,000,00,1,2,01,A01
201100031169,0,07,000,01,0,2,01,A01
201100031170,0,07,000,00,2,0,00,A01
201100031170,0,07,000,00,2,0,01,B01
201100031171,0,07,000,00,1,4,04,A01
201100031172,0,07,000,00,2,8,01,A01
201100031172,0,33,000,00,2,1,01,B01
201100031173,0,37,000,00,2,2,01,B01
201100031173,0,07,000,00,2,3,00,A01
201100031174,0,36,000,00,1,0,00,A01
201100031175,0,33,000,00,2,3,01,B01
201100031175,0,07,000,00,2,8,01,A01
201100031176,0,07,000,00,2,4,02,B01
201100031176,0,07,000,00,2,1,02,A01
201100031177,0,37,001,00,2,3,01,B01
201100031177,0,30,000,00,0,7,01,A01
201100031178,0,07,000,00,2,4,02,A01
201100031178,1,07,000,00,2,1,01,Z01
201100031178,0,07,000,00,2,4,02,C01
201100031178,0,07,000,00,2,9,02,B01
201100031179,0,33,000,13,0,0,01,A01
201100031180,0,07,000,12,0,3,01,A01
201100031181,0,07,000,00,9,1,01,A01
201100031181,0,01,000,00,2,1,00,B01
201100031182,0,07,000,00,2,1,02,A01
201100031182,0,07,000,01,2,4,02,B01
201100031183,0,07,000,00,0,1,00,A02
201100031184,0,07,000,00,2,1,00,A01
201100031184,0,07,000,00,2,8,02,B01
201100031185,0,07,000,00,2,1,01,A01
201100031185,0,07,000,00,2,8,01,B01
201100031186,0,07,000,00,2,7,01,B01
201100031186,0,07,000,00,2,8,09,A01
201100031187,0,07,000,00,1,1,01,A01
201100031188,0,33,000,00,0,8,01,A01
201100031189,0,07,000,00,2,2,00,B01
201100031189,0,07,000,00,2,1,00,A01
201100031190,0,07,000,00,2,1,01,B01
201100031190,0,07,000,00,2,3,01,A01
201100031191,0,07,000,00,2,8,01,A01
201100031191,0,07,000,00,2,1,15,B01
201100031192,0,07,000,00,2,1,01,B01
201100031192,0,30,000,00,2,8,01,A01
201100031193,0,07,000,00,2,2,09,A01
201100031193,0,07,000,00,0,8,01,B01
201100031194,1,33,000,00,2,8,15,A01
201100031194,0,07,000,00,2,1,01,B01
201100031195,1,07,000,00,2,8,09,Z01
201100031195,0,07,000,00,2,2,01,B01
201100031196,0,02,000,00,0,0,00,A01
201100031197,0,07,000,00,1,1,01,A01
201100031198,0,02,000,00,2,1,17,A01
201100031198,0,07,000,00,0,8,15,B01
201100031199,0,01,000,00,2,0,00,A01
201100031199,0,07,000,00,2,8,01,B01
201100031200,0,07,000,00,2,3,01,A01
201100031201,0,07,000,00,2,1,02,A01
201100031201,0,07,000,00,2,4,02,B01
201100031202,0,07,000,00,2,0,15,A01
201100031202,0,07,000,00,2,0,01,B01
201100031203,0,07,000,00,1,1,15,A01
201100031204,0,07,000,00,1,7,01,A01
201100031205,0,07,000,00,1,3,01,A01
201100031206,0,07,000,00,0,4,02,B01
201100031206,0,02,000,00,2,1,02,A01
201100031207,0,07,000,00,2,2,15,A01
201100031207,0,31,000,00,2,1,01,B01
201100031208,0,07,000,15,2,1,01,B01
201100031208,0,10,000,00,2,2,15,A01
201100031209,0,07,000,00,2,3,09,A01
201100031209,0,32,000,00,2,1,01,B01
201100031210,0,07,000,00,0,1,01,A01
201100031211,0,07,000,00,2,1,01,A01
201100031211,0,07,000,00,2,4,01,B01
201100031211,0,10,000,00,2,4,23,C01
201100031212,0,07,000,00,1,7,01,A01
201100031213,0,01,000,00,2,1,01,A01
201100031213,0,07,000,00,2,8,15,B01
201100031214,0,07,000,00,1,3,01,A01
201100031215,0,02,000,00,1,1,01,A01
201100031216,0,07,000,00,2,1,01,B01
201100031216,0,07,000,00,2,1,13,A01
201100031217,0,07,000,07,0,1,01,A01
201100031218,0,07,000,00,2,4,01,B01
201100031218,0,07,000,00,2,1,01,A01
201100031219,0,01,000,00,2,7,01,A01
201100031219,0,07,000,00,2,1,01,B01
201100031220,0,03,000,08,0,1,00,A01
201100031221,0,07,000,00,1,1,01,A01
201100031222,0,07,000,00,1,1,15,A01
201100031223,0,07,000,00,2,3,00,B01
201100031223,0,07,000,00,2,1,00,A01
201100031224,0,07,000,00,1,2,00,A01
201100031225,0,30,000,01,0,1,01,A01
201100031226,0,07,000,00,1,2,01,A01
201100031227,0,01,000,14,0,1,01,A01
201100031228,0,10,000,01,2,1,16,A01
201100031228,0,07,000,01,2,1,01,B01
201100031229,0,32,000,00,0,1,00,A01
201100031230,0,02,000,00,0,8,00,A01
201100031231,0,07,000,00,2,3,01,B01
201100031231,0,01,000,00,2,0,13,A01
201100031232,0,33,000,00,5,7,01,A01
201100031233,0,07,000,00,9,3,01,A01
201100031233,0,01,000,00,2,4,09,B01
201100031234,0,07,000,00,2,1,01,A01
201100031234,0,07,000,00,2,9,01,B01
201100031235,0,36,000,12,0,1,01,A01
201100031236,0,07,000,00,1,1,15,A01
201100031237,0,07,000,00,2,7,01,A01
201100031237,0,07,000,00,2,1,15,B01