Num_Acc,senc,catv,occutc,obs,obsm,choc,manv,num_veh
201100031990,0,07,000,00,2,3,01,B01
201100031990,0,07,000,00,2,8,16,A01
201100031991,0,07,000,00,2,4,15,B01
201100031991,0,07,000,00,2,1,01,A01
201100031992,0,35,000,15,0,2,14,A01
201100031993,0,07,000,00,1,2,01,A01
201100031994,0,07,000,00,2,2,09,A01
201100031994,0,01,000,00,2,1,01,B01
201100031995,0,07,000,00,0,4,01,B01
201100031995,0,30,000,00,2,1,01,A01
201100031996,0,03,000,00,2,1,01,A01
201100031996,0,07,000,00,0,8,15,B01
201100031997,0,37,001,00,2,3,01,B01
201100031997,0,07,000,00,2,3,09,A01
201100031998,0,10,000,00,2,2,01,A01
201100031998,0,10,000,00,2,3,09,B01
201100031999,0,30,000,00,2,1,17,A01
201100031999,0,07,000,00,0,8,15,B01
201100032000,0,10,000,00,2,1,01,B01
201100032000,0,10,000,00,2,4,01,E01
201100032000,0,07,000,00,2,1,01,D01
201100032000,0,10,000,00,2,1,01,A01
201100032000,0,10,000,00,2,4,02,C01
201100032001,0,07,000,13,0,1,21,A01
201100032002,0,32,000,00,2,1,02,B01
201100032002,0,10,000,00,2,7,16,A01
201100032003,0,07,000,12,1,3,01,A01
201100032004,0,07,000,00,2,2,01,A01
201100032004,0,07,000,00,0,6,01,B01
201100032005,0,07,000,00,2,1,13,A01
201100032005,0,17,000,00,2,1,01,B01
201100032006,0,07,000,06,0,3,01,A01
201100032007,0,07,000,04,0,3,16,A01
201100032008,0,10,000,02,0,1,01,A01
201100032009,0,02,000,00,0,5,01,B01
201100032009,0,07,000,00,2,2,09,A01
201100032010,0,33,000,14,0,2,01,B01
201100032011,0,07,000,00,2,2,01,A01
201100032011,0,02,000,00,2,3,16,B01
201100032012,0,33,000,14,0,8,01,A01
201100032013,0,32,000,11,0,1,01,A01
201100032014,0,07,000,00,2,3,15,B01
201100032014,0,07,000,00,2,2,01,A01
201100032015,0,07,000,00,2,3,15,A01
201100032015,0,07,000,00,2,8,01,B01
201100032016,0,32,000,14,0,7,01,A01
201100032017,0,07,000,13,0,7,13,A01
201100032018,0,07,000,00,1,1,15,A01
201100032019,0,07,000,16,1,2,01,A01
201100032020,0,07,000,00,1,2,16,A01
201100032021,0,30,000,00,2,1,01,B01
201100032021,0,07,000,00,2,8,09,A01
201100032022,0,07,000,00,2,2,01,B01
201100032022,0,30,000,00,2,1,01,A01
201100032023,0,10,000,15,0,7,01,A01
201100032024,0,07,000,00,2,3,15,B01
201100032024,0,31,000,00,2,2,17,A01
201100032025,0,10,000,00,2,8,13,A01
201100032025,0,33,000,00,2,8,01,B01
201100032026,0,07,000,00,2,8,15,B01
201100032026,0,07,000,00,2,3,01,A01
201100032027,0,07,000,00,2,3,01,A01
201100032027,0,07,000,00,2,2,01,B01
201100032028,0,33,000,00,2,1,01,B01
201100032028,0,07,000,00,2,2,10,A01
201100032029,0,10,000,00,2,1,01,B01
201100032029,0,07,000,00,2,7,01,A01
201100032030,0,02,000,00,2,1,02,A01
201100032030,0,13,000,00,0,4,01,B01
201100032031,0,07,000,00,0,4,01,B01
201100032031,0,30,000,00,2,1,02,A01
201100032032,0,01,000,00,2,1,01,B01
201100032032,0,07,000,00,2,3,15,A01
201100032033,0,07,000,07,2,3,02,B01
201100032033,0,33,000,00,2,7,17,A01
201100032034,0,02,000,01,0,1,14,A01
201100032035,0,07,000,00,2,1,01,A01
201100032035,0,30,000,00,0,7,01,B01
201100032036,0,07,000,13,0,1,16,A01
201100032037,0,07,000,00,2,8,10,A01
201100032037,0,30,000,00,2,1,01,B01
201100032038,0,30,000,00,2,1,02,A01
201100032038,0,07,000,00,0,4,01,B01
201100032039,0,07,000,00,2,4,01,A01
201100032039,0,07,000,00,0,4,02,B01
201100032039,0,07,000,00,2,1,02,C01
201100032040,0,02,000,00,2,1,02,B01
201100032040,0,07,000,00,2,7,22,A01
201100032041,0,02,000,00,2,1,01,A01
201100032041,0,07,000,00,2,5,12,B01
201100032042,0,07,000,00,1,4,01,B01
201100032042,0,07,000,00,2,1,02,A01
201100032043,0,07,000,00,2,1,02,A01
201100032043,0,07,000,00,0,4,01,B01
201100032044,0,30,000,16,0,3,01,A01
201100032045,0,07,000,00,1,1,01,A01
201100032046,0,07,000,00,1,1,01,A01
201100032047,0,07,000,00,1,1,01,A01
201100032048,0,07,000,08,0,1,01,A01
201100032049,0,07,000,15,0,1,17,A01
201100032050,0,07,000,00,0,4,01,B01
201100032050,0,07,000,00,2,1,02,A01
201100032051,0,02,000,00,2,1,01,B01
201100032051,0,07,000,00,2,3,01,A01
201100032052,0,02,000,00,1,1,01,A01
201100032053,0,07,000,00,1,8,01,A01
201100032054,0,40,015,00,1,1,01,A01
201100032055,0,07,000,00,2,4,23,C01
201100032055,0,07,000,00,2,4,23,D01
201100032055,0,07,000,00,2,1,02,A01
201100032055,0,07,000,00,0,4,23,B01
201100032056,0,07,000,00,2,1,01,B01
201100032056,0,07,000,00,2,2,01,A01
201100032057,0,07,000,00,1,1,01,A01
201100032058,0,10,000,00,0,4,01,B01
201100032058,0,10,000,06,2,1,01,A01
201100032059,0,07,000,00,1,1,01,A01
201100032060,0,07,000,00,1,1,01,A01
201100032061,0,33,000,06,2,1,01,B01
201100032061,0,07,000,00,9,1,01,C01
201100032061,0,07,000,00,2,3,15,A01
201100032062,0,07,000,00,1,1,01,A01
201100032063,0,07,000,00,2,1,01,B01
201100032063,0,07,000,00,2,3,10,A01
201100032064,0,07,000,00,1,1,01,A01
201100032065,0,01,000,00,0,4,01,B01
201100032065,0,07,000,00,2,2,01,A01
201100032066,0,33,000,00,2,3,01,B01
201100032066,0,07,000,00,2,2,01,A01
201100032067,0,07,000,00,1,1,01,A01
201100032068,0,07,000,00,2,1,02,A01
201100032068,0,17,000,00,9,4,01,C01
201100032068,0,07,000,00,2,4,02,B01
201100032069,0,07,000,00,2,2,01,B01
201100032069,0,07,000,00,2,6,16,A01
201100032070,0,07,000,14,0,1,01,A01
201100032071,0,07,000,08,0,7,21,A01
201100032072,0,07,000,00,2,1,01,A01
201100032072,0,07,000,00,2,3,15,B01
201100032073,0,37,010,00,1,2,01,A01
201100032074,0,01,000,00,2,3,01,B01
201100032074,0,07,000,00,2,2,01,A01
201100032075,0,33,000,00,2,1,17,A01
201100032075,0,13,000,00,2,3,01,B01
201100032076,0,07,000,00,1,1,01,A01
201100032077,0,07,000,00,2,4,01,B01
201100032077,0,07,000,00,2,1,02,A01
201100032078,0,07,000,00,1,1,01,A01
201100032079,0,37,012,00,1,1,09,A01
201100032080,0,07,000,00,0,4,01,B01
201100032080,0,07,000,00,2,1,01,A01
201100032081,0,07,000,00,2,1,05,A01
201100032081,0,07,000,00,2,1,01,B01
201100032082,0,02,000,00,2,1,01,B01
201100032082,0,10,000,00,2,4,04,A01
201100032083,0,07,000,00,2,1,02,A01
201100032083,0,07,000,00,2,4,01,B01
201100032084,0,07,000,00,2,2,01,B01
201100032084,0,99,000,00,2,1,01,A01
201100032085,0,07,000,00,2,2,16,A01
201100032085,0,01,000,00,2,1,19,B01
201100032086,0,01,000,00,2,1,01,B01
201100032086,0,07,000,00,2,2,01,A01
201100032087,0,07,000,00,2,3,01,B01
201100032087,0,07,000,00,2,1,15,A01
201100032088,0,07,000,00,1,1,01,A01
201100032089,0,14,000,00,0,4,23,B01
201100032089,0,07,000,00,2,1,02,A01
201100032090,0,07,000,00,2,1,13,A01
201100032090,0,07,000,00,2,1,13,B01
201100032091,0,07,000,00,2,1,01,A01
201100032091,0,33,000,00,0,4,23,B01
201100032092,0,07,000,13,0,9,14,A01
201100032093,0,07,000,00,2,8,01,B01
201100032093,0,02,000,00,2,7,17,A01
201100032094,0,02,000,12,2,1,16,A01
201100032094,0,07,000,00,2,7,16,B01
201100032095,0,07,000,00,2,2,15,A01
201100032095,0,07,000,00,2,3,01,B01
201100032096,0,07,000,00,2,8,01,A01
201100032096,0,07,000,00,2,1,01,B01
201100032097,0,10,000,00,2,1,01,A01
201100032097,0,07,000,00,2,6,15,B01
201100032098,0,07,000,00,1,1,17,A01
201100032099,0,01,000,00,2,3,01,B01
201100032099,0,07,000,00,2,7,17,A01
201100032100,0,07,000,00,2,1,01,A01
201100032100,0,07,000,00,2,4,23,B01
201100032101,0,07,000,15,1,1,14,A01
201100032102,0,07,000,00,1,1,09,A01
201100032103,0,07,000,00,1,4,04,A01
201100032104,0,10,000,00,2,1,09,B01
201100032104,0,01,000,00,0,8,01,A01
201100032105,0,07,000,00,2,1,01,B01
201100032105,0,07,000,00,2,3,15,A01
201100032106,0,07,000,00,2,1,01,B01
201100032106,0,02,000,00,2,1,13,A01
201100032107,0,30,000,00,2,1,15,B01
201100032107,1,07,000,00,2,0,01,Z01
201100032108,2,07,000,01,0,1,00,A01
201100032109,0,01,000,00,1,1,01,A01
201100032110,0,01,000,00,2,3,15,B01
201100032110,0,07,000,00,2,2,15,A01
201100032111,0,07,000,00,0,4,01,B01
201100032111,0,07,000,00,2,1,02,A01
201100032112,0,07,000,00,2,7,01,B01
201100032112,0,30,000,00,2,1,05,A01
201100032113,0,07,000,00,2,2,02,A01
201100032113,0,07,000,00,2,4,23,C01
201100032113,0,07,000,00,2,4,23,B01
201100032114,0,31,000,00,2,2,01,B01
201100032114,0,07,000,00,2,1,09,A01
201100032115,0,07,000,00,2,2,01,B01
201100032115,0,07,000,00,2,1,01,A01
201100032116,0,31,000,00,2,1,01,B01
201100032116,0,07,000,00,2,5,15,A01
201100032117,0,07,000,00,0,4,16,B01
201100032117,0,07,000,00,2,1,16,A01
201100032118,0,32,000,00,2,1,01,B01
201100032118,0,07,000,00,0,5,15,A01
201100032119,0,30,000,00,0,3,01,A01
201100032120,0,07,000,00,2,3,13,A01
201100032120,0,07,000,00,1,1,01,C01
201100032120,0,07,000,00,2,1,01,B01
201100032121,0,33,000,00,2,1,01,B01
201100032121,0,07,000,00,2,5,15,A01
201100032122,0,33,000,00,0,3,01,A01
201100032123,0,07,000,00,2,3,15,B01
201100032123,0,34,000,00,2,1,02,A01
201100032124,0,07,000,00,0,4,23,A01
201100032124,0,07,000,00,2,1,01,B01
201100032125,0,07,000,00,2,1,01,B01
201100032125,0,07,000,00,2,7,19,A01
201100032126,0,07,000,14,2,8,01,B01
201100032126,1,07,000,00,2,0,00,Z01
201100032127,0,10,000,00,2,3,09,B01
201100032127,0,02,000,00,2,1,01,A01
201100032128,0,07,000,00,2,2,15,B01
201100032128,2,07,000,00,2,1,16,Z01
201100032129,0,10,000,00,2,1,01,A01
201100032129,0,07,000,00,2,3,15,B01
201100032130,0,33,000,03,0,7,17,A01
201100032131,0,07,000,00,2,4,23,B01
201100032131,0,30,000,00,2,1,02,A01
201100032132,0,07,000,00,2,8,01,B01
201100032132,0,07,000,00,2,1,01,A01
201100032133,0,07,000,00,1,1,01,A01
201100032134,0,10,000,00,0,4,23,B01
201100032134,0,02,000,00,2,1,01,A01
201100032135,0,07,000,00,2,2,16,A01
201100032135,0,33,000,00,2,3,16,B01
201100032136,0,02,000,00,1,1,01,A01
201100032137,0,07,000,00,0,4,09,C01
201100032137,0,07,000,00,2,1,09,A01
201100032137,0,07,000,00,2,4,09,B01
201100032138,0,07,000,00,2,8,01,B01
201100032138,0,07,000,00,2,1,15,A01
201100032139,0,02,000,00,2,4,16,B01
201100032139,0,31,000,00,2,1,02,A01
201100032140,0,31,000,00,2,8,01,B01
201100032140,0,07,000,00,2,2,15,A01
201100032141,0,33,000,00,2,1,01,B01
201100032141,0,07,000,00,2,3,15,A01
201100032142,0,07,000,00,2,1,01,A01
201100032142,0,07,000,00,2,4,01,B01
201100032142,0,07,000,00,0,4,01,C01
201100032143,0,07,000,00,0,4,01,B01
201100032143,0,07,000,00,2,1,02,A01
201100032144,0,07,000,00,2,2,21,A01
201100032144,0,07,000,00,2,6,16,B01
201100032145,0,02,000,00,1,1,17,A01
201100032146,0,07,000,01,0,2,14,A01
201100032147,0,01,000,00,2,1,01,B01
201100032147,0,07,000,00,2,3,01,A01
201100032148,0,07,000,00,1,1,01,A01
201100032149,1,07,000,00,1,1,01,A01
201100032150,0,10,000,00,2,1,01,B01
201100032150,0,03,000,00,2,7,15,A01
201100032151,0,01,000,00,2,8,13,B01
201100032151,0,37,015,00,2,2,17,A01
201100032152,0,07,000,00,2,5,15,B01
201100032152,0,01,000,00,2,1,19,A01
201100032153,0,07,000,00,1,4,01,B01
201100032153,0,07,000,00,2,1,01,A01
201100032154,0,37,015,00,1,1,01,A01
201100032155,0,07,000,00,1,2,01,A01
201100032156,1,10,000,00,0,0,10,Z01
201100032156,0,07,000,13,0,1,21,B01
201100032157,0,07,000,00,1,1,01,A01
201100032158,0,07,000,00,0,4,01,B01
201100032158,0,02,000,00,2,1,02,A01
201100032159,0,07,000,00,2,1,13,A01
201100032159,0,07,000,00,2,1,01,B01
201100032160,0,07,000,00,0,4,02,B01
201100032160,0,07,000,00,2,1,02,A01
201100032161,0,07,000,00,2,4,23,B01
201100032161,1,02,000,00,2,1,02,A01
201100032162,0,07,000,00,2,1,02,A01
201100032162,0,02,000,00,0,4,01,B01
201100032163,0,01,000,00,2,8,01,A01
201100032163,0,07,000,00,2,1,16,B01
201100032164,0,07,000,00,2,5,17,A01
201100032164,0,02,000,00,2,8,15,B01
201100032165,0,10,000,00,2,5,15,B01
201100032165,0,33,000,00,2,1,03,A01
201100032166,0,07,000,00,1,1,01,A01
201100032167,0,07,000,00,2,1,15,A01
201100032167,0,02,000,00,2,8,01,B01
201100032168,0,33,000,00,2,3,01,B01
201100032168,0,07,000,00,2,1,15,A01
201100032169,0,07,000,00,2,1,01,A01
201100032169,0,07,000,00,0,8,01,B01
201100032170,0,07,000,00,2,1,01,A01
201100032171,0,33,000,00,2,1,21,B01
201100032171,1,07,000,00,2,3,10,Z01
201100032171,0,07,000,00,2,1,01,C01
201100032171,0,02,000,00,2,0,00,D01
201100032172,0,07,000,00,2,3,01,B01
201100032172,0,30,000,00,2,1,01,A01
201100032173,0,07,000,00,1,4,04,A01
201100032174,0,13,000,00,2,1,02,C01
201100032174,0,07,000,00,2,4,02,B01
201100032174,0,07,000,00,0,4,01,A01
201100032175,1,07,000,00,0,5,15,Z01
201100032175,0,33,000,00,2,7,21,B01
201100032176,0,07,000,00,1,1,01,A01
201100032177,2,07,000,13,0,3,13,A01
201100032178,0,33,000,00,2,1,01,B01
201100032178,0,07,000,00,2,8,13,A01
201100032179,0,07,000,00,2,1,15,A01
201100032179,0,01,000,00,2,8,01,B01
201100032180,1,07,000,00,1,1,01,Z01
201100032181,0,07,000,00,2,1,02,A01
201100032181,0,07,000,00,0,4,01,B01
201100032182,0,32,000,00,1,1,01,A01
201100032183,0,07,000,00,2,1,02,A01
201100032183,0,07,000,00,2,4,01,C01
201100032183,0,07,000,00,2,4,01,B01
201100032184,0,07,000,00,1,1,01,A01
201100032185,0,37,010,00,2,1,01,B01
201100032185,0,07,000,00,2,3,16,A01
201100032186,0,07,000,00,2,1,13,A01
201100032186,0,07,000,00,2,2,21,B01
201100032187,2,07,000,00,1,2,01,Z01
201100032188,0,07,000,08,0,1,01,A01
201100032189,0,02,000,00,2,2,17,B01
201100032189,0,07,000,00,2,6,15,A01
201100032190,0,32,000,00,0,0,01,B01
201100032190,0,07,000,00,2,0,15,A01
201100032191,0,07,000,00,2,2,01,B01
201100032191,0,07,000,00,2,3,09,A01
201100032192,0,07,000,00,1,4,04,A01
201100032193,0,07,000,00,2,3,01,B01
201100032193,0,07,000,00,2,1,01,A01
201100032194,0,02,000,00,2,1,02,A01
201100032194,0,07,000,00,0,4,23,B01
201100032195,0,07,000,00,2,8,15,B01
201100032195,0,33,000,00,2,1,01,A01
201100032196,0,07,000,00,2,1,01,B01
201100032196,0,07,000,00,2,8,13,A01
201100032197,0,33,000,00,2,1,01,B01
201100032197,0,07,000,00,2,1,13,A01
201100032198,0,07,000,00,1,1,01,A01
201100032199,0,07,000,00,1,1,16,A01
201100032200,0,07,000,00,1,2,14,A01
201100032201,0,02,000,00,2,8,01,B01
201100032201,0,07,000,00,2,1,09,A01
201100032202,0,07,000,15,0,5,13,A01
201100032203,0,07,000,00,2,8,01,B01
201100032203,0,03,000,00,2,1,13,A01
201100032204,0,33,000,00,2,8,13,A01
201100032204,0,07,000,00,2,8,01,B01
201100032205,0,07,000,00,2,1,15,A01
201100032205,0,33,000,00,2,8,01,B01
201100032206,0,07,000,00,1,0,20,A01
201100032207,0,07,000,00,0,1,14,A01
201100032208,0,33,000,00,0,8,02,A01
201100032209,0,33,000,00,2,1,01,A01
201100032209,0,07,000,00,2,1,01,B01
201100032210,0,07,000,00,9,1,01,C01
201100032210,0,07,000,00,2,1,15,A01
201100032210,0,07,000,00,2,3,01,B01
201100032211,0,07,000,00,2,1,13,A01
201100032211,0,07,000,00,2,1,01,B01
201100032212,1,07,000,00,1,1,01,A01
201100032213,0,01,000,00,2,1,15,B01
201100032213,0,07,000,00,2,5,16,A01
201100032214,0,07,000,01,2,1,01,A01
201100032215,0,07,000,00,2,1,01,A01
201100032215,0,07,000,00,2,4,23,B01
201100032216,0,07,000,00,1,1,15,A01
201100032217,0,07,000,00,2,1,01,B02
201100032217,0,07,000,00,2,1,15,A01
201100032218,0,10,000,00,1,1,01,A01
201100032219,0,07,000,00,1,1,01,A01
201100032220,0,07,000,08,0,1,15,A01
201100032221,0,01,000,00,2,1,01,A01
201100032221,0,07,000,00,2,1,14,B01
201100032222,0,30,000,00,2,1,14,B01
201100032222,0,07,000,00,2,2,15,A01
201100032223,0,01,000,00,2,1,15,A01
201100032223,0,07,000,00,2,1,16,B01
201100032224,0,07,000,00,2,3,13,A01
201100032224,0,07,000,00,2,8,01,B01
201100032225,0,07,000,00,2,1,13,A01
201100032225,0,07,000,00,2,1,01,B01
201100032226,0,33,000,00,2,1,01,B01
201100032226,0,07,000,00,2,2,15,A01
201100032227,0,01,000,00,2,1,15,A01
201100032227,0,07,000,00,2,7,15,B01
201100032228,0,01,000,00,2,8,15,B01
201100032228,0,15,000,00,2,2,01,A01
201100032229,0,07,000,00,1,1,01,A01
201100032230,0,07,000,01,0,1,13,A01
201100032231,0,07,000,00,2,2,15,A01
201100032231,0,30,000,00,2,1,13,B01
201100032232,0,07,000,00,1,1,01,A01
201100032233,2,07,000,00,2,1,01,B01
201100032233,0,07,000,01,2,7,01,A01
201100032234,0,33,000,00,2,1,01,B01
201100032234,0,07,000,00,2,3,15,A01
201100032235,0,01,000,00,2,8,01,B01
201100032235,0,17,000,00,2,2,17,A01
201100032236,0,32,000,00,6,1,01,B01
201100032237,0,07,000,00,0,6,01,C01
201100032237,0,33,000,00,2,1,01,B01
201100032237,0,07,000,00,2,7,15,A01
201100032238,0,07,000,00,2,8,15,A01
201100032238,0,07,000,00,2,2,15,B01
201100032239,0,01,000,00,2,1,13,A01
201100032239,0,34,000,00,2,1,01,B02
201100032240,0,02,000,00,2,1,01,B02
201100032240,0,07,000,00,2,2,15,A01
201100032241,0,02,000,00,2,1,01,B01
201100032241,0,07,000,00,2,8,01,A01
201100032242,0,07,000,00,2,3,09,A01
201100032242,0,02,000,00,2,1,17,B01
201100032243,0,30,000,00,2,1,01,A01
201100032243,0,07,000,00,2,4,01,B01
201100032244,0,07,000,00,2,5,15,A01
201100032244,0,34,000,00,2,1,01,B01
201100032245,0,07,000,00,2,1,15,A01
201100032245,0,07,000,00,2,1,01,B01
201100032246,0,07,000,00,1,1,01,A01
201100032247,0,07,000,13,0,1,01,A01
201100032248,0,07,000,11,0,1,06,A01
201100032249,0,07,000,00,1,2,01,A01
201100032250,0,07,000,00,2,1,15,A01
201100032250,0,07,000,00,2,2,16,B01
201100032251,0,07,000,00,2,3,17,A01
201100032251,0,02,000,00,2,3,01,B02
201100032252,0,07,000,00,2,1,01,A01
201100032252,0,07,000,00,2,2,09,B02
201100032253,0,07,000,02,0,8,01,A01
201100032254,0,07,000,00,2,4,15,B02
201100032254,0,31,000,00,2,1,17,A01
201100032255,1,07,000,00,9,2,02,A01
201100032255,0,01,000,00,2,6,02,B02
201100032256,0,07,000,00,2,2,02,A01
201100032256,0,30,000,03,0,4,02,B01
201100032257,0,07,000,00,2,3,15,A01
201100032257,0,02,000,00,2,1,01,B01
201100032258,0,07,000,00,1,1,20,A01
201100032259,0,10,000,00,0,7,02,A01
201100032259,0,33,000,00,2,1,18,B01
201100032260,0,32,000,11,0,1,17,A01
201100032261,0,30,000,00,1,0,01,A01
201100032262,0,02,000,09,0,8,13,A01
201100032263,0,31,000,00,2,3,17,B01
201100032263,0,07,000,00,0,5,15,A01
201100032264,0,07,000,12,0,9,01,A01
201100032264,0,07,000,00,2,2,01,B01
201100032265,0,07,000,00,2,3,15,A01
201100032265,0,01,000,00,2,1,19,B01
201100032266,0,07,000,00,0,9,13,A01
201100032267,0,07,000,02,0,1,14,A01
201100032268,0,07,000,00,2,3,13,A01
201100032268,0,33,000,00,2,1,01,B01
201100032269,0,33,000,00,6,7,00,A01
201100032270,0,07,000,00,2,3,13,B01
201100032270,0,07,000,00,2,3,01,A01
201100032271,0,07,000,00,2,1,02,A01
201100032271,0,07,000,00,0,4,02,B01
201100032271,0,07,000,00,0,3,05,C01
201100032272,0,07,000,00,1,1,01,A01
201100032273,0,07,000,00,2,8,01,B01
201100032273,0,07,000,00,2,1,01,A01
201100032274,0,07,000,00,2,3,01,B01
201100032274,0,10,000,00,2,3,01,C01
201100032274,0,10,000,00,2,3,13,A01
201100032275,0,07,000,00,2,3,01,B01
201100032275,0,07,000,00,2,3,09,A01
201100032276,0,07,000,00,1,0,01,A01
201100032277,0,07,000,00,2,3,05,A01
201100032277,0,07,000,00,2,3,01,B01
201100032278,0,07,000,00,2,1,02,A01
201100032278,0,33,000,00,0,4,02,C01
201100032278,0,33,000,00,0,4,02,B01
201100032279,0,07,000,00,1,2,01,A01
201100032280,0,07,000,00,0,1,01,A01
201100032281,0,07,000,00,0,0,01,A01
201100032282,0,33,000,00,2,1,00,A01
201100032282,0,07,000,00,0,2,23,B01
201100032283,0,07,000,00,2,1,01,A01
201100032283,0,07,000,00,2,8,01,B01
201100032284,0,07,000,00,1,1,01,A01
201100032285,0,07,000,00,1,4,20,A01
201100032286,0,07,000,00,1,1,01,A01
201100032287,0,02,000,16,0,0,01,A01
201100032288,0,07,000,00,1,1,01,A01
201100032289,0,07,000,00,2,1,02,A01
201100032289,0,07,000,00,2,4,01,B01
201100032290,0,02,000,00,2,7,17,B01
201100032290,0,07,000,00,2,3,15,A01
201100032291,0,07,000,00,2,1,02,A01
201100032291,0,07,000,00,2,4,02,B01
201100032291,0,07,000,00,2,4,02,C01
201100032292,0,02,000,00,2,0,02,A01
201100032292,0,01,000,00,2,4,02,B01
201100032293,0,07,000,00,1,8,01,A01
201100032294,0,37,001,00,2,2,16,A01
201100032294,0,01,000,00,2,1,01,B01
201100032295,0,01,000,00,2,1,01,B01
201100032295,0,07,000,00,2,1,15,A01
201100032296,0,07,000,00,1,1,15,A01
201100032297,0,07,000,00,2,2,15,A01
201100032297,0,07,000,00,2,1,01,B01
201100032298,0,01,000,14,0,1,01,A01
201100032299,0,07,000,15,0,1,16,A01
201100032300,0,07,000,00,2,1,02,A01
201100032300,0,07,000,00,2,4,02,B01
201100032301,0,07,000,00,2,1,15,A01
201100032301,0,07,000,00,2,3,01,B01
201100032302,0,33,000,00,2,1,02,A01
201100032302,0,07,000,00,2,4,02,B01
201100032303,0,07,000,00,2,9,17,A01
201100032303,0,07,000,00,2,3,15,B01
201100032304,0,01,000,01,2,1,01,A01
201100032304,0,03,000,00,2,3,15,B01
201100032305,0,07,000,00,2,1,01,A01
201100032305,0,07,000,00,2,4,23,B01
201100032306,0,07,000,00,1,1,01,A01
201100032307,0,07,000,00,2,2,13,A01
201100032307,0,02,000,00,2,1,01,B01
201100032308,0,07,000,00,2,1,01,B01
201100032308,0,99,000,00,2,2,01,A01
201100032309,0,02,000,00,1,1,01,A01
201100032310,0,07,000,00,2,7,01,B01
201100032310,0,07,000,00,2,3,01,A01
201100032311,0,07,000,00,2,1,01,A01
201100032311,0,14,000,00,2,4,15,B01
201100032312,0,07,000,00,2,1,01,A01
201100032312,0,38,001,00,2,4,02,B01
201100032313,0,07,000,00,2,1,01,A01
201100032313,0,01,000,00,2,4,02,B01
201100032314,0,30,000,00,2,7,01,B01
201100032314,0,07,000,00,2,1,15,A01
201100032315,0,30,000,02,0,2,09,A01
201100032316,0,01,000,16,0,0,01,A01
201100032317,0,33,000,00,2,1,01,A01
201100032317,0,07,000,00,2,8,15,B01
201100032318,0,07,000,03,2,2,09,A01
201100032318,0,13,000,00,2,1,01,B01
201100032319,0,01,000,16,0,1,01,A01
201100032320,0,07,000,00,1,2,01,A01
201100032321,0,07,000,00,2,1,01,B01
201100032321,0,07,000,00,2,7,01,A01
201100032322,0,07,000,04,0,1,01,A01
201100032323,0,07,000,02,0,3,01,A01
201100032324,0,02,000,00,2,1,01,A01
201100032324,0,07,000,00,0,4,23,B01
201100032325,0,30,000,16,0,2,06,A01
201100032326,0,07,000,00,2,3,19,A01
201100032326,0,07,000,01,2,1,01,B01
201100032327,0,02,000,16,0,7,01,A01
201100032328,0,07,000,00,1,2,01,A01
201100032329,0,07,000,00,2,1,02,A01
201100032329,0,07,000,00,2,4,02,B01
201100032330,0,07,000,00,2,1,02,A01
201100032330,0,07,000,00,2,1,02,B01
201100032330,0,07,000,00,2,4,02,C01
201100032331,0,10,000,00,2,2,01,A01
201100032331,0,07,000,00,2,8,23,B01
201100032331,0,07,000,00,2,5,23,C01
201100032331,0,07,000,00,2,8,23,D01
201100032331,0,07,000,00,2,4,23,E01
201100032332,0,01,000,14,0,1,01,A01
201100032333,0,10,000,00,1,4,04,A01
201100032334,0,30,000,00,2,1,02,A01
201100032334,0,07,000,00,2,4,02,B01
201100032335,0,02,000,00,2,1,01,A01
201100032335,0,30,000,00,2,8,15,B01
201100032336,0,07,000,01,0,1,01,A01
201100032337,0,07,000,00,1,6,04,A01
201100032338,0,07,000,00,2,3,10,A01
201100032338,0,07,000,00,2,9,01,B01
201100032338,0,30,000,00,2,7,01,C01
201100032339,0,07,000,00,2,1,09,A01
201100032339,0,07,000,00,2,8,09,B01
201100032340,0,07,000,00,2,1,01,A01
201100032341,0,07,000,00,1,2,01,A01
201100032342,0,07,000,00,2,1,15,A01
201100032342,0,01,000,00,2,1,01,B01
201100032343,0,07,000,00,2,3,01,A01
201100032343,0,07,000,00,2,8,15,B01
201100032344,0,07,000,00,2,2,21,A01
201100032344,0,07,000,00,2,0,23,B01
201100032345,0,07,000,00,2,8,01,B01
201100032345,1,07,000,00,2,0,15,A01
201100032346,0,30,000,16,0,0,01,A01
201100032347,0,07,000,00,0,0,13,A01
201100032347,0,33,000,14,2,7,01,B01
201100032348,0,10,000,00,2,2,16,A01
201100032348,0,01,000,00,2,1,01,B01
201100032349,0,07,000,00,1,1,01,A01
201100032350,0,07,000,00,1,2,11,A01
201100032351,0,07,000,02,0,7,01,A01
201100032352,0,07,000,00,2,1,01,A01
201100032352,0,01,000,00,2,4,02,B01
201100032353,0,30,000,00,2,0,01,B01
201100032353,0,07,000,00,2,3,15,A01
201100032354,0,07,000,00,2,0,09,A01
201100032354,0,30,000,00,2,1,01,B01
201100032355,0,01,000,00,0,0,00,A01
201100032356,0,07,000,01,0,1,01,A01
201100032357,0,07,000,00,2,2,15,A01
201100032357,0,01,000,00,2,1,01,B01
201100032358,0,07,000,00,9,7,00,A01
201100032359,0,07,000,00,2,1,01,A01
201100032359,2,01,000,00,2,4,01,B01
201100032360,0,30,000,01,2,1,01,A01
201100032361,0,33,000,00,2,1,17,A01