Num_Acc,senc,catv,occutc,obs,obsm,choc,manv,num_veh
201100033146,0,33,000,00,2,1,18,A01
201100033147,0,07,000,00,2,1,01,B01
201100033147,0,30,000,00,1,4,11,A01
201100033148,0,02,000,00,0,7,01,A01
201100033149,0,07,000,00,2,2,15,A01
201100033149,0,02,000,00,2,1,01,B01
201100033150,0,07,000,00,2,3,15,B01
201100033150,0,33,000,00,2,2,17,A01
201100033151,0,07,000,00,1,4,04,A01
201100033152,0,14,000,00,2,1,09,A01
201100033152,0,01,000,00,2,1,01,B01
201100033153,0,07,000,00,2,4,01,B01
201100033153,0,07,000,00,2,1,01,C01
201100033153,0,07,000,00,2,1,01,A01
201100033153,0,07,000,00,2,4,01,D01
201100033154,0,07,000,00,1,1,01,A01
201100033155,0,01,000,00,2,1,19,A01
201100033155,0,07,000,00,2,2,01,B01
201100033156,0,37,001,00,2,1,01,B01
201100033156,0,03,000,00,2,1,13,A01
201100033157,0,30,000,07,0,1,14,A01
201100033158,0,31,000,00,2,0,01,A01
201100033158,0,07,000,00,0,0,12,B01
201100033159,0,37,001,00,2,4,23,B01
201100033159,0,07,000,00,2,1,01,A01
201100033160,0,02,000,00,2,1,17,A01
201100033160,0,07,000,00,2,1,01,B01
201100033161,0,07,000,00,2,1,01,B01
201100033161,0,07,000,06,2,6,01,A01
201100033162,0,21,000,00,2,1,01,B01
201100033162,0,07,000,00,2,8,09,A01
201100033163,0,30,000,16,0,1,17,A01
201100033164,0,20,000,00,2,4,23,B01
201100033164,0,30,000,00,2,1,02,A01
201100033165,0,07,000,15,0,2,14,A01
201100033166,0,07,000,01,0,3,17,A01
201100033167,0,07,000,12,0,2,14,A01
201100033168,0,07,000,00,2,4,01,C01
201100033168,0,07,000,00,2,1,01,A01
201100033168,0,07,000,00,2,4,01,B01
201100033169,0,07,000,00,2,1,02,A01
201100033169,0,07,000,00,2,4,23,B01
201100033170,0,10,000,00,2,4,01,B01
201100033170,0,02,000,00,2,1,01,A01
201100033171,0,07,000,00,2,1,15,A01
201100033171,0,07,000,00,2,1,01,B01
201100033172,0,07,000,00,2,2,15,A01
201100033172,0,02,000,00,2,1,01,B01
201100033173,0,07,000,06,0,3,13,A01
201100033174,0,30,000,11,0,1,14,A01
201100033175,0,07,000,12,0,1,13,A01
201100033176,0,07,000,00,2,5,01,A01
201100033176,0,07,000,00,2,1,01,B01
201100033177,0,33,000,00,2,1,01,B01
201100033177,0,07,000,00,2,1,15,A01
201100033178,0,02,000,00,0,5,15,B01
201100033178,0,07,000,00,2,3,01,A01
201100033179,0,30,000,00,0,0,01,A01
201100033180,0,01,000,00,2,3,16,A01
201100033180,0,10,000,00,2,2,01,B01
201100033181,0,01,000,00,0,4,02,C01
201100033181,0,07,000,00,2,6,13,A01
201100033181,0,07,000,00,2,3,21,B01
201100033182,0,10,000,00,2,1,01,B01
201100033182,0,10,000,00,2,1,13,A01
201100033183,0,07,000,02,0,1,01,A01
201100033184,0,02,000,00,2,1,02,A01
201100033184,0,07,000,00,0,6,02,B01
201100033185,0,33,000,00,2,1,02,A01
201100033185,0,07,000,00,2,4,23,B01
201100033186,0,02,000,00,2,1,09,A01
201100033186,0,07,000,00,2,1,19,B01
201100033187,0,02,000,00,0,7,01,A01
201100033188,0,07,000,00,1,3,04,A01
201100033189,0,07,000,00,2,1,00,B01
201100033189,0,07,000,00,2,6,13,A01
201100033190,0,03,000,00,2,3,01,C01
201100033190,0,33,000,00,2,1,21,A01
201100033190,0,07,000,00,2,6,23,B01
201100033191,0,07,000,00,1,2,01,A01
201100033192,0,07,000,00,2,1,01,B01
201100033192,0,38,001,00,0,1,15,A01
201100033193,0,10,000,00,1,1,01,A01
201100033194,0,07,000,00,1,2,02,A01
201100033195,0,07,000,00,1,4,04,A01
201100033196,0,07,000,00,2,3,19,A01
201100033196,0,07,000,00,2,1,01,B01
201100033197,0,02,000,00,0,0,01,A01
201100033198,0,30,000,00,2,3,02,A01
201100033198,0,07,000,00,2,6,02,B01
201100033199,0,07,000,00,2,6,00,A01
201100033199,0,34,000,00,2,1,01,B01
201100033200,0,07,000,13,0,0,00,A01
201100033201,0,10,000,00,2,3,00,A01
201100033201,0,07,000,00,2,7,02,B01
201100033202,0,07,000,00,1,1,01,A01
201100033203,0,07,000,00,1,3,01,A01
201100033204,0,07,000,12,0,1,00,A01
201100033205,0,07,000,00,0,2,00,B01
201100033205,0,07,000,00,0,3,09,A01
201100033206,0,07,000,00,1,3,00,A01
201100033207,0,07,000,00,1,1,00,A01
201100033208,0,13,000,00,2,2,15,A01
201100033208,0,33,000,00,2,1,01,B01
201100033209,0,07,000,00,1,3,20,A01
201100033210,0,07,000,00,2,1,01,A01
201100033211,0,07,000,03,9,2,01,A01
201100033212,0,02,000,00,0,1,00,A01
201100033213,0,01,000,00,2,2,01,A01
201100033213,0,07,000,00,2,3,01,B01
201100033214,0,02,000,00,2,7,09,B01
201100033214,0,07,000,00,2,2,09,A01
201100033215,0,33,000,14,0,9,06,A01
201100033216,0,07,000,00,2,4,02,C01
201100033216,0,07,000,00,2,4,02,B01
201100033216,0,10,000,00,2,1,02,A01
201100033217,0,07,000,00,2,3,01,A01
201100033217,0,07,000,00,0,6,02,B01
201100033218,0,07,000,00,1,2,00,A01
201100033219,0,07,000,00,1,0,20,A01
201100033220,0,07,000,00,2,8,02,B01
201100033220,0,07,000,00,2,1,01,A01
201100033221,0,30,000,00,0,8,00,A01
201100033222,0,07,000,00,0,6,00,B01
201100033222,0,33,000,00,2,1,00,A01
201100033223,0,30,000,00,0,1,00,B01
201100033223,1,07,000,00,2,4,04,A01
201100033224,0,07,000,06,0,1,01,A01
201100033225,0,07,000,00,1,1,01,A01
201100033226,0,30,000,00,0,4,00,A01
201100033226,0,07,000,00,0,0,02,B01
201100033227,0,07,000,00,1,1,09,A01
201100033228,0,07,000,13,0,1,01,A01
201100033229,0,07,000,00,2,1,02,A01
201100033229,0,07,000,00,2,4,23,B01
201100033230,0,10,000,00,2,1,01,A01
201100033230,0,07,000,00,2,5,01,B01
201100033231,0,07,000,00,2,3,05,A01
201100033231,0,07,000,14,0,0,02,C01
201100033231,0,14,000,00,2,3,21,B01
201100033232,0,07,000,00,2,8,15,B01
201100033232,0,07,000,00,2,2,17,A01
201100033233,0,07,000,00,2,1,00,A01
201100033233,0,07,000,00,0,6,00,B01
201100033234,0,01,000,00,2,2,11,A01
201100033234,0,10,000,00,0,7,17,B01
201100033235,0,07,000,06,1,4,04,A01
201100033236,0,07,000,00,2,5,06,A01
201100033236,0,33,000,00,0,0,00,B01
201100033237,0,07,000,00,2,2,16,A01
201100033237,0,07,000,00,2,3,01,B01
201100033238,0,07,000,01,0,2,01,A01
201100033239,0,07,000,00,2,3,01,B01
201100033239,0,30,000,00,2,1,13,A01
201100033240,0,02,000,00,0,0,01,A01
201100033241,0,07,000,00,1,2,01,A01
201100033242,0,10,000,00,2,1,01,A01
201100033242,0,07,000,00,0,4,01,B01
201100033243,0,02,000,08,0,1,01,A01
201100033244,0,07,000,00,1,2,02,A01
201100033245,0,03,000,00,1,1,00,A01
201100033246,0,07,000,00,1,3,01,A01
201100033247,0,07,000,08,0,2,00,A01
201100033248,0,10,000,00,9,2,09,A01
201100033248,0,01,000,00,2,6,00,B01
201100033249,0,07,000,00,1,3,00,A01
201100033250,0,07,000,00,0,4,23,E01
201100033250,0,07,000,00,2,1,23,D01
201100033250,0,07,000,00,2,1,23,C01
201100033250,0,07,000,00,2,1,23,B01
201100033250,0,07,000,00,2,1,01,A01
201100033251,0,07,000,00,1,1,01,A01
201100033252,0,07,000,00,2,1,00,A01
201100033252,0,02,000,00,2,2,00,B01
201100033253,0,07,000,00,1,1,01,A01
201100033254,0,30,000,00,2,1,01,B01
201100033254,0,07,000,00,9,1,00,A01
201100033255,0,07,000,00,1,1,00,A01
201100033256,0,07,000,11,0,3,13,A01
201100033257,0,07,000,00,1,2,01,A01
201100033258,0,07,000,00,1,2,01,A01
201100033259,0,07,000,00,0,7,01,B01
201100033259,0,07,000,00,2,2,01,C01
201100033259,0,07,000,00,2,1,15,A01
201100033260,0,07,000,00,1,2,02,A01
201100033261,0,07,000,00,1,1,01,A01
201100033262,0,07,000,00,1,2,01,A01
201100033263,0,30,000,00,0,0,00,A01
201100033263,0,07,000,00,0,0,00,B01
201100033264,0,07,000,08,0,1,01,A01
201100033265,1,07,000,00,0,0,00,A01
201100033266,0,07,000,09,0,7,00,A01
201100033267,0,07,000,00,2,7,16,B01
201100033267,0,30,000,00,2,1,18,A01
201100033268,0,07,000,00,2,2,17,A01
201100033268,0,21,000,00,0,6,13,B01
201100033269,0,07,000,00,1,2,02,A01
201100033270,0,31,000,11,0,1,01,A01
201100033271,0,31,000,00,2,1,02,A01
201100033271,0,07,000,00,2,6,02,B01
201100033272,0,07,000,00,0,1,01,A01
201100033273,0,07,000,13,0,1,01,A01
201100033274,0,07,000,12,0,1,19,A01
201100033275,0,07,000,00,2,8,09,B01
201100033275,0,01,000,00,2,8,05,A01
201100033276,0,10,000,00,2,1,13,A01
201100033276,0,10,000,00,2,1,01,B01
201100033277,2,07,000,00,1,0,04,A01
201100033278,0,33,000,00,0,7,01,A01
201100033278,0,07,000,00,2,3,15,B01
201100033279,0,07,000,00,2,7,17,A01
201100033279,0,01,000,00,2,8,02,B01
201100033280,0,33,000,00,2,1,17,A01
201100033280,0,07,000,00,0,3,15,B01
201100033281,0,17,000,03,0,9,01,A01
201100033282,0,07,000,00,1,2,02,A01
201100033283,0,10,000,00,0,6,23,A01
201100033283,0,33,000,14,0,1,02,B01
201100033284,0,07,000,00,1,2,01,A01
201100033285,0,07,000,03,0,0,01,A01
201100033286,0,07,000,00,2,5,15,A01
201100033286,0,02,000,00,2,1,01,B01
201100033287,0,07,000,03,0,1,01,A01
201100033288,0,10,000,00,1,1,02,A01
201100033289,0,10,000,00,1,2,02,A01
201100033290,0,10,000,00,1,1,01,A01
201100033291,0,07,000,00,0,4,01,A01
201100033291,0,07,000,00,2,1,01,B01
201100033292,0,07,000,00,1,2,01,A01
201100033293,0,07,000,00,2,4,23,B01
201100033293,0,07,000,00,2,4,23,C01
201100033293,0,07,000,00,2,1,02,A01
201100033294,0,07,000,00,2,6,01,A01
201100033294,0,07,000,00,2,1,19,B01
201100033295,0,10,000,00,1,2,01,A01
201100033296,0,10,000,09,0,1,01,A01
201100033297,0,01,000,00,1,1,05,A01
201100033298,0,10,000,00,2,3,02,A01
201100033298,0,01,000,00,2,3,02,B01
201100033299,0,07,000,13,0,2,01,A01
201100033300,0,07,000,00,1,0,11,A01
201100033301,0,07,000,09,2,3,01,B01
201100033301,0,10,000,09,2,1,01,A01
201100033302,0,14,000,00,1,1,02,A01
201100033303,0,07,000,00,1,4,04,A01
201100033304,0,07,000,00,1,3,01,A01
201100033305,0,02,000,13,0,1,00,A01
201100033306,0,02,000,00,2,1,16,A01
201100033306,0,07,000,00,2,8,01,B01
201100033307,0,14,000,00,2,3,01,B01
201100033307,0,07,000,00,2,1,13,A01
201100033308,0,07,000,00,1,2,01,A01
201100033309,0,30,000,00,0,0,01,A01
201100033310,0,32,000,00,2,1,01,B01
201100033310,0,07,000,00,2,3,09,A01
201100033311,0,02,000,00,2,1,01,B01
201100033311,0,07,000,00,2,8,10,A01
201100033312,0,15,000,00,0,0,09,A01
201100033312,0,01,000,00,0,1,21,B01
201100033312,0,15,000,00,2,3,01,C01
201100033313,0,07,000,00,2,1,00,A01
201100033313,0,01,000,00,2,1,01,B01
201100033314,0,07,000,00,2,4,02,B01
201100033314,0,07,000,14,0,1,02,A01
201100033315,0,07,000,00,2,3,02,A01
201100033315,0,01,000,00,2,4,02,B01
201100033316,0,03,000,00,1,1,00,A01
201100033317,0,07,000,00,1,1,16,A01
201100033318,0,10,000,02,2,5,01,B01
201100033318,0,10,000,00,2,1,16,A01
201100033319,0,07,000,12,0,2,00,A01
201100033320,0,17,000,00,2,7,01,A01
201100033320,0,02,000,00,2,3,18,B01
201100033321,0,15,000,10,0,1,14,A01
201100033322,0,07,000,00,2,2,15,A01
201100033322,0,30,000,00,2,7,21,B01
201100033323,0,07,000,00,2,2,01,A01
201100033323,0,07,000,00,2,1,01,B01
201100033324,0,33,000,00,0,0,01,A01
201100033325,0,30,000,00,0,7,00,A01
201100033326,0,15,000,00,1,8,01,A01
201100033327,0,31,000,00,2,1,02,A01
201100033327,0,14,000,00,2,4,15,B01
201100033328,0,07,000,00,2,1,01,B01
201100033328,0,07,000,00,2,3,15,A01
201100033329,0,07,000,00,2,1,01,A01
201100033329,0,07,000,00,2,1,01,B01
201100033330,0,10,000,00,1,4,04,A01
201100033331,0,07,000,00,2,1,13,A01
201100033331,0,07,000,00,2,1,00,B01
201100033332,0,01,000,00,2,4,01,B01
201100033332,0,07,000,00,2,2,13,A01
201100033333,0,07,000,00,1,1,01,A01
201100033334,2,10,000,00,2,1,17,A01
201100033334,0,21,000,00,0,4,16,B01
201100033335,0,07,000,00,2,3,01,B01
201100033335,0,30,000,00,2,1,01,A01
201100033336,0,02,000,00,2,1,01,A01
201100033336,0,07,000,00,2,8,01,B01
201100033337,0,07,000,00,1,2,01,A01
201100033338,0,02,000,00,2,1,01,B01
201100033338,0,07,000,00,2,3,15,A01
201100033338,0,07,000,00,0,8,23,C01
201100033339,0,07,000,00,2,8,15,A01
201100033339,0,33,000,00,2,1,01,B01
201100033340,0,07,000,00,2,3,15,A01
201100033340,0,30,000,00,2,7,01,B01
201100033341,0,30,000,00,2,1,01,A01
201100033341,0,07,000,00,2,6,16,B01
201100033342,0,07,000,00,1,6,04,A01
201100033343,0,07,000,00,2,7,15,B01
201100033343,0,31,000,00,2,1,01,A01
201100033344,0,07,000,00,2,1,01,C01
201100033344,0,07,000,00,2,3,15,A01
201100033344,0,33,000,00,2,1,01,B01
201100033345,0,07,000,00,2,3,09,A01
201100033345,0,01,000,00,2,5,01,B01
201100033346,0,37,000,00,2,6,02,B01
201100033346,0,33,000,12,2,2,17,A01
201100033347,0,30,000,00,2,1,01,B01
201100033347,0,07,000,00,2,5,15,A01
201100033348,0,07,000,00,1,8,00,A01
201100033349,0,07,000,00,2,1,02,A01
201100033349,0,07,000,00,2,4,15,B01
201100033350,0,37,001,00,1,5,00,A01
201100033351,0,07,000,00,2,1,19,B01
201100033351,0,07,000,00,2,1,15,A01
201100033352,0,30,000,00,2,8,01,B01
201100033352,0,07,000,00,2,1,15,A01
201100033353,0,07,000,00,2,3,01,B01
201100033353,2,07,000,00,2,2,15,Z01
201100033354,0,07,000,00,1,2,00,A01
201100033355,0,31,000,00,2,2,01,B01
201100033355,0,07,000,00,2,6,15,A01
201100033356,0,07,000,14,0,3,01,A01
201100033357,0,07,000,00,2,3,01,B01
201100033357,0,07,000,00,2,1,11,A01
201100033358,0,07,000,00,2,2,19,A01
201100033358,0,07,000,00,2,3,19,B01
201100033359,0,07,000,03,0,1,00,A01
201100033360,0,07,000,00,2,1,01,B01
201100033360,0,01,000,00,2,3,19,A01
201100033361,1,10,000,00,0,0,00,A01
201100033361,0,07,000,15,0,3,21,B01
201100033362,0,37,000,00,1,2,01,A01
201100033363,0,07,000,00,2,2,01,B01
201100033363,0,33,000,00,2,5,01,A01
201100033364,0,07,000,00,0,0,00,A01
201100033365,0,33,000,00,0,0,00,A01
201100033365,0,07,000,00,0,0,00,B01
201100033366,0,33,000,00,2,1,01,B01
201100033366,0,07,000,00,2,7,15,A01
201100033367,0,07,000,00,1,3,01,A01
201100033368,2,10,000,00,2,3,12,A01
201100033368,0,07,000,00,0,5,01,B01
201100033369,0,31,000,00,2,7,01,A01
201100033369,0,07,000,00,2,3,01,B01
201100033370,0,07,000,00,2,8,01,A01
201100033370,0,01,000,00,2,1,01,B01
201100033371,0,15,000,00,2,5,11,A01
201100033371,0,10,000,00,2,3,21,B01
201100033372,0,07,000,00,1,2,01,A01
201100033373,0,37,002,00,2,1,01,B01
201100033373,0,34,000,00,2,4,16,A01
201100033374,0,07,000,00,2,1,02,A01
201100033374,0,07,000,00,1,5,01,B01
201100033375,0,33,000,00,2,7,16,A01
201100033375,0,07,000,00,2,1,00,B01
201100033376,0,07,000,01,0,8,01,A01
201100033377,0,07,000,00,2,3,09,A01
201100033377,0,07,000,00,2,8,01,B01
201100033378,0,07,000,00,1,3,16,A01
201100033379,1,07,000,00,1,1,01,A01
201100033380,0,01,000,00,2,1,16,B01
201100033380,0,07,000,00,2,2,15,A01
201100033381,0,40,000,00,2,1,00,A01
201100033381,0,30,000,00,4,2,19,B01
201100033382,0,02,000,01,2,1,01,B01
201100033382,0,07,000,00,2,7,16,A01
201100033383,1,13,000,00,2,4,00,Z01
201100033383,0,02,000,00,2,2,01,A01
201100033384,0,33,000,00,2,1,01,B01
201100033384,0,07,000,00,2,3,15,A01
201100033385,0,07,000,00,2,3,00,B01
201100033385,0,30,000,00,2,1,13,A01
201100033386,0,07,000,00,2,2,01,B01
201100033386,0,07,000,00,2,3,01,A01
201100033387,0,07,000,00,2,1,01,A01
201100033387,0,07,000,00,2,8,01,B01
201100033388,0,07,000,00,2,8,00,B01
201100033388,0,02,000,00,2,7,17,A01
201100033389,0,33,000,00,2,1,17,A01
201100033389,0,07,000,00,2,6,15,B01
201100033390,0,07,000,00,1,2,01,A01
201100033391,0,99,000,00,2,6,02,B01
201100033391,0,07,000,00,2,2,17,A01
201100033392,0,07,000,00,1,2,14,A01
201100033393,0,33,000,00,2,7,23,B01
201100033393,0,07,000,,2,1,16,A01
201100033394,0,37,000,00,1,2,01,A01
201100033395,0,07,000,00,1,2,01,A01
201100033396,0,07,000,00,1,1,15,A01
201100033397,0,07,000,00,1,1,01,A01
201100033398,0,07,000,00,2,4,02,B01
201100033398,0,07,000,00,2,4,02,C01
201100033398,0,07,000,00,2,1,01,A01
201100033399,0,07,000,00,2,1,09,A01
201100033399,0,01,000,00,2,7,01,B01
201100033400,0,07,000,00,1,4,04,A01
201100033401,0,33,000,00,2,1,01,B01
201100033401,0,07,000,00,2,3,10,A01
201100033401,0,01,000,00,2,1,01,C01
201100033402,0,07,000,02,0,1,00,A01
201100033403,0,07,000,00,1,5,09,A01
201100033404,0,07,000,06,0,0,01,A01
201100033405,0,07,000,00,1,1,01,A01
201100033406,0,07,000,00,1,2,15,A01
201100033407,0,07,000,00,1,2,00,A01
201100033408,0,32,000,00,2,1,07,A01
201100033408,0,07,000,00,2,7,15,B01
201100033409,0,32,000,00,1,1,02,A01
201100033410,0,07,000,00,2,3,01,B01
201100033410,0,33,000,01,2,2,17,A01
201100033411,0,07,000,00,1,1,01,A01
201100033412,0,10,000,00,2,1,01,A01
201100033412,0,02,000,00,2,4,01,B01
201100033413,0,07,000,00,2,1,15,A01
201100033413,0,30,000,00,2,1,01,B01
201100033414,0,07,000,00,1,1,01,A01
201100033415,0,07,000,01,1,1,00,B01
201100033415,0,07,000,00,0,8,00,C01
201100033415,0,07,000,00,0,1,00,D01
201100033415,0,07,000,00,2,1,20,A01
201100033416,0,40,000,00,1,8,01,A01
201100033417,0,10,000,00,1,7,01,A01
201100033418,1,07,000,00,1,1,16,Z01
201100033419,0,10,000,00,1,1,01,A01
201100033420,0,37,000,00,1,1,01,A01
201100033421,0,07,000,00,1,3,01,A01
201100033422,0,02,000,06,2,2,17,A01
201100033422,0,07,000,00,0,0,15,B01
201100033423,0,07,000,00,2,7,15,A01
201100033423,0,33,000,00,2,1,01,B01
201100033424,0,40,001,00,1,2,00,A01
201100033425,0,07,000,00,2,1,01,A01
201100033425,0,07,000,00,2,4,02,C01
201100033425,0,07,000,00,2,9,02,B01
201100033426,0,07,000,00,2,1,15,A01
201100033426,0,02,000,00,2,1,01,B01
201100033427,0,01,000,00,2,7,15,A01
201100033427,0,02,000,00,2,7,01,B01
201100033428,0,07,000,00,1,2,01,A01
201100033429,0,07,000,00,1,3,01,A01
201100033430,0,40,001,00,1,3,01,A01
201100033430,0,40,001,00,1,3,01,B01
201100033431,0,07,000,00,1,3,16,A01
201100033432,0,07,000,00,1,1,01,A01
201100033433,0,07,000,00,1,1,01,A01
201100033434,0,03,000,00,2,1,21,B01
201100033434,0,01,000,00,2,8,19,A01
201100033435,0,07,000,00,2,1,01,A01
201100033435,0,10,000,00,2,4,01,B01
201100033435,0,07,000,00,2,4,01,C01
201100033436,0,33,000,00,2,7,17,A01
201100033436,0,07,000,00,2,8,15,B01
201100033437,0,07,000,08,0,1,14,A01
201100033438,0,10,000,00,2,8,01,A01
201100033438,0,07,000,00,0,1,01,B01
201100033439,0,07,000,00,2,2,01,B01
201100033439,0,07,000,00,2,1,01,A01
201100033440,0,07,000,08,0,1,14,A01
201100033441,1,07,000,00,2,7,14,Z01
201100033441,0,01,000,00,2,8,01,A01
201100033442,0,33,000,00,0,7,13,A01
201100033443,0,07,000,00,2,1,01,A01
201100033443,0,07,000,00,2,1,15,B01
201100033444,0,30,000,00,1,1,13,A01
201100033445,0,10,000,00,2,7,16,B01
201100033445,0,30,000,00,2,3,16,A01
201100033446,0,07,000,00,1,1,01,A01
201100033447,1,07,000,00,1,3,05,Z01
201100033448,0,07,000,00,9,1,01,A01
201100033448,0,07,000,00,2,4,23,B01
201100033449,0,33,000,00,2,1,21,A01
201100033449,0,07,000,00,2,4,01,B01
201100033450,0,07,000,00,1,8,01,A01
201100033451,0,07,000,00,1,1,01,A01
201100033452,0,07,000,00,2,1,01,A01
201100033452,0,07,000,00,2,4,01,B01
201100033453,0,10,000,00,2,1,21,C01
201100033453,0,07,000,00,2,8,21,B01
201100033453,0,07,000,00,2,1,01,A01
201100033454,0,07,000,00,2,3,15,A01
201100033454,0,07,000,00,2,1,01,B01
201100033455,0,07,000,00,1,4,04,A01
201100033456,0,07,000,00,2,8,15,A01
201100033456,0,07,000,00,2,2,01,B01
201100033457,0,07,000,00,2,4,23,C01
201100033457,0,14,000,00,2,1,01,A01
201100033457,0,07,000,00,2,4,23,B01
201100033458,0,01,000,00,2,8,15,B01
201100033458,0,07,000,00,2,7,15,A01
201100033459,0,07,000,00,2,1,01,B01
201100033459,0,07,000,00,2,1,15,A01
201100033460,0,33,000,00,2,1,13,A01
201100033460,0,07,000,00,2,2,01,B01
201100033461,0,30,000,16,0,8,21,B01
201100033461,1,07,000,00,0,0,16,Z01
201100033462,0,07,000,00,1,1,00,A01
201100033463,0,07,000,00,1,1,01,A01
201100033464,0,07,000,00,1,2,21,A01
201100033465,0,33,000,00,5,8,21,A01
201100033466,0,07,000,00,1,2,01,A01
201100033467,0,07,000,00,2,6,10,A01
201100033467,0,33,000,00,2,1,01,B01
201100033468,0,07,000,00,2,4,19,A01
201100033468,0,07,000,00,2,1,02,B01
201100033469,0,07,000,00,2,3,15,B01
201100033469,0,07,000,00,2,1,02,A01
201100033470,0,07,000,00,2,1,01,B01
201100033470,0,07,000,00,2,7,19,A01
201100033471,1,07,000,00,1,1,01,Z01
201100033472,0,02,000,00,2,2,00,A01
201100033472,0,07,000,00,9,3,00,B01
201100033473,0,07,000,00,2,1,01,A01
201100033473,0,07,000,00,2,4,00,C01
201100033473,0,07,000,00,2,4,01,D01
201100033473,0,07,000,00,2,4,01,B01
201100033473,0,07,000,00,2,4,01,E01
201100033474,0,01,000,00,0,0,01,A01
201100033475,0,07,000,12,0,1,01,A01
201100033476,0,07,000,00,1,2,01,A01
201100033477,0,07,000,00,1,1,00,A01
201100033478,0,07,000,06,1,5,04,A01
201100033479,0,10,000,00,2,3,01,B01
201100033479,0,31,000,00,2,8,15,A01
201100033480,0,07,000,00,1,1,00,A01
201100033481,0,07,000,00,1,1,02,A01
201100033482,0,07,000,00,1,1,02,A01
201100033483,0,07,000,00,2,1,02,B01
201100033483,0,07,000,00,2,1,13,A01
201100033484,0,07,000,00,1,0,00,A01
201100033485,0,07,000,00,1,4,04,A01
201100033486,0,02,000,14,0,1,01,A01
201100033487,0,07,000,00,1,7,01,A01
201100033488,0,07,000,02,0,3,00,A01
201100033489,0,07,000,00,2,3,15,A01
201100033489,0,30,000,00,2,1,08,B01
201100033490,0,07,000,00,1,1,02,A01
201100033491,0,07,000,00,1,3,16,A01
201100033492,0,02,000,00,2,0,02,B01
201100033492,0,07,000,00,2,7,15,A01
201100033493,0,31,000,00,2,1,01,B01
201100033493,0,07,000,00,2,7,15,A01
201100033494,0,07,000,00,2,3,01,B01
201100033494,0,33,000,00,2,1,13,A01
201100033495,0,07,000,02,0,0,12,A01
201100033496,0,07,000,00,2,1,02,A01
201100033496,0,07,000,00,2,4,02,B01
201100033497,0,30,000,00,0,8,01,A01
201100033498,0,07,000,00,1,8,01,A01
201100033499,0,10,000,00,2,1,09,A01
201100033499,0,07,000,00,2,1,23,C01
201100033499,0,30,000,00,2,7,01,B01
201100033500,0,01,000,00,2,8,01,B01
201100033500,0,07,000,00,2,1,09,A01
201100033501,0,33,000,12,0,1,01,A01
201100033502,0,14,000,00,2,2,02,A01
201100033502,0,07,000,00,2,6,02,B01
201100033503,0,30,000,00,2,1,01,B01
201100033503,0,07,000,00,2,4,04,A01
201100033504,0,33,000,01,0,0,01,A01
201100033505,0,07,000,00,0,1,01,A01
201100033506,0,01,000,00,2,1,15,B01
201100033506,0,07,000,00,2,1,01,A01
201100033507,0,02,000,00,2,1,09,B01
201100033507,0,07,000,00,2,6,09,A01
201100033508,0,07,000,00,1,0,01,A01
201100033509,0,31,000,00,2,7,01,B01
201100033509,0,07,000,00,2,1,16,A01
201100033510,0,07,000,00,2,4,23,B01
201100033510,0,07,000,00,2,1,01,A01
201100033510,0,07,000,00,0,4,23,C01
201100033511,0,07,000,06,0,2,16,A01
201100033512,0,33,000,00,0,1,01,B01
201100033512,0,10,000,00,0,0,13,A01
201100033513,0,07,000,08,0,0,01,A01
201100033514,0,02,000,00,2,1,01,B01
201100033514,0,07,000,00,2,8,15,A01
201100033515,0,07,000,12,0,9,01,A01
201100033516,0,07,000,00,2,0,15,A01
201100033516,0,01,000,00,2,1,01,B01
201100033517,0,07,000,00,1,3,16,A01
201100033518,0,07,000,00,2,9,01,A01
201100033518,0,07,000,08,2,9,02,B01
201100033518,0,07,000,00,2,8,01,C01
201100033518,0,07,000,00,2,3,01,D01
201100033519,0,07,000,00,2,1,02,A01
201100033519,0,07,000,00,2,9,02,B01
201100033519,0,07,000,00,2,4,23,C01
201100033520,0,03,000,00,1,1,01,A01
201100033521,0,30,000,00,2,8,15,A01
201100033521,0,07,000,00,2,3,01,B01
201100033522,0,07,000,00,2,3,15,A01
201100033522,0,02,000,00,2,1,01,B01
201100033523,0,07,000,00,2,8,15,A01
201100033523,0,33,000,00,2,1,01,B01
201100033524,0,33,000,00,2,8,02,A01
201100033524,0,07,000,00,2,6,11,B01
201100033525,0,02,000,00,2,1,01,A01
201100033525,0,07,000,00,2,5,01,B01
201100033526,0,07,000,00,1,2,01,A01
201100033527,0,34,000,00,2,1,01,B01
201100033527,0,07,000,00,2,1,15,A01
201100033528,0,07,000,13,0,1,01,A01
201100033529,0,02,000,00,2,1,01,B01
201100033529,0,10,000,00,2,3,15,A01
201100033530,0,07,000,11,0,2,13,A01
201100033530,0,07,000,00,0,0,20,B01
201100033531,0,33,000,07,0,2,01,A01
201100033532,0,33,000,00,2,8,01,C01
201100033532,0,33,000,00,2,7,01,B01
201100033532,0,10,000,14,2,7,13,A01
201100033533,0,07,000,00,1,1,01,A01
201100033534,0,07,000,06,0,8,13,A01
201100033535,0,07,000,00,2,3,01,B01
201100033535,0,07,000,00,2,6,13,A01
201100033536,0,07,000,00,2,3,13,A01
201100033536,0,07,000,00,2,2,01,B01
201100033537,0,07,000,00,2,1,01,B01
201100033537,0,07,000,00,2,8,13,A01
201100033538,0,02,000,00,0,1,01,A01
201100033539,0,07,000,00,2,3,01,C01