Num_Acc,senc,catv,occutc,obs,obsm,choc,manv,num_veh
201100033539,0,07,000,00,0,3,01,B01
201100033539,1,07,000,00,2,3,13,A01
201100033539,0,07,000,00,0,3,01,D01
201100033539,0,07,000,00,0,3,01,E01
201100033540,0,10,000,00,1,2,01,A01
201100033541,0,07,000,00,1,1,01,A01
201100033542,0,07,000,02,0,0,01,A01
201100033543,0,07,000,02,0,7,00,A01
201100033544,0,33,000,00,0,2,21,B01
201100033544,0,07,000,00,0,3,09,A01
201100033545,0,07,000,07,0,1,01,A01
201100033546,0,07,000,00,0,0,00,B01
201100033546,0,07,000,08,0,1,00,A01
201100033547,0,07,000,03,0,1,01,A01
201100033548,0,07,000,00,2,1,02,B01
201100033548,0,07,000,00,1,4,23,A01
201100033549,0,07,000,00,2,2,11,A01
201100033549,0,07,000,00,2,2,01,B01
201100033550,0,33,000,13,0,1,14,A01
201100033551,0,38,001,00,0,0,00,A01
201100033552,0,07,000,13,0,1,00,A01
201100033553,0,07,000,00,1,2,01,A01
201100033554,0,10,000,00,1,3,01,B01
201100033555,0,33,000,02,2,1,01,A01
201100033555,0,07,000,00,2,3,01,B01
201100033556,0,33,000,00,0,7,01,A01
201100033557,0,33,000,04,0,1,00,A01
201100033558,0,33,000,00,2,1,01,B01
201100033558,0,07,000,00,2,3,05,A01
201100033559,0,30,000,00,2,1,02,A01
201100033559,0,07,000,00,0,4,23,B01
201100033560,0,07,000,00,1,3,01,A01
201100033561,0,07,000,00,1,3,02,A01
201100033562,0,37,010,00,1,5,09,A01
201100033563,0,02,000,00,0,7,00,A01
201100033563,0,07,000,00,0,1,09,B01
201100033564,0,30,000,00,2,1,02,B01
201100033564,0,07,000,00,0,8,20,A01
201100033565,0,07,000,00,2,1,01,B01
201100033565,0,07,000,00,2,1,06,A01
201100033566,0,07,000,00,2,8,01,B01
201100033566,2,07,000,08,2,1,19,A01
201100033567,0,07,000,00,2,8,15,A01
201100033567,0,07,000,00,2,1,01,B01
201100033568,0,07,000,08,2,0,21,A01
201100033568,0,07,000,00,2,1,23,B01
201100033569,0,07,000,00,2,1,02,A01
201100033569,0,13,000,00,0,4,02,B01
201100033569,0,15,000,00,1,1,02,C01
201100033570,0,07,000,01,2,1,01,C01
201100033570,0,07,000,00,2,3,00,B01
201100033570,2,07,000,00,2,3,21,A01
201100033571,1,99,000,00,2,7,02,Z01
201100033571,0,01,000,00,0,6,02,A01
201100033572,0,07,000,00,0,1,01,A01
201100033572,0,07,000,00,1,4,23,B01
201100033573,0,07,000,00,2,7,15,A01
201100033573,0,36,000,00,2,1,01,B01
201100033574,0,07,000,00,2,4,20,A01
201100033574,0,07,000,00,2,8,01,B01
201100033575,1,07,000,00,1,4,04,A01
201100033576,0,07,000,03,2,2,17,A01
201100033576,1,14,000,00,2,8,13,Z01
201100033577,0,07,000,00,1,1,23,A01
201100033578,0,07,000,00,1,3,01,A01
201100033579,0,07,000,00,1,2,16,A01
201100033580,0,07,000,00,2,2,00,A01
201100033580,0,01,000,00,2,1,00,B01
201100033581,0,07,000,00,1,3,15,A01
201100033582,0,01,000,01,0,1,01,B01
201100033582,0,07,000,00,2,8,22,A01
201100033583,0,07,000,00,2,7,15,B01
201100033583,1,07,000,00,2,1,01,A01
201100033584,0,07,000,15,0,1,14,A01
201100033585,0,07,000,00,2,1,01,B01
201100033585,2,07,000,00,2,1,00,A01
201100033586,0,07,000,08,0,1,21,B01
201100033586,0,07,000,00,2,0,15,A01
201100033587,0,07,000,00,1,3,16,A01
201100033588,0,07,000,00,2,1,02,A01
201100033588,0,07,000,00,2,4,01,B01
201100033589,0,07,000,00,2,4,23,B01
201100033589,0,07,000,00,2,4,23,C01
201100033589,0,07,000,00,2,1,02,A01
201100033589,0,07,000,00,2,4,23,D01
201100033590,0,07,000,00,2,1,09,B01
201100033590,0,01,000,00,2,1,15,A01
201100033591,0,07,000,00,2,4,23,B01
201100033591,0,07,000,00,2,1,01,A01
201100033592,0,07,000,00,1,8,15,A01
201100033593,0,07,000,00,2,2,01,B01
201100033593,0,07,000,00,2,3,01,A01
201100033594,0,37,001,00,1,0,09,A01
201100033595,0,07,000,00,2,1,02,A01
201100033595,0,02,000,00,2,4,01,B01
201100033596,0,07,000,00,1,2,01,A01
201100033597,1,07,000,00,1,1,01,Z01
201100033598,0,02,000,00,2,7,00,A01
201100033598,1,07,000,00,2,1,19,Z01
201100033599,1,07,000,00,2,1,01,A01
201100033599,0,07,000,00,2,3,15,B01
201100033600,0,33,000,00,2,1,02,A01
201100033600,0,07,000,00,2,4,23,B01
201100033601,0,01,000,00,0,2,01,A01
201100033601,0,07,000,00,2,3,09,B01
201100033602,0,31,000,00,2,1,01,B01
201100033602,0,07,000,00,2,8,16,A01
201100033603,0,07,000,00,2,1,02,A01
201100033603,0,07,000,00,2,4,23,B01
201100033604,0,07,000,00,2,2,01,A01
201100033604,0,07,000,00,2,6,01,B01
201100033605,0,07,000,00,1,1,15,A01
201100033606,0,33,000,00,2,3,01,B01
201100033606,0,07,000,00,2,1,15,A01
201100033607,0,07,000,00,1,1,00,A01
201100033608,0,07,000,00,1,1,15,A01
201100033609,0,14,000,00,2,6,00,B01
201100033609,0,07,000,01,0,2,15,A01
201100033610,0,07,000,00,2,3,16,A01
201100033610,0,07,000,00,2,2,01,B01
201100033611,0,07,000,00,2,4,01,B01
201100033611,0,07,000,00,2,1,02,A01
201100033612,0,02,000,00,2,6,01,A01
201100033612,1,07,000,00,9,0,09,Z01
201100033613,0,07,000,00,1,2,16,A01
201100033614,0,07,000,00,1,3,16,A01
201100033615,0,07,000,00,2,6,10,A01
201100033615,0,10,000,00,2,2,01,B01
201100033616,0,07,000,09,0,1,13,A01
201100033617,0,07,000,00,2,1,15,A01
201100033617,0,31,000,00,2,1,01,B01
201100033618,0,07,000,00,1,1,01,A01
201100033619,0,07,000,00,1,1,16,A01
201100033620,0,07,000,06,0,0,14,A01
201100033621,1,07,000,00,1,3,02,Z01
201100033622,0,07,000,00,2,1,01,B01
201100033622,0,07,000,00,2,1,13,A01
201100033623,0,07,000,00,2,2,15,A01
201100033623,0,07,000,00,2,1,01,B01
201100033624,0,37,015,00,1,3,01,A01
201100033625,0,07,000,00,2,1,01,B01
201100033625,0,07,000,00,2,1,01,A01
201100033626,0,07,000,00,0,0,00,B01
201100033626,0,40,010,00,0,0,01,A01
201100033627,0,07,000,00,1,3,15,A01
201100033628,0,07,000,00,1,0,00,A01
201100033629,0,10,000,00,2,7,15,A01
201100033629,0,10,000,00,2,1,01,B01
201100033630,0,07,000,01,0,1,14,A01
201100033631,0,07,000,00,1,3,01,A01
201100033632,0,33,000,00,2,1,01,A01
201100033632,0,33,000,09,1,1,02,B01
201100033633,0,07,000,00,2,2,15,A01
201100033633,0,33,000,00,2,3,01,B01
201100033634,0,07,000,00,1,0,01,A01
201100033635,0,07,000,15,0,1,01,A01
201100033636,0,31,000,00,1,8,17,A01
201100033637,0,07,000,00,1,2,15,A01
201100033638,0,07,000,00,2,1,13,A01
201100033638,0,07,000,00,2,7,01,B01
201100033639,0,07,000,00,1,1,01,A01
201100033640,0,07,000,00,2,1,01,B01
201100033640,0,07,000,08,2,7,15,A01
201100033641,0,01,000,00,2,8,01,B01
201100033641,0,10,000,00,2,3,01,A01
201100033642,0,07,000,00,1,4,04,A01
201100033643,0,07,000,00,2,1,01,B01
201100033643,0,10,000,00,2,7,01,A01
201100033644,0,07,000,00,2,6,09,A01
201100033644,0,07,000,00,2,3,01,B01
201100033645,0,07,000,00,2,3,01,B01
201100033645,0,07,000,00,2,2,01,A01
201100033646,1,07,000,00,1,1,01,Z01
201100033647,2,07,000,00,1,3,01,Z01
201100033648,0,07,000,00,2,1,01,A01
201100033648,0,07,000,00,2,5,01,B01
201100033649,1,07,000,00,0,0,14,B01
201100033649,0,07,000,00,2,6,01,A01
201100033650,1,07,000,00,2,1,01,A01
201100033650,0,30,000,00,2,4,23,B01
201100033651,0,37,003,00,2,3,01,B01
201100033651,0,10,000,00,2,7,16,A01
201100033652,0,07,000,08,0,1,01,A01
201100033653,0,02,000,00,2,1,02,A01
201100033653,0,07,000,00,2,5,20,B01
201100033654,0,37,003,00,0,0,01,B01
201100033654,0,07,000,00,0,0,16,A01
201100033655,0,07,000,00,2,1,02,A01
201100033655,0,07,000,00,2,4,23,C01
201100033655,0,07,000,00,2,4,23,B01
201100033656,0,07,000,00,2,7,01,B01
201100033656,0,01,000,00,2,8,11,A01
201100033657,0,40,000,00,2,2,01,B01
201100033657,0,01,000,00,4,1,15,A01
201100033658,0,07,000,00,2,3,19,A01
201100033658,0,02,000,00,2,1,01,B01
201100033659,0,03,000,01,0,1,00,A01
201100033660,0,07,000,00,2,4,00,B01
201100033660,1,07,000,00,2,1,01,Z01
201100033661,1,07,000,00,2,1,01,Z01
201100033661,0,33,000,00,0,0,21,B01
201100033662,1,07,000,00,1,1,01,Z01
201100033663,0,07,000,00,1,4,20,A01
201100033664,0,03,000,00,1,3,01,A01
201100033665,0,07,000,00,2,6,23,B01
201100033665,0,30,000,00,2,2,01,A01
201100033666,0,07,000,00,2,0,01,C01
201100033666,0,07,000,00,2,1,01,B01
201100033666,0,07,000,00,2,1,15,A01
201100033667,0,07,000,00,2,1,15,B01
201100033667,0,07,000,00,2,2,01,A01
201100033668,0,07,000,00,2,2,15,A01
201100033668,0,01,000,00,2,1,01,B01
201100033669,0,07,000,00,2,5,00,B01
201100033669,0,07,000,00,2,3,02,A01
201100033670,0,40,000,00,1,5,07,A01
201100033671,0,07,000,00,2,1,02,A01
201100033671,0,07,000,00,2,4,02,B01
201100033672,0,07,000,00,1,5,20,A01
201100033673,0,07,000,00,2,1,01,B01
201100033673,0,07,000,00,2,7,15,A01
201100033674,0,07,000,00,2,4,00,B01
201100033674,0,07,000,00,2,1,01,A01
201100033675,0,07,000,00,1,3,01,A01
201100033676,0,07,000,00,1,3,01,A01
201100033677,0,07,000,00,0,0,00,A01
201100033678,0,07,000,00,1,2,01,A01
201100033679,0,01,000,00,2,1,01,B01
201100033679,0,10,000,00,9,5,01,A01
201100033680,0,07,000,00,2,7,01,B01
201100033680,0,01,000,00,2,3,09,A01
201100033681,0,07,000,00,2,4,02,B01
201100033681,0,07,000,00,2,1,01,A01
201100033682,1,07,000,00,1,1,01,A01
201100033683,0,01,000,00,2,1,00,A01
201100033683,0,07,000,00,2,8,00,B01
201100033684,0,33,000,00,2,1,01,B01
201100033684,0,07,000,00,2,6,15,A01
201100033685,0,07,000,01,0,1,00,A01
201100033686,0,07,000,08,2,3,01,B01
201100033686,0,07,000,00,2,3,01,A01
201100033687,0,02,000,00,2,1,02,A01
201100033687,0,07,000,00,2,4,23,B01
201100033688,0,07,000,00,2,7,01,B01
201100033688,0,07,000,00,2,1,01,A01
201100033689,0,07,000,12,0,1,06,A01
201100033690,0,03,000,03,0,8,21,A01
201100033690,1,33,000,00,0,0,13,Z01
201100033691,0,07,000,00,1,2,01,A01
201100033692,0,07,000,00,2,3,15,B01
201100033692,0,33,000,00,2,1,07,A01
201100033693,0,07,000,00,2,2,01,A01
201100033693,0,07,000,00,2,1,01,B01
201100033694,0,33,000,06,2,1,01,A01
201100033694,0,07,000,00,2,8,15,B01
201100033695,0,07,000,00,1,1,01,A01
201100033696,0,02,000,00,2,1,02,A01
201100033696,0,07,000,00,2,4,02,B01
201100033697,0,01,000,00,2,1,01,A01
201100033697,0,07,000,00,2,1,01,B01
201100033698,0,07,000,00,1,4,04,A01
201100033699,0,40,000,00,1,3,01,A01
201100033700,0,33,000,00,2,1,01,B01
201100033700,0,07,000,00,2,2,15,A01
201100033701,1,02,000,00,1,0,00,Z01
201100033702,0,07,000,00,2,8,01,B01
201100033702,0,33,000,00,2,2,01,A01
201100033703,0,33,000,00,2,1,02,B01
201100033703,0,14,000,00,2,8,15,A01
201100033704,0,07,000,00,1,1,01,A01
201100033705,0,07,000,00,1,1,01,A01
201100033706,0,07,000,00,2,1,02,A01
201100033706,0,07,000,00,2,4,02,B01
201100033707,0,07,000,00,2,1,02,A01
201100033707,0,07,000,00,2,4,23,B01
201100033708,0,07,000,00,2,4,23,B01
201100033708,0,07,000,00,2,1,02,A01
201100033709,0,33,000,00,2,1,02,A01
201100033709,0,07,000,00,2,6,15,B01
201100033710,0,07,000,00,1,4,20,A01
201100033711,0,10,000,00,1,3,01,A01
201100033712,0,07,000,08,0,2,02,A01
201100033713,0,07,000,08,0,1,01,A01
201100033714,0,07,000,00,1,7,01,A01
201100033715,0,07,000,00,0,0,01,A01
201100033716,0,07,000,00,1,4,02,B01
201100033716,0,07,000,00,2,1,02,A01
201100033717,0,02,000,00,2,1,01,A01
201100033717,0,07,000,00,2,5,01,B01
201100033718,0,07,000,00,2,4,23,C01
201100033718,0,07,000,00,2,1,02,A01
201100033718,0,10,000,00,2,4,23,B01
201100033719,0,02,000,00,2,1,01,B01
201100033719,0,10,000,00,2,2,20,A01
201100033720,0,33,000,00,2,5,16,A01
201100033720,0,07,000,00,2,3,14,B01
201100033721,0,07,000,00,0,4,02,B01
201100033721,0,07,000,00,2,1,02,A01
201100033722,0,07,000,00,2,7,16,B01
201100033722,0,01,000,00,2,1,02,A01
201100033723,0,07,000,00,1,3,01,A01
201100033724,0,07,000,00,2,3,09,B01
201100033724,0,01,000,00,2,1,01,A01
201100033725,0,07,000,00,1,2,16,A01
201100033726,0,07,000,00,2,1,01,A01
201100033726,0,07,000,00,2,8,01,B01
201100033727,0,07,000,00,2,4,23,B01
201100033727,0,30,000,00,2,1,02,A01
201100033728,0,07,000,00,2,1,02,A01
201100033728,0,07,000,00,2,4,23,C01
201100033728,0,07,000,00,2,4,23,B01
201100033729,0,31,000,00,2,8,01,A01
201100033729,0,07,000,00,2,5,01,B01
201100033730,0,33,000,04,0,8,01,A01
201100033731,0,07,000,00,2,4,23,B01
201100033731,0,07,000,00,2,1,02,A01
201100033732,0,07,000,00,2,8,15,B01
201100033732,0,33,000,00,2,6,01,A01
201100033733,0,33,000,00,2,7,01,B01
201100033733,0,07,000,00,2,3,15,A01
201100033734,0,14,000,00,1,4,04,A01
201100033735,0,10,000,01,0,7,01,A01
201100033736,0,07,000,00,2,5,16,B01
201100033736,0,37,020,00,2,2,01,A01
201100033737,0,34,000,16,0,7,01,A01
201100033738,0,07,000,00,1,1,01,A01
201100033739,0,07,000,00,1,3,01,A01
201100033740,0,07,000,00,1,1,01,A01
201100033741,0,07,000,00,2,3,20,A01
201100033741,0,02,000,00,2,1,01,B01
201100033742,0,07,000,00,1,3,01,A01
201100033743,0,07,000,00,1,1,01,A01
201100033744,0,07,000,00,1,7,01,A01
201100033745,0,01,000,00,2,3,23,B01
201100033745,1,10,000,00,9,2,17,A01
201100033746,0,02,000,00,2,3,01,B01
201100033746,0,10,000,00,2,5,17,A01
201100033747,0,07,000,00,1,1,01,A01
201100033748,0,33,000,00,2,7,03,A01
201100033748,0,07,000,00,2,8,15,B01
201100033749,0,07,000,00,2,8,19,B01
201100033749,0,07,000,00,2,1,01,A01
201100033750,0,07,000,00,2,1,01,A01
201100033750,0,07,000,00,2,6,01,B01
201100033751,0,01,000,00,2,1,01,B01
201100033751,0,07,000,00,2,8,22,A01
201100033752,0,07,000,00,1,4,04,A01
201100033753,0,02,000,00,2,8,01,B01
201100033753,1,07,000,00,2,7,09,Z01
201100033754,0,07,000,00,2,1,01,B01
201100033754,0,07,000,00,2,1,15,A01
201100033755,0,07,000,00,2,1,15,A01
201100033755,0,07,000,00,2,3,02,B01
201100033756,0,33,000,00,2,8,18,A01
201100033756,0,13,000,00,2,2,02,B01
201100033757,0,07,000,00,2,1,15,B01
201100033757,0,07,000,00,2,2,01,A01
201100033758,0,07,000,00,1,5,04,A01
201100033759,0,07,000,00,1,6,01,B01
201100033759,0,01,000,00,2,7,01,A01
201100033760,0,07,000,00,2,4,02,B01
201100033760,0,07,000,00,2,1,02,A01
201100033761,0,33,000,12,0,6,01,A01
201100033762,0,07,000,00,2,1,15,A01
201100033762,0,37,020,00,2,3,01,B01
201100033763,0,07,000,00,2,2,16,A01
201100033763,0,01,000,00,2,1,01,B01
201100033764,0,07,000,00,2,2,10,A01
201100033764,0,32,000,00,2,8,01,B01
201100033765,0,07,000,00,2,6,02,B01
201100033765,0,02,000,00,2,1,02,A01
201100033766,1,07,000,01,2,1,02,Z01
201100033766,0,07,000,00,2,4,02,A01
201100033767,0,07,000,00,2,7,01,A01
201100033767,0,07,000,00,2,1,01,B01
201100033768,0,07,000,00,2,3,01,B01
201100033768,0,07,000,00,2,2,01,A01
201100033769,0,07,000,00,2,7,16,B01
201100033769,0,02,000,00,2,1,02,A01
201100033770,0,07,000,08,0,1,01,A01
201100033771,0,34,000,00,2,1,15,A01
201100033771,0,34,000,00,2,1,01,B01
201100033772,0,07,000,00,1,2,01,A01
201100033773,0,17,000,12,0,7,01,A01
201100033774,0,07,000,00,2,1,01,A01
201100033774,0,07,000,00,2,3,01,B01
201100033775,0,01,000,00,2,1,19,A01
201100033775,0,07,000,00,2,7,01,B01
201100033776,0,07,000,00,2,1,01,B01
201100033776,0,07,000,00,2,1,01,A01
201100033777,1,07,000,00,1,1,17,A01
201100033778,0,07,000,00,2,1,02,A01
201100033778,0,07,000,00,2,9,02,B01
201100033778,0,07,000,00,2,4,02,C01
201100033779,0,01,000,00,2,4,19,A01
201100033779,0,07,000,00,9,2,01,B01
201100033780,0,07,000,01,0,1,14,A01
201100033781,0,07,000,00,1,6,01,A01
201100033782,0,07,000,09,0,1,01,A01
201100033783,0,07,000,00,2,1,02,A01
201100033783,0,07,000,00,0,4,23,B01
201100033783,0,07,000,00,2,4,23,C01
201100033784,0,07,000,00,2,4,23,B01
201100033784,2,07,000,09,2,1,01,A01
201100033785,0,07,000,00,2,3,01,B01
201100033785,0,07,000,00,2,1,15,A01
201100033786,0,07,000,00,2,6,23,B01
201100033786,0,10,000,00,2,1,01,A01
201100033787,0,01,000,00,2,1,01,B01
201100033787,0,07,000,00,2,5,15,A01
201100033788,0,07,000,01,0,8,01,A01
201100033789,1,07,000,00,1,0,04,A01
201100033790,0,07,000,00,2,1,15,A01
201100033790,0,32,000,00,2,3,01,B01
201100033791,0,07,000,00,2,4,23,B01
201100033791,0,07,000,00,2,1,02,A01
201100033791,0,07,000,00,2,4,23,C01
201100033792,0,07,000,00,2,2,10,A01
201100033792,0,33,000,01,2,1,01,B01
201100033793,0,01,000,00,2,1,00,A01
201100033793,0,07,000,00,2,3,00,B01
201100033794,0,33,000,00,2,4,02,B01
201100033794,0,31,000,00,2,1,02,A01
201100033795,0,07,000,00,2,3,00,B01
201100033795,0,31,000,00,2,1,17,A01
201100033796,0,33,000,00,1,8,01,A01
201100033796,0,07,000,00,9,4,01,B01
201100033797,0,37,010,00,1,2,15,A01
201100033798,0,07,000,00,2,4,23,B01
201100033798,0,07,000,00,2,1,02,A01
201100033799,0,07,000,00,2,4,23,A01
201100033799,1,07,000,00,2,1,01,Z01
201100033800,0,07,000,00,2,6,19,A01
201100033800,0,02,000,00,2,1,21,B01
201100033801,0,01,000,00,2,7,01,B01
201100033801,0,07,000,00,2,8,22,A01
201100033802,0,07,000,00,0,4,23,C01
201100033802,0,07,000,00,2,1,23,B01
201100033802,0,07,000,00,2,1,02,A01
201100033803,0,30,000,00,9,7,01,A01
201100033803,1,07,000,00,0,0,15,Z01
201100033804,0,30,000,00,2,1,02,A01
201100033804,0,07,000,00,2,5,02,B01
201100033805,0,07,000,00,2,1,02,A01
201100033805,0,07,000,00,2,9,02,B01
201100033805,0,07,000,00,2,4,02,C01
201100033806,0,07,000,00,2,9,01,A01
201100033806,0,07,000,00,2,3,15,B01
201100033807,0,07,000,00,2,1,02,A01
201100033807,0,07,000,00,2,4,23,B01
201100033807,0,07,000,00,2,4,23,C01
201100033808,0,01,000,00,2,1,01,A01
201100033808,1,07,000,00,9,3,15,Z01
201100033809,0,07,000,00,2,1,02,A01
201100033809,0,07,000,00,2,4,23,B01
201100033810,0,07,000,00,2,3,15,A01
201100033810,0,07,000,00,2,1,01,B01
201100033811,0,07,000,00,1,2,01,A01
201100033812,0,07,000,00,2,4,02,B01
201100033812,0,07,000,00,2,1,02,A01
201100033813,0,07,000,00,2,1,01,A01
201100033813,0,33,000,00,2,7,01,B01
201100033814,0,07,000,00,2,1,15,A01
201100033814,0,33,000,00,2,1,01,B01
201100033815,1,07,000,00,0,4,00,B01
201100033815,1,07,000,00,2,1,02,A01
201100033816,0,10,000,00,1,1,16,A01
201100033817,2,07,000,00,2,4,01,A01
201100033817,0,07,000,00,2,4,01,B01
201100033818,0,10,000,00,2,4,04,A01
201100033818,0,31,000,00,2,1,02,B01
201100033819,0,07,000,00,2,3,15,A01
201100033819,0,02,000,00,2,1,01,B01
201100033820,0,07,000,00,2,2,01,A01
201100033820,0,07,000,00,2,8,20,B01
201100033821,0,07,000,00,2,4,01,B01
201100033821,0,07,000,00,2,1,01,A01
201100033821,1,07,000,00,2,1,01,Z01
201100033822,0,07,000,00,1,2,01,A01
201100033823,0,07,000,00,2,1,01,B01
201100033823,0,10,000,00,2,1,01,A01
201100033824,0,07,000,00,1,3,01,A01
201100033825,1,07,000,00,2,1,01,Z01
201100033825,0,07,000,00,2,4,23,B01
201100033826,0,07,000,00,2,1,02,A01
201100033826,0,07,000,00,2,4,02,B01
201100033827,0,07,000,00,2,4,02,B01
201100033827,0,07,000,00,2,1,02,A01
201100033828,0,07,000,01,0,1,01,A01
201100033829,0,07,000,00,2,2,01,A01
201100033830,0,07,000,01,2,7,17,A01
201100033830,0,01,000,00,2,8,01,B01
201100033831,0,37,012,00,1,5,01,A01
201100033832,0,02,000,16,0,1,01,A01
201100033833,0,07,000,00,2,7,15,A01
201100033833,0,03,000,00,2,8,01,B01
201100033834,0,32,000,00,2,3,01,A01
201100033834,0,07,000,00,2,8,09,B01
201100033835,0,07,000,00,2,2,15,A01
201100033835,0,02,000,00,2,6,01,B01
201100033836,0,07,000,00,2,1,09,A01
201100033836,0,33,000,00,2,7,01,B01
201100033837,0,07,000,00,2,3,02,C01
201100033837,0,07,000,00,2,1,15,A01
201100033837,0,07,000,00,2,1,01,B01
201100033838,0,33,000,00,2,7,17,B01
201100033838,0,07,000,00,2,8,11,A01
201100033839,0,07,000,16,0,9,17,A01
201100033840,0,33,000,00,2,4,02,B01
201100033840,0,07,000,00,2,1,02,A01
201100033841,0,07,000,00,2,1,01,A01
201100033841,0,07,000,00,2,6,01,B01
201100033842,0,07,000,00,2,2,01,B01
201100033842,0,07,000,00,2,8,10,A01
201100033843,0,07,000,00,2,3,01,B01
201100033843,0,07,000,00,2,1,15,A01
201100033844,0,07,000,00,9,5,15,A01
201100033844,0,02,000,00,2,1,01,B01
201100033844,0,07,000,00,9,1,01,C01
201100033845,0,33,000,00,2,4,02,A01
201100033845,0,33,000,00,2,1,02,B01
201100033846,0,07,000,00,2,3,01,B01
201100033846,0,02,000,00,2,1,01,A01
201100033847,0,07,000,00,2,7,15,A01
201100033847,0,32,000,00,2,1,01,B01
201100033848,0,07,000,00,2,4,23,B01
201100033848,0,10,000,00,2,1,02,A01
201100033849,0,07,000,09,0,1,01,A01
201100033850,0,07,000,08,0,8,21,A01
201100033851,0,07,000,06,0,9,01,A01
201100033852,0,07,000,00,1,0,00,A01
201100033853,0,07,000,00,2,6,23,B01
201100033853,0,02,000,00,2,1,02,A01
201100033854,0,07,000,00,2,1,02,A01
201100033854,0,07,000,00,0,4,02,D01
201100033854,0,07,000,00,2,4,02,B01
201100033854,0,07,000,00,2,1,01,C01
201100033855,0,02,000,00,0,0,00,A01
201100033856,0,07,000,00,2,1,15,A01
201100033856,0,07,000,00,2,1,01,B01
201100033857,0,03,000,01,0,2,02,A01
201100033858,0,07,000,00,2,1,01,B01
201100033858,0,07,000,00,2,7,15,A01
201100033859,0,10,000,00,2,4,01,B01
201100033859,0,10,000,00,2,1,01,A01
201100033860,0,07,000,00,2,3,01,A01
201100033860,0,07,000,00,2,1,01,B01
201100033861,0,13,000,00,2,4,01,B01
201100033861,2,07,000,00,2,1,01,A01
201100033862,0,07,000,08,0,1,01,A01
201100033863,0,07,000,00,1,1,01,A01
201100033864,0,33,000,00,2,7,01,B01
201100033864,0,07,000,00,2,3,01,A01
201100033865,0,07,000,00,2,2,01,B01
201100033865,0,07,000,00,2,3,01,A01
201100033866,0,07,000,00,1,3,01,A01
201100033867,0,10,000,00,2,8,15,A01
201100033867,0,33,000,00,2,1,01,B01
201100033868,0,07,000,00,2,1,01,A01
201100033868,0,07,000,00,2,1,01,C01
201100033868,0,07,000,00,2,6,23,B01
201100033869,0,07,000,00,1,1,01,A01
201100033870,0,30,000,00,2,1,02,A01
201100033870,0,07,000,00,2,4,02,B01
201100033871,0,07,000,00,1,3,01,A01
201100033872,0,01,000,00,2,1,01,A01
201100033872,0,07,000,00,2,2,09,B01
201100033873,0,01,000,00,2,8,02,B01
201100033873,0,37,001,00,2,5,02,A01
201100033874,2,07,000,08,2,3,01,Z01
201100033874,0,07,000,00,2,2,01,B01
201100033875,0,07,000,00,2,3,15,A01
201100033875,0,07,000,00,2,5,15,B01
201100033876,0,31,000,00,2,7,18,A01
201100033876,0,07,000,00,2,8,15,B01
201100033877,0,13,000,00,2,1,02,A01
201100033877,0,07,000,00,2,8,02,B01
201100033878,0,31,000,00,1,1,01,A01
201100033879,0,07,000,00,2,4,02,B01
201100033879,0,07,000,00,2,4,02,C01
201100033879,0,07,000,00,2,1,02,A01
201100033880,0,07,000,00,2,1,02,A01
201100033880,0,07,000,00,2,4,02,B01
201100033881,0,07,000,00,1,2,16,A01
201100033882,0,07,000,00,2,1,01,A01
201100033882,0,07,000,00,2,7,16,B01
201100033883,0,03,000,00,2,4,23,A01
201100033883,1,07,000,00,2,1,02,Z01
201100033884,0,07,000,14,9,2,17,B01
201100033884,0,01,000,00,2,3,15,A01
201100033885,0,07,000,00,1,3,15,A01
201100033886,0,07,000,00,2,7,15,A01
201100033886,0,02,000,00,2,1,01,B01
201100033887,0,14,000,00,2,4,02,B01
201100033887,0,07,000,00,2,1,02,A01
201100033888,0,07,000,00,2,7,17,A01
201100033888,0,31,000,00,2,8,15,B01
201100033889,2,07,000,00,2,2,02,A01
201100033889,0,07,000,00,0,4,02,C01
201100033889,0,07,000,00,2,1,02,B01
201100033890,0,07,000,00,2,1,01,B01
201100033890,0,07,000,00,2,3,01,A01
201100033891,0,07,000,00,2,2,10,A01
201100033891,0,31,000,00,2,1,01,B01
201100033892,1,07,000,00,2,5,00,Z01
201100033892,0,01,000,00,2,1,00,B01
201100033893,0,01,000,00,2,1,02,B01
201100033893,1,07,000,00,2,5,02,Z01
201100033894,0,07,000,00,2,1,01,A01
201100033894,0,07,000,00,2,4,23,B01
201100033895,0,33,000,00,2,1,01,B01
201100033895,1,07,000,00,2,6,15,Z01
201100033896,1,07,000,00,2,7,17,Z01
201100033896,0,01,000,00,2,0,01,B01
201100033897,0,07,000,00,1,4,04,A01
201100033898,0,03,000,00,2,8,00,A01
201100033898,0,02,000,00,2,1,00,B01
201100033899,0,07,000,00,2,2,15,A01
201100033899,0,07,000,00,2,3,01,B01
201100033900,0,02,000,01,0,1,02,A01
201100033900,0,07,000,00,0,4,24,B01
201100033901,0,07,000,00,2,4,23,B01
201100033901,0,07,000,00,2,1,02,A01
201100033902,0,07,000,00,1,4,04,A01
201100033903,0,02,000,00,2,8,18,A01
201100033903,0,07,000,00,2,5,20,B01
201100033904,0,07,000,00,2,5,15,A01
201100033904,0,07,000,00,2,1,02,B01
201100033905,0,07,000,00,1,1,01,A01
201100033906,0,01,000,00,2,1,01,B01
201100033906,0,07,000,00,9,2,16,A01
201100033907,0,07,000,00,2,3,02,B01