Num_Acc,senc,catv,occutc,obs,obsm,choc,manv,num_veh
201100033907,0,07,000,00,2,2,15,A01
201100033908,0,07,000,00,2,1,15,A01
201100033908,0,07,000,00,2,1,14,B01
201100033909,0,07,000,00,2,2,01,A01
201100033909,0,07,000,00,2,8,02,B01
201100033910,0,07,000,00,2,8,01,A01
201100033910,0,07,000,00,2,2,01,B01
201100033911,0,10,000,00,1,1,15,A01
201100033912,0,07,000,00,1,2,01,A01
201100033913,0,07,000,02,0,1,00,A01
201100033914,0,07,000,00,1,1,16,A01
201100033915,0,07,000,00,2,4,23,B01
201100033915,0,02,000,00,2,1,01,A01
201100033916,0,01,000,00,2,8,01,A01
201100033916,1,14,000,00,2,7,15,B01
201100033917,0,01,000,00,2,7,19,B01
201100033917,0,07,000,00,2,2,01,A01
201100033918,0,02,000,01,2,1,18,A01
201100033918,0,07,000,00,2,7,16,B01
201100033919,0,07,000,00,2,8,01,B01
201100033919,0,02,000,00,2,1,01,A01
201100033920,0,07,000,00,2,1,01,A01
201100033920,0,07,000,00,2,4,23,B01
201100033921,0,02,000,00,2,1,01,B01
201100033921,0,07,000,00,2,1,15,A01
201100033922,0,07,000,14,0,1,01,A01
201100033923,0,10,000,00,2,1,01,B01
201100033923,0,07,000,00,2,8,15,A01
201100033924,0,01,000,00,2,1,07,B01
201100033924,0,07,000,00,2,5,16,A01
201100033925,0,02,000,00,2,1,01,A01
201100033925,0,07,000,00,2,4,01,B01
201100033926,0,07,000,00,2,7,15,A01
201100033926,0,31,000,00,2,1,01,B01
201100033927,0,07,000,00,2,8,01,A01
201100033927,0,07,000,00,2,1,01,B01
201100033928,0,40,000,00,2,2,01,B01
201100033928,0,01,000,00,4,1,01,A01
201100033929,0,07,000,00,1,7,09,A01
201100033930,0,07,000,00,2,1,02,A01
201100033930,0,07,000,00,2,4,02,B01
201100033931,0,07,000,00,1,4,04,A01
201100033932,0,07,000,00,9,6,09,A01
201100033932,0,33,000,00,2,4,01,B01
201100033933,0,07,000,00,1,3,01,A01
201100033934,0,07,000,00,2,7,15,A01
201100033934,0,07,000,00,2,2,01,B01
201100033935,0,07,000,00,1,1,15,A01
201100033936,0,07,000,00,2,4,23,B01
201100033936,1,07,000,00,2,1,02,Z01
201100033937,0,07,000,00,2,1,01,A01
201100033937,0,07,000,00,2,4,23,B01
201100033938,0,07,000,00,1,3,01,A01
201100033939,1,99,000,00,1,0,00,Z01
201100033940,0,33,000,00,2,1,01,B01
201100033940,0,07,000,00,2,5,15,A01
201100033941,0,30,000,00,2,1,01,A01
201100033941,0,07,000,00,2,7,15,B01
201100033942,1,07,000,00,1,0,00,Z01
201100033943,0,07,000,00,2,1,01,A01
201100033943,0,07,000,00,2,4,01,B01
201100033943,0,07,000,00,2,4,01,C01
201100033944,0,07,000,00,2,3,02,B01
201100033944,0,07,000,00,2,6,02,E01
201100033944,0,07,000,00,2,6,02,D01
201100033944,0,07,000,00,2,4,02,F01
201100033944,0,07,000,01,2,1,00,A01
201100033945,0,07,000,00,2,3,13,A01
201100033945,0,10,000,00,2,5,01,B01
201100033946,0,07,000,00,2,3,01,B01
201100033946,0,07,000,00,2,1,17,A01
201100033947,0,31,000,00,1,1,01,A01
201100033948,0,10,000,00,2,1,17,A01
201100033948,0,07,000,00,2,1,01,B01
201100033949,0,07,000,00,1,1,15,A01
201100033950,0,07,000,00,1,1,15,A01
201100033951,0,07,000,00,2,1,13,A01
201100033951,0,07,000,00,2,1,01,B01
201100033952,0,07,000,00,2,4,01,B01
201100033952,0,07,000,00,2,1,01,A01
201100033953,0,07,000,00,2,1,02,A01
201100033953,0,07,000,00,2,4,02,B01
201100033954,0,14,000,00,2,1,02,A01
201100033954,0,07,000,00,2,4,23,B01
201100033955,0,07,000,00,2,4,23,C01
201100033955,0,07,000,00,2,4,23,B01
201100033955,0,07,000,00,2,1,02,A01
201100033956,0,07,000,00,2,4,02,B01
201100033956,1,07,000,00,0,0,00,Z01
201100033957,0,07,000,00,1,2,01,A01
201100033958,0,07,000,00,2,3,13,B01
201100033958,0,07,000,00,2,1,01,A01
201100033959,0,07,000,00,2,1,02,A01
201100033959,0,02,000,00,2,4,02,B01
201100033960,0,07,000,00,2,2,01,A01
201100033960,0,01,000,00,2,1,01,B01
201100033961,0,02,000,00,2,1,01,B01
201100033961,0,07,000,00,2,3,15,A01
201100033962,0,07,000,00,1,3,15,A01
201100033963,0,07,000,00,2,5,23,C01
201100033963,0,07,000,00,2,3,01,B01
201100033963,0,07,000,00,2,2,19,A01
201100033964,0,07,000,00,2,2,09,A01
201100033964,0,01,000,00,2,1,09,B01
201100033965,0,10,000,00,2,4,16,A01
201100033965,0,07,000,00,2,7,02,B01
201100033966,0,37,001,00,1,0,01,A01
201100033967,0,07,000,00,2,7,15,A01
201100033967,0,07,000,00,2,3,01,C01
201100033967,0,32,000,00,2,1,02,B01
201100033968,0,37,000,00,1,2,07,A01
201100033969,0,03,000,00,2,1,01,A01
201100033969,0,07,000,00,2,3,15,B01
201100033970,0,07,000,00,2,3,15,B01
201100033970,0,02,000,00,2,2,17,A01
201100033971,0,10,000,00,2,1,15,A01
201100033971,0,07,000,00,2,3,01,B01
201100033972,0,07,000,00,2,1,15,A01
201100033972,0,07,000,00,2,1,16,B01
201100033973,0,07,000,00,2,8,10,A01
201100033973,0,07,000,00,2,1,01,B01
201100033974,0,07,000,00,2,2,00,A01
201100033974,0,07,000,00,2,2,00,B01
201100033975,0,07,000,00,1,1,15,A01
201100033976,0,07,000,00,1,1,00,A01
201100033977,0,10,000,00,1,3,01,A01
201100033978,0,07,000,00,1,2,17,A01
201100033979,0,07,000,00,1,2,01,A01
201100033980,0,07,000,00,2,1,13,A01
201100033980,0,07,000,00,2,1,01,B01
201100033981,0,37,003,00,0,0,01,B01
201100033981,1,07,000,00,0,0,16,A01
201100033982,0,32,000,00,2,1,01,B01
201100033982,0,07,000,00,2,8,09,A01
201100033983,0,07,000,00,1,2,02,A01
201100033984,0,07,000,00,2,6,17,A01
201100033984,0,32,000,00,2,2,02,B01
201100033985,1,99,000,00,1,1,00,Z01
201100033986,0,07,000,00,1,1,15,A01
201100033987,0,07,000,00,2,1,02,A01
201100033987,0,07,000,00,2,3,02,B01
201100033988,0,07,000,00,2,1,02,A01
201100033988,0,07,000,00,2,4,01,B01
201100033989,0,07,000,00,2,2,01,B01
201100033989,0,07,000,00,2,3,15,A01
201100033990,0,07,000,00,1,1,01,A01
201100033991,0,07,000,00,2,1,02,A01
201100033991,0,07,000,00,2,4,02,B01
201100033992,0,07,000,00,2,3,15,A01
201100033992,0,30,000,00,2,3,02,B01
201100033993,0,07,000,00,0,1,01,A01
201100033994,0,07,000,00,2,2,01,B01
201100033994,0,07,000,00,2,2,15,A01
201100033995,0,03,000,00,1,2,15,A01
201100033996,0,07,000,00,1,1,01,A01
201100033997,0,07,000,00,2,4,02,B01
201100033997,0,30,000,00,2,1,02,A01
201100033998,0,07,000,00,1,2,01,A01
201100033999,0,14,000,00,1,2,15,A01
201100034000,0,07,000,00,2,4,23,B01
201100034000,0,07,000,00,2,1,02,A01
201100034001,0,07,000,00,1,1,15,A01
201100034002,0,07,000,13,0,8,01,A01
201100034003,0,10,000,00,1,4,04,A01
201100034004,0,07,000,00,1,2,01,A01
201100034005,0,01,000,00,2,3,09,A01
201100034005,0,07,000,00,2,2,01,B01
201100034006,0,07,000,07,0,7,01,A01
201100034007,0,32,000,00,0,1,01,A01
201100034008,0,07,000,00,1,1,01,A01
201100034009,0,07,000,00,2,4,02,B01
201100034009,0,07,000,00,2,1,02,A01
201100034010,0,07,000,00,2,4,09,B01
201100034010,1,07,000,00,2,1,02,Z01
201100034011,0,07,000,00,1,1,00,A01
201100034012,0,07,000,00,1,1,15,A01
201100034013,0,07,000,00,2,3,01,B01
201100034013,0,30,000,00,2,1,01,A01
201100034014,0,07,000,00,1,1,01,A01
201100034015,0,33,000,00,1,1,01,A01
201100034016,0,30,000,01,0,1,01,A01
201100034017,0,07,000,00,2,7,09,B01
201100034017,0,01,000,00,2,1,09,A01
201100034018,0,07,000,00,2,4,02,B01
201100034018,0,07,000,00,2,1,02,A01
201100034019,0,10,000,00,1,1,01,A01
201100034020,0,07,000,02,0,1,01,A01
201100034021,0,07,000,00,1,2,01,A01
201100034022,0,17,000,00,2,6,24,B01
201100034022,0,07,000,01,0,1,01,A01
201100034023,0,07,000,00,2,1,01,B01
201100034023,0,07,000,00,2,1,01,A01
201100034024,0,07,000,00,1,3,01,A01
201100034025,0,07,000,00,1,1,01,A01
201100034026,0,07,000,00,2,1,01,A01
201100034026,0,07,000,00,0,4,01,B01
201100034027,0,33,000,00,2,1,01,A01
201100034027,0,07,000,00,0,4,15,B01
201100034028,0,02,000,00,2,1,01,B01
201100034028,0,10,000,00,2,2,01,A01
201100034029,0,07,000,01,0,1,01,A01
201100034029,0,07,000,00,0,4,01,B01
201100034030,0,07,000,00,2,6,15,A01
201100034030,0,07,000,00,2,1,01,B01
201100034031,0,07,000,00,1,1,01,A01
201100034032,0,07,000,00,2,4,01,C01
201100034032,0,07,000,00,2,1,01,A01
201100034032,0,07,000,00,2,4,01,B01
201100034033,0,07,000,00,1,8,10,B01
201100034033,0,07,000,00,2,2,13,A01
201100034034,0,33,000,00,2,9,01,B01
201100034034,0,33,000,00,2,9,01,A01
201100034035,0,31,000,00,2,1,17,A01
201100034035,0,07,000,00,2,8,15,B01
201100034036,0,33,000,00,2,1,01,A01
201100034036,0,07,000,00,2,3,15,B01
201100034037,0,02,000,00,2,1,01,A01
201100034037,0,07,000,00,2,4,15,B01
201100034038,0,37,001,00,1,2,09,A01
201100034039,0,07,000,00,2,2,01,A01
201100034039,0,07,000,00,2,2,15,B01
201100034040,0,07,000,00,2,5,16,A01
201100034040,0,01,000,00,2,0,01,B01
201100034041,0,07,000,00,2,1,15,A01
201100034041,0,07,000,00,2,1,01,B01
201100034042,0,07,000,00,2,3,15,A01
201100034042,0,33,000,00,2,8,01,B01
201100034043,0,01,000,00,2,1,15,A01
201100034043,0,10,000,00,2,1,01,B01
201100034044,0,10,000,00,2,3,15,A01
201100034044,0,07,000,00,2,2,01,B01
201100034045,0,07,000,00,1,2,01,A01
201100034046,0,07,000,16,,2,14,A01
201100034047,0,07,000,00,1,1,01,A01
201100034048,0,07,000,03,2,2,17,B01
201100034048,0,07,000,00,2,8,13,A01
201100034049,0,07,000,01,0,2,14,A01
201100034050,0,07,000,00,0,0,23,C01
201100034050,0,07,000,00,2,3,01,B01
201100034050,0,07,000,00,2,3,13,A01
201100034051,0,07,000,00,2,2,19,A01
201100034051,0,07,000,13,2,8,01,B01
201100034052,0,07,000,03,2,2,00,B01
201100034052,0,07,000,00,2,3,01,A01
201100034053,0,33,000,00,0,7,01,A01
201100034054,0,07,000,00,2,2,17,A01
201100034054,0,07,000,13,2,6,01,B01
201100034055,0,07,000,00,2,1,05,A01
201100034055,0,10,000,00,2,1,01,B01
201100034056,0,07,000,00,2,8,15,A01
201100034056,0,07,000,00,2,1,01,B01
201100034057,0,07,000,00,2,3,13,A01
201100034057,0,07,000,00,2,6,00,B01
201100034057,0,07,000,00,2,1,00,C01
201100034058,0,07,000,02,0,1,01,A01
201100034059,0,07,000,00,2,3,15,A01
201100034059,0,32,000,00,2,1,01,B01
201100034060,0,07,000,00,1,4,02,B01
201100034060,0,07,000,00,2,1,02,A01
201100034061,0,07,000,00,2,1,01,B01
201100034061,0,07,000,00,2,1,13,A01
201100034062,0,07,000,00,2,1,13,A01
201100034062,0,07,000,00,2,1,01,B01
201100034063,0,07,000,00,0,4,15,A01
201100034063,0,07,000,00,2,1,02,C01
201100034063,0,07,000,00,2,1,02,B01
201100034064,0,01,000,00,2,1,01,B01
201100034064,0,07,000,00,0,2,09,A01
201100034065,0,07,000,00,2,0,13,B01
201100034065,1,07,000,00,0,0,00,A01
201100034066,0,07,000,00,0,4,02,B01
201100034066,0,02,000,00,2,1,02,A01
201100034067,0,10,000,00,1,4,04,A01
201100034068,0,02,000,00,2,4,23,B01
201100034068,0,07,000,00,2,4,04,A01
201100034069,0,07,000,00,0,8,15,A01
201100034069,0,02,000,00,2,1,17,B01
201100034070,0,30,000,00,2,1,17,A01
201100034070,0,07,000,00,9,3,15,B01
201100034071,0,07,000,00,1,1,01,A01
201100034072,0,07,000,06,0,1,13,A01
201100034073,0,07,000,00,0,9,00,A01
201100034074,0,07,000,00,2,1,02,B01
201100034074,0,07,000,00,1,4,23,A01
201100034075,0,02,000,00,0,1,02,A01
201100034076,0,07,000,00,0,4,02,C01
201100034076,0,07,000,00,2,9,02,B01
201100034076,0,07,000,00,2,1,02,A01
201100034077,1,07,000,00,1,1,01,A01
201100034078,0,07,000,00,1,3,00,A01
201100034079,0,30,000,00,0,1,01,A01
201100034080,0,38,001,00,1,8,20,A01
201100034081,0,07,000,00,2,1,02,A01
201100034081,0,07,000,00,2,4,02,B01
201100034082,0,07,000,13,0,7,14,A01
201100034083,0,30,000,00,1,1,01,A01
201100034084,0,01,000,00,2,8,15,B01
201100034084,0,07,000,00,2,2,15,A01
201100034085,1,07,000,15,2,2,00,A01
201100034085,0,01,000,00,2,0,00,B01
201100034086,0,07,000,13,0,1,01,A01
201100034087,0,35,000,02,0,1,00,A01
201100034088,0,07,000,00,2,1,01,B01
201100034088,0,07,000,00,2,7,15,A01
201100034089,0,10,000,00,2,5,13,A01
201100034089,0,33,000,00,2,1,01,B01
201100034090,0,07,000,00,2,5,01,B01
201100034090,0,07,000,03,0,1,13,A01
201100034091,0,01,000,00,1,1,01,A01
201100034092,0,01,000,00,2,1,15,A01
201100034092,0,16,000,00,2,8,01,B01
201100034093,0,32,000,00,0,0,01,B01
201100034093,0,07,000,00,0,0,15,A01
201100034094,0,07,000,13,0,1,17,A01
201100034095,0,07,000,00,2,3,01,B01
201100034095,0,07,000,00,2,3,01,A01
201100034096,0,07,000,00,2,3,09,A01
201100034096,0,01,000,00,2,1,15,B01
201100034097,0,07,000,13,0,2,01,A01
201100034098,1,02,000,00,1,0,01,A01
201100034099,0,07,000,00,1,2,01,A01
201100034100,0,07,000,00,0,1,01,A01
201100034100,0,07,000,00,0,1,23,B01
201100034101,0,07,000,00,1,1,01,A01
201100034102,0,01,000,00,2,1,01,B01
201100034102,0,07,000,00,2,3,09,A01
201100034103,0,30,000,00,2,1,01,A01
201100034103,0,07,000,00,0,4,01,B01
201100034104,0,07,000,00,2,1,01,B01
201100034104,0,30,000,00,2,7,15,A01
201100034105,0,07,000,13,0,9,01,A01
201100034106,0,01,000,12,0,2,01,A01
201100034107,0,07,000,00,1,1,01,A01
201100034108,0,07,000,00,2,1,01,A01
201100034108,0,07,000,00,2,1,23,B01
201100034108,0,07,000,00,0,4,23,C01
201100034109,0,07,000,00,2,1,01,B01
201100034109,0,07,000,00,2,4,23,C01
201100034109,0,07,000,00,2,1,01,A01
201100034110,0,07,000,00,2,4,01,B01
201100034110,0,07,000,00,2,1,01,A01
201100034111,0,07,000,08,0,1,01,A01
201100034112,0,07,000,00,2,2,01,A01
201100034112,0,07,000,00,2,1,01,B01
201100034113,0,07,000,00,2,2,01,A01
201100034113,0,07,000,00,2,3,01,B01
201100034114,0,07,000,06,0,1,01,A01
201100034115,0,07,000,00,2,1,15,A01
201100034115,0,02,000,00,2,3,01,B01
201100034116,0,07,000,00,2,8,01,B01
201100034116,0,07,000,00,2,1,01,A01
201100034117,0,15,000,00,0,7,01,A01
201100034118,0,07,000,06,0,1,01,A01
201100034119,0,07,000,00,2,4,01,B01
201100034119,0,07,000,00,2,1,01,A01
201100034120,0,07,000,00,1,1,01,A01
201100034121,0,07,000,13,0,2,09,A01
201100034122,0,02,000,00,0,0,09,A01
201100034123,0,02,000,00,2,7,01,B01
201100034123,0,07,000,00,2,1,15,A01
201100034124,0,02,000,00,0,7,01,A01
201100034125,0,02,000,00,2,7,01,B01
201100034125,0,07,000,00,2,0,09,A01
201100034126,0,03,000,00,2,4,23,B01
201100034126,0,07,000,00,2,1,01,A01
201100034127,0,07,000,00,1,1,15,A01
201100034128,0,07,000,12,0,0,01,A01
201100034129,0,07,000,00,2,2,09,B01
201100034129,0,07,000,00,2,3,09,A01
201100034130,0,07,000,08,0,1,14,A01
201100034131,0,02,000,00,2,1,09,B01
201100034131,0,07,000,00,2,6,09,A01
201100034132,0,30,000,01,0,1,14,A01
201100034133,0,30,000,00,2,1,01,B01
201100034133,0,07,000,00,2,2,15,A01
201100034134,0,02,000,00,2,7,09,B01
201100034134,0,07,000,00,2,0,09,A01
201100034135,0,07,000,00,1,0,01,A01
201100034136,0,07,000,00,2,4,23,B01
201100034136,0,07,000,00,2,4,23,C01
201100034136,0,07,000,00,2,1,01,A01
201100034137,0,01,000,00,0,0,00,A01
201100034138,0,07,000,00,2,5,15,A01
201100034138,0,01,000,00,2,1,01,B01
201100034139,0,02,000,00,0,7,01,A01
201100034140,0,07,000,06,0,1,01,A01
201100034141,0,02,000,11,0,1,00,A01
201100034142,0,01,000,00,2,1,01,A01
201100034142,0,01,000,00,2,1,01,B01
201100034143,0,01,000,00,1,1,01,A01
201100034144,0,37,005,00,2,2,01,B01
201100034144,0,07,000,00,2,8,15,A01
201100034145,0,07,000,00,0,6,16,B01
201100034145,0,02,000,00,2,1,01,A01
201100034146,0,33,000,01,0,7,01,A01
201100034147,0,07,000,00,2,4,01,B01
201100034147,0,07,000,00,2,1,01,A01
201100034147,0,07,000,00,2,4,23,C01
201100034148,0,01,000,00,2,7,01,B01
201100034148,0,07,000,00,2,1,01,A01
201100034149,0,07,000,00,2,3,15,A01
201100034149,0,33,000,00,2,7,01,B01
201100034150,0,30,000,00,0,7,01,A01
201100034151,0,30,000,00,0,8,01,A01
201100034152,0,07,000,10,0,2,01,A01
201100034153,0,02,000,00,0,0,16,A01
201100034154,0,01,000,00,5,0,01,A01
201100034155,0,07,000,00,2,2,01,B01
201100034155,0,07,000,00,2,5,01,A01
201100034156,0,07,000,00,2,1,01,A01
201100034156,0,07,000,00,2,4,23,B01
201100034157,0,07,000,00,2,7,16,A01
201100034157,0,01,000,00,2,1,01,B01
201100034158,0,07,000,00,2,3,01,B01
201100034158,0,07,000,00,2,1,01,A01
201100034159,0,07,000,06,0,1,01,A01
201100034160,0,07,000,00,2,3,15,A01
201100034160,0,01,000,00,2,1,23,B01
201100034161,0,33,000,00,0,7,01,A01
201100034162,0,02,000,00,2,2,01,A01
201100034162,0,07,000,00,2,3,01,B01
201100034163,0,07,000,00,2,5,15,A01
201100034163,0,07,000,00,2,2,01,B01
201100034164,1,07,000,00,1,1,01,Z01
201100034165,0,01,000,00,0,1,01,B01
201100034165,0,07,000,00,2,7,22,A01
201100034166,0,07,000,00,2,5,01,A01
201100034166,0,07,000,00,2,3,01,B01
201100034167,0,07,000,00,2,8,01,B01
201100034167,0,07,000,01,2,3,01,A01
201100034168,0,02,000,00,2,1,02,A01
201100034168,0,07,000,00,0,5,02,B01
201100034169,0,07,000,00,2,3,20,A01
201100034169,0,02,000,00,2,1,01,B01
201100034170,0,02,000,11,0,1,01,A01
201100034171,0,01,000,00,0,0,01,A01
201100034172,0,30,000,00,2,8,01,B01
201100034172,0,07,000,00,2,1,01,A01
201100034173,0,02,000,00,0,0,01,A01
201100034174,0,20,000,00,2,1,01,B01
201100034174,0,07,000,00,2,1,01,A01
201100034175,0,07,000,00,1,1,01,A01
201100034176,0,07,000,00,2,0,01,A01
201100034176,0,33,000,00,2,7,01,B01
201100034177,0,07,000,07,0,1,01,A01
201100034178,0,02,000,00,0,7,01,A01
201100034179,0,07,000,11,0,1,06,A01
201100034180,0,07,000,01,0,3,01,A01
201100034181,0,07,000,00,2,1,01,A01
201100034181,0,07,000,00,0,4,01,B01
201100034182,0,07,000,01,0,8,01,A01
201100034183,0,01,000,01,0,7,01,A01
201100034184,0,07,000,00,0,4,15,B01
201100034184,0,30,000,00,2,1,01,A01
201100034185,0,07,000,00,1,7,01,A01
201100034186,0,07,000,00,2,2,01,B01
201100034186,0,01,000,00,2,1,00,A01
201100034187,0,07,000,03,0,2,14,A01
201100034188,0,07,000,14,0,0,00,A01
201100034189,0,30,000,00,0,0,00,A01
201100034190,0,37,003,00,2,3,01,B01
201100034190,0,07,000,00,2,2,19,A01
201100034191,0,07,000,06,0,7,00,A01
201100034192,0,07,000,00,2,1,02,A01
201100034192,0,07,000,00,0,4,23,B01
201100034193,0,07,000,00,2,1,02,A01
201100034193,0,07,000,00,0,4,02,B01
201100034194,0,02,000,00,0,7,15,A01
201100034195,0,36,000,07,0,7,00,A01
201100034196,0,07,000,00,2,4,01,B01
201100034196,0,07,000,00,2,1,02,A01
201100034197,0,01,000,00,2,5,01,B01
201100034197,0,07,000,00,2,1,01,A01
201100034198,0,07,000,00,2,1,01,B01
201100034198,0,07,000,00,2,1,01,A01
201100034199,0,07,000,06,2,1,01,A01
201100034199,0,33,000,00,2,1,01,B01
201100034200,0,07,000,00,2,6,01,B01
201100034200,0,33,000,00,2,1,01,A01
201100034201,0,30,000,12,0,8,01,A01
201100034202,0,07,000,06,2,1,01,B01
201100034202,0,07,000,00,2,7,01,A01
201100034203,0,30,000,00,2,1,01,A01
201100034203,0,07,000,00,2,6,00,B01
201100034204,0,07,000,00,2,1,01,A01
201100034204,0,37,001,00,2,3,01,B01
201100034205,0,07,000,01,1,1,01,A01
201100034206,0,07,000,00,2,3,01,A01
201100034206,0,07,000,00,2,1,01,B01
201100034207,0,07,000,00,2,2,01,A01
201100034207,0,07,000,00,2,3,01,B01
201100034208,0,07,000,00,2,4,23,B01
201100034208,0,07,000,00,2,1,01,A01
201100034209,0,99,000,00,1,4,04,A01
201100034210,0,07,000,00,2,1,01,A01
201100034210,0,07,000,00,2,4,23,B01
201100034211,0,07,000,00,1,1,01,A01
201100034212,0,07,000,00,2,2,01,A01
201100034212,0,07,000,00,2,3,01,B01
201100034213,0,07,000,06,1,1,01,A01
201100034214,0,07,000,00,2,7,15,B01
201100034214,0,30,000,00,2,1,18,A01
201100034215,0,30,000,01,0,1,01,A01
201100034216,0,01,000,00,2,3,01,B01
201100034216,0,07,000,00,2,7,16,A01
201100034217,0,02,000,00,0,0,01,A01
201100034218,0,01,000,00,2,1,01,B01
201100034218,0,07,000,00,2,2,01,A01
201100034219,0,07,000,00,2,7,01,A01
201100034219,0,01,000,00,2,8,01,B01
201100034220,0,30,000,00,2,8,01,A01
201100034220,0,07,000,00,2,1,01,B01
201100034221,0,01,000,00,2,1,19,B01
201100034221,0,07,000,00,2,1,01,A01
201100034222,0,02,000,00,2,1,01,B01
201100034222,0,37,000,00,2,2,01,A01
201100034223,0,07,000,00,2,1,01,A01
201100034223,0,07,000,00,2,4,01,B01
201100034224,0,30,000,00,0,0,01,A01
201100034225,0,07,000,00,2,7,01,B01
201100034225,0,07,000,00,2,3,01,A01
201100034226,0,30,000,00,0,8,01,A01
201100034227,0,33,000,12,0,0,01,A01
201100034228,0,07,000,00,2,5,01,B01
201100034228,0,02,000,00,2,1,01,A01
201100034229,0,07,000,00,0,0,01,A01
201100034230,0,07,000,00,2,1,01,A01
201100034230,0,07,000,00,2,3,01,B01
201100034231,0,07,000,00,2,1,01,B01
201100034231,0,07,000,00,2,1,01,A01
201100034232,0,07,000,00,9,7,16,A01
201100034232,0,37,001,00,2,0,08,B01
201100034233,0,07,000,00,2,0,02,C01
201100034233,0,07,000,00,2,0,02,A01
201100034233,0,07,000,00,2,1,02,B01
201100034233,0,07,000,00,2,4,02,D01
201100034233,0,07,000,00,2,0,02,E01
201100034234,0,07,000,00,2,3,15,A01
201100034234,0,30,000,00,2,1,01,B01
201100034235,0,02,000,00,2,0,00,A01
201100034235,0,07,000,00,0,0,00,B01
201100034236,0,07,000,00,2,1,01,B01
201100034236,0,01,000,00,2,1,16,A01
201100034237,0,07,000,00,2,1,01,B01
201100034237,0,10,000,00,2,1,10,A01
201100034238,0,01,000,00,2,1,00,A01
201100034238,0,07,000,00,2,0,01,B01
201100034239,0,02,000,00,2,1,17,A01
201100034239,0,07,000,00,2,0,00,B01
201100034240,0,07,000,00,2,3,01,B01
201100034240,0,07,000,00,2,2,01,A01
201100034241,0,30,000,00,5,0,01,B01
201100034242,0,07,000,00,2,1,01,B01
201100034242,0,07,000,00,2,2,01,A01
201100034243,0,07,000,00,2,4,01,B01
201100034243,0,07,000,00,2,4,01,C01
201100034243,0,07,000,00,2,1,01,A01
201100034244,0,07,000,00,2,5,15,B01
201100034244,0,30,000,00,2,5,18,A01
201100034245,0,02,000,00,2,1,01,A01
201100034245,0,07,000,00,2,1,00,B01
201100034246,0,07,000,00,1,0,04,A01
201100034247,0,07,000,00,0,9,00,A01
201100034248,0,07,000,00,2,7,00,A01
201100034248,0,30,000,00,2,8,01,B01
201100034249,0,07,000,00,2,1,01,B01
201100034249,0,07,000,00,2,0,05,A01
201100034250,0,33,000,00,0,0,00,A01
201100034251,0,30,000,00,0,8,01,A01
201100034252,0,07,000,00,2,2,01,A01
201100034252,0,07,000,00,2,1,01,B01
201100034252,0,07,000,00,2,1,01,C01
201100034253,0,02,000,00,0,0,01,A01
201100034254,0,07,000,00,2,3,01,A01
201100034254,0,33,000,00,2,7,01,B01
201100034255,0,07,000,00,1,4,04,A01
201100034256,0,07,000,00,2,4,01,B01
201100034256,0,07,000,00,2,1,01,A01
201100034257,0,33,000,00,0,1,01,A01
201100034258,0,01,000,00,2,4,01,B01
201100034258,0,07,000,00,2,1,01,A01
201100034259,0,07,000,00,2,7,01,B01
201100034259,0,07,000,00,2,1,00,A01
201100034260,0,07,000,00,0,0,15,A01
201100034261,0,30,000,00,0,0,01,A01
201100034262,0,07,000,00,2,8,00,B01
201100034262,0,02,000,00,2,1,17,A01
201100034263,0,07,000,00,1,0,01,A01
201100034264,0,07,000,00,1,1,01,A01
201100034265,0,07,000,00,1,1,15,A01
201100034266,0,07,000,07,0,1,16,A01
201100034267,0,07,000,00,2,0,01,A01
201100034267,0,30,000,00,0,4,23,B01
201100034268,0,02,000,00,2,1,02,A01
201100034268,0,07,000,00,0,4,02,B01
201100034269,0,07,000,01,0,2,13,A01
201100034270,0,07,000,00,2,2,00,A01
201100034270,0,01,000,00,2,0,00,B01
201100034271,0,01,000,00,2,1,01,B01
201100034271,0,07,000,00,2,0,15,A01
201100034272,0,07,000,00,2,2,24,A01
201100034272,0,01,000,01,0,2,01,B01
201100034273,0,07,000,00,2,3,01,B01
201100034273,0,02,000,00,2,1,15,A01
201100034274,0,01,000,00,2,1,01,B01
201100034274,0,07,000,00,2,3,09,A01
201100034275,0,07,000,00,0,4,02,B01
201100034275,0,07,000,00,2,1,01,A01
201100034276,0,07,000,01,0,1,00,A01
201100034277,0,37,001,00,2,3,00,B01
201100034277,0,07,000,00,2,0,00,A01
201100034277,0,07,000,00,2,1,00,C01
201100034277,0,07,000,03,2,1,00,E01
201100034277,0,07,000,00,2,0,00,F02
201100034277,0,07,000,03,2,1,00,D01
201100034278,0,02,000,12,0,0,00,A01
201100034279,0,07,000,08,2,1,15,A01
201100034279,0,07,000,00,2,5,01,B01
201100034280,0,30,000,00,0,0,14,A01
201100034281,0,02,000,00,2,6,23,B01
201100034281,1,07,000,00,2,1,01,Z01
201100034282,0,07,000,00,2,3,22,A01
201100034282,0,01,000,00,2,1,01,B01
201100034283,0,07,000,00,1,2,01,A01
201100034284,0,33,000,12,0,1,00,A01
201100034285,0,01,000,00,0,0,00,A01
201100034286,0,07,000,00,1,1,15,A01
201100034287,1,07,000,00,2,1,02,Z01
201100034287,0,07,000,03,0,4,02,A01
201100034288,0,02,000,01,0,0,00,A01
201100034289,0,07,000,00,2,1,01,B01
201100034289,0,01,000,00,2,8,09,A01
201100034290,0,07,000,06,0,2,00,A01