Num_Acc,senc,catv,occutc,obs,obsm,choc,manv,num_veh
201100034291,0,01,000,00,0,1,01,A01
201100034292,0,07,000,00,2,3,01,A01
201100034292,0,01,000,01,0,0,00,B01
201100034293,0,33,000,00,2,7,01,B01
201100034293,0,07,000,00,2,0,09,A01
201100034294,0,07,000,00,2,6,01,B01
201100034294,0,07,000,00,2,1,01,A01
201100034295,0,07,000,00,2,4,02,C01
201100034295,0,07,000,00,2,1,02,A01
201100034295,0,07,000,00,2,9,02,B01
201100034296,0,07,000,11,0,2,13,A01
201100034297,0,01,000,00,1,1,17,A01
201100034298,0,02,000,12,0,0,00,A01
201100034299,0,02,000,00,2,0,15,B01
201100034299,0,07,000,00,2,1,00,A01
201100034300,0,02,000,00,0,8,01,A01
201100034301,0,07,000,00,0,0,01,A01
201100034302,0,01,000,00,2,1,01,B01
201100034302,0,07,000,00,2,2,09,A01
201100034303,0,07,000,00,2,6,15,A01
201100034303,0,02,000,00,2,8,01,B01
201100034304,0,07,000,00,2,8,24,C01
201100034304,0,07,000,00,2,3,15,B01
201100034304,0,02,000,00,2,7,01,A01
201100034305,0,20,000,00,2,5,15,A01
201100034305,0,33,000,00,2,2,01,B01
201100034306,0,07,000,00,0,1,01,A01
201100034307,0,07,000,00,2,4,01,B01
201100034307,0,02,000,00,2,1,02,A01
201100034308,0,02,000,13,0,9,01,A01
201100034309,0,02,000,00,2,0,18,A01
201100034309,0,07,000,00,2,0,16,B01
201100034310,0,33,000,00,2,1,01,B01
201100034310,0,07,000,00,2,5,15,A01
201100034311,0,07,000,00,2,1,01,A01
201100034311,0,02,000,00,2,7,09,B01
201100034312,0,31,000,00,2,7,02,B01
201100034312,0,07,000,00,2,3,02,A01
201100034313,0,02,000,00,0,0,00,A01
201100034314,0,07,000,00,1,1,01,A01
201100034315,0,02,000,08,0,0,01,A01
201100034316,0,02,000,00,0,0,01,A01
201100034317,0,07,000,00,2,4,01,B01
201100034317,0,07,000,00,2,1,01,A01
201100034318,0,07,000,03,0,0,00,A01
201100034319,0,02,000,00,2,0,01,A01
201100034319,0,07,000,00,2,3,00,B01
201100034320,0,02,000,00,0,0,00,A01
201100034321,0,07,000,00,2,0,02,A01
201100034321,0,07,000,00,2,0,02,B01
201100034321,0,07,000,00,2,0,00,C01
201100034322,0,07,000,00,2,0,01,B01
201100034322,0,02,000,00,2,0,00,A01
201100034323,0,02,000,00,2,1,01,B01
201100034323,0,07,000,00,2,3,20,A01
201100034324,0,02,000,00,2,1,01,B01
201100034324,0,07,000,00,2,8,20,A01
201100034325,0,07,000,00,2,4,01,B01
201100034325,0,07,000,00,2,1,01,A01
201100034326,0,07,000,00,1,1,16,A01
201100034327,0,07,000,00,2,1,13,A01
201100034327,0,07,000,00,2,3,01,B01
201100034328,0,07,000,00,2,6,24,B01
201100034328,0,07,000,00,2,2,14,C01
201100034328,0,07,000,01,2,2,21,A01
201100034329,0,02,000,00,2,3,01,B01
201100034329,0,07,000,00,2,0,15,A01
201100034330,0,02,000,00,2,1,18,A01
201100034330,0,07,000,00,2,1,15,B01
201100034331,0,07,000,00,2,1,01,A01
201100034331,0,07,000,00,0,4,01,B01
201100034332,0,37,001,00,2,2,01,B01
201100034332,0,07,000,00,2,3,01,A01
201100034333,0,07,000,00,2,2,15,A01
201100034333,0,02,000,00,2,1,01,B01
201100034334,1,02,000,01,0,8,00,Z01
201100034335,0,07,000,00,0,2,01,A01
201100034336,0,02,000,00,1,1,01,A01
201100034337,0,02,000,00,0,0,01,A01
201100034338,1,07,000,00,1,0,00,Z01
201100034339,0,02,000,00,0,0,01,A01
201100034340,0,07,000,00,1,1,01,A01
201100034341,0,01,000,00,1,1,01,A01
201100034342,0,07,000,00,2,7,01,A01
201100034342,0,07,000,00,2,3,01,B01
201100034343,0,07,000,13,0,1,01,A01
201100034344,0,07,000,00,2,3,01,B01
201100034344,0,07,000,00,2,1,06,A01
201100034345,0,07,000,00,2,1,01,A01
201100034345,0,07,000,00,2,3,01,B01
201100034346,0,07,000,00,1,4,04,A01
201100034347,0,02,000,12,0,1,14,A01
201100034348,0,02,000,00,1,0,00,A01
201100034349,0,07,000,00,2,3,20,A01
201100034349,0,02,000,00,2,1,01,B01
201100034350,0,07,000,00,2,8,01,B01
201100034350,0,07,000,00,2,2,01,A01
201100034351,0,07,000,00,2,3,01,B01
201100034351,0,07,000,00,2,1,15,A01
201100034352,0,07,000,00,1,1,01,A01
201100034353,0,07,000,00,1,1,01,A01
201100034354,0,07,000,00,2,4,01,A01
201100034354,0,02,000,00,2,1,01,B01
201100034355,0,07,000,00,1,2,01,A01
201100034356,0,33,000,00,0,0,01,A01
201100034357,0,07,000,00,2,4,01,B01
201100034357,0,07,000,00,2,1,01,A01
201100034358,0,07,000,00,9,1,01,A01
201100034358,0,01,000,00,2,0,19,B01
201100034359,0,07,000,00,2,1,01,B01
201100034359,0,07,000,00,2,8,20,A01
201100034360,0,07,000,00,1,3,01,A01
201100034361,0,30,000,00,1,1,01,A01
201100034362,0,07,000,00,2,3,01,A01
201100034362,0,02,000,00,2,3,02,B01
201100034363,0,07,000,00,2,1,01,A01
201100034363,0,07,000,00,2,4,01,B01
201100034364,0,02,000,09,0,0,00,A01
201100034365,0,07,000,00,2,4,23,B01
201100034365,0,02,000,00,2,1,01,A01
201100034366,0,07,000,00,2,4,23,C01
201100034366,0,07,000,00,2,4,23,B01
201100034366,0,07,000,00,2,1,01,A01
201100034367,0,02,000,00,0,0,02,A01
201100034368,0,07,000,00,2,1,01,A01
201100034368,0,02,000,00,2,8,01,B01
201100034369,0,07,000,08,0,1,14,A01
201100034370,0,07,000,00,0,1,00,A01
201100034371,0,03,000,07,0,1,14,A01
201100034372,0,07,000,00,2,1,00,B01
201100034372,0,07,000,00,2,7,00,A01
201100034373,0,02,000,00,0,0,01,A01
201100034374,0,07,000,00,0,1,01,A01
201100034375,0,07,000,00,0,0,01,A01
201100034376,0,07,000,00,2,6,15,B01
201100034376,0,07,000,00,2,1,01,A01
201100034377,0,07,000,00,2,3,01,B01
201100034377,0,07,000,00,2,7,15,A01
201100034378,0,07,000,00,1,4,04,A01
201100034379,0,07,000,00,2,1,02,A01
201100034379,0,07,000,00,2,4,02,B01
201100034380,0,07,000,00,2,8,14,A01
201100034380,0,30,000,00,2,1,01,B01
201100034381,0,07,000,00,1,1,01,A01
201100034382,0,07,000,00,2,4,02,B01
201100034382,0,33,000,00,2,1,02,A01
201100034383,0,07,000,00,2,8,01,A01
201100034383,0,01,000,00,2,8,19,B01
201100034384,0,07,000,00,1,1,01,A01
201100034385,0,07,000,00,1,1,01,A01
201100034386,0,07,000,00,2,1,01,B01
201100034386,0,07,000,00,2,1,13,A01
201100034387,0,07,000,00,2,7,15,A01
201100034387,0,33,000,00,2,1,01,B01
201100034388,0,07,000,00,1,2,01,A01
201100034389,0,07,000,00,2,1,02,A01
201100034389,0,07,000,00,2,4,02,B01
201100034390,0,33,000,00,2,1,17,B01
201100034390,0,07,000,00,2,3,15,A01
201100034391,0,10,000,00,1,1,01,A01
201100034391,0,07,000,00,2,4,01,B01
201100034392,0,07,000,00,2,4,02,B01
201100034392,0,07,000,00,2,1,02,A01
201100034393,0,02,000,11,0,1,17,A01
201100034394,0,10,000,15,0,1,06,A01
201100034395,0,14,000,00,2,0,17,A01
201100034395,0,01,000,00,2,0,01,B01
201100034396,0,03,000,13,0,2,01,A01
201100034397,0,07,000,00,2,1,02,D01
201100034397,0,07,000,00,2,1,02,C01
201100034397,0,07,000,00,2,1,02,B01
201100034397,0,07,000,00,0,4,02,A01
201100034398,0,02,000,00,9,1,17,A01
201100034398,0,01,000,00,2,8,01,B01
201100034399,0,07,000,00,2,3,23,B01
201100034399,0,33,000,14,0,1,17,A01
201100034400,1,07,000,00,2,6,01,Z01
201100034400,0,37,002,00,2,2,15,A01
201100034401,0,10,000,00,2,1,01,A01
201100034401,0,07,000,00,2,4,01,B01
201100034402,0,07,000,00,1,1,01,A01
201100034403,0,30,000,00,2,0,18,B01
201100034403,0,07,000,00,2,0,16,A01
201100034404,0,07,000,13,0,9,01,A01
201100034405,0,07,000,00,2,1,09,A01
201100034405,0,07,000,00,2,7,21,B01
201100034406,0,07,000,00,2,8,18,A01
201100034406,0,02,000,00,2,7,01,B01
201100034407,0,07,000,00,1,1,01,A01
201100034408,0,02,000,00,2,8,00,B01
201100034408,0,07,000,00,0,0,00,A01
201100034409,0,07,000,00,9,6,23,B01
201100034409,0,01,000,00,2,1,01,A01
201100034410,0,01,000,00,1,0,00,A01
201100034411,0,07,000,00,2,1,01,B01
201100034411,0,07,000,00,2,8,19,A01
201100034412,0,07,000,00,2,4,02,B01
201100034412,0,10,000,00,2,1,02,A01
201100034413,0,30,000,08,0,8,01,A01
201100034414,0,07,000,07,0,1,13,A01
201100034415,0,01,000,00,2,4,11,A01
201100034415,0,33,000,00,2,1,01,B01
201100034416,0,07,000,00,2,3,15,A01
201100034416,0,33,000,00,2,1,01,B01
201100034417,0,07,000,00,2,3,01,B01
201100034417,0,07,000,00,2,1,19,A01
201100034418,1,33,000,00,1,1,01,Z01
201100034419,0,07,000,00,2,1,01,B01
201100034419,0,02,000,00,2,8,05,A01
201100034420,0,07,000,00,2,1,15,A01
201100034420,0,07,000,00,2,1,01,B01
201100034421,0,07,000,00,2,4,02,B01
201100034421,0,07,000,00,2,1,02,A01
201100034421,0,07,000,00,2,4,02,C01
201100034422,0,07,000,00,1,1,01,A01
201100034423,0,07,000,00,1,3,01,A01
201100034424,0,07,000,00,2,1,21,A01
201100034424,0,01,000,00,2,1,21,B01
201100034425,0,07,000,00,2,8,15,A01
201100034425,0,07,000,00,2,3,01,B01
201100034426,0,07,000,00,2,1,01,B01
201100034426,0,07,000,00,2,1,15,A01
201100034427,0,31,000,12,0,7,14,A01
201100034428,0,37,002,00,1,0,01,A01
201100034429,0,07,000,00,2,1,01,B01
201100034429,0,01,000,00,2,4,09,A01
201100034430,0,07,000,00,1,1,01,A01
201100034431,0,20,000,00,2,9,01,C01
201100034431,0,07,000,00,2,6,09,A01
201100034431,0,15,000,00,2,2,01,B01
201100034432,1,07,000,00,2,0,00,Z01
201100034432,0,02,000,00,2,1,01,B01
201100034433,1,07,000,00,1,0,01,Z01
201100034434,0,07,000,00,2,4,02,B01
201100034434,0,02,000,14,2,1,02,A01
201100034435,0,30,000,00,2,0,01,B01
201100034435,1,07,000,00,2,0,09,Z01
201100034436,0,07,000,00,2,1,02,A01
201100034436,0,07,000,00,2,4,01,B01
201100034437,0,07,000,00,1,3,01,A01
201100034438,0,07,000,00,2,3,00,B01
201100034438,0,07,000,14,2,1,06,A01
201100034439,0,07,000,00,1,2,16,A01
201100034440,0,07,000,00,2,4,01,B01
201100034440,0,07,000,00,2,1,01,A01
201100034441,0,07,000,00,1,2,01,A01
201100034442,0,30,000,00,2,7,01,B01
201100034442,1,10,000,00,2,3,09,Z01
201100034443,1,07,000,00,1,1,00,Z01
201100034444,0,07,000,00,1,2,01,A01
201100034445,0,02,000,00,2,1,01,B01
201100034445,0,07,000,00,2,6,19,A01
201100034446,0,07,000,00,1,1,01,A01
201100034447,0,07,000,00,2,4,02,B01
201100034447,0,07,000,00,2,1,02,A01
201100034448,0,07,000,00,2,1,15,A01
201100034448,0,01,000,00,2,9,01,B01
201100034449,0,07,000,00,2,1,02,A01
201100034449,0,07,000,00,2,4,02,B01
201100034450,0,07,000,16,0,0,01,A01
201100034451,0,30,000,00,2,1,01,A01
201100034451,0,07,000,00,2,4,01,B01
201100034452,0,07,000,00,2,4,02,C01
201100034452,0,07,000,00,2,4,02,B01
201100034452,0,10,000,00,2,1,02,A01
201100034453,0,07,000,00,2,4,16,B01
201100034453,0,10,000,00,2,1,01,A01
201100034454,0,07,000,00,2,2,05,B01
201100034454,0,33,000,00,0,0,14,A01
201100034455,0,07,000,00,2,8,13,A01
201100034455,0,30,000,00,2,1,17,B01
201100034456,0,10,000,00,9,4,01,A01
201100034456,0,07,000,00,2,4,01,B01
201100034457,0,07,000,00,2,1,02,A01
201100034457,0,33,000,00,2,4,00,B01
201100034458,0,10,000,00,2,8,24,A01
201100034458,0,01,000,00,2,1,01,B01
201100034459,0,01,000,00,2,1,09,A01
201100034459,0,07,000,00,9,7,01,B01
201100034460,0,07,000,00,1,4,04,A01
201100034461,1,07,000,00,1,1,01,Z01
201100034462,0,07,000,00,2,1,02,B01
201100034462,0,07,000,00,2,4,02,A01
201100034463,0,07,000,00,2,4,02,A01
201100034463,0,07,000,00,0,4,02,C01
201100034463,0,07,000,00,2,4,02,B01
201100034464,0,07,000,00,9,3,01,A01
201100034464,0,01,000,00,2,1,01,B01
201100034465,0,07,000,00,2,4,02,B01
201100034465,0,07,000,00,2,0,02,A01
201100034465,0,07,000,00,2,1,02,C01
201100034466,0,30,000,00,2,8,02,A01
201100034466,0,07,000,00,2,7,02,B01
201100034467,1,07,000,00,1,3,01,Z01
201100034468,0,07,000,00,2,1,02,A01
201100034469,0,10,000,00,2,1,02,A01
201100034469,0,07,000,00,2,4,02,C01
201100034469,0,07,000,00,2,4,02,B01
201100034470,0,07,000,00,2,1,01,B01
201100034470,0,07,000,00,2,1,15,A01
201100034471,0,07,000,00,1,1,02,A01
201100034472,0,07,000,05,2,3,21,B01
201100034472,0,07,000,00,2,1,20,A01
201100034473,0,07,000,00,1,3,15,A01
201100034474,0,07,000,00,9,8,09,A01
201100034474,0,02,000,00,2,1,02,B01
201100034475,0,07,000,00,2,8,13,B01
201100034475,0,10,000,00,2,2,17,A01
201100034476,0,33,000,16,0,0,01,A01
201100034477,0,10,000,00,2,7,15,A01
201100034477,0,02,000,00,2,1,01,B01
201100034478,0,33,000,00,2,1,15,B01
201100034478,0,07,000,00,2,3,15,A01
201100034479,0,07,000,00,2,8,01,A01
201100034479,0,07,000,00,2,2,15,B01
201100034480,0,07,000,01,2,1,16,A01
201100034480,0,07,000,06,2,8,01,B01
201100034481,0,07,000,00,1,2,01,A01
201100034482,0,07,000,00,0,1,02,B01
201100034482,0,07,000,00,0,1,13,A01
201100034483,0,07,000,00,0,1,01,A01
201100034484,0,33,000,06,2,1,17,B01
201100034484,0,07,000,00,2,8,15,A01
201100034485,0,33,000,00,2,2,01,B01
201100034485,0,07,000,00,2,5,19,A01
201100034486,0,07,000,00,1,1,01,A01
201100034487,0,07,000,00,1,4,04,A01
201100034488,0,07,000,00,1,2,01,A01
201100034489,0,07,000,00,1,1,16,A01
201100034490,0,07,000,00,2,3,05,A01
201100034490,0,07,000,00,2,3,21,B01
201100034491,0,07,000,01,0,2,01,A01
201100034492,0,33,000,00,2,1,21,B01
201100034492,0,07,000,00,2,1,15,A01
201100034493,0,07,000,00,0,1,01,A01
201100034494,0,33,000,00,2,1,15,A01
201100034494,0,07,000,00,0,3,15,B01
201100034495,0,33,000,00,2,1,01,B01
201100034495,0,07,000,00,2,2,15,A01
201100034496,0,07,000,00,2,2,01,B01
201100034496,0,07,000,00,2,1,00,A01
201100034497,0,33,000,00,2,1,13,A01
201100034497,0,10,000,00,2,3,01,C01
201100034497,0,10,000,00,2,6,01,B01
201100034498,0,07,000,00,2,6,20,B01
201100034498,0,07,000,00,2,2,02,A01
201100034499,1,07,000,00,1,1,01,Z01
201100034500,0,33,000,00,2,7,02,B01
201100034500,0,07,000,00,2,1,15,A01
201100034501,0,07,000,00,1,3,01,A01
201100034502,0,07,000,00,2,7,01,A01
201100034502,0,07,000,00,2,1,01,B01
201100034503,0,10,000,00,0,0,13,A01
201100034503,0,33,000,00,0,0,01,B01
201100034504,0,01,000,00,2,7,01,B01
201100034504,0,07,000,00,2,3,15,A01
201100034505,0,14,000,00,1,0,01,A01
201100034506,0,07,000,00,1,4,04,A01
201100034507,0,07,000,00,1,1,02,A01
201100034508,0,07,000,00,2,1,16,A01
201100034508,0,07,000,00,2,3,01,B01
201100034509,0,10,000,00,9,1,00,B01
201100034509,0,07,000,15,0,2,15,A01
201100034510,0,02,000,00,2,1,02,A01
201100034510,0,07,000,00,2,4,02,B01
201100034511,0,07,000,00,1,2,01,A01
201100034512,0,07,000,00,2,1,01,B01
201100034512,0,07,000,00,2,1,13,A01
201100034513,0,07,000,00,1,1,16,A01
201100034514,0,07,000,00,1,1,01,A01
201100034515,0,07,000,00,1,1,15,A01
201100034516,0,07,000,00,1,1,01,A01
201100034517,0,07,000,16,0,9,14,A01
201100034518,0,07,000,00,1,1,15,A01
201100034519,0,07,000,00,1,3,01,A01
201100034520,0,07,000,00,1,0,00,A01
201100034521,0,99,000,00,2,7,01,B01
201100034521,0,07,000,00,2,1,01,A01
201100034522,0,07,000,07,0,1,01,A01
201100034523,0,07,000,15,0,1,13,A01
201100034524,0,07,000,00,1,1,15,A01
201100034525,0,07,000,00,2,1,01,B01
201100034525,0,07,000,00,2,1,13,A01
201100034525,0,07,000,09,0,2,01,C01
201100034526,0,31,000,00,2,2,17,A01
201100034526,0,07,000,00,2,8,15,B01
201100034527,0,07,000,00,2,3,01,C01
201100034527,0,07,000,00,2,1,01,A01
201100034527,0,07,000,00,2,4,01,B01
201100034528,0,02,000,00,2,1,01,B01
201100034528,0,07,000,00,2,3,09,A01
201100034529,0,01,000,00,2,1,01,B01
201100034529,0,07,000,00,2,3,09,A01
201100034530,0,07,000,00,1,1,01,A01
201100034531,0,07,000,00,1,7,01,A01
201100034532,0,07,000,00,1,0,01,A01
201100034533,0,07,000,00,1,1,01,B01
201100034533,0,01,000,00,2,1,17,A01
201100034534,0,33,000,00,2,1,01,B01
201100034534,0,07,000,00,2,2,00,A01
201100034535,0,07,000,00,2,3,15,A01
201100034535,0,07,000,00,2,1,01,B01
201100034536,0,07,000,00,2,4,01,B01
201100034536,0,33,000,00,2,1,01,A01
201100034537,0,07,000,00,1,1,15,A01
201100034538,0,10,000,00,2,3,09,A01
201100034538,0,33,000,00,2,2,01,B01
201100034539,0,37,001,00,1,7,01,A01
201100034540,0,33,000,00,2,1,01,B01
201100034540,0,10,000,00,2,2,20,A01
201100034541,0,31,000,00,2,8,18,A01
201100034541,0,07,000,00,2,2,16,B01
201100034542,0,32,000,00,2,1,01,B01
201100034542,0,07,000,00,2,1,15,A01
201100034543,0,07,000,00,2,1,09,A01
201100034543,0,34,000,00,1,1,00,B01
201100034544,0,02,000,00,2,3,01,B01
201100034544,0,07,000,00,2,3,09,A01
201100034545,0,07,000,00,2,6,09,A01
201100034545,0,31,000,00,2,0,01,B01
201100034546,0,07,000,00,2,2,01,B01
201100034546,0,33,000,00,2,1,09,A01
201100034547,0,07,000,00,1,1,01,B01
201100034547,0,07,000,00,2,8,09,A01
201100034548,0,07,000,00,1,1,01,A01
201100034549,0,07,000,00,2,1,01,B01
201100034549,0,07,000,00,2,2,15,A01
201100034550,0,07,000,00,1,3,01,A01
201100034551,0,07,000,00,2,3,11,A01
201100034551,0,07,000,00,2,2,01,B01
201100034552,1,30,000,00,1,1,00,Z01
201100034553,0,07,000,00,5,1,01,A01
201100034554,0,02,000,01,0,1,00,A01
201100034555,0,07,000,00,2,4,01,B01
201100034555,0,33,000,00,2,1,02,A01
201100034556,0,07,000,00,2,1,02,B01
201100034556,0,07,000,00,9,2,01,A01
201100034557,0,07,000,02,0,1,01,A01
201100034558,0,33,000,03,0,8,02,A01
201100034559,0,07,000,00,1,1,02,A01
201100034560,0,10,000,03,2,7,02,B01
201100034560,0,07,000,00,2,2,09,A01
201100034561,0,07,000,00,2,4,01,B01
201100034561,0,30,000,00,2,1,02,A01
201100034562,0,07,000,08,0,1,02,A01
201100034563,0,07,000,00,2,5,15,A01
201100034563,0,02,000,00,2,1,02,B01
201100034564,1,07,000,00,1,2,00,A01
201100034565,2,07,000,00,1,2,01,A01
201100034566,0,07,000,00,1,2,15,A01
201100034567,0,10,000,00,2,8,01,B01
201100034567,0,07,000,06,2,1,01,A01
201100034567,0,02,000,00,2,1,23,C01
201100034568,0,07,000,00,1,3,01,A01
201100034568,0,37,004,00,1,3,01,B01
201100034569,0,07,000,00,1,3,01,A01
201100034570,0,01,000,00,2,1,01,B01
201100034570,0,07,000,00,9,1,15,A01
201100034571,1,07,000,00,2,0,01,Z01
201100034571,0,01,000,00,2,0,19,B01
201100034572,0,07,000,00,1,1,01,A01
201100034573,0,07,000,03,0,9,01,A01
201100034574,0,07,000,00,2,1,01,B01
201100034574,0,31,000,00,2,1,09,A01
201100034575,0,07,000,00,2,1,13,A01
201100034575,0,07,000,00,2,1,01,B01
201100034576,0,07,000,03,0,1,13,A01
201100034577,0,07,000,00,2,3,09,A01
201100034577,0,31,000,00,2,1,01,B01
201100034578,0,01,000,00,2,1,01,A01
201100034578,0,10,000,00,1,1,01,B01
201100034579,0,07,000,00,2,5,01,A01
201100034579,0,33,000,00,2,1,01,B01
201100034580,0,07,000,00,1,2,02,A01
201100034581,0,07,000,00,1,1,01,A01
201100034582,0,07,000,00,2,1,09,A01
201100034582,0,02,000,00,2,2,01,B01
201100034583,0,07,000,00,2,8,15,A01
201100034583,1,33,000,00,2,1,01,B01
201100034584,0,07,000,00,1,1,01,A01
201100034585,0,07,000,00,2,4,02,B01
201100034585,1,07,000,00,2,1,02,Z01
201100034586,0,07,000,00,2,4,01,B01
201100034586,0,10,000,00,2,2,01,A01
201100034587,0,02,000,00,2,4,01,B01
201100034587,1,07,000,00,2,1,01,Z01
201100034588,0,02,000,00,2,1,01,B01
201100034588,0,07,000,00,2,7,20,A01
201100034588,0,07,000,00,1,3,01,C01
201100034589,0,30,000,01,0,1,01,A01
201100034590,0,07,000,00,1,2,01,A01
201100034591,0,10,000,00,2,1,01,B01
201100034591,0,10,000,00,2,1,01,A01
201100034592,0,07,000,00,2,2,17,A01
201100034592,0,02,000,00,2,1,01,B01
201100034593,0,10,000,00,2,1,01,A01
201100034593,0,07,000,00,2,2,01,B01
201100034594,0,14,000,00,1,0,01,A01
201100034595,0,07,000,00,2,6,00,A01
201100034595,0,30,000,00,2,1,01,B01
201100034596,0,32,000,00,2,1,01,A01
201100034596,0,07,000,00,2,3,09,B01
201100034597,0,10,000,00,2,8,22,A01
201100034597,0,07,000,00,2,2,01,B01
201100034598,0,10,000,00,2,3,22,A01
201100034598,0,01,000,01,0,2,01,B01
201100034599,0,07,000,00,1,2,01,A01
201100034600,0,07,000,00,1,1,01,A01
201100034601,0,07,000,00,1,1,00,A01
201100034602,0,07,000,00,1,2,01,B01
201100034602,0,01,000,00,2,1,19,A01
201100034603,0,07,000,08,2,2,01,B01
201100034603,0,07,000,08,2,1,01,A01
201100034604,0,07,000,07,2,2,01,A01
201100034604,0,07,000,00,2,1,17,B01
201100034605,0,30,000,00,1,1,01,A01
201100034606,0,07,000,00,1,3,00,A01
201100034607,0,07,000,03,0,1,02,A01
201100034608,0,07,000,03,0,9,01,A01
201100034609,0,07,000,00,1,3,15,A01
201100034610,0,07,000,00,0,0,01,B01
201100034610,0,07,000,00,2,1,01,A01
201100034611,0,07,000,00,2,0,01,B01
201100034611,0,10,000,00,2,1,01,A01
201100034611,0,07,000,00,2,4,01,C01
201100034612,0,07,000,00,2,3,01,A01
201100034612,0,07,000,00,2,3,01,B01
201100034613,0,07,000,00,2,1,01,C01
201100034613,0,07,000,00,2,1,01,A01
201100034613,0,07,000,00,2,1,01,B01
201100034614,0,07,000,00,2,1,09,A01
201100034614,0,33,000,00,2,7,09,B01
201100034615,0,33,000,00,2,1,01,B01
201100034615,0,07,000,00,2,2,15,A01
201100034616,0,01,000,00,2,1,01,B01
201100034616,0,07,000,00,9,7,09,A01
201100034617,0,33,000,00,2,1,01,B01
201100034617,0,07,000,00,2,3,09,A01
201100034618,0,07,000,00,2,1,01,B01
201100034618,0,07,000,00,2,1,09,A01
201100034619,0,33,000,00,2,1,01,B01
201100034619,0,07,000,00,2,3,09,A01
201100034620,0,07,000,00,2,3,01,A01
201100034620,0,07,000,00,2,5,00,B01
201100034621,0,07,000,00,1,2,01,A01
201100034622,0,07,000,00,2,1,01,A01
201100034622,0,07,000,00,2,1,01,B01
201100034623,0,07,000,00,2,7,09,A01
201100034623,0,02,000,00,2,1,01,B01
201100034624,0,07,000,00,1,1,01,A01
201100034625,0,07,000,00,1,3,01,A01
201100034626,0,99,000,01,0,1,13,A01
201100034627,0,07,000,00,2,2,01,B01
201100034627,0,07,000,00,2,1,01,A01
201100034628,0,07,000,00,2,2,15,A01
201100034628,0,33,000,00,2,1,01,B01
201100034629,0,02,000,00,2,1,02,A01
201100034629,0,07,000,00,2,6,02,B01
201100034630,0,07,000,00,9,1,00,A01
201100034630,0,02,000,00,2,7,00,B01
201100034631,0,30,000,00,2,1,01,B01
201100034631,0,07,000,00,2,1,20,A01
201100034632,0,07,000,00,0,0,00,A01
201100034633,0,07,000,00,1,1,00,A01
201100034634,0,07,000,00,2,1,15,A01
201100034634,0,07,000,00,2,1,01,B01
201100034635,0,07,000,00,2,1,09,A01
201100034635,0,07,000,00,2,4,13,B01
201100034635,0,07,000,00,2,1,01,C01
201100034636,1,15,000,00,2,1,01,A01
201100034636,0,30,000,00,2,1,00,B01
201100034637,0,07,000,00,2,4,02,B01
201100034637,0,07,000,00,2,1,02,A01
201100034638,0,07,000,00,9,0,13,A01
201100034639,0,07,000,00,1,1,00,A01
201100034640,0,07,000,00,2,4,02,B01
201100034640,0,07,000,00,2,1,02,A01
201100034641,0,07,000,00,1,1,01,A01
201100034642,0,07,000,00,2,2,00,A01
201100034642,0,07,000,00,2,1,01,B01
201100034643,0,07,000,00,2,1,13,A01
201100034643,0,07,000,00,2,1,01,B01
201100034644,0,07,000,00,9,1,15,A01
201100034644,0,34,000,00,2,1,01,B01
201100034645,0,07,000,00,2,1,02,A01
201100034645,0,07,000,00,1,4,02,B01
201100034646,0,07,000,00,2,1,02,A01
201100034646,0,07,000,00,2,4,02,B01
201100034647,0,07,000,00,2,4,02,B01
201100034647,0,07,000,00,2,1,02,A01
201100034648,0,01,000,00,0,1,00,B01
201100034648,0,07,000,00,0,1,09,A01
201100034649,0,07,000,00,2,3,01,B01
201100034649,0,07,000,00,0,2,13,A01
201100034650,0,07,000,00,2,4,02,B01
201100034650,0,07,000,00,2,1,02,A01
201100034651,0,07,000,00,2,1,13,A01
201100034651,0,07,000,00,2,1,01,B01
201100034652,0,07,000,00,1,1,01,A01
201100034653,0,07,000,00,2,1,02,A01
201100034653,0,07,000,00,2,4,02,B01
201100034654,0,30,000,00,2,2,02,B01
201100034654,0,07,000,00,2,1,09,A01
201100034655,0,14,000,00,2,7,01,B01
201100034655,0,07,000,00,2,1,09,A01
201100034656,0,07,000,00,2,1,00,A01
201100034656,0,07,000,00,2,3,01,B01
201100034657,0,01,000,00,2,4,01,B01
201100034657,0,07,000,00,9,1,01,A01
201100034658,0,07,000,00,1,4,04,A01
201100034659,0,07,000,00,1,1,02,A01
201100034660,2,07,000,00,2,1,01,A01
201100034660,0,38,003,00,2,5,01,B01
201100034661,0,07,000,00,1,1,02,A01
201100034662,0,07,000,00,9,1,00,A01
201100034662,0,99,000,00,2,3,00,B01
201100034663,0,07,000,00,1,3,02,A01
201100034664,0,33,000,00,2,1,02,B01
201100034664,0,07,000,00,0,2,15,A01
201100034665,0,30,000,00,0,0,00,A01
201100034666,0,30,000,00,2,1,01,B01
201100034666,0,07,000,00,9,8,15,A01
201100034667,0,38,001,00,1,1,01,A01
201100034668,0,07,000,00,2,1,13,A01
201100034668,0,07,000,00,2,1,02,B01
201100034669,0,07,000,00,1,5,20,A01
201100034670,0,07,000,00,2,4,02,B01
201100034670,0,07,000,00,2,1,02,C01
201100034670,0,07,000,00,2,1,01,A01
201100034671,0,20,000,00,2,0,20,B01
201100034671,0,07,000,00,9,1,02,A01
201100034672,0,07,000,00,9,3,01,B01