Num_Acc,senc,catv,occutc,obs,obsm,choc,manv,num_veh
201100034672,0,02,000,00,2,1,13,A01
201100034673,0,07,000,00,1,1,02,A01
201100034674,0,07,000,00,2,3,15,A01
201100034674,0,07,000,00,2,2,01,B01
201100034675,0,07,000,00,2,1,02,A01
201100034675,0,07,000,00,2,4,01,B01
201100034676,0,07,000,00,2,4,02,B01
201100034676,0,07,000,00,2,1,02,A01
201100034677,0,02,000,00,2,1,01,B01
201100034677,0,07,000,00,2,1,13,A01
201100034678,0,30,000,00,2,1,01,A01
201100034678,0,07,000,00,2,4,01,B01
201100034679,0,30,000,00,2,1,01,B01
201100034679,0,07,000,00,2,1,15,A01
201100034680,0,07,000,00,2,4,02,B01
201100034680,0,07,000,00,2,1,02,A01
201100034681,0,07,000,00,2,4,01,D01
201100034681,0,07,000,00,2,4,01,B01
201100034681,0,07,000,00,0,4,01,C01
201100034681,0,07,000,00,2,1,01,A01
201100034682,0,07,000,00,2,1,01,B01
201100034682,0,07,000,00,2,1,13,A01
201100034683,0,07,000,00,1,1,01,A01
201100034684,0,07,000,00,2,1,15,B01
201100034684,0,33,000,00,2,1,01,A01
201100034685,0,01,000,00,2,1,01,A01
201100034685,0,07,000,00,9,1,01,B01
201100034686,0,07,000,00,9,1,14,A01
201100034687,0,01,000,00,2,1,01,B01
201100034687,0,07,000,00,9,2,15,A01
201100034688,1,07,000,00,1,1,01,Z01
201100034689,0,07,000,00,1,1,01,A01
201100034690,0,07,000,00,2,1,01,B01
201100034690,0,07,000,00,2,1,13,A01
201100034691,0,07,000,00,0,4,23,B01
201100034691,0,30,000,00,2,1,01,A01
201100034692,0,01,000,00,2,8,01,B01
201100034692,0,10,000,00,0,1,01,A01
201100034693,0,07,000,00,2,8,15,A01
201100034693,0,07,000,00,2,1,01,B01
201100034694,0,37,007,00,1,5,01,A01
201100034695,0,07,000,00,0,1,01,A01
201100034696,0,07,000,00,2,2,15,A01
201100034696,0,07,000,00,2,1,01,B01
201100034697,0,07,000,00,2,1,02,A01
201100034697,0,07,000,00,0,4,02,B01
201100034698,0,07,000,00,1,1,01,A01
201100034699,0,07,000,00,2,4,01,B01
201100034699,0,07,000,00,2,1,01,A01
201100034700,0,07,000,01,0,1,13,A01
201100034700,0,07,000,00,2,4,24,B01
201100034701,0,07,000,00,9,2,20,A01
201100034701,0,01,000,00,2,8,01,B01
201100034702,0,07,000,00,2,4,01,B01
201100034702,0,07,000,00,2,1,01,A01
201100034703,0,01,000,00,2,8,01,B01
201100034703,0,07,000,00,9,1,01,A01
201100034704,0,07,000,00,9,7,09,A01
201100034704,0,01,000,00,0,1,01,B01
201100034705,0,02,000,00,9,1,01,B01
201100034705,0,07,000,00,2,1,09,A01
201100034706,0,07,000,00,2,7,01,A01
201100034706,0,07,000,00,2,1,01,B01
201100034707,0,07,000,00,0,1,00,A01
201100034708,0,10,000,00,0,4,20,A01
201100034709,0,07,000,00,1,4,20,A01
201100034710,0,07,000,00,2,8,15,B01
201100034710,0,02,000,00,2,1,17,A01
201100034711,0,07,000,00,2,1,01,B01
201100034711,0,07,000,00,2,3,16,A01
201100034712,0,07,000,00,0,2,01,B01
201100034712,0,01,000,00,2,1,09,A01
201100034713,0,07,000,00,9,2,16,A01
201100034713,0,34,000,01,2,3,01,B01
201100034714,0,30,000,00,0,1,01,B01
201100034714,0,07,000,00,2,3,01,A01
201100034715,0,07,000,00,2,3,01,B01
201100034715,0,07,000,00,2,2,15,A01
201100034716,0,33,000,00,9,1,21,A01
201100034717,0,07,000,00,2,1,21,B01
201100034717,0,07,000,00,2,2,15,A01
201100034718,0,07,000,00,1,1,01,A01
201100034719,0,07,000,00,2,2,01,B01
201100034719,0,07,000,00,2,3,09,A01
201100034720,0,07,000,01,0,1,14,A01
201100034721,2,07,000,00,9,2,02,Z01
201100034721,0,01,000,00,2,4,02,B01
201100034722,0,33,000,00,2,1,01,A01
201100034722,0,07,000,00,2,4,23,B01
201100034723,0,07,000,00,0,4,23,B01
201100034723,0,07,000,00,2,1,01,A01
201100034724,0,31,000,00,2,2,01,B01
201100034724,0,07,000,00,2,3,15,A01
201100034725,0,07,000,00,0,4,23,C01
201100034725,0,07,000,00,2,1,01,A01
201100034725,0,07,000,00,9,4,23,B01
201100034726,0,07,000,00,1,1,01,A01
201100034727,0,07,000,00,2,3,15,A01
201100034727,0,30,000,00,2,1,01,B01
201100034728,0,07,000,00,9,1,01,A01
201100034728,0,01,000,00,9,1,01,B01
201100034729,0,07,000,00,2,3,01,B01
201100034729,0,07,000,00,2,1,15,A01
201100034730,0,07,000,00,1,1,01,A01
201100034731,0,07,000,00,0,1,01,A01
201100034732,0,30,000,00,2,1,01,B01
201100034732,0,07,000,00,2,1,15,A01
201100034733,0,02,000,00,0,1,01,B01
201100034733,0,07,000,00,2,1,02,A01
201100034734,0,07,000,00,2,4,01,B01
201100034734,0,07,000,00,2,1,00,A01
201100034735,0,07,000,00,1,1,15,A01
201100034736,0,07,000,00,2,3,01,B01
201100034736,0,07,000,00,2,1,09,A01
201100034737,0,07,000,00,2,1,01,C01
201100034737,0,07,000,00,2,3,01,B01
201100034737,0,07,000,00,2,1,13,A01
201100034737,0,07,000,00,2,1,01,D01
201100034738,0,07,000,00,2,8,09,A01
201100034738,0,31,000,00,9,7,01,B01
201100034739,0,07,000,00,1,1,17,A01
201100034740,0,03,000,00,1,1,01,A01
201100034741,0,07,000,00,1,1,01,A01
201100034742,0,30,000,00,2,1,01,B01
201100034742,0,07,000,00,9,3,15,A01
201100034743,0,07,000,00,2,3,01,A01
201100034743,0,07,000,00,2,3,15,B01
201100034744,0,07,000,00,9,5,15,B01
201100034744,0,33,000,00,0,0,00,A01
201100034745,0,07,000,00,1,1,15,A01
201100034746,0,07,000,00,1,1,01,A01
201100034747,0,07,000,00,9,1,01,C01
201100034747,0,07,000,00,0,8,01,B01
201100034747,0,02,000,00,2,1,09,A01
201100034748,0,07,000,00,1,1,01,A01
201100034749,0,07,000,00,9,8,16,A01
201100034749,0,01,000,00,2,1,19,B01
201100034750,0,01,000,00,2,1,09,B01
201100034750,0,07,000,00,9,3,01,A01
201100034751,0,07,000,00,2,4,01,B01
201100034751,0,07,000,00,0,1,01,A01
201100034752,0,10,000,00,2,8,16,B01
201100034752,0,07,000,00,2,2,16,A01
201100034753,0,34,000,00,2,1,00,A01
201100034753,0,07,000,00,2,3,01,B01
201100034754,0,07,000,00,1,1,01,A01
201100034755,0,07,000,00,1,1,13,A01
201100034756,0,07,000,00,9,1,16,A01
201100034756,0,01,000,00,2,7,01,B01
201100034757,0,07,000,00,1,1,15,A01
201100034758,0,07,000,00,2,3,15,A01
201100034758,0,07,000,00,2,1,01,B01
201100034759,0,07,000,00,1,1,01,A01
201100034760,0,07,000,00,1,1,01,A01
201100034761,0,07,000,00,1,1,15,A01
201100034762,0,07,000,00,2,4,01,B01
201100034762,0,07,000,00,2,1,01,A01
201100034763,0,02,000,00,2,1,01,B01
201100034763,0,07,000,00,2,6,10,A01
201100034764,0,07,000,00,0,8,15,A01
201100034764,0,10,000,00,2,1,17,B01
201100034765,0,07,000,00,2,1,01,A01
201100034765,0,07,000,00,2,4,01,B01
201100034766,0,07,000,00,1,2,01,A01
201100034767,0,07,000,00,1,1,01,A01
201100034768,0,07,000,00,1,1,01,A01
201100034769,0,01,000,00,2,4,13,A01
201100034769,0,15,000,00,9,1,17,B01
201100034770,0,07,000,00,1,1,01,A01
201100034771,0,02,000,00,2,1,01,A01
201100034771,0,07,000,00,9,3,15,B01
201100034772,0,30,000,00,9,1,00,A01
201100034773,0,01,000,12,0,0,00,A01
201100034774,0,31,000,00,0,0,00,A01
201100034775,0,01,000,00,0,0,00,A01
201100034776,0,33,000,14,0,1,17,A01
201100034777,0,01,000,06,0,1,00,A01
201100034778,0,02,000,00,0,0,00,A01
201100034779,0,02,000,00,0,0,00,A01
201100034780,0,02,000,00,0,0,00,A01
201100034781,0,07,000,00,2,1,01,A01
201100034781,0,07,000,00,2,1,15,B01
201100034782,0,02,000,00,0,0,00,A01
201100034783,0,33,000,00,0,0,00,A01
201100034784,0,01,000,00,0,0,00,A01
201100034785,0,02,000,00,0,0,00,A01
201100034786,0,01,000,00,0,0,00,A01
201100034787,0,30,000,00,0,0,00,A01
201100034788,0,01,000,00,0,0,00,A01
201100034789,0,07,000,00,1,1,02,A01
201100034790,0,07,000,00,1,1,02,A01
201100034791,0,07,000,00,1,1,02,A01
201100034792,0,07,000,00,2,2,00,B01
201100034792,0,07,000,00,2,1,00,A01
201100034793,0,10,000,14,2,7,02,A01
201100034793,0,03,000,00,2,6,02,B01
201100034794,0,02,000,00,2,3,02,A01
201100034794,0,07,000,00,2,8,02,B01
201100034795,2,07,000,00,2,3,00,A01
201100034795,0,07,000,00,2,3,01,B01
201100034796,1,07,000,00,2,1,15,Z01
201100034796,0,02,000,00,2,1,01,B01
201100034797,0,10,000,00,2,1,01,A01
201100034797,0,07,000,00,2,1,01,B01
201100034798,0,07,000,00,2,3,01,B01
201100034798,0,02,000,00,2,7,01,A01
201100034799,0,07,000,00,2,1,19,A01
201100034799,0,02,000,00,2,8,01,B01
201100034800,0,07,000,00,0,0,15,A01
201100034800,0,33,000,00,0,8,21,B01
201100034801,0,07,000,00,2,7,16,B01
201100034801,0,02,000,00,2,1,01,A01
201100034802,0,07,000,00,2,1,02,A01
201100034802,0,07,000,00,2,4,02,B01
201100034803,0,30,000,01,0,1,00,A01
201100034803,0,07,000,00,2,6,02,B01
201100034804,0,10,000,00,0,3,23,B01
201100034804,0,14,000,06,2,0,00,A01
201100034805,0,01,000,00,0,0,00,A01
201100034805,0,07,000,00,2,3,00,B01
201100034806,0,07,000,00,1,1,02,A01
201100034807,0,07,000,00,1,1,00,A01
201100034808,0,33,000,00,0,3,00,A01
201100034809,0,07,000,00,2,1,00,B01
201100034809,0,30,000,00,2,1,00,A01
201100034810,0,07,000,01,0,2,04,A01
201100034810,0,07,000,00,0,3,24,B01
201100034811,0,07,000,00,1,0,16,A01
201100034812,0,01,000,00,2,8,00,A01
201100034812,0,07,000,00,2,1,15,B01
201100034813,0,10,000,00,0,6,02,B01
201100034813,0,33,000,00,2,2,02,A01
201100034814,0,02,000,00,2,8,01,B01
201100034814,1,07,000,00,2,7,17,Z01
201100034815,0,02,000,00,2,0,00,B01
201100034815,0,10,000,00,2,3,00,A01
201100034816,0,01,000,00,2,1,15,A01
201100034816,0,37,001,00,2,3,01,B01
201100034817,0,02,000,00,2,1,02,A01
201100034817,0,07,000,00,0,4,02,B01
201100034818,0,07,000,00,2,7,17,A01
201100034818,0,01,000,00,2,8,01,B01
201100034819,0,33,000,00,0,0,00,A01
201100034820,1,31,000,00,1,0,01,Z01
201100034821,0,10,000,00,2,1,00,A01
201100034821,0,07,000,00,2,8,01,B01
201100034822,0,07,000,00,2,1,02,A01
201100034822,0,07,000,00,2,4,02,B01
201100034823,0,07,000,00,0,4,02,C01
201100034823,0,07,000,00,2,4,02,B01
201100034823,0,07,000,00,2,1,02,A01
201100034824,0,07,000,01,0,0,00,A01
201100034825,0,07,000,00,2,1,00,A01
201100034825,0,02,000,00,2,8,00,B01
201100034826,0,02,000,12,0,0,00,A01
201100034827,0,07,000,00,2,1,02,A01
201100034827,0,07,000,03,2,4,02,B01
201100034828,0,07,000,00,2,5,02,A01
201100034828,0,02,000,00,2,1,02,B01
201100034829,0,07,000,00,2,0,01,B01
201100034829,0,30,000,00,2,0,15,A01
201100034830,0,07,000,00,2,0,00,A01
201100034830,0,02,000,00,2,0,00,B01
201100034831,0,14,000,00,1,3,01,A01
201100034832,0,30,000,14,0,2,00,A01
201100034833,0,02,000,00,0,8,01,B01
201100034833,0,07,000,00,1,0,01,A01
201100034834,0,07,000,00,0,4,02,B01
201100034834,0,07,000,00,2,1,02,A01
201100034835,0,07,000,00,2,6,01,B01
201100034835,0,07,000,00,2,7,01,A01
201100034836,0,07,000,01,0,1,00,A01
201100034837,0,07,000,00,2,8,01,B01
201100034837,0,07,000,00,2,1,01,A01
201100034838,0,07,000,00,1,8,01,A01
201100034839,0,30,000,01,0,1,02,A01
201100034840,0,07,000,00,2,4,02,B01
201100034840,0,07,000,00,2,3,02,A01
201100034841,0,02,000,12,0,1,00,A01
201100034842,0,07,000,00,2,8,00,B01
201100034842,0,07,000,00,2,3,05,A01
201100034842,0,07,000,00,2,1,24,C01
201100034843,0,07,000,00,2,1,00,A01
201100034843,0,07,000,00,2,1,00,B01
201100034844,0,07,000,00,1,1,02,A01
201100034845,0,02,000,00,0,0,00,A01
201100034846,0,33,000,00,0,4,02,B01
201100034846,0,33,000,00,2,1,02,A01
201100034847,0,02,000,00,0,0,00,A01
201100034848,0,01,000,00,2,1,09,A01
201100034848,0,07,000,00,1,2,02,B01
201100034849,0,33,000,00,0,0,00,A01
201100034850,0,10,000,00,2,7,00,B01
201100034850,0,02,000,00,2,8,00,A01
201100034851,0,01,000,00,2,1,00,A01
201100034851,0,07,000,00,2,3,05,B01
201100034852,0,07,000,00,2,8,00,B01
201100034852,0,33,000,00,2,1,02,A01
201100034853,0,30,000,00,2,1,02,A01
201100034853,0,07,000,00,2,4,00,B01
201100034854,0,07,000,00,2,7,02,B01
201100034854,0,30,000,00,2,1,02,A01
201100034855,0,07,000,00,1,1,00,A01
201100034856,0,07,000,00,1,1,00,A01
201100034857,0,07,000,00,2,8,10,A01
201100034857,0,02,000,00,2,8,00,B01
201100034858,0,07,000,00,1,3,02,A01
201100034859,0,30,000,00,2,1,02,A01
201100034859,0,07,000,00,2,4,02,B01
201100034860,0,07,000,00,1,1,00,A01
201100034861,0,07,000,00,1,1,02,A01
201100034862,0,07,000,00,2,0,02,B01
201100034862,0,07,000,00,2,4,02,C01
201100034862,0,07,000,00,2,1,02,A01
201100034863,0,37,000,00,1,1,00,A01
201100034864,0,07,000,00,2,1,01,B01
201100034864,0,07,000,00,2,6,09,A01
201100034865,0,07,000,00,2,7,02,A01
201100034865,0,01,000,00,2,3,02,B01
201100034866,0,13,000,00,2,1,00,B01
201100034866,0,07,000,00,2,1,00,A01
201100034867,0,07,000,00,1,1,02,A01
201100034868,0,33,000,00,2,7,01,B01
201100034868,0,07,000,00,2,1,00,A01
201100034869,0,02,000,00,2,1,00,A01
201100034869,0,07,000,00,2,4,00,B01
201100034870,0,07,000,00,1,7,00,A01
201100034871,0,07,000,00,1,0,15,A01
201100034872,0,02,000,00,2,1,01,B01
201100034872,0,10,000,00,2,7,15,A01
201100034873,0,07,000,00,2,3,01,A01
201100034873,0,02,000,00,2,5,01,B01
201100034874,0,07,000,00,2,7,15,A01
201100034874,0,07,000,00,2,1,01,B01
201100034875,0,07,000,00,2,1,02,A01
201100034875,0,10,000,00,0,4,01,B01
201100034876,0,02,000,00,2,1,02,A01
201100034876,0,07,000,00,0,4,02,B01
201100034877,0,07,000,00,2,3,05,A01
201100034877,0,07,000,00,2,1,01,B01
201100034878,0,07,000,00,1,8,01,A01
201100034879,0,30,000,00,1,1,13,A01
201100034880,1,07,000,00,1,0,00,Z01
201100034881,0,07,000,00,2,1,15,A01
201100034881,0,30,000,00,2,1,01,B01
201100034882,0,07,000,00,1,3,01,A01
201100034883,0,10,000,00,1,1,00,A01
201100034884,0,02,000,00,2,1,01,B01
201100034884,0,07,000,00,2,3,15,A01
201100034885,0,07,000,01,0,7,01,B01
201100034885,0,07,000,01,1,2,01,A01
201100034886,0,07,000,00,1,1,02,A01
201100034887,0,07,000,00,0,2,01,B01
201100034887,0,07,000,00,0,7,15,A01
201100034888,0,07,000,00,1,1,00,A01
201100034889,0,07,000,00,2,1,00,B01
201100034889,0,07,000,00,2,3,00,A01
201100034890,0,01,000,00,2,1,00,B01
201100034890,0,07,000,00,2,2,12,A01
201100034891,0,07,000,00,2,2,09,A01
201100034891,0,15,000,00,2,2,01,B01
201100034892,0,07,000,00,2,6,09,A01
201100034892,0,33,000,00,2,1,00,B01
201100034893,0,33,000,00,1,1,02,A01
201100034894,0,02,000,00,0,1,01,A01
201100034895,0,07,000,00,2,8,10,B01
201100034895,0,07,000,00,2,7,02,A01
201100034896,0,07,000,00,1,2,00,A01
201100034897,0,07,000,00,1,1,02,A01
201100034898,0,07,000,00,1,3,02,A01
201100034899,0,07,000,00,2,1,02,A01
201100034899,0,07,000,00,2,2,01,B01
201100034900,0,02,000,12,0,2,00,A01
201100034901,0,33,000,00,2,7,02,A01
201100034901,0,07,000,00,2,8,02,B01
201100034902,0,07,000,13,0,1,13,A01
201100034903,0,07,000,08,0,0,06,A01
201100034904,0,01,000,00,2,1,01,A01
201100034904,0,07,000,00,2,5,01,B01
201100034905,0,01,000,00,0,1,00,B01
201100034905,0,07,000,00,0,7,00,A01
201100034906,0,07,000,01,0,1,00,A01
201100034907,0,07,000,00,2,8,01,B01
201100034907,0,07,000,00,2,1,00,A01
201100034908,0,07,000,00,2,3,09,A01
201100034908,0,07,000,00,2,5,01,B01
201100034909,0,07,000,00,2,1,02,A01
201100034909,0,07,000,00,0,4,02,B01
201100034910,0,07,000,13,0,1,20,A01
201100034911,0,02,000,08,0,1,01,A01
201100034912,0,10,000,00,2,2,01,B01
201100034912,0,07,000,00,2,2,13,A01
201100034913,0,07,000,00,2,1,01,B01
201100034913,0,07,000,00,2,1,15,A01
201100034914,0,07,000,00,0,5,00,B01
201100034914,0,01,000,00,0,1,02,A01
201100034915,0,37,001,00,0,5,02,A01
201100034916,0,07,000,13,0,1,14,A01
201100034917,0,07,000,00,0,7,11,A01
201100034917,0,07,000,00,2,1,02,B01
201100034918,0,37,001,00,1,3,15,A01
201100034919,0,07,000,00,0,2,15,A01
201100034919,0,33,000,00,2,1,01,B01
201100034920,0,07,000,00,1,2,01,A01
201100034921,0,07,000,00,1,2,01,A01
201100034922,0,07,000,00,2,2,15,A01
201100034922,0,30,000,00,2,7,01,B01
201100034923,0,07,000,00,2,8,00,B01
201100034923,0,07,000,00,2,2,01,A01
201100034924,0,07,000,00,0,2,01,A01
201100034924,0,01,000,00,0,8,13,B01
201100034925,0,30,000,00,0,8,16,A01
201100034926,0,07,000,00,0,0,01,A01
201100034926,0,01,000,00,0,4,01,B01
201100034927,0,07,000,00,1,1,00,A01
201100034928,0,07,000,10,0,1,00,A01
201100034929,0,01,000,00,2,2,01,B01
201100034929,0,07,000,00,2,3,09,A01
201100034930,0,07,000,16,0,1,02,A01
201100034931,0,07,000,00,1,1,00,A01
201100034932,0,07,000,00,0,3,10,A01
201100034932,0,02,000,00,2,3,02,B01
201100034933,0,07,000,14,0,3,15,A01
201100034933,0,01,000,00,2,8,23,B01
201100034934,0,07,000,00,1,3,00,A01
201100034935,0,10,000,00,1,1,01,A01
201100034936,1,15,000,00,0,0,00,A01
201100034937,0,07,000,00,2,1,02,A01
201100034937,0,30,000,00,2,0,02,B01
201100034938,2,30,000,01,0,1,14,A01
201100034938,0,07,000,00,0,2,00,B01
201100034939,0,07,000,00,2,1,01,A01
201100034939,0,07,000,00,2,8,15,B01
201100034940,0,07,000,00,2,1,17,A01
201100034940,0,07,000,00,2,1,01,B01
201100034941,0,07,000,00,1,1,15,A01
201100034942,0,38,001,00,1,2,00,A01
201100034943,0,21,000,04,2,8,01,A01
201100034943,0,01,000,00,2,1,13,B01
201100034944,0,33,000,00,2,7,17,B01
201100034944,0,07,000,00,2,3,15,A01
201100034945,0,07,000,06,0,1,21,A01
201100034946,0,01,000,00,2,0,06,A01
201100034946,0,07,000,00,9,3,01,B01
201100034947,0,02,000,00,2,5,15,B01
201100034947,0,17,000,00,2,6,01,A01
201100034948,0,07,000,00,1,8,01,A01
201100034949,0,07,000,00,2,3,01,B01
201100034949,0,07,000,00,2,3,11,A01
201100034949,0,15,000,00,2,8,01,C01
201100034950,1,07,000,00,1,2,01,Z01
201100034951,0,33,000,00,2,1,01,B01
201100034951,0,07,000,00,0,2,15,A01
201100034952,0,02,000,00,2,1,01,A01
201100034952,0,07,000,00,2,3,15,B01
201100034953,1,02,000,00,1,1,13,A01
201100034954,0,07,000,08,0,1,15,A01
201100034955,0,01,000,00,9,0,00,A01
201100034956,0,07,000,00,2,2,01,A01
201100034956,0,10,000,06,2,1,02,B01
201100034957,0,07,000,07,0,1,01,A01
201100034958,0,33,000,01,0,1,01,A01
201100034959,0,07,000,06,0,1,01,A01
201100034960,0,07,000,00,0,7,15,A01
201100034960,0,07,000,00,2,8,21,B01
201100034961,0,07,000,00,2,3,15,B01
201100034961,0,30,000,00,2,1,02,A01
201100034962,0,01,000,00,2,1,00,B01
201100034962,0,10,000,00,9,1,15,A01
201100034963,0,07,000,00,2,3,01,B01
201100034963,0,07,000,00,2,3,13,A01
201100034963,0,07,000,00,2,3,01,C01
201100034964,0,01,000,00,2,1,00,B01
201100034964,0,07,000,00,9,6,00,A01
201100034965,0,01,000,00,2,1,01,B01
201100034965,0,07,000,00,2,2,01,A01
201100034966,0,07,000,00,2,3,15,A01
201100034966,0,33,000,00,2,1,01,B01
201100034967,0,07,000,00,1,0,00,A01
201100034968,0,07,000,00,1,3,15,A01
201100034969,0,36,000,06,0,1,00,A01
201100034970,0,07,000,00,2,0,00,A01
201100034970,0,10,000,00,2,0,00,B01
201100034971,0,07,000,00,0,0,00,A01
201100034972,0,14,000,00,2,3,15,A01
201100034972,0,02,000,00,2,1,21,B01
201100034973,0,07,000,00,2,2,13,A01
201100034973,0,01,000,00,2,0,13,B01
201100034974,0,07,000,00,1,1,00,A01
201100034975,0,10,000,00,1,1,01,A01
201100034976,0,07,000,00,1,3,00,A01
201100034977,0,02,000,00,2,0,00,B01
201100034977,0,07,000,00,2,0,00,A01
201100034978,0,02,000,00,0,2,00,A01
201100034979,0,02,000,00,1,1,21,A01
201100034980,0,07,000,00,2,1,05,A01
201100034980,0,07,000,00,2,1,01,B01
201100034981,0,07,000,00,2,1,17,A01
201100034981,0,07,000,00,2,1,01,B01
201100034981,0,07,000,00,2,3,01,C01
201100034981,0,07,000,00,2,6,01,D01
201100034982,0,33,000,12,0,8,01,A01
201100034983,0,30,000,00,2,7,01,A01
201100034983,0,07,000,00,2,1,15,B01
201100034984,0,07,000,00,1,6,01,A01
201100034985,0,99,000,00,0,8,09,A01
201100034985,0,33,000,00,0,1,00,B01
201100034986,0,07,000,00,1,1,00,A01
201100034987,0,07,000,00,1,2,01,A01
201100034988,0,02,000,11,0,2,02,A01
201100034989,0,07,000,00,1,2,01,A01
201100034990,0,01,000,00,2,1,01,B01
201100034990,0,07,000,00,9,2,16,A01
201100034991,0,07,000,00,2,7,02,B01
201100034991,0,02,000,00,2,8,02,A01
201100034992,0,07,000,00,2,4,02,A01
201100034992,0,07,000,00,0,4,01,B01
201100034993,2,01,000,00,1,1,00,A01
201100034994,0,02,000,00,2,8,15,A01
201100034994,0,33,000,00,9,1,01,B01
201100034995,0,07,000,00,1,2,01,A01
201100034996,0,07,000,00,0,0,00,A01
201100034997,0,07,000,00,9,1,01,A01
201100034997,0,01,000,00,2,1,19,B01
201100034998,0,02,000,00,0,1,01,A01
201100034999,0,07,000,00,2,1,15,B01
201100034999,0,02,000,00,2,1,01,A01
201100035000,0,02,000,00,2,1,15,A01
201100035000,0,07,000,00,2,1,01,B01
201100035001,0,07,000,00,2,1,01,A01
201100035001,0,07,000,00,2,9,02,D01
201100035001,0,02,000,00,2,9,00,B01
201100035001,0,07,000,00,2,9,00,C01
201100035001,0,07,000,00,2,4,00,E01
201100035002,0,07,000,00,1,1,01,A01
201100035003,0,07,000,00,1,1,01,A01
201100035004,0,07,000,00,1,1,01,A01
201100035005,0,07,000,01,0,7,01,A01
201100035006,0,07,000,00,2,8,01,B01
201100035006,1,07,000,00,2,3,13,Z01
201100035007,0,07,000,00,1,1,01,A01
201100035008,0,07,000,06,2,3,01,B01
201100035008,0,07,000,00,2,1,01,A01
201100035009,0,14,000,00,1,0,09,A01
201100035010,1,07,000,00,2,8,18,Z01
201100035010,0,02,000,00,2,7,15,A01
201100035011,0,01,000,00,2,0,05,B01
201100035011,0,07,000,00,2,0,16,A01
201100035012,0,02,000,01,0,1,13,A01
201100035013,0,10,000,00,2,3,01,B01
201100035013,0,01,000,00,2,1,19,A01
201100035014,0,07,000,00,1,1,01,A01
201100035015,0,30,000,00,2,1,02,B01
201100035015,0,30,000,00,2,1,02,A01
201100035015,0,07,000,00,0,4,02,C01
201100035016,0,01,000,00,2,4,01,A01
201100035016,1,07,000,00,2,0,00,Z01
201100035017,0,03,000,15,0,3,01,A01
201100035018,0,30,000,00,0,0,01,A01
201100035019,0,07,000,00,2,2,15,A01
201100035019,0,01,000,00,2,1,01,B01
201100035020,0,07,000,00,1,8,01,A01
201100035021,0,03,000,00,1,1,01,A01
201100035022,0,33,000,00,2,1,01,B01
201100035022,0,07,000,00,2,8,16,A01
201100035023,0,07,000,00,1,4,04,A01
201100035024,0,07,000,00,2,1,09,A01
201100035024,0,01,000,00,2,1,01,B01
201100035025,0,07,000,09,2,1,01,A01
201100035025,0,07,000,00,2,8,16,B01
201100035026,0,07,000,00,2,3,15,A01
201100035026,0,02,000,00,2,1,01,B01
201100035027,0,01,000,01,0,1,13,A01
201100035028,0,33,000,00,1,0,01,A01
201100035029,0,07,000,00,2,1,05,A01
201100035029,0,02,000,00,2,1,01,B01
201100035030,0,02,000,01,0,1,14,A01
201100035031,0,07,000,00,2,2,10,A01
201100035031,0,33,000,00,2,1,01,B01
201100035032,0,07,000,16,0,0,13,A01
201100035033,0,07,000,00,1,1,01,A01
201100035034,0,07,000,00,1,0,01,A01
201100035035,0,33,000,00,2,7,00,B01
201100035035,0,07,000,00,2,1,09,A01
201100035036,0,07,000,13,0,1,01,A01
201100035037,0,07,000,00,2,6,02,A01
201100035037,0,33,000,00,2,7,02,B01
201100035038,0,10,000,00,2,2,01,B01
201100035038,0,02,000,00,2,1,01,A01
201100035039,0,02,000,00,2,1,01,A01
201100035039,0,01,000,00,2,0,01,B01
201100035040,0,30,000,00,2,7,00,B01
201100035040,0,07,000,00,2,1,09,A01
201100035041,0,10,000,00,2,6,10,A01
201100035041,0,33,000,00,2,1,02,B01
201100035042,0,07,000,00,0,6,01,B01
201100035042,0,30,000,00,2,1,02,A01
201100035043,0,07,000,00,1,1,01,A01
201100035044,0,07,000,09,0,1,12,A01
201100035045,0,07,000,14,0,1,02,A01
201100035045,0,07,000,00,0,4,23,B01
201100035046,0,07,000,00,1,1,01,A01
201100035047,0,32,000,00,2,1,13,A01
201100035047,0,15,000,00,2,1,01,B01
201100035048,0,15,000,03,0,8,16,A01
201100035049,0,07,000,00,1,8,01,A01
201100035050,0,07,000,00,0,4,01,B01
201100035050,0,07,000,00,2,1,01,A01
201100035051,0,33,000,06,0,1,13,A01
201100035052,0,07,000,00,2,2,01,A01
201100035052,0,01,000,00,2,1,19,B01
201100035053,0,07,000,00,2,5,02,B01
201100035053,2,07,000,14,0,1,02,A01
201100035054,0,02,000,00,2,1,05,A01
201100035054,0,07,000,00,2,1,15,B01
201100035055,0,07,000,00,2,2,01,B01
201100035055,0,07,000,00,2,7,17,A01
201100035056,0,21,000,00,9,4,01,A01
201100035057,0,37,001,00,1,5,07,A01
201100035058,0,07,000,00,1,1,01,A01
201100035059,0,07,000,00,2,1,01,B01
201100035059,0,02,000,00,2,1,19,A01
201100035060,0,07,000,00,0,6,01,C01
201100035060,0,07,000,00,2,3,01,B01
201100035060,0,33,000,00,2,1,21,A01
201100035061,0,01,000,00,0,8,13,B01
201100035061,0,10,000,00,2,2,07,A01
201100035062,0,07,000,00,2,5,01,A01
201100035062,0,07,000,00,2,1,01,B01
201100035063,0,10,000,00,2,6,02,B01
201100035063,0,07,000,00,0,4,02,C01
201100035063,0,07,000,00,2,1,02,A01
201100035064,0,33,000,00,2,1,01,B01