Num_Acc,senc,catv,occutc,obs,obsm,choc,manv,num_veh
201100035837,0,30,000,00,2,1,00,B01
201100035837,0,07,000,00,0,7,01,A01
201100035838,0,07,000,00,2,1,01,A01
201100035838,0,07,000,00,2,3,01,B01
201100035839,0,07,000,00,1,3,02,A01
201100035839,0,07,000,00,1,2,02,B01
201100035840,0,07,000,00,2,3,12,B01
201100035840,0,07,000,15,2,1,01,A01
201100035841,1,99,000,00,0,0,00,Z01
201100035842,0,32,000,08,2,8,02,B01
201100035842,0,07,000,00,2,7,02,A01
201100035843,0,07,000,00,2,1,15,A01
201100035843,0,07,000,00,2,1,01,B01
201100035844,0,31,000,00,0,7,21,B01
201100035844,0,07,000,00,0,3,20,A01
201100035845,0,34,000,00,2,1,01,A01
201100035845,0,07,000,00,2,1,15,B01
201100035846,0,07,000,08,1,1,01,A01
201100035847,0,30,000,01,0,1,01,A01
201100035848,0,07,000,00,2,6,02,B01
201100035848,1,07,000,00,0,0,00,Z01
201100035849,0,07,000,00,1,1,15,A01
201100035850,2,07,000,02,0,8,01,A01
201100035851,0,07,000,00,0,3,01,B01
201100035851,0,07,000,00,0,3,15,A01
201100035852,0,07,000,00,1,2,00,A01
201100035853,1,07,000,00,0,0,00,Z01
201100035853,0,02,000,00,2,1,01,B01
201100035854,0,07,000,00,1,1,00,A01
201100035855,0,07,000,00,2,1,15,B01
201100035855,0,02,000,00,2,7,17,A01
201100035856,0,13,000,00,1,7,02,A01
201100035857,0,07,000,00,2,2,15,A01
201100035857,0,07,000,00,2,1,01,B01
201100035858,0,07,000,00,1,7,01,A01
201100035859,0,07,000,00,2,4,02,B01
201100035859,0,07,000,00,2,1,02,A01
201100035860,0,07,000,13,0,1,05,A01
201100035861,0,10,000,00,1,2,15,A01
201100035862,0,07,000,00,2,1,02,A01
201100035862,0,07,000,00,2,4,02,B01
201100035863,0,07,000,00,2,4,16,B01
201100035863,0,33,000,00,0,1,12,A01
201100035863,0,07,000,00,2,3,16,C01
201100035864,0,30,000,00,0,1,01,B01
201100035864,0,07,000,00,0,6,10,A01
201100035865,0,02,000,00,2,1,01,B01
201100035865,0,07,000,00,2,6,10,A01
201100035866,0,34,000,00,2,7,17,A01
201100035866,0,07,000,00,2,3,15,B01
201100035867,0,07,000,04,0,9,09,A01
201100035868,0,07,000,02,0,2,02,A01
201100035869,0,33,000,00,2,4,02,B01
201100035869,0,07,000,00,2,1,02,A01
201100035869,0,07,000,00,2,5,02,D01
201100035869,0,07,000,00,2,4,02,C01
201100035870,1,07,000,00,1,2,01,A01
201100035871,0,07,000,00,1,3,01,A01
201100035872,0,07,000,00,0,4,23,B01
201100035872,0,07,000,00,0,1,01,A01
201100035873,0,07,000,00,0,6,20,B01
201100035873,0,07,000,00,2,2,01,A01
201100035874,0,10,000,00,0,3,02,B01
201100035874,0,07,000,00,0,1,01,A01
201100035875,0,33,000,00,2,9,00,B01
201100035875,0,07,000,00,0,8,09,A01
201100035876,0,07,000,00,1,2,02,A01
201100035877,1,30,000,00,2,0,01,A01
201100035878,0,33,000,00,0,3,02,B01
201100035878,0,07,000,00,0,2,09,A01
201100035879,0,07,000,00,2,4,02,D01
201100035879,0,07,000,00,2,1,02,A01
201100035879,0,07,000,00,2,4,02,B01
201100035879,0,07,000,00,2,4,02,C01
201100035880,0,07,000,01,0,1,01,A01
201100035881,0,07,000,00,2,4,02,C01
201100035881,0,07,000,00,2,1,02,A01
201100035881,0,07,000,00,2,4,23,D01
201100035881,0,07,000,00,2,4,23,B01
201100035882,0,07,000,00,0,4,01,B01
201100035882,0,07,000,00,0,2,02,A01
201100035883,0,01,000,00,2,8,01,A01
201100035883,0,07,000,00,9,1,02,B01
201100035884,0,07,000,00,0,4,02,B01
201100035884,0,02,000,00,0,1,02,A01
201100035885,0,07,000,00,0,4,09,B01
201100035885,0,07,000,00,0,1,02,A01
201100035886,0,07,000,00,1,2,01,B01
201100035887,0,07,000,00,0,1,01,A01
201100035887,0,01,000,00,0,7,01,B01
201100035888,0,07,000,00,2,2,15,A01
201100035888,0,30,000,00,2,1,01,B01
201100035889,0,07,000,00,1,2,01,A01
201100035890,0,07,000,00,1,2,01,B01
201100035891,0,07,000,01,0,1,14,A01
201100035892,0,07,000,00,1,7,00,A01
201100035893,0,07,000,00,9,1,01,B01
201100035893,0,01,000,00,2,3,01,A01
201100035894,0,07,000,00,0,4,02,B01
201100035894,0,33,000,00,2,1,02,A01
201100035895,0,02,000,01,0,1,09,B01
201100035895,0,07,000,00,0,2,00,A01
201100035896,0,02,000,00,0,1,02,B01
201100035896,0,07,000,00,0,7,02,A01
201100035897,1,07,000,00,0,0,00,Z01
201100035898,0,30,000,00,0,8,19,A01
201100035898,0,37,000,00,2,3,01,B01
201100035899,0,07,000,00,2,7,01,B01
201100035899,0,01,000,00,2,8,16,A01
201100035900,0,07,000,00,1,1,01,A01
201100035901,0,33,000,00,2,4,02,B01
201100035901,0,33,000,00,2,1,02,A01
201100035902,0,07,000,00,2,3,02,A01
201100035902,0,07,000,00,2,5,01,B01
201100035903,0,07,000,00,0,3,01,B01
201100035903,0,30,000,00,2,3,05,A01
201100035904,0,10,000,00,1,3,15,A01
201100035905,0,30,000,00,0,8,02,A01
201100035906,0,07,000,15,0,3,01,B01
201100035906,1,07,000,00,2,0,00,A01
201100035907,0,07,000,00,0,5,00,B01
201100035907,0,07,000,00,2,1,02,A01
201100035907,0,07,000,00,2,5,00,C01
201100035908,0,07,000,00,2,3,05,A01
201100035908,0,07,000,00,2,3,01,B01
201100035909,0,07,000,00,2,2,15,B01
201100035909,0,01,000,00,2,2,01,A01
201100035910,1,07,000,00,1,0,04,Z01
201100035911,0,07,000,00,0,8,00,A01
201100035912,0,33,000,00,2,1,17,B01
201100035912,0,07,000,00,2,6,15,A01
201100035913,0,07,000,00,2,1,01,B01
201100035913,0,01,000,00,2,1,05,A01
201100035914,0,07,000,00,1,3,02,A01
201100035915,0,03,000,00,2,3,05,A01
201100035915,0,07,000,00,2,3,01,B01
201100035916,0,07,000,00,2,2,01,A01
201100035916,0,07,000,00,2,3,01,B01
201100035917,0,07,000,00,0,5,23,B01
201100035917,0,33,000,00,2,1,02,A01
201100035918,0,07,000,00,1,6,04,A01
201100035919,0,30,000,00,0,1,01,B01
201100035919,0,07,000,00,2,3,15,A01
201100035920,0,30,000,00,2,1,01,B01
201100035920,0,07,000,00,2,7,10,A01
201100035921,0,07,000,00,1,1,15,A01
201100035922,1,07,000,00,0,0,00,Z01
201100035923,0,07,000,00,2,4,02,B01
201100035923,0,07,000,00,2,1,02,A01
201100035924,0,07,000,00,1,2,15,A01
201100035925,0,30,000,00,2,1,01,B01
201100035925,0,07,000,00,2,7,16,A01
201100035926,0,07,000,00,2,1,13,A01
201100035926,0,07,000,00,2,1,01,B01
201100035927,0,07,000,00,2,5,01,A01
201100035927,0,07,000,00,2,1,01,B01
201100035928,0,07,000,00,2,1,01,A01
201100035928,0,07,000,00,2,6,09,B01
201100035929,0,07,000,00,2,1,15,A01
201100035929,0,07,000,00,2,1,01,B01
201100035930,0,02,000,00,2,1,02,A01
201100035930,0,07,000,00,0,5,02,B01
201100035931,0,10,000,00,2,1,02,A01
201100035931,0,07,000,00,1,1,01,B01
201100035932,0,07,000,00,2,3,09,B01
201100035932,0,37,005,00,2,1,01,A01
201100035933,0,07,000,00,0,2,02,A01
201100035934,0,02,000,00,2,8,17,A01
201100035934,0,07,000,00,9,8,15,B01
201100035935,0,02,000,00,2,3,17,A01
201100035935,0,33,000,00,2,8,15,B01
201100035936,0,07,000,00,1,2,00,A01
201100035937,0,07,000,00,0,1,01,B01
201100035937,0,07,000,00,0,2,15,A01
201100035938,0,14,000,00,0,4,04,A01
201100035939,0,07,000,00,2,1,02,A01
201100035939,0,07,000,00,2,4,23,B01
201100035940,0,07,000,00,2,8,00,A01
201100035940,0,07,000,00,2,1,00,B01
201100035941,0,07,000,00,1,8,01,A01
201100035942,0,34,000,00,2,1,02,A01
201100035942,0,07,000,00,0,7,12,B01
201100035943,0,07,000,00,2,8,11,A01
201100035943,0,33,000,00,2,1,17,B01
201100035944,1,99,000,00,0,0,00,A01
201100035945,0,33,000,00,2,9,02,B01
201100035945,0,07,000,00,0,1,15,A01
201100035946,0,07,000,01,0,2,14,A01
201100035947,0,01,000,00,2,2,01,B01
201100035947,0,07,000,00,9,5,01,A01
201100035948,1,33,000,00,2,1,01,A01
201100035948,0,07,000,00,2,7,15,B01
201100035949,0,07,000,06,2,2,01,A01
201100035949,0,07,000,09,2,3,01,B01
201100035950,0,01,000,00,2,8,16,A01
201100035950,0,07,000,00,2,1,01,B01
201100035951,0,07,000,08,0,3,01,B01
201100035951,0,07,000,06,2,1,01,A01
201100035952,1,07,000,00,2,1,01,A01
201100035952,0,07,000,08,2,9,02,B01
201100035953,0,01,000,00,2,4,02,A01
201100035953,0,07,000,00,2,1,02,B01
201100035954,0,07,000,00,9,2,01,B01
201100035954,0,30,000,00,2,1,15,A01
201100035955,0,07,000,00,2,1,01,B01
201100035955,0,07,000,00,2,3,15,A01
201100035956,0,30,000,00,2,7,01,A01
201100035956,0,07,000,00,2,2,15,B01
201100035957,0,07,000,00,2,3,09,A01
201100035957,0,02,000,00,2,8,02,B01
201100035958,1,10,000,00,1,1,15,A01
201100035959,0,32,000,00,2,1,02,A01
201100035959,0,07,000,00,2,4,02,B01
201100035960,0,07,000,00,2,3,13,B01
201100035960,0,33,000,00,2,1,01,A01
201100035961,0,07,000,00,1,3,01,A01
201100035962,0,10,000,08,2,3,01,B01
201100035962,0,07,000,00,2,1,01,A01
201100035963,0,07,000,00,2,1,01,A01
201100035963,0,07,000,09,2,1,01,B01
201100035964,0,07,000,00,2,1,01,B01
201100035964,0,07,000,00,2,1,13,A01
201100035965,0,07,000,00,1,5,04,A01
201100035966,0,31,000,00,2,1,01,A01
201100035966,1,07,000,00,2,2,01,Z01
201100035967,0,07,000,00,1,2,01,A01
201100035968,0,07,000,00,2,1,01,B01
201100035968,0,01,000,00,2,4,01,A01
201100035969,0,07,000,00,1,2,02,A01
201100035970,0,07,000,00,2,1,01,A01
201100035970,0,07,000,00,0,4,01,B01
201100035971,1,07,000,00,0,0,01,Z01
201100035971,0,30,000,00,2,1,01,B01
201100035972,0,30,000,00,0,2,01,B01
201100035972,0,07,000,00,0,7,20,A01
201100035973,0,07,000,00,0,8,00,B01
201100035973,0,07,000,00,0,3,00,A01
201100035974,0,10,000,00,2,1,01,B01
201100035974,0,07,000,00,2,2,15,A01
201100035975,0,07,000,00,0,3,15,B01
201100035975,0,34,000,00,2,1,17,A01
201100035976,0,07,000,00,2,1,01,B01
201100035976,0,07,000,00,2,2,16,A01
201100035977,0,07,000,00,9,7,16,A01
201100035977,0,02,000,00,2,3,01,B01
201100035978,0,07,000,00,1,2,01,A01
201100035979,0,07,000,00,1,1,01,A01
201100035980,0,07,000,08,2,2,01,B01
201100035980,0,07,000,00,2,1,01,A01
201100035981,0,07,000,00,1,1,01,A01
201100035982,0,07,000,00,1,2,01,A01
201100035983,0,34,000,03,0,3,06,A01
201100035984,0,30,000,00,2,1,01,A01
201100035984,0,07,000,00,2,1,01,B01
201100035985,0,17,000,15,1,7,02,A01
201100035986,0,02,000,00,2,1,01,A01
201100035986,0,07,000,00,2,5,01,B01
201100035987,0,07,000,00,2,2,10,A01
201100035987,0,07,000,00,2,1,01,B01
201100035988,0,07,000,00,0,1,16,A01
201100035988,0,07,000,00,1,4,23,C01
201100035988,0,07,000,00,2,9,23,B01
201100035989,0,07,000,00,1,2,01,A01
201100035990,0,33,000,00,2,8,15,B01
201100035990,0,07,000,00,0,3,01,A01
201100035991,0,07,000,00,1,2,16,A01
201100035992,0,07,000,00,9,8,00,B01
201100035992,0,33,000,00,2,1,02,A01
201100035993,0,07,000,00,2,3,01,A01
201100035993,0,07,000,00,2,5,01,B01
201100035994,0,07,000,00,2,2,02,A01
201100035994,0,01,000,00,2,4,02,B01
201100035995,0,07,000,00,2,6,15,B01
201100035995,0,33,000,00,2,2,01,A01
201100035996,0,07,000,00,1,1,01,A01
201100035997,0,07,000,00,1,1,17,A01
201100035998,0,10,000,00,1,2,15,A01
201100035999,0,07,000,00,2,1,13,A01
201100035999,0,37,000,00,2,1,01,B01
201100036000,0,02,000,00,2,1,01,B01
201100036000,0,07,000,00,2,2,01,A01
201100036001,0,07,000,08,0,1,13,A01
201100036002,0,10,000,00,1,4,04,A01
201100036003,0,07,000,00,1,2,01,B01
201100036003,0,01,000,00,2,1,15,A01
201100036004,0,07,000,00,2,8,01,A01
201100036004,0,32,000,00,2,1,01,B01
201100036005,0,07,000,00,1,3,00,A01
201100036006,0,30,000,00,2,1,00,B01
201100036006,0,07,000,00,2,7,15,A01
201100036007,0,07,000,00,2,1,00,A01
201100036007,0,07,000,00,2,1,01,B01
201100036008,0,07,000,00,2,1,01,B01
201100036008,0,07,000,00,2,7,15,A01
201100036009,0,07,000,00,2,3,09,A01
201100036009,0,02,000,00,2,7,01,B01
201100036010,0,07,000,00,1,4,04,A01
201100036011,0,07,000,00,2,1,21,A01
201100036011,0,07,000,00,2,6,19,B01
201100036012,0,30,000,00,2,4,13,B01
201100036012,0,07,000,00,2,1,17,A01
201100036013,0,07,000,00,2,8,14,B01
201100036013,0,07,000,00,2,1,19,A01
201100036014,0,07,000,00,2,3,10,A01
201100036014,0,07,000,00,2,7,17,B01
201100036015,0,07,000,00,1,1,01,A01
201100036016,0,07,000,00,2,1,01,B01
201100036016,0,07,000,00,2,3,15,A01
201100036017,0,07,000,00,1,7,01,A01
201100036018,0,07,000,08,0,8,16,A01
201100036019,1,32,000,00,1,2,00,A01
201100036020,0,30,000,00,2,3,01,B01
201100036020,0,07,000,00,2,5,20,A01
201100036021,0,07,000,00,1,3,01,A01
201100036022,0,07,000,00,9,8,15,A01
201100036022,0,30,000,00,2,1,01,B01
201100036023,0,01,000,00,2,1,15,A01
201100036023,0,07,000,00,9,3,02,B01
201100036024,0,07,000,00,2,1,01,A01
201100036024,0,07,000,00,2,3,15,B01
201100036025,0,07,000,00,2,5,15,A01
201100036025,0,30,000,00,2,1,01,B01
201100036026,0,07,000,00,1,1,01,A01
201100036027,0,02,000,00,2,8,01,B01
201100036027,1,07,000,00,2,1,01,Z01
201100036028,0,10,000,00,1,2,21,B01
201100036029,1,07,000,15,2,3,01,B01
201100036029,0,01,000,00,2,3,11,A01
201100036030,0,01,000,00,2,2,01,B01
201100036030,0,10,000,00,9,3,15,A01
201100036031,0,07,000,00,2,8,15,A01
201100036031,0,07,000,00,2,1,01,B01
201100036032,0,33,000,00,2,1,01,B01
201100036032,0,10,000,00,2,7,10,A01
201100036033,0,07,000,00,2,1,02,A01
201100036033,0,07,000,00,2,2,02,B01
201100036034,0,07,000,00,2,1,01,A01
201100036034,0,01,000,00,2,8,19,B01
201100036035,0,07,000,00,2,2,01,A01
201100036035,0,01,000,00,2,1,19,B01
201100036036,0,07,000,00,1,2,01,A01
201100036037,0,07,000,00,0,6,15,B01
201100036037,0,32,000,00,0,1,17,A01
201100036038,0,07,000,00,1,1,00,A01
201100036039,0,07,000,00,2,6,10,A01
201100036039,0,32,000,00,2,1,01,B01
201100036040,0,07,000,00,2,3,24,A01
201100036040,0,01,000,01,0,1,01,B01
201100036041,0,01,000,00,0,8,19,A01
201100036041,0,07,000,00,2,2,16,B01
201100036042,0,07,000,00,2,2,02,A01
201100036042,0,07,000,00,2,8,02,B01
201100036043,0,07,000,00,1,2,01,B01
201100036044,0,07,000,01,0,8,19,A01
201100036044,0,30,000,00,0,1,01,B01
201100036045,0,07,000,00,2,2,15,A01
201100036045,0,07,000,00,2,1,01,B01
201100036046,0,07,000,00,1,2,01,A01
201100036047,0,02,000,00,1,1,01,A01
201100036048,0,07,000,00,2,1,15,A01
201100036048,0,07,000,00,2,8,15,B01
201100036049,0,07,000,00,2,3,15,A01
201100036049,0,01,000,00,2,1,01,B01
201100036050,0,07,000,00,2,2,15,A01
201100036050,0,33,000,00,2,1,01,B01
201100036051,0,07,000,00,1,2,01,B01
201100036052,0,07,000,00,1,7,02,A01
201100036053,0,07,000,00,1,2,15,A01
201100036054,0,07,000,00,1,1,01,B01
201100036055,0,07,000,00,0,4,02,B01
201100036055,0,07,000,00,2,1,02,A01
201100036056,0,07,000,00,0,1,01,A01
201100036057,0,07,000,00,2,4,02,B01
201100036057,0,07,000,00,2,1,02,A01
201100036058,0,07,000,00,1,2,01,A01
201100036059,0,07,000,00,2,3,01,A01
201100036059,0,07,000,00,2,2,01,B01
201100036060,0,07,000,00,2,2,23,B01
201100036060,0,07,000,00,2,1,01,A01
201100036060,0,07,000,00,2,4,23,C01
201100036061,0,07,000,00,1,1,01,A01
201100036062,0,07,000,00,1,2,15,A01
201100036063,0,07,000,00,2,4,02,B01
201100036063,0,30,000,00,2,1,02,A01
201100036064,0,02,000,00,2,1,01,B01
201100036064,1,07,000,00,2,2,15,Z01
201100036065,0,07,000,00,2,1,01,A01
201100036065,0,07,000,00,2,1,01,B01
201100036066,0,07,000,00,9,3,00,A01
201100036066,0,01,000,00,2,4,19,B01
201100036067,0,07,000,00,2,1,01,A01
201100036067,0,01,000,00,2,7,19,B01
201100036068,0,07,000,00,1,2,01,A01
201100036069,0,07,000,00,2,2,16,A01
201100036069,0,30,000,00,2,1,02,B01
201100036070,0,07,000,00,2,3,01,B01
201100036070,0,07,000,00,2,2,15,A01
201100036071,0,30,000,00,2,3,01,B01
201100036071,0,07,000,00,0,5,16,A01
201100036072,0,07,000,00,2,1,01,B01
201100036072,0,07,000,00,2,1,01,A01
201100036073,0,07,000,00,2,8,09,A01
201100036073,0,07,000,00,0,2,02,B01
201100036074,0,03,000,00,2,1,01,B01
201100036074,0,07,000,00,2,7,01,A01
201100036075,0,07,000,00,2,1,02,A01
201100036075,0,33,000,00,2,4,23,B01
201100036076,0,07,000,00,2,4,02,B01
201100036076,0,07,000,00,2,1,02,A01
201100036077,0,07,000,00,2,1,02,A01
201100036077,0,07,000,00,2,4,02,B01
201100036078,0,07,000,00,2,1,01,A01
201100036078,0,10,000,08,2,7,01,B01
201100036079,0,01,000,00,2,1,01,A01
201100036079,0,07,000,00,2,1,00,B01
201100036080,0,07,000,00,2,4,01,B01
201100036080,0,07,000,00,2,1,01,A01
201100036081,0,07,000,00,2,1,01,A01
201100036081,0,07,000,08,2,3,01,B01
201100036082,0,07,000,00,2,3,05,A01
201100036082,0,30,000,00,2,1,01,B01
201100036083,0,07,000,00,1,8,01,B01
201100036084,0,07,000,00,2,3,24,B01
201100036084,0,32,000,01,0,2,01,A01
201100036085,0,07,000,00,2,2,01,B01
201100036085,0,07,000,00,2,3,01,A01
201100036086,0,07,000,00,1,1,16,A01
201100036087,0,07,000,00,2,7,15,A01
201100036087,0,07,000,00,2,1,01,B01
201100036088,0,07,000,00,1,1,01,A01
201100036089,0,10,000,00,2,8,15,B01
201100036089,0,34,000,01,2,1,02,A01
201100036090,0,02,000,00,0,1,01,B01
201100036090,0,07,000,00,2,1,15,A01
201100036091,0,07,000,00,1,1,01,A01
201100036092,0,07,000,00,1,2,01,A01
201100036093,0,07,000,00,2,3,01,B01
201100036093,0,07,000,00,2,3,15,A01
201100036094,0,10,000,00,1,1,15,A01
201100036095,0,07,000,00,1,3,01,A01
201100036096,0,07,000,00,2,1,01,A01
201100036096,0,02,000,00,2,4,01,B01
201100036097,0,07,000,00,1,1,01,A01
201100036098,0,07,000,00,2,1,01,B01
201100036098,0,07,000,00,2,2,15,A01
201100036099,0,07,000,00,2,5,02,B01
201100036099,0,30,000,00,2,1,02,A01
201100036100,0,07,000,00,2,1,01,B01
201100036100,0,07,000,00,1,1,01,A01
201100036101,0,07,000,09,0,0,01,A01
201100036102,0,07,000,00,2,2,15,A01
201100036102,0,07,000,00,2,1,01,B01
201100036103,0,07,000,00,1,1,10,A01
201100036104,0,07,000,02,0,1,01,A01
201100036105,0,30,000,01,0,1,13,A01
201100036106,0,10,000,00,2,1,01,B01
201100036106,0,10,000,00,2,2,15,A01
201100036107,0,07,000,14,9,9,01,A01
201100036108,0,07,000,00,2,1,13,A01
201100036108,0,07,000,00,2,1,01,B01
201100036109,0,07,000,00,2,1,09,A01
201100036109,0,33,000,00,2,1,09,B01
201100036110,1,07,000,00,1,0,00,Z01
201100036111,0,07,000,00,1,1,01,A01
201100036112,0,07,000,00,1,1,00,A01
201100036113,0,07,000,00,2,1,13,A01
201100036113,0,07,000,00,2,1,01,B01
201100036114,0,07,000,00,2,3,01,B01
201100036114,0,01,000,00,2,8,09,A01
201100036115,0,33,000,00,2,1,17,A01
201100036115,0,07,000,00,2,8,15,B01
201100036116,0,07,000,00,2,2,02,A01
201100036116,0,01,000,00,2,4,01,B01
201100036117,1,07,000,00,0,0,00,Z01
201100036118,0,07,000,00,1,4,02,B01
201100036118,0,07,000,00,2,1,02,A01
201100036119,0,07,000,00,0,3,02,A01
201100036119,0,02,000,00,2,8,02,B01
201100036120,0,30,000,07,0,1,01,A01
201100036121,0,07,000,13,0,3,00,A01
201100036122,0,07,000,00,2,1,01,B01
201100036122,0,07,000,00,2,1,05,A01
201100036123,0,07,000,00,2,5,04,A01
201100036123,0,30,000,00,2,1,01,B01
201100036124,0,14,000,00,0,0,00,C01
201100036124,0,33,000,06,0,1,01,A01
201100036125,0,07,000,00,0,2,01,A01
201100036125,0,02,000,00,2,1,09,B01
201100036126,0,07,000,00,2,3,01,B01
201100036126,0,02,000,00,2,1,13,A01
201100036127,0,02,000,00,2,7,17,B01
201100036127,0,07,000,00,0,0,00,T01
201100036127,0,07,000,00,2,8,15,A01
201100036128,0,07,000,00,2,1,01,A01
201100036128,0,07,000,00,2,3,05,B01
201100036129,0,07,000,00,1,1,15,A01
201100036130,0,07,000,00,0,8,01,A01
201100036131,0,10,000,00,9,7,09,A01
201100036131,0,01,000,00,2,0,00,B01
201100036132,0,02,000,00,2,8,00,A01
201100036132,1,07,000,00,0,0,00,Z01
201100036133,0,07,000,00,1,1,15,A01
201100036134,0,07,000,08,0,1,01,A01
201100036135,0,07,000,00,0,7,01,A01
201100036135,0,02,000,00,2,0,00,B01
201100036136,0,02,000,00,2,8,01,B01
201100036136,0,07,000,00,9,1,19,A01
201100036137,0,07,000,00,9,2,15,A01
201100036137,0,01,000,00,2,1,02,B01
201100036138,0,07,000,00,1,2,01,A01
201100036139,0,07,000,01,0,8,16,A01
201100036140,0,13,000,00,2,1,00,A01
201100036140,0,01,000,00,2,7,01,B01
201100036141,0,07,000,00,2,7,00,B01
201100036141,0,07,000,00,2,1,00,A01
201100036142,0,07,000,00,0,2,01,A01
201100036143,0,07,000,00,2,2,15,A01
201100036143,0,07,000,00,2,1,01,B01
201100036144,0,07,000,00,2,8,19,A01
201100036144,0,33,000,00,2,8,01,B01
201100036145,0,07,000,00,1,1,01,A01
201100036146,0,07,000,06,0,1,01,A01
201100036147,0,07,000,00,2,6,20,A01
201100036147,0,07,000,00,2,2,21,B01
201100036148,0,07,000,00,2,1,00,B01
201100036148,0,10,000,00,2,7,01,A01
201100036149,0,07,000,00,0,1,01,A01
201100036149,0,07,000,00,2,1,01,B01
201100036149,0,07,000,00,0,0,01,C01
201100036150,0,07,000,00,2,3,15,A01
201100036150,0,33,000,08,2,1,17,B01
201100036151,0,07,000,00,1,3,01,A01
201100036152,0,07,000,00,2,3,11,A01
201100036152,0,33,000,00,2,1,01,B01
201100036153,0,07,000,00,0,3,01,A01
201100036153,0,07,000,00,0,1,15,B01
201100036154,0,07,000,00,1,3,15,A01
201100036155,0,07,000,00,2,1,01,B01
201100036155,0,31,000,00,2,7,01,A01
201100036156,0,07,000,00,2,3,09,A01
201100036156,0,31,000,00,2,1,01,B01
201100036157,0,33,000,00,0,0,00,B01
201100036157,0,07,000,00,0,0,00,A01
201100036158,0,07,000,00,1,1,00,A01
201100036159,0,07,000,00,0,4,02,B01
201100036159,0,07,000,00,2,1,01,A01
201100036160,0,07,000,00,2,1,01,B01
201100036160,0,07,000,00,2,8,01,A01
201100036161,0,07,000,00,0,9,01,A01
201100036162,0,07,000,00,1,0,15,A01
201100036163,0,07,000,00,2,2,01,B01
201100036163,0,02,000,00,2,8,00,A01
201100036164,0,07,000,00,2,8,15,A01
201100036164,0,37,003,00,2,2,01,B01
201100036165,0,07,000,15,0,1,01,A01
201100036166,0,07,000,00,2,2,02,A01
201100036166,0,15,000,00,0,8,01,C01
201100036166,0,07,000,00,2,3,02,B01
201100036167,0,07,000,00,0,6,04,B01
201100036167,0,30,000,00,2,1,01,A01
201100036168,0,33,000,01,2,1,02,B01
201100036168,0,07,000,00,0,0,02,C01
201100036168,0,30,000,00,0,0,02,A01
201100036169,0,07,000,00,1,2,01,A01
201100036170,0,07,000,00,1,3,15,A01
201100036171,0,10,000,00,1,4,04,A01
201100036172,0,07,000,00,1,1,01,A01
201100036173,0,07,000,00,2,4,01,B01
201100036173,0,07,000,00,0,1,00,A01
201100036174,0,07,000,01,0,2,01,A01
201100036175,0,17,000,00,1,5,15,A01
201100036176,0,07,000,00,0,8,21,A01
201100036177,0,07,000,00,2,4,01,A01
201100036177,0,01,000,00,2,1,01,B01
201100036178,0,07,000,00,0,2,01,A01
201100036179,0,07,000,00,1,2,01,A01
201100036180,0,10,000,00,0,6,01,C01
201100036180,0,10,000,01,2,6,01,A01
201100036181,0,07,000,00,0,3,09,A01
201100036181,0,33,000,00,2,1,01,B01
201100036182,0,07,000,00,1,2,01,A01
201100036183,0,07,000,00,0,0,00,A01
201100036183,0,07,000,00,0,0,00,B01
201100036184,0,30,000,00,2,1,01,B01
201100036184,0,07,000,00,2,1,15,A01
201100036185,0,07,000,00,1,4,04,A01
201100036186,0,07,000,00,1,1,01,A01
201100036187,0,07,000,00,2,2,02,B01
201100036187,0,07,000,00,2,2,15,A01
201100036188,0,32,000,00,2,2,02,A01
201100036188,0,07,000,00,2,3,02,B01
201100036189,0,33,000,01,0,8,02,A01
201100036190,0,07,000,00,1,1,01,A01
201100036191,0,02,000,00,2,6,00,A01
201100036191,1,07,000,00,0,0,00,Z01
201100036192,0,30,000,00,2,1,01,B01
201100036192,0,07,000,00,2,6,10,A01
201100036193,0,07,000,00,1,2,01,A01
201100036194,0,07,000,01,0,2,01,A01
201100036195,0,07,000,00,2,3,11,B01
201100036195,0,30,000,00,2,7,01,A01
201100036196,0,01,000,00,2,2,19,B01
201100036196,0,07,000,00,2,3,01,A01
201100036197,0,07,000,00,0,4,00,B01
201100036197,0,07,000,00,0,1,02,A01
201100036198,0,07,000,00,2,2,00,A01
201100036198,0,07,000,00,2,1,01,B01
201100036199,0,07,000,00,9,1,15,A01
201100036199,0,01,000,00,2,7,05,B01
201100036200,0,07,000,00,1,3,01,A01
201100036201,0,33,000,00,2,1,01,B01
201100036201,0,07,000,00,2,2,01,A01
201100036202,0,32,000,00,2,1,01,B01
201100036202,0,07,000,00,2,1,16,A01
201100036203,0,30,000,00,2,7,01,B01
201100036203,0,07,000,00,2,1,09,A01
201100036204,0,33,000,01,0,1,00,A01
201100036205,0,01,000,00,1,0,01,A01
201100036206,0,07,000,00,0,1,01,A01
201100036206,0,07,000,00,0,1,01,B01
201100036207,0,01,000,00,2,7,11,A01
201100036207,0,07,000,00,9,1,01,B01
201100036208,0,07,000,00,2,2,01,B01
201100036208,0,07,000,15,2,8,01,A01
201100036209,0,07,000,00,2,1,01,B01
201100036209,0,07,000,00,2,1,15,A01
201100036210,0,07,000,01,0,1,00,A01
201100036210,0,07,000,01,2,4,24,B01
201100036211,1,10,000,00,0,0,00,Z01
201100036212,0,37,001,00,1,7,01,A01
201100036213,0,07,000,00,2,5,04,A01
201100036213,0,02,000,00,2,7,01,B01