Num_Acc,senc,catv,occutc,obs,obsm,choc,manv,num_veh
201100036214,0,07,000,00,0,6,04,A01
201100036214,0,30,000,00,2,1,01,B01
201100036215,0,07,000,00,2,5,02,A01
201100036215,0,02,000,00,2,1,02,B01
201100036216,0,30,000,12,0,0,02,A01
201100036217,0,01,000,00,2,1,01,A01
201100036217,0,07,000,00,9,1,01,B01
201100036218,0,07,000,00,0,2,19,A01
201100036218,0,07,000,00,0,2,01,B01
201100036219,1,07,000,00,2,0,00,Z01
201100036219,0,30,000,00,2,8,00,A01
201100036220,0,07,000,00,2,8,10,A01
201100036220,0,32,000,00,2,1,01,B01
201100036221,0,07,000,00,1,1,01,A01
201100036222,1,07,000,00,2,4,10,Z01
201100036222,0,30,000,00,2,3,01,B01
201100036223,0,07,000,00,2,1,09,A01
201100036223,0,33,000,01,2,7,01,B01
201100036224,0,07,000,00,1,1,00,A01
201100036225,0,07,000,00,0,3,01,B01
201100036225,0,01,000,00,0,1,01,A01
201100036226,0,07,000,04,0,1,02,A01
201100036227,0,14,000,00,2,4,23,B01
201100036227,0,07,000,00,2,1,02,A01
201100036228,0,07,000,00,2,7,15,A01
201100036228,0,07,000,00,2,1,01,B01
201100036229,0,07,000,07,0,3,01,A01
201100036230,1,10,000,00,9,1,01,Z01
201100036231,0,07,000,00,2,3,10,B01
201100036231,0,30,000,00,2,1,02,A01
201100036232,0,07,000,00,6,1,05,A01
201100036233,0,31,000,00,2,1,21,B01
201100036233,0,07,000,00,2,8,10,A01
201100036234,0,01,000,01,0,1,02,A01
201100036234,0,07,000,00,9,3,00,B01
201100036235,0,07,000,00,1,3,01,A01
201100036236,0,07,000,01,0,3,00,A01
201100036237,0,07,000,00,2,4,02,B01
201100036237,0,07,000,00,2,4,02,A01
201100036238,0,01,000,00,0,4,11,B01
201100036238,0,07,000,00,9,2,01,A01
201100036239,0,07,000,00,2,8,11,A01
201100036239,0,07,000,08,2,7,01,B01
201100036240,0,07,000,00,0,3,19,A01
201100036240,0,07,000,00,2,1,01,B01
201100036241,0,07,000,00,1,2,01,A01
201100036242,0,07,000,00,0,1,01,B01
201100036242,0,07,000,00,0,8,19,A01
201100036243,2,07,000,00,0,8,09,A01
201100036243,0,07,000,00,0,1,01,B01
201100036244,0,07,000,00,2,5,15,A01
201100036244,0,07,000,00,2,1,01,B01
201100036245,0,07,000,00,2,3,01,A01
201100036245,0,02,000,00,2,3,12,B01
201100036246,0,02,000,00,2,8,01,A01
201100036246,0,07,000,00,2,2,01,B01
201100036247,0,15,000,00,0,2,23,C01
201100036247,0,07,000,00,2,2,01,A01
201100036247,0,07,000,00,2,3,01,B01
201100036248,0,07,000,00,2,2,01,B01
201100036248,0,07,000,00,2,1,01,A01
201100036249,1,07,000,00,0,0,00,A01
201100036250,0,33,000,00,2,1,01,B01
201100036250,0,10,000,00,0,3,19,A01
201100036251,0,33,000,00,2,5,00,B01
201100036251,0,07,000,00,2,5,01,A01
201100036252,1,07,000,00,2,6,00,Z01
201100036252,0,07,000,00,2,6,01,B01
201100036253,0,07,000,00,2,1,01,B01
201100036253,0,30,000,00,2,2,15,A01
201100036254,0,13,000,00,2,4,04,A01
201100036254,0,07,000,00,2,1,00,B01
201100036255,0,07,000,00,1,1,01,A01
201100036256,0,07,000,00,1,3,01,A01
201100036257,0,30,000,00,2,1,15,A01
201100036257,0,07,000,00,2,3,01,B01
201100036258,0,30,000,00,2,5,05,A01
201100036258,0,07,000,00,2,5,20,B01
201100036259,0,07,000,00,2,3,11,A01
201100036259,0,33,000,00,2,1,01,B01
201100036260,0,33,000,00,2,1,13,B01
201100036260,0,07,000,00,0,8,11,A01
201100036261,0,07,000,00,2,3,15,B01
201100036261,0,30,000,00,2,1,01,A01
201100036262,0,01,000,00,2,8,01,B01
201100036262,0,07,000,00,2,1,11,A01
201100036263,0,07,000,00,1,8,01,A01
201100036264,0,07,000,00,2,3,01,A01
201100036264,0,07,000,00,2,3,01,B01
201100036265,0,07,000,00,1,1,02,A01
201100036266,0,33,000,00,2,3,02,A01
201100036266,0,07,000,00,0,5,00,B01
201100036267,0,07,000,00,2,3,02,B01
201100036267,0,07,000,00,2,3,02,A01
201100036268,0,02,000,00,2,1,01,B01
201100036268,0,07,000,00,2,1,11,A01
201100036269,0,07,000,00,2,1,01,A01
201100036269,0,07,000,00,2,4,01,B01
201100036269,0,07,000,00,0,4,01,C01
201100036270,0,17,000,00,2,7,02,A01
201100036270,0,30,000,00,2,8,02,B01
201100036271,0,07,000,08,0,1,09,A01
201100036272,0,01,000,00,2,7,01,A01
201100036272,0,07,000,00,2,1,01,B01
201100036273,0,01,000,00,2,1,00,B01
201100036273,0,07,000,00,2,3,11,A01
201100036274,0,07,000,00,2,4,11,B01
201100036274,0,30,000,00,2,1,01,A01
201100036275,0,07,000,00,2,8,10,B01
201100036275,0,02,000,00,2,1,01,A01
201100036276,0,01,000,00,2,8,02,B01
201100036276,0,07,000,00,2,7,02,A01
201100036277,0,02,000,00,2,8,00,B01
201100036277,0,07,000,00,2,2,20,A01
201100036278,0,02,000,00,1,1,01,A01
201100036279,0,07,000,00,9,2,14,A01
201100036279,0,01,000,00,2,8,15,B01
201100036280,1,07,000,00,0,0,00,Z01
201100036281,0,07,000,00,2,3,23,C01
201100036281,0,02,000,14,0,1,01,B01
201100036281,0,07,000,00,2,0,15,A01
201100036282,0,30,000,00,2,3,00,A01
201100036282,0,07,000,00,2,1,15,B01
201100036283,0,07,000,00,0,7,15,A01
201100036283,0,07,000,00,2,1,01,B01
201100036284,0,33,000,00,2,8,17,A01
201100036284,0,07,000,00,2,6,15,B01
201100036285,0,07,000,00,1,1,01,A01
201100036286,0,10,000,00,2,1,01,B01
201100036286,0,10,000,00,2,8,01,A01
201100036287,0,30,000,00,2,1,01,B01
201100036287,0,07,000,00,2,2,00,A01
201100036288,0,07,000,08,0,2,01,A01
201100036289,0,07,000,00,1,1,00,A01
201100036290,0,02,000,00,1,1,00,A01
201100036291,0,01,000,00,2,1,02,B01
201100036291,1,07,000,00,9,2,14,Z01
201100036292,0,30,000,00,2,7,01,B01
201100036292,0,07,000,00,2,1,15,A01
201100036293,0,07,000,00,1,1,01,A01
201100036294,0,07,000,00,2,1,00,B01
201100036294,0,32,000,00,2,7,00,A01
201100036295,0,07,000,00,0,0,24,C01
201100036295,0,33,000,01,2,1,03,B01
201100036295,0,07,000,00,0,3,00,D01
201100036295,0,07,000,00,2,8,10,A01
201100036296,0,07,000,00,1,2,01,A01
201100036297,0,07,000,00,2,1,00,A01
201100036297,1,07,000,00,0,0,00,B01
201100036298,0,07,000,00,2,3,00,A01
201100036298,0,30,000,00,2,1,00,B01
201100036299,0,07,000,00,0,3,15,A01
201100036299,0,01,000,00,0,0,00,B01
201100036300,0,03,000,00,2,3,06,B01
201100036300,0,32,000,00,2,1,01,A01
201100036301,0,07,000,00,1,2,00,A01
201100036302,0,07,000,00,0,9,01,A01
201100036303,0,07,000,00,1,1,00,A01
201100036304,0,07,000,00,2,1,13,B01
201100036304,0,07,000,00,2,1,16,A01
201100036305,0,33,000,00,2,1,01,A01
201100036305,0,07,000,00,0,7,15,B01
201100036306,1,99,000,00,0,0,00,Z01
201100036306,0,02,000,00,0,3,00,A01
201100036307,0,07,000,00,1,7,01,A01
201100036308,0,07,000,00,1,1,01,A01
201100036309,0,07,000,00,2,4,02,B01
201100036309,0,07,000,01,2,1,02,A01
201100036310,0,33,000,00,2,1,02,A01
201100036310,0,07,000,00,0,6,02,B01
201100036311,0,07,000,00,2,7,11,A01
201100036311,0,33,000,00,2,2,21,B01
201100036312,0,30,000,00,0,0,00,A01
201100036313,0,07,000,00,2,1,01,B01
201100036313,0,99,000,00,2,7,01,A01
201100036314,0,07,000,00,2,3,15,B01
201100036314,0,07,000,00,2,1,01,A01
201100036315,0,07,000,00,2,3,01,A01
201100036315,0,01,000,00,2,7,01,B01
201100036316,0,07,000,00,2,3,10,A01
201100036316,0,07,000,00,2,1,01,B01
201100036317,0,07,000,00,2,3,15,A01
201100036317,0,30,000,00,2,1,01,B01
201100036318,0,07,000,00,2,1,01,A01
201100036318,0,07,000,15,2,5,12,B01
201100036319,0,07,000,00,0,4,01,B01
201100036319,0,07,000,00,2,1,02,A01
201100036320,0,01,000,00,0,0,00,A01
201100036321,0,07,000,00,2,4,01,B01
201100036321,1,07,000,00,2,1,00,A01
201100036322,0,07,000,00,1,2,00,A01
201100036323,0,07,000,00,1,0,01,A01
201100036324,0,07,000,00,1,1,01,A01
201100036325,0,07,000,00,2,1,01,A01
201100036325,0,30,000,00,2,4,01,B01
201100036326,0,07,000,00,2,1,01,A01
201100036326,0,07,000,00,2,4,01,B01
201100036327,0,07,000,00,1,1,01,A01
201100036328,0,07,000,02,0,3,01,A01
201100036329,0,07,000,00,2,4,01,C01
201100036329,0,07,000,00,2,4,01,B01
201100036329,0,07,000,00,2,1,01,A01
201100036330,0,07,000,00,1,0,01,A01
201100036331,0,07,000,00,1,3,01,A01
201100036332,0,07,000,00,2,7,15,A01
201100036332,0,30,000,00,2,1,01,B01
201100036333,0,07,000,00,1,0,01,A01
201100036334,0,07,000,00,1,2,01,A01
201100036335,0,07,000,01,2,7,15,A01
201100036335,0,33,000,00,2,1,01,B01
201100036336,0,30,000,00,2,4,01,A01
201100036336,0,07,000,00,2,1,01,B01
201100036337,0,07,000,00,2,4,23,B01
201100036337,0,07,000,00,2,4,23,C01
201100036337,0,07,000,00,0,4,23,D01
201100036337,0,07,000,00,2,1,01,A01
201100036338,0,30,000,00,0,1,05,A01
201100036339,0,30,000,00,2,1,01,A01
201100036339,0,07,000,00,2,4,01,B01
201100036340,0,02,000,00,2,0,00,A01
201100036340,0,07,000,00,2,0,00,B01
201100036341,0,07,000,00,1,0,00,A01
201100036342,0,07,000,00,2,3,16,B01
201100036342,0,07,000,00,2,1,01,A01
201100036343,0,07,000,00,1,1,01,A01
201100036344,0,07,000,00,2,1,01,B01
201100036344,0,07,000,00,2,1,01,A01
201100036345,0,33,000,00,2,1,17,B01
201100036345,0,07,000,00,2,8,10,A01
201100036346,0,02,000,00,2,1,19,A01
201100036346,0,07,000,00,2,5,01,B01
201100036347,0,32,000,00,2,7,15,B01
201100036347,0,07,000,00,2,3,01,A01
201100036348,1,07,000,00,1,0,00,Z01
201100036349,0,07,000,00,2,3,15,B01
201100036349,0,33,000,00,2,1,01,A01
201100036350,0,07,000,00,1,2,01,A01
201100036351,0,10,000,13,1,9,01,A01
201100036352,0,07,000,00,2,1,01,B01
201100036352,0,07,000,00,2,1,05,A01
201100036353,0,07,000,00,2,1,01,A01
201100036353,0,07,000,00,2,4,23,C01
201100036353,0,07,000,00,2,5,23,B01
201100036354,0,30,000,01,0,1,00,A01
201100036355,0,07,000,00,1,2,01,A01
201100036356,0,07,000,00,2,3,15,A01
201100036356,0,01,000,00,2,3,23,B01
201100036357,0,07,000,00,1,3,01,A01
201100036358,0,07,000,00,2,3,09,A01
201100036358,0,02,000,00,2,2,01,B01
201100036359,0,33,000,12,0,1,01,A01
201100036360,0,33,000,00,2,1,01,B01
201100036360,0,07,000,00,2,7,15,A01
201100036361,0,07,000,00,1,1,01,A01
201100036362,0,30,000,00,2,1,01,A01
201100036362,0,01,000,00,2,4,01,B01
201100036363,1,36,000,00,1,1,00,Z01
201100036364,0,07,000,00,2,3,15,A01
201100036364,0,33,000,00,2,1,01,B01
201100036365,0,07,000,00,2,4,23,B01
201100036365,0,07,000,00,2,1,01,A01
201100036366,0,07,000,00,1,1,01,A01
201100036367,0,33,000,08,0,1,01,A01
201100036368,0,31,000,00,0,0,01,A01
201100036369,0,40,000,00,1,3,01,A01
201100036370,0,02,000,00,0,0,01,A01
201100036371,0,07,000,00,1,2,01,A01
201100036372,0,07,000,00,2,3,15,A01
201100036372,0,32,000,00,2,1,01,B01
201100036373,0,07,000,00,2,4,01,B01
201100036373,0,33,000,00,2,1,01,A01
201100036374,0,07,000,00,2,1,01,B01
201100036374,0,07,000,00,2,3,15,A01
201100036375,2,31,000,00,1,1,00,Z01
201100036376,0,07,000,00,2,3,09,A01
201100036376,0,02,000,00,2,1,01,B01
201100036377,0,07,000,00,2,4,23,C01
201100036377,0,07,000,00,2,1,01,A01
201100036377,0,07,000,00,2,4,23,B01
201100036378,0,07,000,00,2,1,01,A01
201100036378,0,01,000,00,2,8,19,B01
201100036379,0,07,000,00,2,3,15,A01
201100036379,0,02,000,00,2,1,01,B01
201100036380,0,07,000,00,1,0,01,A01
201100036381,0,07,000,00,2,2,01,B01
201100036381,0,07,000,00,2,1,01,A01
201100036382,0,07,000,00,1,4,04,A01
201100036383,0,07,000,00,2,3,01,A01
201100036383,0,30,000,00,2,7,01,B01
201100036384,0,01,000,01,0,1,01,B01
201100036384,0,07,000,00,2,3,24,A01
201100036385,0,10,000,00,2,1,13,A01
201100036385,0,10,000,00,2,1,01,B01
201100036386,1,07,000,00,1,1,01,Z01
201100036387,0,07,000,00,1,1,01,A01
201100036388,0,07,000,00,1,2,01,A01
201100036389,0,01,000,00,1,1,01,A01
201100036390,0,30,000,00,0,0,00,A01
201100036391,0,07,000,00,2,7,01,C01
201100036391,0,01,000,00,2,0,00,B01
201100036391,0,30,000,00,2,0,00,A01
201100036392,0,13,000,00,2,1,01,A01
201100036392,0,07,000,00,2,4,01,B01
201100036393,0,30,000,00,0,7,01,A01
201100036394,0,36,000,01,0,0,00,A01
201100036395,1,07,000,00,2,1,01,A01
201100036395,0,07,000,00,2,4,01,B01
201100036396,0,07,000,00,2,1,17,A01
201100036396,0,07,000,00,2,1,01,B01
201100036397,0,07,000,00,2,1,01,B01
201100036397,0,37,030,00,2,8,10,A01
201100036398,0,07,000,00,2,3,00,A01
201100036398,0,01,000,00,2,1,01,B01
201100036399,2,02,000,00,0,0,00,A01
201100036400,1,02,000,00,1,1,00,Z01
201100036401,0,07,000,02,0,1,00,A01
201100036402,0,07,000,00,1,1,01,A01
201100036403,0,33,000,06,0,1,01,A01
201100036404,0,30,000,00,2,1,01,A01
201100036404,0,07,000,00,2,1,01,B01
201100036405,0,07,000,00,2,1,01,A01
201100036405,0,07,000,00,2,4,01,B01
201100036406,0,01,000,00,2,0,00,A01
201100036406,0,07,000,00,2,3,01,B01
201100036407,0,07,000,00,2,0,00,B01
201100036407,0,30,000,00,2,1,01,A01
201100036408,0,01,000,00,2,4,00,B01
201100036408,0,07,000,00,2,1,01,A01
201100036409,0,07,000,00,1,1,01,A01
201100036410,0,07,000,00,2,6,01,C01
201100036410,0,07,000,00,2,4,01,B01
201100036410,2,07,000,00,2,1,01,A01
201100036411,0,03,000,00,2,7,01,A01
201100036411,0,30,000,00,2,1,01,B01
201100036412,0,02,000,00,2,1,00,A01
201100036412,0,07,000,00,2,3,01,B01
201100036413,0,07,000,00,2,2,01,B01
201100036413,0,01,000,01,2,1,19,A01
201100036414,0,02,000,00,2,3,15,A01
201100036414,0,07,000,00,2,1,01,B01
201100036415,0,07,000,00,2,8,24,A01
201100036415,0,30,000,01,0,1,01,B01
201100036416,0,01,000,00,2,8,01,B01
201100036416,0,07,000,00,1,7,01,A01
201100036417,0,07,000,01,0,2,01,A01
201100036418,0,30,000,00,2,1,01,B01
201100036418,0,07,000,00,2,1,16,A01
201100036419,0,07,000,00,2,2,10,A01
201100036419,0,30,000,00,2,8,01,B01
201100036420,0,07,000,00,1,2,01,A01
201100036421,0,07,000,00,2,5,15,B01
201100036421,0,30,000,00,2,1,01,A01
201100036422,0,07,000,15,1,1,13,A01
201100036423,0,33,000,00,2,1,01,B01
201100036423,0,21,000,00,2,5,10,A01
201100036424,0,17,000,00,2,3,01,B01
201100036424,0,30,000,00,2,1,13,A01
201100036425,0,07,000,00,2,3,15,A01
201100036425,0,37,012,00,2,1,01,B01
201100036426,0,07,000,00,2,1,01,B01
201100036426,0,07,000,00,2,1,05,A01
201100036427,0,07,000,00,2,1,01,A01
201100036427,0,07,000,00,2,4,01,B01
201100036428,0,33,000,12,0,3,13,A01
201100036429,0,07,000,00,1,1,01,A01
201100036430,0,07,000,00,2,4,23,B01
201100036430,0,07,000,00,2,1,02,A01
201100036431,0,01,000,00,2,1,01,A01
201100036431,0,30,000,00,2,1,05,B01
201100036432,0,40,000,00,2,2,01,B01
201100036432,0,07,000,00,4,1,01,A01
201100036433,0,07,000,00,2,7,15,A01
201100036433,0,07,000,00,2,1,01,B01
201100036434,0,07,000,00,1,1,00,A01
201100036435,0,07,000,08,0,1,01,A01
201100036436,0,07,000,00,2,8,10,A01
201100036436,0,07,000,00,2,1,01,B01
201100036437,0,02,000,00,2,1,01,B01
201100036437,0,07,000,00,2,7,15,A01
201100036438,0,40,000,00,2,2,01,A01
201100036438,0,07,000,00,4,3,01,B01
201100036439,0,07,000,00,1,1,01,A01
201100036440,0,07,000,00,2,3,01,A01
201100036440,0,07,000,00,2,2,01,B01
201100036441,0,07,000,00,1,2,01,A01
201100036442,0,07,000,00,1,3,15,A01
201100036443,0,07,000,00,1,2,15,A01
201100036444,0,07,000,00,2,1,01,C01
201100036444,0,07,000,00,2,1,01,B01
201100036444,0,07,000,00,2,4,01,A01
201100036445,0,07,000,00,1,1,01,A01
201100036446,0,30,000,00,2,1,01,B01
201100036446,1,07,000,00,2,2,16,Z01
201100036447,0,02,000,01,0,2,00,A01
201100036448,0,07,000,00,1,4,04,A01
201100036449,0,07,000,00,1,1,01,A01
201100036450,0,03,000,00,2,3,15,A01
201100036450,0,02,000,00,2,6,01,B01
201100036451,0,33,000,00,2,7,17,B01
201100036451,0,07,000,00,2,3,09,A01
201100036452,0,30,000,00,2,8,00,A01
201100036452,0,07,000,00,2,1,01,B01
201100036453,1,07,000,00,2,1,01,Z01
201100036453,0,01,000,00,2,1,00,B01
201100036454,0,07,000,00,2,7,23,B01
201100036454,0,34,000,00,2,1,18,A01
201100036455,0,10,000,00,1,4,04,A01
201100036456,0,07,000,00,2,1,01,B01
201100036456,0,33,000,01,2,1,01,A01
201100036457,0,07,000,00,2,2,01,A01
201100036457,0,01,000,00,2,8,19,B01
201100036458,0,07,000,00,2,2,01,A01
201100036458,0,33,000,00,2,0,01,B01
201100036459,1,07,000,00,2,4,04,Z01
201100036459,0,02,000,00,2,1,01,B01
201100036460,0,07,000,00,2,1,13,A01
201100036460,0,07,000,00,2,1,01,B01
201100036461,0,07,000,00,2,3,10,A01
201100036461,0,31,000,00,2,1,01,C01
201100036461,0,07,000,00,2,2,01,B01
201100036462,0,07,000,00,1,1,00,A01
201100036463,0,02,000,08,0,1,01,A01
201100036464,0,07,000,00,2,2,01,A01
201100036464,0,07,000,00,2,8,16,B01
201100036465,0,31,000,00,2,7,01,B01
201100036465,0,07,000,00,2,3,15,A01
201100036466,0,07,000,09,0,1,00,A01
201100036467,0,17,000,00,1,1,01,A01
201100036468,0,30,000,00,1,1,00,A01
201100036469,0,01,000,00,2,4,01,B01
201100036469,1,07,000,00,2,1,09,A01
201100036470,0,15,000,00,1,4,04,A01
201100036471,0,07,000,00,2,3,01,B01
201100036471,0,07,000,00,2,1,01,C01
201100036471,0,07,000,00,2,1,13,A01
201100036472,0,07,000,00,2,1,01,A01
201100036472,0,07,000,00,0,4,01,B01
201100036473,0,07,000,00,2,0,09,A01
201100036473,0,01,000,00,2,0,09,B01
201100036474,0,21,000,00,0,8,23,A01
201100036474,0,14,000,01,0,1,01,B01
201100036475,0,14,000,00,2,7,16,A01
201100036475,0,07,000,00,2,3,01,B01
201100036476,0,07,000,00,2,3,15,A01
201100036476,0,01,000,00,2,1,17,B01
201100036477,0,07,000,00,2,3,15,B01
201100036477,0,33,000,00,2,1,17,A01
201100036478,0,07,000,00,2,1,15,A01
201100036478,0,02,000,00,2,3,01,B01
201100036479,0,07,000,00,1,2,01,A01
201100036480,0,14,000,00,2,2,16,A01
201100036480,0,01,000,00,2,8,01,B01
201100036481,0,33,000,00,2,8,01,B01
201100036481,0,07,000,00,2,1,10,A01
201100036482,0,01,000,01,0,1,01,B01
201100036482,0,07,000,00,2,8,24,A01
201100036483,0,02,000,00,2,3,00,A01
201100036483,0,07,000,00,2,5,01,B01
201100036484,0,07,000,01,0,1,13,A01
201100036485,0,07,000,00,1,1,16,A01
201100036486,0,07,000,00,1,1,02,A01
201100036487,0,07,000,00,2,3,01,B01
201100036487,0,32,000,00,2,1,01,A01
201100036488,0,07,000,00,0,5,01,A01
201100036488,0,03,000,00,0,1,01,B01
201100036489,0,02,000,00,2,1,01,B01
201100036489,0,07,000,00,2,2,01,A01
201100036490,0,02,000,00,1,1,01,A01
201100036491,0,33,000,00,2,1,03,B01
201100036491,0,07,000,00,2,3,15,A01
201100036492,0,07,000,00,1,2,02,A01
201100036493,0,02,000,00,2,1,01,B01
201100036493,0,07,000,00,0,4,01,A01
201100036494,0,07,000,02,0,8,01,A01
201100036495,0,07,000,00,1,3,15,A01
201100036496,0,07,000,00,2,1,01,A01
201100036496,0,01,000,00,2,7,01,B01
201100036497,1,01,000,00,1,1,01,A01
201100036498,0,07,000,00,2,3,00,A01
201100036498,0,01,000,00,2,0,00,B01
201100036499,0,34,000,00,0,7,01,B01
201100036499,1,07,000,00,2,1,09,A01
201100036500,0,07,000,00,1,1,01,A01
201100036501,1,07,000,00,1,1,01,A01
201100036502,0,33,000,00,5,1,01,A01
201100036503,0,07,000,00,0,0,01,B01
201100036503,0,01,000,00,0,0,01,A01
201100036504,0,07,000,00,1,1,15,A01
201100036505,0,07,000,00,2,3,01,B01
201100036505,0,03,000,00,2,3,13,A01
201100036506,0,07,000,00,1,7,01,A01
201100036507,0,07,000,00,2,1,01,B01
201100036507,0,99,000,00,0,8,09,A01
201100036508,0,07,000,00,2,3,15,A01
201100036508,0,02,000,00,2,8,01,B01
201100036509,0,02,000,00,2,2,01,A01
201100036509,0,07,000,00,2,3,15,B01
201100036510,0,07,000,00,1,2,01,A01
201100036511,0,07,000,00,2,2,09,A01
201100036511,0,33,000,00,0,6,02,B01
201100036512,0,07,000,00,2,3,09,A01
201100036512,0,07,000,00,2,2,01,B01
201100036513,0,02,000,06,0,1,01,A01
201100036514,0,10,000,00,2,5,04,A01
201100036514,0,02,000,00,2,1,01,B01
201100036515,0,07,000,00,2,1,15,A01
201100036515,0,33,000,00,2,1,01,B01
201100036516,0,07,000,00,2,7,01,A01
201100036516,0,07,000,00,2,1,01,B01
201100036517,0,07,000,00,1,1,01,A01
201100036518,0,07,000,00,2,1,01,B01
201100036518,0,07,000,00,2,1,17,A01
201100036519,0,07,000,02,2,3,00,B01
201100036519,0,07,000,00,2,2,01,A01
201100036520,0,07,000,00,0,4,01,B01
201100036520,0,07,000,00,2,1,01,A01
201100036521,0,07,000,00,2,6,01,B01
201100036521,0,10,000,00,0,4,01,C01
201100036521,0,07,000,00,2,2,09,A01
201100036522,0,07,000,00,1,6,04,A01
201100036523,0,07,000,00,2,5,19,B01
201100036523,2,07,000,15,2,2,21,A01
201100036524,0,07,000,00,1,2,01,A01
201100036525,0,07,000,00,1,1,01,A01
201100036526,0,33,000,00,2,1,01,B01
201100036526,0,07,000,00,2,8,09,A01
201100036527,0,10,000,00,1,3,15,A01
201100036528,0,07,000,00,1,2,01,A01
201100036529,0,10,000,00,1,2,01,A01
201100036530,0,07,000,00,2,3,02,C01
201100036530,0,07,000,00,2,1,11,A01
201100036530,0,07,000,00,2,1,01,B01
201100036531,1,07,000,00,1,1,01,Z01
201100036532,0,07,000,06,1,1,14,A01
201100036533,0,31,000,00,2,1,00,B01
201100036533,0,07,000,00,2,8,00,A01
201100036534,0,07,000,00,1,1,02,A01
201100036535,0,33,000,00,2,1,01,A01
201100036535,0,07,000,00,2,1,15,B01
201100036536,0,32,000,00,2,1,00,A01
201100036537,0,07,000,00,2,3,20,B01
201100036537,0,02,000,00,2,1,02,A01
201100036538,0,07,000,00,1,1,15,A01
201100036539,0,07,000,00,2,6,01,B01
201100036539,1,31,000,00,2,1,00,A01
201100036540,0,07,000,11,0,1,01,A01
201100036541,0,01,000,00,2,4,01,A01
201100036541,1,07,000,00,2,1,02,Z01
201100036542,1,35,000,01,0,6,00,A01
201100036543,1,15,000,00,2,3,16,B01
201100036543,0,33,000,00,2,5,09,A01
201100036543,0,07,000,00,2,7,09,C01
201100036544,0,01,000,00,2,1,19,B01
201100036544,0,07,000,00,2,1,01,A01
201100036545,0,07,000,00,1,2,00,A01
201100036546,0,31,000,06,0,1,01,A01
201100036547,0,07,000,00,2,3,16,B01
201100036547,0,33,000,00,2,1,01,A01
201100036548,0,01,000,00,2,3,19,B01
201100036548,1,33,000,00,2,1,01,A01
201100036549,0,07,000,00,1,7,01,A01
201100036550,0,07,000,00,2,2,01,B01
201100036550,0,30,000,00,2,1,19,A01
201100036551,0,07,000,11,0,3,00,A01
201100036552,0,02,000,00,2,1,17,A01
201100036552,0,07,000,00,2,3,15,B01
201100036553,0,07,000,00,2,1,10,A01
201100036553,0,33,000,00,2,7,17,B01
201100036554,0,30,000,14,0,8,01,A01
201100036555,0,34,000,00,2,1,01,B01
201100036555,0,07,000,00,2,8,15,A01
201100036556,0,33,000,00,1,3,01,A01
201100036557,0,07,000,13,0,9,00,A01
201100036558,0,07,000,00,1,3,00,A01
201100036559,0,07,000,00,1,5,01,A01
201100036560,0,07,000,00,2,1,00,A01
201100036560,0,01,000,00,2,1,00,B01
201100036561,0,07,000,14,1,3,02,A01
201100036561,0,07,000,05,2,7,02,B01
201100036562,0,07,000,00,1,1,02,A01
201100036563,0,31,000,00,2,1,17,B01
201100036563,0,07,000,00,2,6,10,A01
201100036564,0,36,000,00,2,1,17,A01
201100036564,0,07,000,00,2,1,01,B01
201100036565,0,07,000,13,0,1,00,A01
201100036566,0,07,000,00,1,1,01,A01
201100036567,0,07,000,00,2,1,01,B01
201100036567,0,07,000,04,2,3,09,A01
201100036568,0,30,000,00,1,1,13,A01
201100036569,0,07,000,00,2,1,02,C01
201100036569,0,07,000,00,2,4,02,A01
201100036569,0,07,000,00,2,9,02,B01
201100036570,0,33,000,00,2,1,01,A01
201100036570,0,07,000,00,2,2,19,B01
201100036571,0,07,000,00,2,3,17,A01
201100036571,0,10,000,00,2,3,01,B01
201100036572,0,07,000,13,0,5,14,A01
201100036573,0,33,000,13,2,1,21,A01
201100036573,0,01,000,00,2,3,19,B01
201100036574,0,10,000,00,2,8,17,B01
201100036574,0,30,000,00,2,2,17,A01
201100036575,0,10,000,00,1,2,01,A01
201100036576,0,07,000,00,1,2,01,A01
201100036577,0,07,000,00,1,2,01,A01
201100036578,0,07,000,00,1,1,15,A01
201100036579,0,07,000,00,2,3,15,A01
201100036579,0,02,000,00,2,1,17,B01
201100036580,0,07,000,00,2,1,09,B01
201100036580,0,07,000,00,2,2,01,A01
201100036581,0,07,000,00,2,1,09,A01
201100036581,0,07,000,00,2,2,01,B01
201100036582,0,07,000,08,0,1,13,A01
201100036583,0,33,000,00,2,1,01,B01
201100036583,0,07,000,00,2,7,15,A01
201100036584,0,07,000,08,0,2,14,A01
201100036585,0,02,000,00,2,7,17,B01
201100036585,0,01,000,00,2,8,15,A01
201100036586,0,02,000,00,2,1,01,B01
201100036586,0,07,000,00,2,3,15,A01
201100036587,0,33,000,00,2,1,01,B01
201100036587,0,07,000,00,2,5,15,A01
201100036588,0,33,000,00,2,7,00,A01
201100036589,0,33,000,00,2,7,01,B01
201100036589,0,07,000,00,2,3,13,A01
201100036590,0,07,000,00,2,2,01,A01
201100036590,0,07,000,00,2,3,01,B01
201100036591,0,07,000,00,1,3,01,A01
201100036592,0,99,000,00,2,2,01,A01
201100036592,0,07,000,00,2,3,06,B01
201100036593,0,01,000,00,2,4,01,B01
201100036593,0,07,000,00,2,1,15,A01
201100036594,0,07,000,00,2,3,01,B01
201100036594,0,07,000,02,2,2,19,A01