Num_Acc,senc,catv,occutc,obs,obsm,choc,manv,num_veh
201100036993,0,07,000,00,2,1,15,A01
201100036993,0,07,000,00,2,1,01,B01
201100036994,0,30,000,00,2,1,01,B01
201100036994,0,07,000,00,9,2,01,A01
201100036995,0,07,000,13,0,1,00,A01
201100036996,0,30,000,01,0,1,14,A01
201100036997,0,07,000,00,2,1,15,A01
201100036997,0,33,000,00,2,1,01,B01
201100036998,0,07,000,00,1,0,00,A01
201100036999,0,07,000,00,2,2,15,A01
201100036999,0,02,000,00,2,8,01,B01
201100037000,0,99,000,00,2,2,17,A01
201100037000,0,07,000,00,2,2,02,B01
201100037001,0,10,000,00,1,1,01,A01
201100037002,0,30,000,00,2,4,02,B01
201100037002,0,07,000,00,2,1,02,A01
201100037003,0,07,000,00,2,8,10,A01
201100037003,0,02,000,00,2,1,01,B01
201100037004,0,07,000,00,2,1,02,A01
201100037004,0,07,000,00,2,4,02,C01
201100037004,0,07,000,00,2,4,02,B01
201100037005,0,07,000,00,0,0,01,A01
201100037006,0,07,000,00,2,1,01,B01
201100037006,0,07,000,00,2,1,01,A01
201100037007,0,07,000,00,1,1,00,A01
201100037008,0,07,000,00,1,1,00,A01
201100037009,0,07,000,00,2,1,16,A01
201100037010,0,30,000,00,1,1,01,A01
201100037011,0,07,000,00,2,1,01,A01
201100037011,0,07,000,00,2,4,01,B01
201100037012,0,07,000,00,2,7,01,B01
201100037012,0,07,000,00,2,3,01,A01
201100037013,0,07,000,00,2,1,01,B01
201100037013,0,30,000,00,2,1,05,A01
201100037014,0,07,000,00,1,4,00,A01
201100037015,0,07,000,00,2,3,09,A01
201100037015,0,33,000,00,2,1,01,B01
201100037016,0,01,000,00,2,1,05,A01
201100037016,0,07,000,00,2,1,01,B01
201100037017,0,07,000,00,1,0,01,A01
201100037018,0,07,000,00,1,1,01,A01
201100037019,0,33,000,00,0,0,01,A01
201100037020,0,07,000,00,2,7,10,A01
201100037020,0,33,000,00,2,1,01,B01
201100037021,0,07,000,00,1,5,01,A01
201100037022,0,07,000,00,2,3,09,A01
201100037022,0,07,000,00,0,2,01,B01
201100037023,0,30,000,13,0,1,01,A01
201100037024,0,01,000,00,2,1,09,A01
201100037024,0,03,000,00,2,5,01,B01
201100037025,0,07,000,00,2,1,02,A01
201100037025,0,07,000,00,2,4,02,B01
201100037026,0,10,000,00,2,1,05,A01
201100037026,0,07,000,00,2,3,01,B01
201100037027,0,07,000,00,2,2,09,A01
201100037027,0,01,000,00,2,8,00,B01
201100037028,0,07,000,00,2,1,15,A01
201100037028,0,07,000,00,2,1,01,B01
201100037029,0,07,000,00,2,4,01,B01
201100037029,0,07,000,00,2,1,02,A01
201100037030,0,07,000,00,2,5,12,A01
201100037030,0,02,000,00,2,1,01,B01
201100037031,0,03,000,06,0,0,01,A01
201100037032,0,30,000,00,2,1,05,A01
201100037032,0,07,000,00,2,1,01,B01
201100037033,0,10,000,00,2,2,16,A01
201100037033,0,01,000,00,2,1,18,B01
201100037034,0,10,000,09,0,1,01,A01
201100037035,0,02,000,00,2,1,17,A01
201100037035,0,07,000,00,2,3,09,B01
201100037036,0,07,000,00,0,0,01,C01
201100037036,0,07,000,00,2,1,00,A01
201100037036,0,07,000,00,2,1,01,B01
201100037037,0,07,000,00,2,2,00,B01
201100037037,0,07,000,00,2,1,09,A01
201100037038,0,30,000,00,2,1,01,B01
201100037038,1,07,000,00,2,1,15,A01
201100037039,0,02,000,02,0,1,00,A01
201100037040,0,07,000,09,0,9,01,A01
201100037041,0,07,000,00,2,6,02,B01
201100037041,0,07,000,00,2,1,00,A01
201100037042,0,07,000,00,1,1,00,A01
201100037043,0,07,000,00,1,1,01,A01
201100037044,0,07,000,00,2,1,01,B01
201100037044,0,07,000,00,2,2,15,A01
201100037045,0,07,000,00,2,3,00,B01
201100037045,0,07,000,00,2,2,19,A01
201100037046,0,07,000,00,2,1,00,A01
201100037046,0,07,000,00,2,3,01,B01
201100037047,0,07,000,00,2,4,01,B01
201100037047,0,30,000,00,2,1,01,A01
201100037048,0,07,000,00,1,1,01,A01
201100037049,0,07,000,00,2,2,09,A01
201100037049,0,33,000,00,2,1,01,B01
201100037050,0,07,000,00,2,1,01,B01
201100037050,0,07,000,00,2,1,05,A01
201100037051,0,07,000,00,2,1,00,A01
201100037051,0,30,000,00,2,0,01,B01
201100037052,0,07,000,00,2,8,15,A01
201100037052,0,30,000,00,2,1,17,B01
201100037053,0,02,000,00,0,1,02,B01
201100037053,0,07,000,00,0,2,16,A01
201100037054,0,07,000,00,2,1,02,A01
201100037054,0,07,000,00,0,4,02,B01
201100037055,0,30,000,00,2,8,01,B01
201100037055,0,30,000,00,2,1,01,A01
201100037056,0,33,000,00,2,1,01,B01
201100037056,0,07,000,00,2,7,01,A01
201100037057,0,02,000,14,0,7,01,A01
201100037058,0,07,000,00,2,1,00,A01
201100037058,0,07,000,00,2,6,00,B01
201100037059,0,07,000,00,2,3,13,A01
201100037059,0,20,000,00,2,1,01,B01
201100037060,0,02,000,00,2,2,00,B01
201100037060,0,07,000,00,2,1,00,A01
201100037061,0,30,000,00,2,9,01,A01
201100037061,0,07,000,00,2,1,01,B01
201100037062,0,33,000,15,0,1,02,A01
201100037063,0,07,000,01,0,1,14,A01
201100037064,0,07,000,00,2,3,01,B01
201100037064,0,07,000,00,0,1,01,A01
201100037065,0,07,000,00,1,3,00,A01
201100037066,0,07,000,00,1,2,01,A01
201100037066,0,02,000,00,0,0,01,T01
201100037067,0,33,000,13,0,7,21,A01
201100037068,0,07,000,00,2,2,01,A01
201100037068,0,01,000,00,2,1,15,B01
201100037069,0,07,000,00,2,6,01,A01
201100037069,0,33,000,00,2,1,15,B01
201100037070,0,33,000,00,2,1,17,A01
201100037070,0,07,000,00,0,8,15,B01
201100037071,0,02,000,00,2,6,02,A01
201100037071,1,07,000,00,2,0,14,Z01
201100037072,0,07,000,00,1,2,01,A01
201100037073,0,30,000,01,0,1,13,B01
201100037074,0,07,000,00,1,2,01,A01
201100037075,0,07,000,00,2,1,19,A01
201100037075,0,02,000,00,2,3,00,B01
201100037076,0,33,000,02,0,4,02,A01
201100037077,0,02,000,00,2,1,11,A01
201100037078,0,33,000,15,2,3,01,A01
201100037078,0,07,000,00,9,3,01,B01
201100037079,0,07,000,00,2,8,13,B01
201100037079,0,02,000,00,1,1,17,A01
201100037080,0,07,000,00,1,2,01,A01
201100037081,0,07,000,06,0,1,02,A01
201100037082,0,07,000,05,2,1,13,A01
201100037082,0,07,000,00,2,2,01,B01
201100037083,0,30,000,00,0,1,01,B01
201100037083,0,07,000,00,0,1,15,A01
201100037084,0,01,000,00,0,2,16,A01
201100037085,0,07,000,00,2,1,01,B01
201100037085,0,10,000,15,2,1,17,A01
201100037086,0,07,000,00,2,1,15,A01
201100037086,0,02,000,00,2,1,01,B01
201100037087,0,07,000,01,0,1,01,A01
201100037087,0,07,000,00,2,1,24,B01
201100037088,0,07,000,00,2,3,01,B01
201100037088,0,30,000,00,2,1,01,A01
201100037089,0,33,000,00,2,1,17,B01
201100037089,0,07,000,00,0,6,15,A01
201100037090,0,07,000,02,0,6,13,A01
201100037091,0,07,000,00,1,7,02,A01
201100037092,0,32,000,12,0,0,01,A01
201100037093,0,07,000,00,1,4,04,A01
201100037094,0,07,000,00,1,2,15,A01
201100037095,0,01,000,00,0,0,15,A01
201100037096,0,07,000,00,2,2,01,A01
201100037096,0,01,000,00,2,4,01,B01
201100037097,0,07,000,02,0,1,02,A01
201100037098,0,01,000,01,0,1,09,B01
201100037098,0,13,000,01,0,6,23,A01
201100037099,0,01,000,00,1,1,01,A01
201100037100,0,07,000,02,0,1,01,A01
201100037101,0,07,000,02,0,3,15,A01
201100037102,0,07,000,00,2,1,01,B01
201100037102,0,07,000,00,2,2,01,A01
201100037103,0,07,000,02,0,1,00,A01
201100037104,0,07,000,00,1,2,01,A01
201100037105,0,07,000,00,1,1,01,A01
201100037106,0,07,000,00,2,3,15,B01
201100037106,0,30,000,00,2,2,17,A01
201100037107,0,02,000,00,2,7,15,A01
201100037107,0,07,000,00,2,2,01,B01
201100037108,0,07,000,00,2,3,11,B01
201100037108,0,31,000,00,2,1,00,A01
201100037109,0,30,000,00,0,0,00,A01
201100037110,0,07,000,00,1,5,04,A01
201100037111,0,07,000,00,2,4,23,B01
201100037111,0,07,000,00,2,1,01,A01
201100037112,0,07,000,00,2,7,00,A01
201100037112,0,07,000,00,2,3,00,B01
201100037113,0,07,000,00,2,3,15,A01
201100037113,0,07,000,00,2,3,01,B01
201100037114,0,32,000,00,1,1,17,A01
201100037115,0,07,000,00,1,3,01,A01
201100037116,1,07,000,,,,,A01
201100037116,0,33,000,00,2,1,01,B01
201100037117,0,07,000,00,2,1,01,B01
201100037117,0,07,000,00,2,2,01,A01
201100037118,0,07,000,00,2,3,00,B01
201100037118,0,07,000,00,2,5,00,A01
201100037119,0,30,000,00,2,1,01,B01
201100037119,0,07,000,00,9,1,09,A01
201100037120,0,40,050,06,0,2,00,A01
201100037121,0,07,000,00,2,2,01,B01
201100037121,0,07,000,00,2,1,19,A01
201100037122,0,07,000,00,2,4,02,B01
201100037122,0,07,000,00,2,1,02,A01
201100037123,0,07,000,00,2,3,16,B01
201100037123,0,01,000,00,2,1,01,A01
201100037124,0,07,000,00,1,1,01,A01
201100037125,0,07,000,00,1,1,01,A01
201100037126,0,07,000,00,2,4,23,C01
201100037126,0,07,000,00,2,4,23,B01
201100037126,0,07,000,00,2,1,01,A01
201100037127,0,07,000,00,2,4,01,B01
201100037127,0,07,000,00,2,1,01,A01
201100037128,0,33,000,00,2,1,02,A01
201100037128,0,07,000,00,0,4,02,B01
201100037128,0,07,000,00,0,0,09,C01
201100037129,0,01,000,00,2,0,19,B01
201100037129,0,33,000,00,2,1,01,A01
201100037130,0,32,000,16,0,0,00,A01
201100037131,0,07,000,00,2,3,01,B01
201100037131,0,07,000,00,2,2,15,A01
201100037132,0,02,000,00,0,0,00,A01
201100037133,0,07,000,00,2,3,15,A01
201100037134,0,32,000,00,2,1,01,B01
201100037134,0,07,000,00,2,3,09,A01
201100037135,0,07,000,00,2,3,03,A01
201100037135,0,01,000,00,2,1,01,B01
201100037136,0,07,000,00,2,4,00,B01
201100037136,0,07,000,00,2,1,00,A01
201100037137,0,07,000,00,2,4,01,C01
201100037137,0,07,000,00,2,1,01,A01
201100037137,0,10,000,00,2,4,01,B01
201100037138,0,07,000,00,2,3,23,B01
201100037138,0,07,000,00,2,3,13,A01
201100037139,0,07,000,00,0,1,00,A01
201100037140,0,07,000,00,1,3,01,A01
201100037141,0,07,000,00,2,8,00,B01
201100037141,0,07,000,00,2,1,01,A01
201100037142,0,07,000,00,9,1,15,A01
201100037142,0,33,000,00,2,7,00,B01
201100037143,0,30,000,00,2,1,01,A01
201100037143,0,07,000,00,2,4,00,B01
201100037144,0,32,000,00,2,1,01,A01
201100037144,0,07,000,00,2,4,23,B01
201100037145,0,07,000,00,1,2,00,A01
201100037146,0,07,000,00,0,1,15,B01
201100037146,0,33,000,00,2,8,01,A01
201100037147,0,07,000,01,0,0,01,A01
201100037148,0,07,000,00,2,2,01,A01
201100037148,0,01,000,00,2,0,00,B01
201100037149,0,07,000,00,2,5,16,A01
201100037149,0,30,000,00,2,1,00,B01
201100037150,0,07,000,00,1,2,01,A01
201100037151,0,07,000,00,2,1,00,A01
201100037151,0,30,000,00,2,3,00,B01
201100037152,0,07,000,06,0,1,13,A01
201100037153,0,30,000,00,2,7,17,A01
201100037153,0,07,000,00,2,3,09,B01
201100037154,0,07,000,00,2,2,17,A01
201100037154,0,07,000,00,2,8,15,B01
201100037155,0,10,000,00,1,3,00,A01
201100037156,0,07,000,02,0,1,00,A01
201100037157,0,01,000,00,2,1,01,A01
201100037157,0,07,000,00,2,8,15,B01
201100037158,0,99,000,00,2,1,01,B01
201100037158,0,07,000,00,2,1,01,A01
201100037159,0,07,000,00,2,4,01,B01
201100037159,0,07,000,00,2,1,01,A01
201100037160,0,07,000,00,2,3,15,A01
201100037160,0,07,000,08,2,3,01,B01
201100037161,0,07,000,00,2,6,02,B01
201100037161,0,10,000,00,2,2,02,A01
201100037162,0,07,000,00,2,2,15,A01
201100037162,0,07,000,00,2,3,01,B01
201100037163,0,07,000,00,1,0,00,A01
201100037164,0,07,000,00,1,2,00,A01
201100037165,0,07,000,00,2,8,01,A01
201100037165,1,07,000,00,2,3,15,Z01
201100037166,0,31,000,00,2,2,01,B01
201100037166,0,07,000,00,2,1,01,A01
201100037167,0,07,000,00,2,0,16,B01
201100037167,0,01,000,00,2,0,00,A01
201100037168,0,07,000,00,2,4,02,B01
201100037168,0,07,000,00,2,1,02,A01
201100037169,0,07,000,00,2,1,01,B01
201100037169,0,07,000,00,2,2,17,A01
201100037170,0,07,000,00,2,0,00,A01
201100037170,0,01,000,00,2,8,01,B01
201100037171,0,07,000,00,2,2,01,B01
201100037171,0,10,000,00,2,1,01,A01
201100037172,0,07,000,00,2,2,15,A01
201100037172,0,07,000,00,2,3,01,B01
201100037173,0,07,000,00,1,2,01,A01
201100037174,0,07,000,00,2,8,23,A01
201100037174,0,32,000,00,2,2,01,B01
201100037175,0,07,000,00,2,7,00,A01
201100037175,0,30,000,00,2,1,00,B01
201100037176,0,07,000,00,2,1,02,A01
201100037176,0,07,000,00,2,4,02,B01
201100037176,0,07,000,00,2,4,02,C01
201100037176,0,07,000,00,2,4,02,D01
201100037177,0,07,000,00,2,3,01,B01
201100037177,0,07,000,00,2,1,01,A01
201100037178,0,07,000,00,2,8,01,B01
201100037178,0,07,000,00,2,7,14,A01
201100037179,0,07,000,00,2,4,02,B01
201100037179,0,30,000,00,2,1,02,A01
201100037180,0,07,000,00,2,4,01,B01
201100037180,0,07,000,00,2,1,01,A01
201100037181,0,07,000,00,2,8,11,A01
201100037181,0,07,000,00,2,1,01,B01
201100037182,0,37,015,00,2,7,01,B01
201100037182,0,07,000,00,2,8,23,A01
201100037183,0,07,000,00,2,1,02,B01
201100037183,0,07,000,00,2,1,02,A01
201100037183,0,07,000,00,2,4,02,C01
201100037183,1,10,000,00,2,1,02,D01
201100037183,0,14,000,00,2,4,02,F02
201100037183,0,07,000,00,2,4,02,E01
201100037184,0,34,000,00,2,1,01,B01
201100037184,0,07,000,00,2,7,15,A01
201100037185,0,33,000,00,2,5,01,A01
201100037185,0,07,000,00,2,6,00,B01
201100037186,0,10,000,00,2,1,01,A01
201100037186,0,07,000,00,0,4,01,B01
201100037187,1,07,000,00,0,0,00,A01
201100037188,0,07,000,00,2,1,01,B01
201100037188,0,07,000,08,2,8,01,A01
201100037189,0,07,000,00,2,3,09,A01
201100037189,0,33,000,00,2,1,01,B01
201100037190,0,10,000,00,2,4,23,B01
201100037190,0,07,000,00,2,4,23,C01
201100037190,0,07,000,00,2,1,01,A01
201100037191,0,07,000,00,2,4,02,B01
201100037191,0,07,000,00,2,1,02,A01
201100037192,0,33,000,00,2,0,01,B01
201100037192,0,14,000,00,2,8,10,A01
201100037193,0,07,000,00,2,6,19,A01
201100037193,0,07,000,00,2,3,02,B01
201100037194,0,07,000,00,2,1,15,A01
201100037194,0,30,000,00,2,1,01,B01
201100037195,0,40,000,00,1,2,01,A01
201100037196,0,07,000,00,2,3,15,B01
201100037196,0,33,000,09,2,1,17,A01
201100037197,0,10,000,00,0,0,10,A01
201100037197,0,33,000,00,0,0,01,B01
201100037198,0,07,000,06,2,1,00,A01
201100037199,0,02,000,00,0,7,01,A01
201100037200,0,07,000,00,2,2,01,A01
201100037201,0,07,000,06,2,0,01,A01
201100037201,0,07,000,00,2,0,01,B01
201100037202,0,07,000,00,2,3,13,A01
201100037202,0,07,000,00,2,1,01,B01
201100037203,0,07,000,00,0,0,00,B01
201100037203,0,10,000,00,0,0,00,A01
201100037204,0,30,000,00,0,0,01,A01
201100037205,0,07,000,00,1,1,15,A01
201100037206,0,07,000,00,2,1,01,B01
201100037206,0,07,000,00,0,8,09,A01
201100037207,0,07,000,00,0,0,00,A01
201100037208,0,33,000,00,2,4,04,A01
201100037209,0,07,000,00,2,2,20,A01
201100037209,0,33,000,00,2,3,01,B01
201100037210,0,37,000,00,0,0,00,A01
201100037211,0,07,000,00,1,3,01,A01
201100037212,0,07,000,00,2,1,01,B01
201100037212,0,07,000,00,2,7,01,A01
201100037213,0,30,000,00,2,1,01,B01
201100037213,0,07,000,00,2,1,23,C01
201100037213,0,07,000,00,2,1,15,A01
201100037214,0,07,000,00,1,3,01,A01
201100037215,0,13,000,08,0,1,14,A01
201100037216,0,07,000,00,2,8,01,B01
201100037216,0,07,000,09,2,1,01,A01
201100037217,0,07,000,00,0,0,00,A01
201100037218,0,07,000,00,2,3,01,A01
201100037218,0,07,000,00,2,1,01,B01
201100037218,0,13,000,00,2,6,00,C01
201100037219,0,07,000,00,2,1,01,A01
201100037219,0,10,000,00,2,4,01,B01
201100037220,0,07,000,00,2,2,01,A01
201100037220,0,34,000,00,2,8,01,B01
201100037221,0,07,000,00,1,2,00,A01
201100037222,0,03,000,00,2,4,00,B01
201100037222,0,07,000,00,2,1,01,A01
201100037222,0,07,000,00,2,4,01,C01
201100037223,0,07,000,00,1,1,01,A01
201100037224,0,07,000,00,2,1,02,A01
201100037224,0,07,000,00,0,6,02,B01
201100037225,0,07,000,00,2,1,01,B01
201100037225,0,07,000,00,2,1,01,C01
201100037225,0,07,000,00,2,7,01,A01
201100037226,0,07,000,00,2,2,14,A01
201100037227,0,10,000,00,1,4,04,A01
201100037228,0,07,000,00,2,1,01,A01
201100037228,0,07,000,00,2,5,01,B01
201100037229,0,07,000,00,2,1,00,A01
201100037229,0,33,000,00,2,4,00,B01
201100037230,0,10,000,08,0,1,13,A01
201100037231,0,30,000,00,0,3,00,A01
201100037231,1,07,000,,,,,B01
201100037232,0,07,000,00,2,1,15,A01
201100037232,0,33,000,00,2,1,01,B01
201100037233,0,33,000,00,2,2,00,A01
201100037233,0,07,000,00,2,5,00,B01
201100037234,0,33,000,16,0,8,13,A01
201100037235,0,07,000,00,2,2,15,B01
201100037235,0,07,000,00,2,2,01,A01
201100037236,0,07,000,00,1,1,01,A01
201100037237,0,31,000,00,0,8,01,A01
201100037238,0,07,000,00,2,7,19,A01
201100037238,0,30,000,00,2,1,01,B01
201100037239,0,07,000,00,9,0,16,A01
201100037239,0,01,000,00,2,0,01,B01
201100037240,0,02,000,00,2,1,13,A01
201100037240,0,07,000,00,2,3,00,B01
201100037241,0,07,000,00,2,4,23,B01
201100037241,0,31,000,00,2,1,01,A01
201100037242,0,02,000,00,2,1,01,A01
201100037242,0,07,000,00,0,8,01,B01
201100037243,0,07,000,00,1,1,01,A01
201100037244,0,07,000,00,1,2,01,A01
201100037245,0,07,000,00,1,3,01,A01
201100037246,0,07,000,00,2,2,01,A01
201100037246,0,01,000,00,2,4,00,B01
201100037247,0,02,000,00,2,4,23,B01
201100037247,0,07,000,00,2,2,01,A01
201100037248,0,07,000,00,2,3,01,B01
201100037248,0,07,000,00,2,3,01,A01
201100037249,0,07,000,00,1,1,01,A01
201100037249,0,01,000,00,0,4,01,B01
201100037250,0,07,000,00,1,3,01,A01
201100037251,0,31,000,16,0,7,01,B01
201100037251,0,07,000,00,0,0,15,A01
201100037252,0,07,000,00,1,1,01,A01
201100037253,0,07,000,00,0,5,02,B01
201100037253,0,30,000,00,2,8,02,A01
201100037254,0,07,000,00,0,6,00,C01
201100037254,0,07,000,00,2,1,01,A01
201100037254,0,07,000,00,2,4,01,D01
201100037254,0,07,000,00,2,3,00,B01
201100037255,0,30,000,00,2,1,01,A01
201100037255,0,07,000,00,0,5,24,B01
201100037256,0,07,000,00,2,1,02,A01
201100037256,0,07,000,00,0,4,02,B01
201100037257,0,33,000,00,2,1,17,A01
201100037257,0,07,000,00,2,5,15,B01
201100037258,0,30,000,06,1,1,00,A01
201100037259,0,07,000,00,2,1,15,A01
201100037259,0,31,000,00,2,1,01,B01
201100037260,0,07,000,00,2,3,00,B01
201100037260,0,07,000,00,2,1,15,A01
201100037261,0,33,000,00,2,1,01,A01
201100037261,0,14,000,00,1,4,23,B01
201100037262,0,07,000,16,0,0,14,A01
201100037263,0,07,000,00,1,1,00,A01
201100037264,0,02,000,00,2,1,13,A01
201100037264,0,07,000,00,2,1,01,B01
201100037265,0,07,000,00,1,3,01,A01
201100037266,0,07,000,00,2,8,01,B01
201100037266,0,07,000,00,2,1,15,A01
201100037267,0,07,000,00,0,4,02,B01
201100037267,0,07,000,00,2,1,02,A01
201100037268,0,07,000,00,2,3,01,B01
201100037268,0,07,000,00,2,2,01,A01
201100037269,0,02,000,00,0,0,00,A01
201100037269,0,07,000,00,0,0,00,B01
201100037270,0,07,000,00,2,1,01,A01
201100037270,0,07,000,00,2,1,01,C01
201100037270,0,03,000,00,2,4,01,B01
201100037271,0,07,000,00,2,3,16,A01
201100037271,0,02,000,00,2,1,16,B01
201100037272,0,07,000,00,0,1,15,B01
201100037272,0,07,000,00,2,1,01,A01
201100037273,0,40,050,00,2,1,01,A01
201100037273,0,20,000,00,2,4,23,B01
201100037274,0,07,000,00,1,4,04,A01
201100037275,0,30,000,00,0,8,01,A01
201100037276,0,14,000,00,2,7,16,A01
201100037276,0,02,000,00,2,8,23,B01
201100037277,0,07,000,00,0,2,01,B01
201100037277,0,07,000,08,2,1,01,A01
201100037278,0,07,000,00,2,3,01,A01
201100037278,0,01,000,00,2,1,01,B01
201100037279,0,07,000,00,2,3,00,B01
201100037279,0,33,000,00,2,0,00,A01
201100037280,0,07,000,00,0,8,01,B01
201100037280,0,07,000,00,2,1,13,A01
201100037281,0,07,000,00,0,0,00,A01
201100037282,0,07,000,00,2,2,01,B01
201100037282,0,07,000,00,2,3,12,A01
201100037283,0,07,000,00,2,1,01,A01
201100037283,0,07,000,00,2,4,23,B01
201100037284,0,33,000,00,2,1,01,B01
201100037284,0,07,000,00,2,1,15,A01
201100037285,0,07,000,00,2,4,00,B01
201100037285,0,07,000,00,2,1,01,A01
201100037286,0,07,000,00,2,1,01,A01
201100037286,0,07,000,00,2,4,23,B01
201100037287,0,01,000,00,2,1,19,A01
201100037287,0,10,000,00,2,7,01,B01
201100037288,0,07,000,00,0,3,23,B01
201100037288,0,07,000,00,2,2,17,A01
201100037289,0,07,000,09,0,1,00,A01
201100037290,0,07,000,06,0,1,00,A01
201100037291,0,33,000,00,2,1,01,B01
201100037291,0,07,000,00,2,7,15,A01
201100037292,0,07,000,01,0,2,14,A01
201100037293,0,07,000,00,2,7,15,A01
201100037293,0,01,000,00,2,8,01,B01
201100037294,0,07,000,00,1,2,01,A01
201100037295,0,07,000,00,1,2,01,A01
201100037296,0,07,000,00,1,7,01,A01
201100037297,0,07,000,00,2,2,15,A01
201100037297,0,07,000,00,2,3,01,B01
201100037298,0,07,000,08,0,1,00,A01
201100037299,0,07,000,00,2,0,19,A01
201100037299,0,07,000,00,2,0,01,B01
201100037300,0,07,000,00,0,4,02,B01
201100037300,0,07,000,00,2,1,02,A01
201100037301,0,07,000,00,2,7,00,C01
201100037301,0,31,000,00,2,1,01,B01
201100037301,0,07,000,00,2,0,00,A01
201100037302,0,33,000,00,2,0,01,B01
201100037302,0,07,000,00,2,0,19,A01
201100037303,0,33,000,00,2,1,02,B01
201100037303,0,07,000,00,0,5,02,A01
201100037304,0,07,000,00,2,1,01,A01
201100037304,0,07,000,00,2,4,23,B01
201100037305,1,01,000,00,1,1,01,Z01
201100037306,0,33,000,00,2,1,01,B01
201100037306,0,07,000,00,2,7,15,A01
201100037307,0,07,000,00,0,4,01,B01
201100037307,0,02,000,00,2,1,02,A01
201100037308,0,07,000,01,0,0,00,A01
201100037308,0,07,000,00,2,0,00,B01
201100037309,0,07,000,00,2,4,01,B01
201100037309,0,07,000,00,2,1,01,A01
201100037310,0,07,000,00,2,1,01,A01
201100037310,0,07,000,00,0,4,01,B01
201100037311,0,07,000,00,1,0,00,A01
201100037312,0,07,000,00,0,0,16,A01
201100037313,0,33,000,00,1,2,15,A01
201100037314,0,07,000,00,1,7,00,A01
201100037315,0,07,000,00,2,3,00,A01
201100037315,0,07,000,00,2,1,01,B01
201100037316,0,07,000,00,2,1,01,B01
201100037316,0,07,000,00,2,1,13,A01
201100037317,2,07,000,00,2,0,16,Z01
201100037317,0,37,010,00,2,3,01,B01
201100037318,0,07,000,00,2,1,01,A01
201100037318,0,07,000,00,2,4,00,B01
201100037319,0,30,000,00,2,0,17,B01
201100037319,0,07,000,00,2,0,00,A01
201100037320,1,07,000,00,1,4,04,Z01
201100037321,0,31,000,00,2,1,00,B01
201100037321,0,07,000,00,2,1,00,A01
201100037322,0,07,000,00,2,7,01,C01
201100037322,0,07,000,00,2,1,01,D01
201100037322,0,14,000,00,2,1,01,A01
201100037322,0,07,000,00,2,4,01,B01
201100037323,0,07,000,08,0,1,14,A01
201100037324,0,07,000,00,0,8,01,C01
201100037324,0,07,000,00,2,1,09,A01
201100037324,0,07,000,00,0,4,01,B01
201100037325,0,07,000,00,2,0,00,A01
201100037325,0,33,000,00,2,0,00,B01
201100037326,0,07,000,00,2,2,01,A01
201100037326,0,01,000,00,2,1,13,B01
201100037327,1,07,000,00,0,0,00,A01
201100037327,0,07,000,00,2,2,01,B01
201100037328,0,07,000,00,1,0,01,A01
201100037329,0,07,000,00,1,0,00,A01
201100037330,0,40,050,00,2,2,01,B01
201100037330,0,07,000,00,2,3,01,A01
201100037331,0,34,000,00,2,1,01,B01
201100037331,0,07,000,00,2,3,15,A01
201100037332,0,07,000,00,2,0,00,B01
201100037332,0,07,000,00,2,0,00,A01
201100037333,0,33,000,00,2,1,00,A01
201100037334,0,40,050,00,1,0,00,A01
201100037335,0,33,000,00,2,1,01,B01
201100037335,0,07,000,00,2,3,10,A01
201100037336,0,07,000,00,2,0,00,B01
201100037336,0,07,000,00,2,0,00,A01
201100037337,0,07,000,00,2,1,14,A01
201100037338,0,07,000,00,2,4,23,B01
201100037338,0,07,000,00,2,0,01,A01
201100037339,0,07,000,00,1,4,00,A01
201100037340,0,07,000,00,0,0,00,A01
201100037340,0,01,000,00,0,0,00,B01
201100037341,0,07,000,00,2,7,16,B01
201100037341,0,02,000,00,2,8,01,A01
201100037342,0,07,000,00,1,0,00,A01
201100037343,0,10,000,00,0,0,02,A01
201100037343,0,33,000,00,0,0,02,B01
201100037344,0,07,000,00,2,0,00,A01
201100037344,0,07,000,00,2,0,00,B01
201100037345,0,38,001,00,1,0,00,A01
201100037346,0,07,000,00,2,1,01,A01
201100037346,0,14,000,00,2,4,01,B01
201100037347,0,30,000,00,2,1,01,B01
201100037347,0,07,000,00,2,0,15,A01
201100037348,0,02,000,00,0,0,01,A01
201100037349,0,07,000,00,2,0,10,A01
201100037349,0,33,000,00,2,0,00,B01
201100037350,0,31,000,00,0,0,00,A01
201100037351,0,07,000,08,0,0,00,A01
201100037352,0,07,000,00,2,4,04,A01
201100037352,0,31,000,00,2,1,01,B01
201100037353,0,07,000,00,0,1,00,B01
201100037353,0,07,000,00,2,7,15,A01
201100037354,0,07,000,00,0,0,00,A01
201100037355,0,07,000,00,2,1,02,A01
201100037355,0,07,000,00,0,4,01,B01
201100037356,0,33,000,00,2,8,01,B01
201100037356,0,07,000,00,9,1,19,A01
201100037357,0,07,000,00,2,4,00,C01
201100037357,0,07,000,00,2,4,00,B01
201100037357,0,13,000,00,2,1,00,A01
201100037357,0,07,000,00,0,0,00,D01
201100037358,0,07,000,00,2,3,01,B01
201100037358,0,07,000,00,2,2,00,A01
201100037359,0,07,000,00,1,1,01,A01
201100037360,0,10,000,00,2,1,02,A01
201100037360,0,10,000,00,0,4,02,B01
201100037361,0,07,000,00,2,7,17,A01
201100037361,0,30,000,00,2,8,02,B01