Num_Acc,senc,catv,occutc,obs,obsm,choc,manv,num_veh
201100037721,1,07,000,00,2,8,13,A01
201100037722,0,02,000,00,2,5,01,B01
201100037722,0,07,000,00,2,8,10,A01
201100037723,1,07,000,00,1,7,01,A01
201100037724,0,07,000,00,2,5,10,A01
201100037724,0,34,000,00,2,1,01,B01
201100037725,0,07,000,00,2,4,20,A01
201100037725,0,07,000,01,2,3,00,B01
201100037726,0,34,000,11,0,1,00,A01
201100037727,0,30,000,00,0,1,13,A01
201100037728,0,07,000,00,0,4,23,A01
201100037728,0,30,000,00,2,1,02,B01
201100037729,0,07,000,00,2,2,12,A01
201100037729,0,07,000,00,2,6,01,B01
201100037730,0,02,000,12,0,1,13,A01
201100037731,0,07,000,00,2,1,15,A01
201100037731,0,30,000,00,2,1,00,B01
201100037732,0,07,000,00,2,1,15,A01
201100037732,0,30,000,00,2,1,01,B01
201100037733,0,07,000,00,1,2,01,A01
201100037734,0,02,000,00,9,4,01,A01
201100037735,0,30,000,00,2,1,00,A01
201100037735,0,07,000,00,2,4,00,B01
201100037736,0,10,000,00,2,7,15,A01
201100037736,0,02,000,00,2,1,01,B01
201100037737,0,33,000,00,2,3,01,B01
201100037737,0,07,000,00,2,3,15,A01
201100037738,0,01,000,00,2,4,02,B01
201100037738,0,07,000,00,9,2,02,A01
201100037739,0,30,000,00,2,8,12,A01
201100037739,0,07,000,00,2,3,01,B01
201100037740,0,02,000,00,2,8,07,A01
201100037740,0,07,000,00,2,7,00,B01
201100037741,0,07,000,00,2,3,01,B01
201100037741,0,07,000,00,2,3,13,A01
201100037742,0,32,000,11,0,3,01,A01
201100037743,0,02,000,00,1,1,01,A01
201100037744,0,02,000,00,0,7,21,A01
201100037745,0,07,000,01,0,1,13,A01
201100037746,0,07,000,00,2,4,15,B01
201100037746,0,33,000,00,2,1,01,A01
201100037747,0,02,000,00,2,8,00,B01
201100037747,0,07,000,00,2,7,12,A01
201100037748,0,07,000,00,2,3,19,A01
201100037748,0,30,000,00,2,1,17,B01
201100037749,0,32,000,00,2,1,07,A01
201100037749,0,07,000,00,2,7,16,B01
201100037750,0,07,000,00,1,0,00,A01
201100037751,0,30,000,00,2,0,00,A01
201100037751,0,07,000,00,2,0,00,B01
201100037752,0,01,000,00,0,0,00,A01
201100037752,1,07,000,00,2,0,00,Z01
201100037753,0,02,000,00,0,0,00,A01
201100037754,0,07,000,06,0,2,15,A01
201100037755,0,07,000,14,0,1,00,A01
201100037756,0,07,000,00,2,0,00,A01
201100037756,0,33,000,00,2,0,00,B01
201100037757,0,33,000,00,2,7,01,B01
201100037757,0,07,000,00,2,3,19,A01
201100037758,0,33,000,01,0,0,20,A01
201100037759,0,30,000,00,2,7,17,A01
201100037759,0,10,000,00,2,8,01,B01
201100037760,0,33,000,00,2,1,00,A01
201100037760,0,07,000,00,0,5,01,B01
201100037761,0,07,000,00,2,7,15,A01
201100037761,0,02,000,00,2,1,01,B01
201100037762,0,07,000,00,0,1,13,A01
201100037762,0,07,000,00,2,1,01,B01
201100037763,0,07,000,00,0,0,10,A01
201100037763,0,33,000,00,2,1,01,B01
201100037764,0,33,000,00,0,0,01,A01
201100037765,0,01,000,00,0,0,00,A01
201100037766,0,07,000,00,1,2,01,A01
201100037767,0,07,000,00,0,9,21,A01
201100037768,0,34,000,00,0,1,16,A01
201100037769,0,07,000,03,0,0,13,A01
201100037770,0,07,000,00,2,1,01,B01
201100037770,0,02,000,00,2,1,19,A01
201100037771,0,07,000,00,1,1,01,A01
201100037772,0,07,000,00,2,4,23,B01
201100037772,0,30,000,00,2,1,02,A01
201100037773,0,33,000,00,2,1,01,A01
201100037773,0,07,000,00,2,2,16,B01
201100037774,0,30,000,12,0,1,14,A01
201100037775,0,07,000,00,2,7,16,B01
201100037775,0,30,000,00,2,0,07,A01
201100037776,0,07,000,00,2,4,02,B01
201100037776,0,07,000,00,2,1,02,C01
201100037776,0,07,000,00,2,1,02,A01
201100037777,0,07,000,00,1,1,01,A01
201100037778,0,31,000,00,0,0,00,A01
201100037779,0,30,000,00,1,1,21,A01
201100037780,0,02,000,12,0,8,09,A01
201100037781,0,30,000,12,0,7,14,A01
201100037782,0,02,000,00,2,1,00,A01
201100037782,0,07,000,00,2,3,09,B01
201100037783,0,02,000,00,2,1,00,A01
201100037783,0,33,000,00,0,5,23,B01
201100037784,0,07,000,00,0,0,13,A01
201100037784,0,32,000,00,2,0,17,B01
201100037785,0,07,000,00,2,3,05,A01
201100037785,0,33,000,00,2,1,01,B01
201100037786,0,07,000,00,1,0,00,A01
201100037787,0,01,000,00,2,0,00,A01
201100037787,0,07,000,00,2,8,01,B01
201100037788,0,07,000,00,2,7,00,A01
201100037788,0,02,000,00,2,1,01,B01
201100037789,1,07,000,00,2,0,00,Z01
201100037789,0,33,000,00,2,0,00,A01
201100037790,0,07,000,00,2,1,00,A01
201100037790,0,07,000,00,2,1,01,C01
201100037790,0,07,000,00,2,1,01,B01
201100037791,1,30,000,00,1,1,05,Z01
201100037792,0,07,000,00,1,2,01,A01
201100037793,0,30,000,00,0,7,01,A01
201100037794,0,07,000,00,1,3,01,A01
201100037795,0,02,000,12,0,1,01,A01
201100037796,0,07,000,00,2,1,15,A01
201100037796,0,02,000,00,2,1,01,B01
201100037797,0,02,000,00,2,1,17,A01
201100037797,0,07,000,00,2,8,01,B01
201100037798,0,30,000,00,0,0,01,A01
201100037799,0,33,000,00,0,0,21,A01
201100037800,0,33,000,00,0,0,00,A01
201100037801,0,07,000,00,1,1,00,A01
201100037802,0,07,000,00,2,1,15,A01
201100037802,0,07,000,00,2,1,00,B01
201100037803,0,33,000,00,2,8,17,B01
201100037803,0,07,000,00,2,8,19,A01
201100037804,0,02,000,00,2,0,00,A01
201100037804,1,07,000,00,0,0,00,Z01
201100037805,0,02,000,00,2,7,00,B01
201100037805,0,07,000,00,2,1,09,A01
201100037806,0,02,000,00,2,1,01,A01
201100037806,0,07,000,00,2,4,01,B01
201100037807,0,02,000,00,2,1,05,A01
201100037807,0,07,000,00,2,2,01,B01
201100037808,0,07,000,00,2,3,00,A01
201100037808,0,01,000,00,2,0,00,B01
201100037809,0,02,000,00,2,0,00,B01
201100037809,0,07,000,00,2,3,00,A01
201100037810,0,07,000,00,2,0,00,A01
201100037810,0,01,000,00,2,0,00,B01
201100037811,0,07,000,00,0,6,15,A01
201100037811,0,33,000,00,2,0,01,B01
201100037812,0,07,000,00,2,8,20,A01
201100037812,0,30,000,00,2,1,01,B01
201100037813,0,01,000,00,2,8,00,B01
201100037813,0,20,000,00,2,7,16,A01
201100037814,0,07,000,00,2,3,09,A01
201100037814,0,02,000,00,2,7,01,B01
201100037815,0,07,000,00,1,8,01,A01
201100037816,0,34,000,12,0,1,14,A01
201100037817,0,10,000,00,1,1,09,A01
201100037818,0,34,000,05,2,1,01,B01
201100037818,0,07,000,00,2,8,09,A01
201100037819,0,07,000,00,0,3,13,A01
201100037819,0,07,000,00,2,3,01,B01
201100037820,0,07,000,00,2,9,01,A01
201100037821,0,07,000,00,1,2,01,A01
201100037822,0,07,000,00,2,1,13,A01
201100037822,0,07,000,00,2,3,01,B01
201100037823,0,02,000,00,0,7,20,A01
201100037824,0,07,000,00,2,3,15,A01
201100037824,0,02,000,00,2,8,01,B01
201100037825,0,07,000,00,1,1,05,A01
201100037825,0,07,000,00,2,3,01,C01
201100037825,0,07,000,00,2,3,01,B01
201100037826,0,07,000,11,2,1,06,A01
201100037826,0,07,000,00,2,1,01,B01
201100037827,0,33,000,00,2,1,01,B01
201100037827,0,10,000,00,0,6,10,A01
201100037828,0,07,000,00,2,7,16,B01
201100037828,0,33,000,00,2,8,07,A01
201100037829,0,33,000,00,2,0,01,A01
201100037829,0,33,000,00,1,6,01,C01
201100037829,0,33,000,00,2,1,01,B01
201100037830,0,30,000,00,2,1,01,B01
201100037830,0,07,000,00,2,1,15,A01
201100037831,0,07,000,00,2,7,19,A01
201100037831,0,07,000,00,2,1,01,B01
201100037832,0,30,000,00,2,1,01,B01
201100037832,0,02,000,00,2,1,01,C01
201100037832,0,07,000,00,2,8,09,A01
201100037833,0,02,000,00,2,5,01,B01
201100037833,0,07,000,00,9,1,09,A01
201100037834,0,07,000,00,2,1,10,A01
201100037834,0,33,000,00,2,7,01,B01
201100037835,0,07,000,00,2,1,15,A01
201100037835,0,07,000,00,2,3,01,B01
201100037836,0,07,000,11,0,1,00,A01
201100037837,0,07,000,00,1,1,01,A01
201100037838,0,10,000,00,0,0,01,A01
201100037839,0,30,000,00,2,1,01,B01
201100037839,0,07,000,00,9,3,13,A01
201100037840,0,10,000,00,1,1,01,A01
201100037841,0,33,000,00,2,3,09,A01
201100037841,0,07,000,00,9,2,01,B01
201100037842,0,33,000,00,0,0,01,A01
201100037843,0,07,000,00,1,1,11,A01
201100037844,0,10,000,00,2,3,13,A01
201100037844,0,07,000,00,2,3,01,B01
201100037845,0,33,000,00,2,1,01,A01
201100037845,0,07,000,00,9,1,01,B01
201100037846,0,07,000,00,2,5,01,B01
201100037846,0,32,000,00,2,1,01,A01
201100037847,0,02,000,00,2,1,17,B01
201100037847,0,10,000,00,2,8,23,A01
201100037848,0,07,000,00,1,3,10,A01
201100037849,0,02,000,00,2,7,13,A01
201100037849,0,07,000,00,2,1,01,B01
201100037850,0,07,000,00,2,8,01,B01
201100037850,0,07,000,00,2,1,09,A01
201100037851,0,07,000,15,0,1,06,A01
201100037852,0,07,000,00,2,9,01,A01
201100037852,0,07,000,00,2,9,01,B01
201100037853,0,07,000,13,2,1,01,B01
201100037853,0,07,000,13,2,8,15,A01
201100037854,0,01,000,00,2,4,02,B01
201100037854,0,07,000,00,2,3,02,A01
201100037855,0,02,000,00,2,4,02,A01
201100037855,0,07,000,00,2,1,02,B01
201100037856,0,30,000,00,2,1,00,B01
201100037856,0,07,000,00,2,2,16,A01
201100037857,0,31,000,00,1,1,17,A01
201100037858,0,07,000,00,2,1,01,B01
201100037858,0,07,000,00,2,1,13,A01
201100037859,0,07,000,00,1,2,01,A01
201100037860,0,02,000,00,2,2,17,B01
201100037860,0,07,000,00,9,3,09,A01
201100037861,0,02,000,00,2,1,13,A01
201100037861,0,07,000,00,9,1,01,B01
201100037862,0,02,000,00,2,8,01,B01
201100037862,0,07,000,00,9,7,15,A01
201100037863,0,07,000,06,1,2,01,A01
201100037864,0,07,000,00,2,3,09,A01
201100037864,0,01,000,00,2,4,01,B01
201100037865,0,07,000,00,2,1,01,B01
201100037865,0,33,000,00,2,1,13,A01
201100037866,0,30,000,01,0,1,21,A01
201100037866,0,07,000,00,2,4,24,B01
201100037867,0,07,000,00,9,5,09,A01
201100037867,0,02,000,00,2,1,01,B01
201100037868,0,31,000,00,2,1,01,A01
201100037868,0,07,000,00,9,4,01,B01
201100037869,0,07,000,00,9,6,20,B01
201100037869,0,33,000,00,2,1,01,A01
201100037870,0,07,000,00,1,3,15,A01
201100037871,0,02,000,00,0,7,01,A01
201100037872,0,10,000,00,1,4,04,A01
201100037873,0,07,000,00,2,8,15,A01
201100037873,0,02,000,00,2,7,17,B01
201100037874,0,07,000,00,2,1,15,A01
201100037874,0,30,000,00,2,1,01,B01
201100037875,0,07,000,00,2,6,15,A01
201100037875,0,33,000,00,2,7,01,B01
201100037876,0,32,000,00,2,3,01,B01
201100037876,0,07,000,00,2,2,16,A01
201100037877,0,02,000,00,2,0,01,A01
201100037877,0,07,000,00,2,3,01,B01
201100037878,0,02,000,00,2,1,02,B01
201100037878,1,07,000,00,9,4,02,Z01
201100037879,0,07,000,00,1,1,01,A01
201100037880,0,07,000,00,9,3,10,A01
201100037880,0,34,000,00,2,7,17,B01
201100037881,0,30,000,12,0,1,01,A01
201100037882,0,02,000,00,2,1,09,A01
201100037882,0,07,000,00,9,2,01,B01
201100037883,0,07,000,00,2,3,13,A01
201100037883,0,07,000,00,2,3,01,B01
201100037884,0,07,000,00,2,1,00,A01
201100037884,0,30,000,00,2,4,00,B01
201100037885,0,07,000,00,0,8,01,B01
201100037885,0,30,000,00,2,1,17,A01
201100037886,0,07,000,00,9,7,01,B01
201100037886,0,30,000,00,2,8,18,A01
201100037887,0,02,000,00,2,1,17,B01
201100037887,0,07,000,00,9,3,16,A01
201100037888,0,07,000,00,1,2,17,A01
201100037889,0,07,000,00,1,1,15,A01
201100037890,0,07,000,00,9,3,09,A01
201100037890,0,30,000,00,2,7,01,B01
201100037891,0,07,000,00,2,3,19,A01
201100037891,0,07,000,00,2,1,15,B01
201100037892,0,07,000,00,9,3,09,A01
201100037892,0,30,000,00,9,7,01,B01
201100037893,0,33,000,00,2,1,17,A01
201100037893,0,07,000,00,9,6,01,B01
201100037894,0,07,000,00,1,1,01,A01
201100037895,0,07,000,00,1,2,15,A01
201100037896,0,02,000,00,2,1,17,A01
201100037896,0,07,000,00,2,2,16,B01
201100037897,0,33,000,00,2,2,13,A01
201100037897,0,07,000,00,2,1,01,B01
201100037898,0,07,000,00,2,1,01,B01
201100037898,0,02,000,00,2,1,00,A01
201100037899,1,07,000,00,9,3,09,Z01
201100037899,0,34,000,00,2,1,01,B01
201100037900,0,31,000,00,2,1,17,A01
201100037900,0,07,000,00,2,6,15,B01
201100037901,0,07,000,06,0,1,13,A01
201100037902,0,07,000,00,2,7,15,A01
201100037902,0,32,000,00,2,1,01,B01
201100037903,0,31,000,00,2,1,01,B01
201100037903,0,13,000,00,9,3,15,A01
201100037904,1,07,000,00,1,7,01,Z01
201100037905,0,07,000,00,1,2,01,A01
201100037906,0,02,000,01,0,1,01,A01
201100037907,0,07,000,00,2,8,10,A01
201100037907,0,33,000,00,2,1,17,B01
201100037908,0,02,000,00,2,1,01,B01
201100037908,0,07,000,00,2,2,15,A01
201100037909,0,07,000,00,2,3,16,B01
201100037909,0,30,000,00,2,7,01,A01
201100037910,0,07,000,00,2,3,15,B01
201100037910,0,02,000,00,2,1,01,A01
201100037911,0,01,000,00,2,1,01,B01
201100037911,0,07,000,00,9,6,01,A01
201100037912,0,07,000,00,0,0,09,C01
201100037912,0,02,000,00,2,1,02,A01
201100037912,0,07,000,00,2,4,02,B01
201100037913,0,07,000,13,0,1,06,A01
201100037914,0,07,000,00,9,1,15,B01
201100037914,0,02,000,00,2,1,09,A01
201100037915,0,32,000,12,0,1,01,A01
201100037916,0,02,000,00,2,2,01,B01
201100037916,0,07,000,00,9,1,09,A01
201100037917,0,02,000,00,2,4,02,B01
201100037917,0,07,000,00,2,2,02,A01
201100037918,0,07,000,00,2,1,02,A01
201100037918,0,07,000,00,2,4,02,B01
201100037919,0,07,000,00,2,2,15,A01
201100037919,0,02,000,00,2,1,01,B01
201100037920,0,07,000,00,9,2,15,A01
201100037920,0,33,000,00,2,1,01,B01
201100037921,0,30,000,00,2,1,01,B01
201100037921,0,07,000,00,9,3,09,A01
201100037922,0,07,000,00,1,6,04,A01
201100037923,0,07,000,00,1,2,01,A01
201100037924,0,02,000,00,2,1,01,A01
201100037924,0,07,000,00,2,8,01,B01
201100037925,0,07,000,00,1,1,15,A01
201100037926,0,31,000,00,1,1,17,A01
201100037927,0,07,000,00,1,1,15,A01
201100037928,0,32,000,00,2,1,17,A01
201100037928,0,07,000,00,2,8,15,B01
201100037929,0,02,000,00,2,8,01,B01
201100037929,0,07,000,00,2,1,01,A01
201100037930,0,33,000,14,9,1,17,A01
201100037931,0,07,000,00,2,1,02,A01
201100037931,0,07,000,00,2,4,01,C01
201100037931,0,07,000,00,2,1,02,B01
201100037932,0,07,000,00,1,1,01,A01
201100037933,1,07,000,00,1,0,00,Z01
201100037934,0,30,000,00,2,7,01,B01
201100037934,0,07,000,00,2,8,09,A01
201100037935,0,07,000,00,1,1,01,A01
201100037936,0,32,000,00,2,8,01,B01
201100037936,0,07,000,00,2,7,02,A01
201100037937,0,30,000,00,2,1,17,B01
201100037937,0,07,000,00,2,6,15,A01
201100037938,0,02,000,00,2,1,01,B01
201100037938,1,31,000,00,2,7,09,Z01
201100037939,0,33,000,00,2,8,07,B01
201100037939,0,07,000,00,2,2,16,A01
201100037940,0,30,000,00,2,7,17,B01
201100037940,0,07,000,00,2,8,09,A01
201100037941,0,34,000,00,2,8,02,B01
201100037941,0,07,000,00,2,7,10,A01
201100037942,0,02,000,00,2,1,02,A01
201100037942,0,07,000,00,2,4,01,B01
201100037943,0,07,000,00,2,1,01,B01
201100037943,0,01,000,00,2,1,13,A01
201100037944,0,07,000,00,2,8,19,A01
201100037944,0,07,000,00,2,2,01,B01
201100037945,0,07,000,00,2,8,15,A01
201100037945,0,01,000,00,2,1,01,B01
201100037946,0,07,000,00,2,4,23,C01
201100037946,0,07,000,00,2,4,23,D01
201100037946,0,07,000,00,2,4,23,B01
201100037946,0,07,000,00,2,1,02,A01
201100037947,0,07,000,00,2,2,15,A01
201100037947,0,07,000,00,2,3,01,B01
201100037948,0,07,000,00,2,1,02,A01
201100037948,0,07,000,00,2,4,23,B01
201100037949,1,07,000,00,2,3,15,Z01
201100037949,0,30,000,00,2,1,01,B01
201100037950,0,07,000,06,0,1,01,A01
201100037951,0,07,000,00,1,3,01,A01
201100037952,0,07,000,00,2,1,01,A01
201100037952,0,07,000,00,2,3,01,B01
201100037953,0,07,000,00,2,4,23,B01
201100037953,0,30,000,00,2,1,02,A01
201100037954,0,07,000,00,2,4,15,B01
201100037954,0,07,000,00,2,1,02,A01
201100037955,0,37,002,00,2,1,01,B01
201100037955,0,07,000,00,2,7,15,A01
201100037956,0,07,000,00,1,1,01,A01
201100037957,0,31,000,00,2,1,17,A01
201100037957,0,07,000,00,2,8,15,B01
201100037958,0,07,000,00,2,8,15,A01
201100037958,0,01,000,00,2,1,01,B01
201100037959,0,07,000,00,1,1,09,A01
201100037960,0,02,000,00,2,1,01,B01
201100037960,0,07,000,00,2,8,15,A01
201100037961,0,07,000,00,2,1,15,A01
201100037961,0,01,000,00,2,1,01,B01
201100037962,0,07,000,00,2,4,23,C01
201100037962,0,07,000,00,2,1,02,A01
201100037962,0,07,000,00,2,4,02,B01
201100037963,0,30,000,00,2,1,08,B01
201100037963,0,07,000,00,2,7,15,A01
201100037964,0,07,000,00,2,7,15,A01
201100037964,0,02,000,00,2,1,01,B01
201100037965,0,07,000,00,2,8,11,B01
201100037965,0,07,000,00,2,7,12,A01
201100037966,0,32,000,00,6,1,01,A01
201100037967,0,01,000,00,2,7,15,A01
201100037967,0,07,000,00,2,1,01,B01
201100037968,0,07,000,00,2,8,10,A01
201100037968,0,30,000,00,2,7,01,B01
201100037969,0,07,000,00,2,8,11,A01
201100037969,0,02,000,00,2,7,01,B01
201100037970,1,07,000,00,2,7,01,Z01
201100037970,0,32,000,00,2,1,01,B01
201100037971,0,07,000,00,2,8,11,A01
201100037971,0,02,000,00,2,7,01,B01
201100037972,0,07,000,00,2,4,15,B01
201100037972,0,07,000,00,2,1,02,A01
201100037973,0,07,000,00,2,8,09,A01
201100037973,0,33,000,00,2,1,01,B01
201100037974,0,14,000,00,2,4,09,A01
201100037974,0,07,000,00,2,1,01,B01
201100037975,0,07,000,00,2,7,15,A01
201100037975,0,30,000,00,2,1,01,B01
201100037976,0,30,000,00,2,8,01,B01
201100037976,0,07,000,00,2,7,16,A01
201100037977,0,07,000,00,2,3,01,B01
201100037977,0,07,000,00,2,7,01,A01
201100037978,0,30,000,01,0,1,01,A01
201100037979,0,30,000,00,2,7,13,B01
201100037979,0,07,000,00,2,8,17,A01
201100037980,0,30,000,00,2,1,01,B01
201100037980,0,07,000,00,2,7,15,A01
201100037981,0,07,000,00,1,1,01,A01
201100037982,0,30,000,00,2,1,01,B01
201100037982,0,07,000,00,2,7,15,A01
201100037983,0,07,000,00,2,7,17,A01
201100037983,0,07,000,00,2,8,15,B01
201100037984,0,07,000,00,2,1,02,A01
201100037984,0,33,000,00,2,4,23,B01
201100037985,0,07,000,00,2,1,02,A01
201100037985,0,07,000,00,2,4,02,B01
201100037986,0,07,000,00,2,4,23,C01
201100037986,0,07,000,00,2,1,02,A01
201100037986,0,07,000,00,2,4,02,B01
201100037987,0,07,000,00,2,7,16,B01
201100037987,0,02,000,00,2,1,18,A01
201100037988,0,07,000,00,2,4,23,B01
201100037988,0,07,000,00,2,1,02,A01
201100037989,0,07,000,00,1,1,15,A01
201100037990,0,07,000,00,1,4,04,A01
201100037991,0,07,000,00,1,1,01,A01
201100037992,0,07,000,00,2,8,09,A01
201100037992,0,30,000,00,2,7,01,B01
201100037993,0,07,000,00,2,1,01,B01
201100037993,0,07,000,00,2,7,01,A01
201100037994,0,30,000,00,1,1,15,A01
201100037995,0,30,000,00,2,1,01,A01
201100037995,0,07,000,00,2,7,15,B01
201100037996,0,02,000,00,2,7,01,B01
201100037996,0,07,000,00,2,1,01,A01
201100037997,0,07,000,00,2,8,09,A01
201100037997,0,30,000,00,2,3,01,B01
201100037998,0,07,000,00,2,1,01,B01
201100037998,0,07,000,00,2,5,15,A01
201100037999,0,01,000,00,2,4,01,B01
201100037999,0,07,000,00,2,1,16,A01
201100038000,0,07,000,00,2,1,17,A01
201100038000,0,07,000,00,2,8,15,B01
201100038001,0,30,000,00,2,7,01,B01
201100038001,0,07,000,00,2,7,09,A01
201100038002,0,37,000,00,2,7,01,B01
201100038002,0,07,000,00,2,8,01,A01
201100038003,0,07,000,00,1,1,16,A01
201100038004,0,07,000,00,1,1,01,A01
201100038005,0,07,000,00,2,8,15,A01
201100038005,0,30,000,00,2,1,17,B01
201100038006,1,07,000,00,1,1,00,Z01
201100038007,0,10,000,00,1,8,01,A01
201100038008,0,07,000,00,2,4,23,B01
201100038008,1,07,000,00,2,0,00,Z01
201100038009,0,07,000,00,1,1,01,A01
201100038010,0,07,000,00,2,1,01,A01
201100038010,0,07,000,00,2,8,01,B01
201100038011,0,02,000,00,2,1,15,A01
201100038011,0,07,000,00,2,1,01,B01
201100038012,0,07,000,00,2,4,23,B01
201100038012,0,02,000,00,2,1,02,A01
201100038013,0,07,000,00,2,1,01,B01
201100038013,0,01,000,00,2,6,15,A01
201100038014,0,02,000,00,2,1,02,A01
201100038014,0,07,000,00,2,3,15,B01
201100038015,0,07,000,00,1,1,16,A01
201100038016,0,33,000,00,2,1,01,B01
201100038016,0,07,000,00,2,5,15,A01
201100038017,0,07,000,00,2,8,15,A01
201100038017,0,07,000,00,2,1,01,B01
201100038018,0,07,000,00,2,8,01,B01
201100038018,1,35,000,00,2,1,19,A01
201100038019,0,07,000,00,2,1,01,B01
201100038019,0,07,000,00,2,8,15,A01
201100038020,0,07,000,00,2,7,01,B01
201100038020,0,07,000,00,2,1,09,A01
201100038021,0,30,000,01,0,1,01,A01
201100038022,0,07,000,00,2,8,15,B01
201100038022,0,02,000,00,2,1,02,A01
201100038023,0,02,000,00,2,1,18,A01
201100038023,0,07,000,00,2,7,15,B01
201100038024,0,07,000,00,2,8,15,A01
201100038024,0,02,000,00,2,1,17,B01
201100038025,0,30,000,00,2,4,23,B01
201100038025,0,07,000,00,2,4,04,A01
201100038026,0,07,000,00,1,0,09,A01
201100038027,1,07,000,00,2,0,02,A01
201100038027,0,01,000,00,0,0,00,B01
201100038028,0,07,000,00,0,4,23,C01
201100038028,0,07,000,00,0,9,23,B01
201100038028,0,07,000,00,0,1,01,A01
201100038029,0,30,000,00,2,1,01,A01
201100038029,0,07,000,00,2,2,01,B01
201100038030,0,30,000,00,2,1,17,B01
201100038030,0,07,000,00,2,8,10,A01
201100038031,0,10,000,00,2,1,02,A01
201100038031,0,07,000,00,2,4,09,B01
201100038032,0,07,000,00,2,1,01,B01
201100038032,0,30,000,00,2,8,01,A01
201100038033,0,07,000,00,1,1,01,A01
201100038034,0,07,000,00,2,1,01,B01
201100038034,0,07,000,00,2,7,01,A01
201100038035,0,07,000,00,2,4,01,B01
201100038035,0,07,000,00,2,1,02,A01
201100038036,0,01,000,00,2,7,19,A01
201100038036,0,07,000,00,2,8,01,B01
201100038037,0,07,000,02,0,1,01,A01
201100038038,0,33,000,00,2,1,01,B01
201100038038,0,07,000,00,2,8,15,A01
201100038039,0,07,000,00,2,1,01,A01
201100038039,0,30,000,00,2,4,15,B01
201100038040,0,07,000,00,2,7,15,A01
201100038040,0,30,000,00,2,1,01,B01
201100038041,0,37,000,00,2,2,15,A01
201100038041,0,01,000,01,2,8,01,B01
201100038042,0,38,001,00,9,2,09,A01
201100038043,0,31,000,00,2,1,17,A01
201100038043,0,07,000,00,2,3,15,B01
201100038044,0,07,000,00,2,4,23,B01
201100038044,0,07,000,00,2,1,02,A01
201100038044,0,07,000,00,2,4,23,D01
201100038044,0,07,000,00,2,4,23,C01
201100038045,0,07,000,00,2,8,09,A01
201100038045,0,01,000,00,2,7,16,B01
201100038046,0,30,000,00,1,1,17,A01
201100038047,0,07,000,00,9,1,21,A01
201100038047,0,07,000,00,0,0,10,B01
201100038048,1,30,000,00,1,1,01,Z01
201100038049,1,07,000,00,2,6,15,B01
201100038049,0,30,000,00,2,1,02,A01
201100038050,0,30,000,00,2,7,01,B01
201100038050,0,07,000,00,2,8,15,A01
201100038051,0,02,000,00,2,1,02,A01
201100038051,0,07,000,00,2,4,23,B01
201100038052,0,07,000,00,2,8,01,B01
201100038052,1,07,000,00,2,7,17,Z01
201100038053,0,07,000,00,2,1,02,A01
201100038053,0,07,000,00,2,4,23,C01
201100038053,0,07,000,00,2,4,23,B01
201100038054,0,07,000,00,9,7,01,A01
201100038055,0,01,000,00,2,8,19,A01
201100038055,0,07,000,00,2,1,01,B01
201100038056,0,07,000,00,2,4,23,B01
201100038056,0,10,000,00,2,1,02,A01
201100038057,0,07,000,00,2,1,02,A01
201100038057,0,07,000,00,1,4,23,B01
201100038058,0,30,000,00,2,1,01,A01
201100038058,0,07,000,00,2,7,15,B01
201100038059,0,07,000,00,2,7,00,A01
201100038059,0,30,000,00,2,1,01,B01
201100038060,0,07,000,00,2,5,16,B01
201100038060,0,01,000,00,2,1,01,A01
201100038061,0,07,000,00,2,8,15,A01
201100038061,0,33,000,00,2,1,01,B01
201100038062,0,07,000,00,2,7,15,A01
201100038062,0,31,000,00,2,1,01,B01
201100038063,0,07,000,00,2,5,01,B01
201100038063,0,07,000,00,2,1,09,A01
201100038064,0,07,000,00,2,8,09,A01
201100038064,0,30,000,00,2,5,01,B01
201100038065,0,10,000,00,2,1,05,A01
201100038065,0,07,000,00,2,1,01,B01
201100038066,0,32,000,00,2,1,01,B01
201100038066,0,07,000,00,2,3,15,A01
201100038067,0,07,000,00,2,1,05,A01
201100038067,0,07,000,00,2,1,13,B01
201100038068,0,07,000,00,2,2,01,B01
201100038068,0,07,000,00,2,1,09,A01
201100038069,0,30,000,00,2,7,01,A01
201100038069,0,07,000,00,2,1,01,B01
201100038070,0,32,000,00,2,3,01,A01
201100038070,0,07,000,00,2,8,01,B01
201100038071,0,07,000,00,2,1,02,A01
201100038071,0,07,000,00,2,4,23,B01
201100038072,0,07,000,00,2,1,01,B01
201100038072,0,07,000,00,2,6,09,A01
201100038073,0,30,000,00,2,1,01,A01
201100038073,0,07,000,00,2,6,01,B01
201100038074,0,07,000,08,0,1,01,A01
201100038075,0,07,000,00,2,1,01,A01
201100038075,0,07,000,00,2,1,01,B01
201100038076,0,33,000,00,2,6,02,A01
201100038076,0,33,000,00,2,6,01,B01
201100038077,1,07,000,00,0,0,02,Z01
201100038077,0,34,000,14,0,1,21,B01
201100038078,0,07,000,00,1,1,15,A01
201100038079,0,07,000,00,2,1,01,A01
201100038079,0,07,000,00,2,4,01,B01
201100038080,0,01,000,00,2,0,01,B01
201100038080,0,07,000,00,2,3,09,A01
201100038081,0,07,000,00,2,3,01,A01
201100038081,0,07,000,00,0,3,01,B01
201100038082,0,07,000,06,2,9,01,A01
201100038082,0,02,000,00,2,9,01,B01
201100038083,0,07,000,00,2,4,23,B01