Num_Acc,senc,catv,occutc,obs,obsm,choc,manv,num_veh
201100038791,0,07,000,00,2,1,16,B01
201100038792,0,07,000,00,2,7,17,A01
201100038792,0,14,000,00,2,6,01,B01
201100038793,0,07,000,00,2,1,01,A01
201100038793,0,33,000,00,2,4,01,B01
201100038794,0,07,000,02,0,1,01,A01
201100038795,0,30,000,00,2,1,01,B01
201100038795,0,07,000,00,2,3,09,A01
201100038796,0,07,000,00,2,1,01,A01
201100038796,0,07,000,00,2,1,15,B01
201100038797,0,01,000,01,0,1,01,B01
201100038797,0,07,000,00,2,7,22,A01
201100038798,0,07,000,00,2,2,15,A01
201100038798,0,34,000,00,2,8,01,B01
201100038799,0,07,000,00,2,3,01,B01
201100038799,0,15,000,00,2,5,17,A01
201100038800,0,01,000,00,2,1,01,B01
201100038800,1,07,000,00,2,8,01,A01
201100038801,0,07,000,00,2,1,01,A01
201100038802,0,07,000,00,1,5,01,A01
201100038803,0,07,000,00,1,3,01,A01
201100038804,0,07,000,00,2,1,01,A01
201100038804,0,07,000,00,2,4,23,B01
201100038805,0,07,000,00,2,8,01,B01
201100038805,0,07,000,00,2,7,01,A01
201100038806,0,01,000,00,2,8,15,B01
201100038806,0,07,000,00,2,1,01,A01
201100038807,0,07,000,00,2,1,01,B01
201100038807,0,30,000,00,2,7,01,A01
201100038808,0,07,000,00,1,4,04,A01
201100038809,0,40,000,00,2,1,01,B01
201100038809,0,07,000,00,4,7,15,A01
201100038810,0,07,000,00,2,1,01,A01
201100038810,0,07,000,00,2,8,01,B01
201100038811,0,07,000,00,2,4,02,B01
201100038811,0,30,000,00,2,1,02,A01
201100038812,0,07,000,00,2,4,01,B01
201100038812,0,10,000,00,2,3,01,A01
201100038813,0,07,000,00,1,3,01,A01
201100038814,0,07,000,00,2,4,23,C01
201100038814,0,07,000,00,2,4,02,B01
201100038814,0,07,000,00,2,1,02,A01
201100038815,0,02,000,00,2,1,01,A01
201100038815,0,07,000,00,2,4,01,B01
201100038816,0,07,000,00,2,8,01,B01
201100038816,0,30,000,00,2,1,01,A01
201100038817,0,33,000,00,2,1,01,B01
201100038817,0,07,000,00,2,8,15,A01
201100038818,0,07,000,00,2,4,01,B01
201100038818,0,07,000,00,2,1,01,A01
201100038819,0,01,000,00,2,1,01,B01
201100038819,0,07,000,00,2,6,15,A01
201100038820,0,07,000,00,2,1,01,B01
201100038820,0,33,000,00,2,3,15,A01
201100038821,0,07,000,00,1,1,01,A01
201100038822,1,01,000,00,1,1,01,Z01
201100038823,0,10,000,00,1,4,04,A01
201100038824,0,33,000,00,2,1,17,A01
201100038824,0,07,000,00,2,0,13,B01
201100038825,0,02,000,00,2,1,01,B01
201100038825,0,07,000,00,2,8,15,A01
201100038826,0,07,000,00,1,1,01,A01
201100038827,0,07,000,00,2,7,01,B01
201100038827,0,07,000,00,2,1,01,A01
201100038828,0,07,000,00,2,4,02,C01
201100038828,0,07,000,00,2,1,02,B01
201100038828,0,07,000,00,2,1,02,A01
201100038829,0,07,000,00,2,8,01,A01
201100038829,0,07,000,00,2,8,01,B01
201100038830,0,10,000,00,1,1,01,A01
201100038831,0,07,000,00,1,1,16,A01
201100038832,0,07,000,00,1,1,01,A01
201100038833,0,07,000,00,2,1,15,A01
201100038833,0,07,000,00,2,3,01,B01
201100038834,0,02,000,00,2,4,01,B01
201100038834,1,07,000,00,2,1,01,Z01
201100038835,0,01,000,00,2,2,01,B01
201100038835,0,07,000,00,2,1,01,A01
201100038836,0,07,000,00,2,3,01,B01
201100038836,0,07,000,00,2,1,00,A01
201100038837,0,02,000,00,2,1,15,A01
201100038837,0,07,000,00,2,7,01,B01
201100038838,0,33,000,00,2,4,01,B01
201100038838,0,10,000,00,2,1,01,A01
201100038839,0,30,000,01,0,1,14,A01
201100038840,0,37,003,00,1,1,15,A01
201100038841,0,07,000,00,2,3,01,B01
201100038841,0,02,000,00,2,1,01,A01
201100038842,0,01,000,00,2,4,01,B01
201100038842,0,02,000,00,2,1,01,A01
201100038843,0,10,000,00,2,1,02,A01
201100038843,0,07,000,00,0,4,02,C01
201100038843,0,07,000,00,2,4,02,B01
201100038844,0,10,000,00,2,4,02,B01
201100038844,0,07,000,00,2,1,02,A01
201100038845,0,07,000,00,2,7,01,B01
201100038845,0,07,000,00,2,1,01,A01
201100038846,0,07,000,00,2,4,01,A01
201100038846,0,07,000,03,2,1,01,B01
201100038847,0,07,000,00,2,1,15,A01
201100038847,0,07,000,00,2,1,01,B01
201100038848,0,01,000,00,2,1,16,B01
201100038848,0,07,000,00,2,3,01,A01
201100038849,0,33,000,00,0,9,01,A01
201100038850,0,40,000,14,0,0,01,B01
201100038850,0,01,000,00,4,3,23,A01
201100038851,0,33,000,00,2,1,01,B01
201100038851,0,07,000,00,2,3,15,A01
201100038852,0,07,000,00,2,1,02,A01
201100038852,0,07,000,00,2,4,23,B01
201100038853,0,07,000,00,1,1,01,A01
201100038854,0,02,000,00,2,1,01,B01
201100038854,1,07,000,00,2,0,01,Z01
201100038855,0,07,000,00,1,1,15,A01
201100038856,0,30,000,00,2,7,17,A01
201100038856,0,07,000,00,2,8,15,B01
201100038857,0,01,000,00,2,2,01,A01
201100038857,0,40,000,00,2,1,01,B01
201100038858,0,07,000,00,2,1,16,A01
201100038858,0,10,000,00,2,4,23,B01
201100038858,0,01,000,00,2,8,19,C01
201100038859,0,07,000,00,0,0,01,B01
201100038859,0,33,000,05,0,1,01,A01
201100038860,0,01,000,00,1,1,01,A01
201100038861,0,07,000,00,1,2,01,A01
201100038862,0,07,000,00,2,8,10,A01
201100038862,0,33,000,00,2,1,01,B01
201100038863,0,07,000,00,2,5,16,A01
201100038863,0,37,010,00,2,7,16,B01
201100038864,0,07,000,00,1,1,01,A01
201100038865,0,20,000,00,2,8,15,A01
201100038865,0,14,000,00,2,2,15,B01
201100038866,0,01,000,01,0,1,01,B01
201100038866,0,07,000,00,2,3,22,A01
201100038867,0,07,000,00,1,5,01,A01
201100038868,0,07,000,00,2,1,01,A01
201100038869,0,01,000,00,1,1,01,B01
201100038869,0,07,000,00,2,2,15,A01
201100038870,0,10,000,00,1,7,01,A01
201100038871,0,07,000,02,0,1,01,A01
201100038872,0,07,000,00,1,2,02,A01
201100038873,0,01,000,00,1,1,01,A01
201100038874,0,07,000,00,2,1,01,B01
201100038874,0,01,000,00,2,1,13,A01
201100038875,0,07,000,00,2,2,01,B01
201100038875,0,07,000,00,2,8,15,A01
201100038876,0,07,000,00,2,8,24,A01
201100038876,0,01,000,00,2,1,01,B01
201100038877,0,07,000,00,2,0,00,Z01
201100038877,0,02,000,00,2,0,00,A01
201100038878,0,03,000,00,2,4,02,B01
201100038878,0,07,000,00,2,1,02,A01
201100038879,0,01,000,00,2,1,01,A01
201100038879,0,07,000,00,2,8,01,B01
201100038880,0,07,000,00,2,1,02,A01
201100038880,0,07,000,00,2,4,02,B01
201100038881,0,07,000,00,2,5,15,B01
201100038881,0,32,000,00,2,1,01,A01
201100038882,0,07,000,00,2,7,22,B01
201100038882,0,02,000,00,2,1,01,A01
201100038883,0,07,000,00,1,7,01,A01
201100038884,1,07,000,00,1,0,00,Z01
201100038885,0,02,000,01,0,1,05,A01
201100038886,0,99,000,00,2,8,09,B01
201100038886,0,30,000,00,2,3,01,A01
201100038887,0,07,000,00,2,3,01,A01
201100038887,0,07,000,00,2,1,15,B01
201100038888,0,01,000,00,1,1,01,A01
201100038889,0,10,000,00,2,4,23,B01
201100038889,0,02,000,00,2,1,02,A01
201100038890,0,07,000,00,2,4,23,C01
201100038890,0,07,000,00,2,9,23,B01
201100038890,0,07,000,00,2,1,02,A01
201100038891,0,10,000,00,2,1,02,A01
201100038891,0,07,000,00,2,4,01,B01
201100038892,0,07,000,00,2,1,01,B01
201100038892,0,07,000,00,2,1,13,A01
201100038893,0,30,000,00,2,1,02,A01
201100038893,0,07,000,00,2,4,01,B01
201100038894,0,31,000,00,2,1,13,A01
201100038894,0,07,000,00,2,8,15,B01
201100038895,0,32,000,00,2,8,01,B01
201100038895,0,07,000,00,2,1,01,A01
201100038896,0,40,000,00,2,2,01,B01
201100038896,0,07,000,00,4,1,01,A01
201100038897,0,07,000,00,1,2,01,A01
201100038898,0,01,000,00,2,1,01,B01
201100038898,0,07,000,00,2,3,15,A01
201100038899,0,07,000,00,2,4,02,C01
201100038899,0,07,000,00,2,1,02,A01
201100038899,0,07,000,00,2,4,02,B01
201100038900,0,07,000,00,2,1,00,A01
201100038900,0,07,000,00,2,5,01,B01
201100038901,1,34,000,00,2,1,01,Z01
201100038901,0,01,000,00,2,8,01,B01
201100038902,0,07,000,00,2,1,01,A01
201100038902,0,07,000,00,2,4,01,B01
201100038903,0,01,000,00,2,7,01,B01
201100038903,0,07,000,00,2,1,15,A01
201100038904,0,07,000,00,2,3,01,B01
201100038904,0,32,000,00,2,5,17,A01
201100038905,0,07,000,00,2,1,01,A01
201100038905,0,07,000,00,2,7,01,B01
201100038906,0,32,000,00,2,1,01,B01
201100038906,0,10,000,00,2,8,10,A01
201100038907,0,07,000,00,2,7,16,B01
201100038907,0,07,000,00,2,1,01,A01
201100038908,0,01,000,00,1,1,01,A01
201100038909,0,01,000,00,2,1,01,B01
201100038909,0,30,000,00,2,1,01,A01
201100038910,0,07,000,00,2,1,01,A01
201100038910,0,01,000,00,2,2,01,B01
201100038911,0,01,000,00,2,1,05,A01
201100038911,0,01,000,00,2,1,01,B01
201100038912,0,07,000,00,1,1,15,A01
201100038913,0,10,000,00,2,1,02,A01
201100038913,0,07,000,00,2,4,01,B01
201100038914,0,01,000,00,2,7,15,A01
201100038914,0,10,000,00,2,1,01,B01
201100038915,0,07,000,00,1,5,04,A01
201100038916,0,07,000,00,1,3,01,A01
201100038917,0,07,000,00,1,3,01,A01
201100038918,0,01,000,00,2,1,19,B01
201100038918,0,07,000,00,2,3,16,A01
201100038919,0,10,000,00,1,2,01,A01
201100038920,0,02,000,00,2,1,01,A01
201100038920,0,07,000,00,2,3,15,B01
201100038921,0,01,000,00,2,1,01,B01
201100038921,0,07,000,00,2,8,24,A01
201100038922,0,07,000,00,1,1,01,A01
201100038923,0,07,000,00,2,1,16,A01
201100038923,0,01,000,00,2,2,01,B01
201100038924,0,07,000,00,2,1,01,A01
201100038924,0,07,000,00,2,3,01,B01
201100038925,0,07,000,00,1,1,15,A01
201100038926,0,10,000,00,1,2,01,A01
201100038927,0,07,000,00,2,1,02,A01
201100038927,0,07,000,00,2,4,01,C01
201100038927,0,07,000,00,2,1,02,B01
201100038928,0,01,000,00,2,1,01,B01
201100038928,0,07,000,00,2,5,15,A01
201100038929,0,02,000,00,2,1,01,B01
201100038929,0,10,000,00,2,8,15,A01
201100038930,0,31,000,00,2,1,01,B01
201100038930,0,07,000,00,2,7,15,A01
201100038931,0,07,000,00,2,1,01,A01
201100038931,0,01,000,00,2,7,19,B01
201100038932,0,07,000,00,1,2,09,A01
201100038933,0,07,000,00,2,3,15,A01
201100038933,0,01,000,00,2,1,01,B01
201100038934,0,07,000,03,0,1,01,A01
201100038935,0,34,000,00,1,1,01,A01
201100038936,0,07,000,03,0,1,01,A01
201100038937,0,30,000,00,2,3,01,A01
201100038937,0,07,000,00,2,1,01,B01
201100038938,0,01,000,00,2,8,19,B01
201100038938,0,07,000,00,2,1,01,A01
201100038939,0,10,000,02,0,1,01,A01
201100038940,0,07,000,00,2,7,15,B01
201100038940,0,33,000,00,2,1,01,A01
201100038941,0,07,000,00,2,8,01,B01
201100038941,0,30,000,00,2,1,01,A01
201100038942,0,30,000,00,1,1,01,A01
201100038943,0,07,000,00,2,8,01,B01
201100038943,0,07,000,00,2,1,15,A01
201100038944,0,07,000,00,2,1,01,A01
201100038944,0,07,000,00,2,4,15,B01
201100038945,0,07,000,00,2,6,01,A01
201100038945,0,01,000,00,2,1,19,B01
201100038946,0,07,000,00,2,7,23,A01
201100038946,0,01,000,00,2,1,18,B01
201100038947,0,07,000,00,1,2,01,A01
201100038948,0,07,000,00,2,8,15,B01
201100038948,0,01,000,00,2,1,01,A01
201100038949,0,07,000,00,2,3,15,A01
201100038949,0,32,000,00,2,1,01,B01
201100038950,0,07,000,00,2,4,02,B01
201100038950,0,07,000,00,2,1,02,A01
201100038951,0,40,000,00,1,2,01,A01
201100038952,0,07,000,04,0,1,01,A01
201100038953,0,07,000,00,1,1,01,A01
201100038954,0,01,000,00,1,1,01,A01
201100038955,0,10,000,00,2,4,01,B01
201100038955,0,33,000,00,2,1,01,A01
201100038956,0,01,000,00,2,0,19,A01
201100038956,0,07,000,00,2,3,01,B01
201100038957,0,01,000,00,1,1,01,A01
201100038958,0,02,000,08,0,1,01,A01
201100038959,0,36,000,02,0,1,13,A01
201100038960,0,01,000,00,4,1,00,A01
201100038960,0,40,000,00,2,1,01,B01
201100038961,0,01,000,01,0,1,01,B01
201100038961,0,07,000,00,2,3,24,A01
201100038962,0,33,000,00,2,1,01,B01
201100038962,0,07,000,00,2,2,15,A01
201100038963,0,01,000,00,2,1,01,A01
201100038963,0,01,000,00,2,1,01,B01
201100038964,0,31,000,00,2,1,01,B01
201100038964,0,07,000,00,2,7,15,A01
201100038965,0,07,000,00,2,4,23,B01
201100038965,0,07,000,00,2,1,01,A01
201100038966,0,07,000,00,2,2,23,A01
201100038966,0,01,000,15,0,1,01,B01
201100038967,0,30,000,00,4,1,01,A01
201100038967,0,40,000,00,2,8,01,B01
201100038968,0,01,000,00,2,7,19,B01
201100038968,0,07,000,00,2,1,01,A01
201100038969,0,07,000,00,1,1,17,A01
201100038970,0,07,000,00,2,3,01,A01
201100038970,0,01,000,00,2,8,01,B01
201100038971,0,07,000,00,2,1,01,B01
201100038971,0,01,000,00,2,7,01,A01
201100038972,0,30,000,00,2,1,01,B01
201100038972,0,07,000,00,2,3,09,A01
201100038973,0,01,000,01,2,1,01,A01
201100038973,0,07,000,00,2,4,01,B01
201100038974,0,07,000,00,2,3,01,A01
201100038974,0,01,000,00,2,1,01,B01
201100038975,0,01,000,00,2,1,01,A01
201100038975,0,07,000,00,2,2,01,B01
201100038976,0,01,000,00,2,1,01,B01
201100038976,0,07,000,00,2,7,15,A01
201100038977,0,01,000,00,2,1,01,B01
201100038977,0,07,000,00,2,8,16,A01
201100038978,0,10,000,00,2,1,01,A01
201100038978,0,07,000,00,2,1,01,B01
201100038979,0,33,000,00,0,8,21,A01
201100038980,0,07,000,00,2,3,01,B01
201100038980,0,30,000,00,2,1,01,A01
201100038981,0,07,000,00,0,6,23,A01
201100038981,0,02,000,14,0,1,02,B01
201100038982,0,07,000,00,2,5,15,B01
201100038982,0,34,000,00,2,1,01,A01
201100038983,0,10,000,00,2,4,04,B01
201100038983,0,07,000,00,2,1,01,A01
201100038984,0,01,000,00,1,1,01,A01
201100038985,0,07,000,00,2,3,01,A01
201100038985,0,01,000,00,2,1,09,B01
201100038986,0,07,000,00,2,1,02,A01
201100038986,0,07,000,00,2,4,02,B01
201100038987,0,07,000,00,2,7,01,B01
201100038987,0,01,000,00,2,1,19,A01
201100038988,0,07,000,00,1,1,01,A01
201100038989,0,07,000,00,2,1,01,A01
201100038989,0,07,000,11,2,4,01,B01
201100038990,0,15,000,00,2,2,12,A01
201100038990,0,07,000,00,2,3,01,B01
201100038991,0,07,000,08,0,1,01,A01
201100038992,0,07,000,00,2,1,01,A02
201100038992,0,07,000,00,2,6,01,B01
201100038992,0,07,000,00,2,1,01,E01
201100038992,0,07,000,00,2,2,01,F01
201100038992,0,07,000,00,2,8,01,D01
201100038992,0,07,000,00,2,8,01,C01
201100038993,0,07,000,01,0,1,14,A01
201100038994,0,07,000,00,9,1,01,B01
201100038994,0,01,000,00,2,3,01,A01
201100038995,0,07,000,00,9,4,20,B01
201100038995,0,30,000,00,2,1,02,A01
201100038996,0,10,000,00,2,3,01,A01
201100038996,0,37,003,00,2,2,01,B01
201100038997,0,40,000,00,2,3,01,B01
201100038997,0,01,000,00,4,1,19,A01
201100038998,0,07,000,00,2,3,01,B01
201100038998,0,07,000,00,2,1,01,A01
201100038999,0,01,000,00,2,1,13,A01
201100038999,0,01,000,00,2,1,01,B01
201100039000,0,01,000,00,1,1,01,A01
201100039001,0,07,000,00,1,2,01,A01
201100039002,0,07,000,00,2,4,23,B01
201100039002,0,07,000,00,2,1,02,A01
201100039003,0,07,000,00,1,1,01,A01
201100039004,0,07,000,00,2,8,01,B01
201100039004,0,07,000,00,2,1,15,A01
201100039005,0,14,000,00,2,6,01,B01
201100039005,0,07,000,00,2,1,15,A01
201100039006,0,07,000,01,0,1,01,A01
201100039007,0,01,000,00,1,1,01,A01
201100039008,0,30,000,00,2,1,02,A01
201100039008,0,07,000,00,2,4,01,B01
201100039009,0,01,000,00,2,7,01,A01
201100039009,0,07,000,00,2,1,16,B01
201100039010,0,07,000,00,2,1,02,A01
201100039010,0,07,000,00,2,4,23,B01
201100039011,0,07,000,00,2,1,02,A01
201100039011,0,07,000,00,2,4,02,C01
201100039011,0,07,000,00,2,4,02,B01
201100039012,0,07,000,00,1,1,16,A01
201100039013,0,07,000,00,2,1,01,A01
201100039013,0,07,000,00,2,1,01,B01
201100039014,0,07,000,00,2,8,01,B01
201100039014,0,07,000,00,2,1,01,A01
201100039015,0,07,000,00,1,1,13,A01
201100039016,0,07,000,00,2,1,01,A01
201100039016,0,07,000,00,2,1,01,B01
201100039017,0,01,000,00,0,0,00,B01
201100039017,0,07,000,00,2,1,01,A01
201100039018,0,07,000,00,0,9,01,A01
201100039019,0,07,000,00,1,2,01,A01
201100039020,0,07,000,00,0,0,00,A01
201100039021,0,40,000,00,2,1,01,B01
201100039021,0,07,000,00,2,8,01,A01
201100039022,0,07,000,00,2,3,01,B01
201100039022,0,07,000,00,2,3,15,A01
201100039023,1,01,000,00,1,1,01,Z01
201100039024,0,07,000,14,0,4,23,B01
201100039024,0,07,000,00,2,4,23,C01
201100039024,0,07,000,14,0,1,02,A01
201100039025,0,07,000,00,2,4,02,B01
201100039025,0,07,000,00,2,1,02,A01
201100039026,0,40,000,00,1,2,01,A01
201100039027,1,07,000,00,2,1,01,A01
201100039027,0,07,000,00,2,5,16,B01
201100039028,1,30,000,00,1,1,01,Z01
201100039029,0,07,000,00,2,2,01,A01
201100039029,0,01,000,00,2,1,01,B01
201100039030,0,34,000,00,2,1,01,B01
201100039030,0,07,000,00,2,5,15,A01
201100039031,0,07,000,00,1,0,00,A01
201100039032,1,30,000,00,2,1,01,Z01
201100039032,0,01,000,00,2,2,19,B01
201100039033,0,07,000,02,0,1,01,A01
201100039034,0,10,000,00,2,2,16,A01
201100039034,0,30,000,00,2,3,01,B01
201100039035,0,07,000,00,2,1,01,B01
201100039035,0,07,000,00,2,2,15,A01
201100039036,0,07,000,00,2,8,23,C01
201100039036,0,07,000,00,2,1,15,A01
201100039036,0,07,000,00,2,1,01,B01
201100039037,0,33,000,00,2,1,05,A01
201100039037,0,07,000,00,2,3,15,B01
201100039038,0,07,000,00,2,6,01,A01
201100039038,0,07,000,00,2,3,01,B01
201100039039,0,07,000,00,2,2,15,A01
201100039039,0,32,000,00,2,1,01,B01
201100039040,0,07,000,06,2,5,15,A01
201100039040,0,31,000,00,2,1,01,B01
201100039041,0,07,000,00,2,7,01,A01
201100039041,0,01,000,00,2,1,01,B01
201100039042,0,07,000,00,0,9,01,A01
201100039043,0,07,000,01,0,1,01,A01
201100039044,0,14,000,00,2,3,15,A01
201100039044,0,07,000,00,2,8,01,B01
201100039045,0,32,000,00,2,2,01,B01
201100039045,0,07,000,00,2,3,15,A01
201100039046,0,32,000,00,2,1,01,B01
201100039046,0,07,000,00,2,1,01,A01
201100039047,0,31,000,00,2,7,21,A01
201100039047,0,07,000,00,2,6,01,B01
201100039048,0,07,000,00,2,0,15,A01
201100039048,0,32,000,00,2,1,01,B01
201100039049,1,30,000,00,9,1,01,Z01
201100039049,0,01,000,00,2,8,01,A01
201100039050,0,07,000,00,2,4,15,B01
201100039050,0,07,000,00,2,1,01,A01
201100039050,0,07,000,00,2,1,01,C01
201100039051,0,07,000,00,2,2,01,B01
201100039051,0,32,000,00,2,1,01,A01
201100039052,0,07,000,00,2,8,20,A01
201100039052,0,02,000,00,2,7,01,B01
201100039053,0,30,000,00,2,8,15,B01
201100039053,0,02,000,00,2,1,01,A01
201100039054,0,07,000,00,1,1,01,A01
201100039055,0,39,000,00,2,8,01,B01
201100039055,0,01,000,00,4,1,01,A01
201100039056,0,02,000,00,2,1,01,B01
201100039056,0,07,000,00,2,2,13,A01
201100039057,1,07,000,00,2,7,16,Z01
201100039057,0,01,000,00,2,3,01,B01
201100039058,0,07,000,00,2,3,16,B01
201100039058,0,14,000,00,2,2,01,A01
201100039059,0,07,000,00,2,1,15,A01
201100039059,0,07,000,00,2,8,01,B01
201100039060,0,30,000,00,2,8,01,B01
201100039060,0,07,000,00,2,2,01,A01
201100039061,0,33,000,00,2,1,17,A01
201100039061,0,07,000,00,2,3,01,B01
201100039062,0,40,000,00,2,7,01,B01
201100039062,0,07,000,00,2,1,15,A01
201100039063,0,33,000,09,2,1,01,A01
201100039063,0,07,000,08,2,6,15,B01
201100039064,0,07,000,00,2,1,01,A01
201100039064,0,01,000,00,2,3,19,B01
201100039065,0,02,000,00,2,1,01,B01
201100039065,0,07,000,00,2,2,15,A01
201100039066,0,33,000,00,2,7,17,B01
201100039066,0,07,000,00,2,8,13,A01
201100039067,0,07,000,00,2,1,15,A01
201100039067,0,07,000,00,2,1,01,B01
201100039068,0,37,001,00,2,5,01,B01
201100039068,0,01,000,00,2,1,18,A01
201100039069,0,03,000,00,2,2,16,B01
201100039069,0,01,000,00,2,7,01,A01
201100039070,0,07,000,00,1,1,01,A01
201100039071,1,07,000,00,2,1,01,Z01
201100039071,0,02,000,00,2,1,16,A01
201100039072,0,07,000,00,2,1,01,B01
201100039072,0,33,000,00,2,1,00,A01
201100039073,0,01,000,00,2,1,01,B01
201100039073,0,07,000,00,2,5,15,A01
201100039074,0,07,000,00,2,1,16,A01
201100039074,0,01,000,00,2,8,15,B01
201100039075,0,07,000,00,1,8,01,A01
201100039076,0,33,000,00,2,6,01,B01
201100039076,0,07,000,00,2,1,15,A01
201100039077,0,07,000,00,2,4,02,B01
201100039077,0,07,000,00,1,1,02,A01
201100039078,0,07,000,00,2,1,16,B01
201100039078,0,01,000,00,2,7,19,A01
201100039079,0,30,000,00,2,1,01,B01
201100039079,0,07,000,00,2,6,16,A01
201100039080,0,07,000,00,2,5,15,B01
201100039080,0,01,000,00,2,1,01,A01
201100039081,0,30,000,00,2,1,15,B01
201100039081,0,40,000,00,2,7,01,A01
201100039082,0,07,000,00,2,1,01,A01
201100039082,0,07,000,00,2,4,01,B01
201100039083,0,01,000,00,2,8,15,A01
201100039083,0,07,000,00,2,1,01,B01
201100039084,0,07,000,00,1,7,02,A01
201100039085,0,07,000,00,9,7,01,B01
201100039085,0,01,000,00,2,1,19,A01
201100039086,0,01,000,00,2,1,01,A01
201100039086,0,07,000,00,2,3,01,B01
201100039087,0,30,000,00,1,1,01,A01
201100039088,1,30,000,00,0,0,00,A01
201100039089,0,07,000,00,1,2,01,A01
201100039090,0,07,000,00,2,8,15,B01
201100039090,0,30,000,00,2,1,17,A01
201100039091,0,07,000,00,2,4,23,C01
201100039091,0,07,000,00,2,1,01,A01
201100039091,0,07,000,00,2,4,23,D01
201100039091,0,07,000,00,2,4,23,B01
201100039092,0,30,000,00,2,1,02,A01
201100039092,1,34,000,00,2,4,10,Z01
201100039093,0,07,000,00,9,4,02,B01
201100039093,0,01,000,00,2,1,02,A01
201100039094,0,07,000,00,2,3,01,A01
201100039094,0,01,000,00,2,1,01,B01
201100039095,0,10,000,00,1,3,15,A01
201100039096,0,07,000,00,2,2,15,B01
201100039096,0,30,000,00,2,1,01,A01
201100039097,0,99,000,00,0,0,00,A01
201100039098,0,07,000,00,2,3,15,A01
201100039098,0,33,000,00,2,1,01,B01
201100039099,0,01,000,00,2,1,01,B01
201100039099,0,07,000,00,2,2,01,A01
201100039100,0,07,000,00,2,2,15,A01
201100039100,0,07,000,00,2,1,01,B01
201100039101,0,07,000,00,1,2,01,A01
201100039102,1,07,000,00,2,6,15,Z01
201100039102,0,30,000,00,2,1,17,B01
201100039103,0,30,000,00,2,1,17,B01
201100039103,0,07,000,00,2,8,15,A01
201100039104,0,07,000,00,1,1,01,A01
201100039105,0,07,000,00,2,1,01,B01
201100039105,0,07,000,00,2,7,01,A01
201100039106,0,01,000,00,4,1,19,A01
201100039106,0,40,000,00,2,1,01,B01
201100039107,0,07,000,00,2,4,01,B01
201100039107,0,07,000,00,2,1,01,A01
201100039108,0,07,000,00,1,2,01,A01
201100039109,0,40,000,00,1,7,01,A01
201100039110,0,01,000,00,2,8,16,B01
201100039110,0,32,000,00,9,1,01,A01
201100039111,0,07,000,00,2,2,22,A01
201100039111,0,01,000,01,0,1,05,B01
201100039112,0,10,000,00,2,1,01,B01
201100039112,0,07,000,00,2,8,01,A01
201100039113,0,01,000,01,0,1,01,B01
201100039113,0,07,000,00,9,8,24,A01
201100039114,0,07,000,00,2,4,23,B01
201100039114,0,07,000,00,2,1,02,A01
201100039115,0,07,000,00,2,1,01,A01
201100039115,0,07,000,00,2,5,01,B01
201100039116,0,01,000,00,2,8,01,B01
201100039116,0,07,000,00,2,3,01,A01
201100039117,0,07,000,00,2,2,01,A01
201100039118,0,07,000,00,2,8,24,A01
201100039118,0,01,000,00,2,1,01,B01
201100039119,0,07,000,00,2,1,02,A01
201100039119,0,07,000,00,2,4,02,B01
201100039119,0,07,000,00,2,4,02,C01
201100039120,0,01,000,01,0,1,01,B01
201100039120,0,07,000,00,2,8,22,A01
201100039121,1,07,000,00,2,8,01,Z01
201100039121,0,32,000,00,2,7,01,A01
201100039122,0,01,000,00,2,1,01,B01
201100039122,0,07,000,00,9,3,15,A01
201100039123,0,07,000,00,2,3,01,B01
201100039123,0,02,000,00,2,1,15,A01
201100039124,0,07,000,00,9,1,02,A01
201100039124,0,07,000,00,2,4,02,C01
201100039124,0,02,000,00,2,4,01,B01
201100039125,1,07,000,00,1,1,01,Z01
201100039126,0,07,000,00,1,1,01,A01
201100039127,0,07,000,00,2,3,16,A01
201100039127,0,01,000,00,2,1,01,B01
201100039128,0,30,000,00,2,1,00,B01
201100039128,0,07,000,00,0,0,01,Z01
201100039129,0,01,000,00,2,1,19,A01
201100039129,0,07,000,00,2,0,01,B01
201100039130,0,07,000,00,2,1,01,A01
201100039130,0,07,000,00,2,4,23,B01
201100039131,0,40,000,00,1,3,01,A01
201100039132,0,30,000,00,0,0,15,A01
201100039133,0,07,000,00,2,4,23,B01
201100039133,0,33,000,00,2,1,01,A01
201100039134,0,07,000,03,0,2,21,A01
201100039135,0,02,000,00,2,7,15,A01
201100039135,0,33,000,00,2,1,01,B01
201100039136,0,37,020,00,1,7,01,A01
201100039137,0,10,000,00,2,8,13,B01
201100039137,0,33,000,00,2,1,17,A01
201100039138,0,32,000,00,2,4,23,B01
201100039138,0,10,000,00,2,1,01,A01
201100039139,0,07,000,00,2,4,24,B01
201100039139,0,10,000,00,2,1,01,A01
201100039140,0,07,000,00,2,1,01,A01
201100039141,0,07,000,00,2,1,01,A01
201100039141,0,01,000,00,2,7,19,B01
201100039142,0,31,000,15,0,1,00,A01
201100039143,0,07,000,00,1,1,01,A01
201100039144,0,07,000,00,2,1,16,B01
201100039144,0,01,000,00,2,1,05,A01
201100039145,0,07,000,00,2,8,02,A01
201100039145,0,02,000,00,2,7,01,B01
201100039146,0,32,000,00,0,0,01,A01
201100039147,1,07,000,00,2,1,01,A01
201100039147,0,07,000,00,2,4,01,B01
201100039147,0,07,000,00,2,4,01,C01
201100039148,0,07,000,00,2,3,01,B01