Num_Acc,senc,catv,occutc,obs,obsm,choc,manv,num_veh
201100039520,0,01,000,00,2,1,01,B01
201100039521,0,07,000,00,1,1,01,A01
201100039522,0,07,000,00,2,2,01,B01
201100039522,0,07,000,00,2,3,01,A01
201100039523,0,07,000,00,2,1,11,A01
201100039523,0,31,000,00,2,1,01,B01
201100039524,0,07,000,00,2,3,01,A01
201100039524,0,02,000,00,2,2,02,B01
201100039525,0,07,000,00,2,7,15,A01
201100039525,0,33,000,00,2,1,01,B01
201100039526,0,07,000,00,1,1,02,A01
201100039527,0,07,000,00,2,1,01,B01
201100039527,0,07,000,00,2,1,01,A01
201100039528,0,37,001,00,1,1,01,A01
201100039529,0,07,000,00,2,1,01,A01
201100039529,0,07,000,00,1,4,23,B01
201100039530,0,07,000,00,1,1,11,A01
201100039531,0,07,000,00,2,6,24,A01
201100039531,0,07,000,01,0,2,01,B01
201100039532,0,07,000,00,2,8,00,B01
201100039532,0,33,000,00,2,1,01,A01
201100039533,0,37,001,00,0,0,24,A01
201100039534,0,33,000,00,2,7,02,A01
201100039534,1,07,000,00,2,6,02,B01
201100039535,0,07,000,00,2,1,00,A01
201100039535,0,33,000,00,2,1,00,B01
201100039536,0,07,000,00,2,2,15,A01
201100039536,0,07,000,00,2,1,01,B01
201100039537,0,07,000,00,2,2,01,A01
201100039538,0,07,000,00,2,1,17,A01
201100039538,0,07,000,00,2,3,01,B01
201100039539,0,01,000,00,2,8,19,B01
201100039539,0,07,000,00,2,1,23,A01
201100039540,0,07,000,00,2,1,02,A01
201100039540,0,07,000,00,2,1,02,B01
201100039540,0,10,000,00,2,3,02,C01
201100039541,0,07,000,00,2,3,00,B01
201100039541,0,34,000,00,2,7,00,A01
201100039542,0,07,000,00,2,4,01,A01
201100039542,0,33,000,00,2,1,02,B01
201100039543,0,07,000,00,2,1,02,A01
201100039543,0,07,000,00,2,4,01,B01
201100039544,0,07,000,06,0,3,01,A01
201100039545,0,02,000,00,2,1,01,B01
201100039545,0,10,000,00,2,4,04,A01
201100039546,0,07,000,00,2,2,09,A01
201100039546,0,02,000,00,2,1,01,B01
201100039547,0,33,000,00,2,9,01,A01
201100039547,0,07,000,00,2,1,01,B01
201100039548,0,07,000,00,2,9,21,A01
201100039549,0,07,000,00,2,3,10,A01
201100039549,0,07,000,00,2,2,04,B01
201100039550,0,01,000,00,2,1,01,A01
201100039550,0,07,000,00,2,6,01,B01
201100039551,0,34,000,13,0,9,01,A01
201100039552,0,07,000,00,2,1,01,A01
201100039552,0,07,000,00,0,2,15,B01
201100039553,0,07,000,00,1,4,04,A01
201100039554,0,07,000,00,2,5,15,A01
201100039554,0,07,000,00,2,1,01,B01
201100039555,0,07,000,06,0,9,01,A01
201100039556,0,01,000,00,2,1,19,A01
201100039556,0,38,001,00,2,7,01,B01
201100039557,0,07,000,00,2,3,15,A01
201100039557,0,07,000,00,2,1,02,B01
201100039558,0,07,000,00,2,1,01,A01
201100039558,0,07,000,00,2,7,15,B01
201100039559,0,07,000,00,2,5,15,B01
201100039559,0,07,000,00,2,1,00,A01
201100039560,0,07,000,00,2,1,13,A01
201100039560,0,07,000,00,2,8,02,B01
201100039561,0,01,000,00,2,1,01,B01
201100039561,0,07,000,00,2,3,15,A01
201100039562,0,10,000,00,2,2,02,A01
201100039562,0,07,000,00,0,4,02,B01
201100039563,0,07,000,00,0,0,02,B01
201100039563,0,07,000,00,1,1,02,A01
201100039564,0,07,000,00,2,8,15,B01
201100039564,1,07,000,00,2,1,17,Z01
201100039565,0,07,000,00,0,2,02,A01
201100039565,0,07,000,00,0,6,02,B01
201100039566,0,33,000,00,2,2,02,B01
201100039566,0,07,000,00,2,3,11,A01
201100039567,0,07,000,00,1,0,01,A01
201100039568,0,07,000,00,2,3,02,A01
201100039568,0,07,000,00,0,5,15,B01
201100039569,0,07,000,00,2,2,01,A01
201100039569,0,07,000,00,0,3,01,B01
201100039570,0,07,000,00,2,2,15,A01
201100039570,0,02,000,00,2,1,01,B01
201100039571,0,30,000,00,2,6,01,B01
201100039571,0,10,000,00,2,3,20,A01
201100039572,0,07,000,00,1,1,02,A01
201100039573,0,07,000,00,2,7,02,B01
201100039573,1,07,000,00,2,1,11,A01
201100039574,0,07,000,00,2,3,01,A01
201100039574,0,07,000,00,2,2,01,B01
201100039575,0,33,000,00,2,2,01,B01
201100039575,0,07,000,00,2,2,15,A01
201100039576,0,07,000,00,2,8,03,B01
201100039576,0,07,000,00,2,2,01,A01
201100039577,0,07,000,09,0,1,01,A01
201100039578,0,07,000,00,2,7,01,B01
201100039578,0,13,000,00,2,1,01,A01
201100039579,0,07,000,00,2,7,10,A01
201100039579,0,33,000,00,2,1,01,B01
201100039580,0,02,000,00,2,3,02,A01
201100039580,0,07,000,00,2,4,02,B01
201100039581,0,07,000,00,1,2,02,A01
201100039582,0,30,000,00,2,1,17,B01
201100039582,0,07,000,00,2,3,15,A01
201100039583,0,07,000,00,2,3,01,B01
201100039583,0,07,000,00,2,2,15,A01
201100039584,0,07,000,00,1,1,01,A01
201100039585,0,07,000,00,2,1,02,A01
201100039585,0,07,000,00,0,4,09,B01
201100039586,0,07,000,00,9,6,01,C01
201100039586,0,33,000,00,9,1,00,B01
201100039586,0,14,000,00,0,0,21,A01
201100039587,0,07,000,00,2,7,15,A01
201100039587,0,30,000,00,2,1,07,B01
201100039588,1,07,000,00,1,7,02,A01
201100039589,0,07,000,00,0,1,02,A01
201100039589,0,07,000,00,0,4,02,B01
201100039590,0,07,000,00,2,1,02,A01
201100039590,0,07,000,00,2,4,02,C01
201100039590,0,07,000,00,2,4,02,B01
201100039591,0,07,000,00,2,1,01,B01
201100039591,0,30,000,00,2,2,05,A01
201100039592,0,07,000,00,2,6,15,B01
201100039592,0,30,000,00,0,1,02,A01
201100039593,1,07,000,00,2,1,01,Z01
201100039593,0,07,000,00,2,4,01,A01
201100039594,0,07,000,00,2,2,15,A01
201100039594,0,31,000,00,2,1,01,B01
201100039595,0,07,000,00,2,1,02,A01
201100039595,0,07,000,00,0,4,02,B01
201100039596,0,07,000,00,1,0,01,A01
201100039597,0,02,000,00,2,1,01,A01
201100039597,0,37,001,00,0,5,01,B01
201100039598,0,07,000,00,1,0,00,A01
201100039599,0,07,000,00,9,8,22,A01
201100039599,0,01,000,01,0,1,01,B01
201100039600,0,02,000,00,0,1,01,B01
201100039600,0,07,000,00,0,3,19,A01
201100039601,0,14,000,00,9,1,15,A01
201100039601,0,07,000,00,0,6,23,B01
201100039601,0,07,000,00,0,4,23,C01
201100039602,0,10,000,00,1,5,15,A01
201100039603,0,33,000,00,2,1,19,A01
201100039603,0,07,000,00,2,1,02,B01
201100039604,0,07,000,00,2,3,15,A01
201100039604,0,32,000,00,2,2,01,B01
201100039605,0,07,000,00,2,6,13,A01
201100039605,0,07,000,00,2,1,01,B01
201100039606,0,07,000,00,9,3,15,A01
201100039606,0,33,000,00,2,7,01,B01
201100039607,0,20,000,12,2,9,01,A01
201100039607,0,07,000,00,2,1,00,B01
201100039608,0,07,000,00,2,2,15,A01
201100039608,0,03,000,00,2,3,02,B01
201100039609,0,07,000,05,2,3,05,A01
201100039609,0,07,000,00,2,8,01,B01
201100039610,0,07,000,00,1,1,00,A01
201100039611,0,07,000,00,1,1,15,A01
201100039612,0,07,000,00,2,1,09,A01
201100039612,0,07,000,00,2,2,02,B01
201100039613,0,07,000,00,1,2,01,A01
201100039614,0,07,000,00,2,2,17,A01
201100039614,0,07,000,00,2,8,11,B01
201100039615,0,07,000,00,2,2,02,A01
201100039615,0,31,000,00,9,3,02,B01
201100039616,0,07,000,00,2,1,02,A01
201100039616,0,07,000,00,2,4,02,B01
201100039616,0,07,000,00,2,4,02,C01
201100039616,0,07,000,00,2,4,02,D01
201100039617,2,03,000,08,0,1,02,A01
201100039618,0,07,000,02,0,2,13,A01
201100039619,0,07,000,00,1,1,00,A01
201100039620,0,07,000,00,2,3,15,B01
201100039620,0,32,000,00,2,2,07,A01
201100039621,0,10,000,00,2,4,02,B01
201100039621,0,07,000,01,0,1,02,A01
201100039622,0,10,000,00,1,8,02,A01
201100039623,0,07,000,00,1,0,17,A01
201100039624,1,07,000,00,2,1,02,Z01
201100039624,0,07,000,00,2,4,01,A01
201100039625,1,30,000,00,1,1,05,A01
201100039626,0,07,000,00,0,0,02,A01
201100039626,0,32,000,00,0,8,02,B01
201100039627,0,07,000,00,0,6,01,B01
201100039627,0,07,000,00,2,2,02,A01
201100039628,0,07,000,00,2,3,15,A01
201100039628,0,33,000,00,2,1,01,B01
201100039629,0,37,002,00,1,0,02,A01
201100039630,0,07,000,00,2,3,00,A01
201100039630,0,30,000,08,2,3,19,B01
201100039631,0,31,000,00,0,0,14,A01
201100039632,0,02,000,00,2,3,10,A01
201100039632,0,07,000,00,2,5,01,B01
201100039633,0,01,000,00,2,0,00,B01
201100039633,0,07,000,00,9,1,01,A01
201100039634,0,07,000,00,2,7,00,B01
201100039634,0,07,000,00,2,1,00,A01
201100039635,0,07,000,01,2,1,01,A01
201100039635,0,07,000,00,2,2,15,B01
201100039636,0,07,000,00,2,4,02,B01
201100039636,0,07,000,00,2,1,02,A01
201100039637,0,34,000,00,2,1,02,B01
201100039637,0,07,000,00,2,8,19,A01
201100039638,0,07,000,00,2,1,02,A01
201100039638,0,07,000,00,2,4,02,B01
201100039639,0,07,000,00,1,1,00,A01
201100039640,0,07,000,00,2,3,01,B01
201100039640,0,07,000,00,2,7,15,A01
201100039641,0,07,000,00,0,3,01,B01
201100039641,0,30,000,00,2,1,01,A01
201100039642,0,30,000,00,2,4,11,A01
201100039642,1,07,000,00,2,0,00,Z01
201100039643,0,07,000,00,2,5,12,A01
201100039643,0,32,000,00,2,3,01,B01
201100039644,0,07,000,00,2,1,01,B01
201100039644,0,07,000,00,2,1,05,A01
201100039645,0,07,000,07,2,2,15,A01
201100039645,0,07,000,00,2,1,02,B01
201100039646,0,30,000,00,2,3,02,A01
201100039646,0,14,000,00,2,5,00,B01
201100039647,0,37,002,00,0,0,01,B01
201100039647,1,07,000,00,0,0,15,A01
201100039648,0,01,000,00,2,8,19,A01
201100039648,0,07,000,00,9,1,02,B01
201100039649,0,30,000,00,2,1,09,B01
201100039649,0,07,000,00,2,2,11,A01
201100039650,0,07,000,00,1,1,01,A01
201100039651,0,07,000,00,2,3,01,A01
201100039651,0,07,000,00,2,3,01,B01
201100039652,0,07,000,00,2,7,01,B01
201100039652,0,07,000,00,2,1,19,A01
201100039653,0,07,000,06,0,1,13,A01
201100039654,0,07,000,00,2,7,15,A01
201100039654,0,03,000,00,2,1,01,B01
201100039655,0,07,000,01,0,2,01,A01
201100039656,0,07,000,09,0,9,01,A01
201100039657,0,07,000,00,0,7,01,A01
201100039657,0,07,000,00,2,1,16,B01
201100039658,0,07,000,00,2,1,02,A01
201100039658,0,07,000,00,2,4,23,B01
201100039658,0,07,000,00,2,4,23,C01
201100039659,0,33,000,00,2,1,01,A01
201100039659,0,07,000,00,2,3,01,B01
201100039660,0,10,000,00,2,1,02,A01
201100039660,0,07,000,00,0,4,23,B01
201100039661,0,07,000,00,1,2,01,A01
201100039662,0,07,000,00,1,1,15,A01
201100039663,0,07,000,00,2,5,19,A01
201100039663,0,33,000,00,2,1,19,B01
201100039664,0,07,000,00,1,1,15,A01
201100039665,0,07,000,00,1,1,02,A01
201100039666,0,07,000,00,2,1,02,A01
201100039666,0,07,000,00,2,4,01,B01
201100039667,1,07,000,00,1,3,07,A01
201100039668,0,07,000,15,0,1,01,A01
201100039669,0,07,000,00,2,2,01,B01
201100039669,0,07,000,00,2,2,15,A01
201100039670,0,30,000,00,1,1,13,A01
201100039671,0,10,000,00,1,2,02,A01
201100039672,0,31,000,00,2,1,02,A01
201100039672,0,07,000,00,2,1,02,B01
201100039673,0,07,000,00,2,1,02,A01
201100039673,0,07,000,00,2,4,01,B01
201100039674,0,10,000,00,2,2,01,A01
201100039674,0,07,000,00,2,3,01,B01
201100039675,0,07,000,00,9,2,14,A01
201100039676,0,07,000,00,2,2,01,A01
201100039676,0,07,000,00,2,4,23,B01
201100039677,0,07,000,00,1,2,01,A01
201100039678,0,07,000,00,2,2,17,A01
201100039678,0,20,000,00,2,8,11,B01
201100039679,0,07,000,00,2,1,01,A01
201100039679,0,07,000,00,0,6,01,B01
201100039680,0,07,000,00,1,1,01,A01
201100039681,0,07,000,00,1,4,04,A01
201100039682,2,07,000,00,1,1,02,Z01
201100039683,0,07,000,00,2,1,15,A01
201100039683,0,03,000,00,2,3,01,B01
201100039684,0,07,000,00,2,1,01,B01
201100039684,0,07,000,00,2,1,01,C01
201100039684,0,07,000,00,2,2,15,A01
201100039685,0,07,000,00,2,3,15,B01
201100039685,0,07,000,00,2,2,01,A01
201100039686,0,15,000,00,1,0,15,A01
201100039687,0,07,000,00,2,2,01,A01
201100039687,0,33,000,00,2,2,01,B01
201100039688,0,02,000,00,2,1,01,A01
201100039688,0,07,000,00,2,1,01,B01
201100039689,0,07,000,00,2,1,15,A01
201100039689,0,07,000,00,2,1,01,B01
201100039690,0,07,000,00,2,1,02,A01
201100039690,0,07,000,00,2,4,23,B01
201100039691,0,07,000,00,2,2,00,A01
201100039691,0,07,000,00,2,1,00,B01
201100039692,0,10,000,08,0,1,06,A01
201100039693,0,10,000,00,2,4,01,B01
201100039693,0,10,000,00,2,1,02,A01
201100039694,0,07,000,00,2,7,24,B01
201100039694,0,07,000,01,0,8,16,A01
201100039695,0,37,001,00,2,4,02,A01
201100039696,0,33,000,00,1,1,01,A01
201100039697,0,07,000,00,1,2,01,A01
201100039698,0,07,000,06,0,9,02,A01
201100039699,0,07,000,00,2,3,09,A01
201100039699,0,07,000,00,2,1,01,B01
201100039700,0,10,000,07,4,8,15,A01
201100039700,0,40,001,00,2,1,01,B01
201100039701,0,33,000,08,0,1,15,A01
201100039702,0,07,000,00,1,1,01,A01
201100039703,0,01,000,00,2,1,13,A01
201100039703,0,07,000,00,2,1,01,B01
201100039704,0,10,000,15,0,1,00,A01
201100039705,0,07,000,00,1,2,00,A01
201100039706,0,10,000,00,2,3,01,B01
201100039706,0,10,000,06,0,7,19,A01
201100039706,0,10,000,00,2,2,01,C01
201100039707,0,07,000,00,1,3,20,A01
201100039708,0,07,000,00,1,1,00,A01
201100039709,0,01,000,00,2,1,13,A01
201100039709,0,07,000,00,2,1,01,B01
201100039710,0,33,000,00,2,1,01,B01
201100039710,0,07,000,00,2,2,09,A01
201100039711,0,07,000,00,2,4,04,A01
201100039711,0,07,000,00,2,1,01,B01
201100039712,0,31,000,00,2,1,03,A01
201100039712,0,10,000,00,2,6,10,B01
201100039713,0,10,000,00,2,2,01,A01
201100039713,0,07,000,00,2,3,01,B01
201100039714,0,01,000,00,2,1,00,A01
201100039714,0,07,000,00,0,4,00,B01
201100039715,0,07,000,00,2,2,01,B01
201100039715,1,07,000,00,2,1,01,Z01
201100039716,0,07,000,08,0,1,02,A01
201100039717,0,01,000,00,2,1,01,A01
201100039717,0,07,000,00,2,3,01,B01
201100039718,0,10,000,00,2,4,00,C01
201100039718,0,07,000,00,2,4,01,B01
201100039718,0,10,000,00,2,1,01,A01
201100039719,0,10,000,00,2,1,15,A01
201100039719,0,07,000,00,0,1,01,B01
201100039720,0,07,000,00,0,0,01,A01
201100039720,0,33,000,00,0,0,00,B01
201100039721,0,07,000,00,2,1,02,A01
201100039721,0,07,000,00,2,4,01,B01
201100039722,0,07,000,00,9,0,02,A01
201100039723,0,07,000,00,2,1,01,B01
201100039723,0,07,000,16,2,1,13,A01
201100039724,0,07,000,00,2,3,00,A01
201100039724,0,01,000,00,2,1,00,B01
201100039725,0,33,000,00,2,1,00,B01
201100039725,0,07,000,00,2,2,00,A01
201100039726,0,07,000,00,1,1,01,A01
201100039727,0,07,000,00,1,1,02,A01
201100039728,0,07,000,00,2,2,01,A01
201100039728,0,07,000,08,2,1,01,B01
201100039729,0,07,000,00,2,4,00,B01
201100039729,1,33,000,00,2,1,00,Z01
201100039730,0,07,000,00,2,3,18,A01
201100039730,0,07,000,00,2,5,12,B01
201100039730,0,07,000,00,2,9,00,C01
201100039731,0,07,000,00,2,2,02,C01
201100039731,0,07,000,00,0,0,02,A01
201100039731,0,07,000,00,2,4,02,B01
201100039732,0,10,000,12,2,3,02,A01
201100039732,0,10,000,07,2,8,02,B01
201100039733,0,30,000,00,2,1,17,A01
201100039733,0,07,000,00,2,6,16,B01
201100039734,0,07,000,00,1,5,01,A01
201100039735,0,07,000,00,2,3,01,A01
201100039735,0,07,000,00,2,3,01,B01
201100039736,0,10,000,00,2,3,15,A01
201100039736,0,10,000,00,2,1,01,B01
201100039737,0,30,000,00,2,7,17,A01
201100039737,0,07,000,00,2,3,15,B01
201100039738,0,30,000,07,0,1,13,A01
201100039739,0,07,000,00,0,9,00,A01
201100039740,0,10,000,04,2,6,01,B01
201100039740,0,10,000,00,2,1,00,A01
201100039741,0,33,000,00,2,8,18,B01
201100039741,0,07,000,00,2,6,09,A01
201100039742,0,07,000,00,2,1,01,A01
201100039742,0,07,000,00,2,4,01,B01
201100039743,1,07,000,00,2,3,16,A01
201100039743,0,31,000,00,2,2,01,B01
201100039744,0,10,000,00,2,1,02,B01
201100039744,0,10,000,00,2,4,23,A01
201100039745,0,07,000,00,2,9,01,B01
201100039745,0,07,000,00,2,1,01,A01
201100039746,0,07,000,00,1,1,01,A01
201100039747,0,07,000,00,9,2,15,A01
201100039747,0,32,000,00,2,1,01,B01
201100039748,0,10,000,00,1,3,01,A01
201100039749,0,07,000,00,2,4,23,B01
201100039749,0,07,000,00,2,1,01,A01
201100039750,0,10,000,00,1,7,01,A01
201100039751,0,07,000,07,0,1,02,A01
201100039752,0,10,000,06,0,1,01,A01
201100039753,0,07,000,00,2,3,01,A01
201100039753,0,33,000,00,2,1,01,B01
201100039754,0,07,000,00,2,7,15,A01
201100039754,0,07,000,00,2,2,01,B01
201100039755,0,07,000,00,2,1,02,A01
201100039755,0,07,000,00,2,4,02,B01
201100039756,0,10,000,00,1,2,01,A01
201100039757,0,07,000,00,2,4,01,B01
201100039757,0,07,000,00,2,1,01,A01
201100039758,0,07,000,00,2,2,15,A01
201100039758,0,31,000,00,2,3,14,B01
201100039759,0,07,000,00,2,3,00,A01
201100039759,0,02,000,00,2,3,01,B01
201100039760,0,01,000,00,2,1,01,B01
201100039760,1,10,000,00,9,1,01,Z01
201100039761,0,07,000,00,2,6,04,A01
201100039761,0,07,000,00,2,1,01,B01
201100039762,0,07,000,00,2,1,01,A01
201100039762,0,07,000,00,2,4,01,B01
201100039762,0,07,000,00,2,4,01,C01
201100039763,0,07,000,00,1,3,01,A01
201100039764,0,40,001,00,1,1,01,A01
201100039765,0,07,000,00,2,3,15,A01
201100039765,0,07,000,00,2,3,01,B01
201100039766,0,30,000,00,2,8,18,A01
201100039766,0,07,000,00,2,2,16,B01
201100039767,0,07,000,00,2,1,01,B01
201100039767,0,07,000,00,2,1,15,A01
201100039768,0,10,000,00,2,1,01,A01
201100039768,0,10,000,00,2,7,15,B01
201100039769,0,07,000,00,1,3,01,A01
201100039770,0,30,000,00,2,1,17,A01
201100039770,0,07,000,00,2,4,01,B01
201100039771,0,07,000,00,1,1,01,A01
201100039772,0,10,000,00,2,3,01,B01
201100039772,0,10,000,00,2,1,15,A01
201100039773,0,30,000,16,0,7,01,A01
201100039774,0,10,000,00,2,2,15,A01
201100039774,0,07,000,00,2,8,01,B01
201100039775,0,07,000,00,2,1,23,C01
201100039775,0,07,000,00,2,2,02,A01
201100039775,0,07,000,00,2,9,15,B01
201100039776,0,10,000,00,1,1,01,A01
201100039777,0,07,000,00,1,1,01,A01
201100039778,0,07,000,00,1,1,01,A01
201100039779,0,07,000,00,9,4,02,A01
201100039780,0,10,000,01,2,7,01,B01
201100039780,0,10,000,00,0,6,24,C01
201100039780,0,10,000,00,2,1,01,A01
201100039781,0,10,000,06,0,3,01,A01
201100039782,0,07,000,00,1,2,01,A01
201100039783,0,10,000,00,2,3,13,A01
201100039783,0,10,000,00,2,3,01,B01
201100039784,0,07,000,00,2,1,01,B01
201100039784,0,07,000,00,2,7,15,A01
201100039785,0,07,000,00,2,2,01,A01
201100039785,0,07,000,00,2,3,15,B01
201100039786,0,07,000,00,2,3,16,B01
201100039786,0,07,000,00,2,2,01,A01
201100039787,0,30,000,11,2,1,17,A01
201100039787,0,07,000,00,2,1,01,B01
201100039788,0,07,000,02,0,2,15,A01
201100039789,0,10,000,00,2,2,15,B01
201100039789,0,32,000,00,2,7,01,A01
201100039790,0,07,000,00,2,5,01,A01
201100039790,0,07,000,00,2,3,01,B01
201100039791,0,07,000,00,2,8,00,B01
201100039791,0,07,000,00,2,2,01,A01
201100039792,0,07,000,00,1,2,01,A01
201100039793,0,07,000,00,2,3,16,A01
201100039793,0,32,000,00,2,1,15,B01
201100039794,0,07,000,00,2,1,15,A01
201100039794,0,07,000,00,2,1,01,B01
201100039795,0,07,000,00,2,1,01,A01
201100039795,0,07,000,00,2,8,15,B01
201100039796,0,07,000,00,2,3,01,A01
201100039796,0,07,000,00,2,3,15,B01
201100039797,0,07,000,00,2,3,01,A01
201100039797,0,07,000,00,2,3,15,B01
201100039798,0,30,000,00,2,1,01,A01
201100039798,0,07,000,00,2,4,02,B01
201100039799,0,07,000,15,0,3,01,A01
201100039800,0,07,000,00,2,4,00,B01
201100039800,0,07,000,00,2,1,02,A01
201100039801,0,01,000,00,2,1,21,B01
201100039801,0,07,000,00,9,3,16,A01
201100039802,0,10,000,00,2,1,02,B01
201100039802,0,07,000,00,2,4,23,A01
201100039803,0,38,001,00,1,7,16,B01
201100039804,0,33,000,00,2,1,00,A01
201100039804,0,15,000,00,0,0,11,B01
201100039805,0,07,000,00,1,3,01,A01
201100039806,0,31,000,00,2,7,02,A01
201100039806,1,10,000,00,2,8,02,B01
201100039807,0,07,000,00,1,4,04,A01
201100039808,0,07,000,00,2,1,01,B01
201100039808,0,07,000,04,2,1,05,A01
201100039809,0,03,000,01,0,2,02,A01
201100039810,0,07,000,00,1,2,02,A01
201100039811,0,07,000,00,1,3,01,A01
201100039812,0,07,000,00,1,1,02,A01
201100039813,0,99,000,00,0,3,11,A01
201100039813,0,01,000,00,9,7,15,B01
201100039814,0,07,000,00,1,7,01,A01
201100039815,0,02,000,00,2,3,01,A01
201100039815,0,07,000,00,0,6,15,B01
201100039816,0,07,000,01,0,1,00,A01
201100039816,0,01,000,00,2,8,00,B01
201100039817,0,01,000,02,2,3,18,A01
201100039817,0,07,000,00,9,2,02,B01
201100039818,0,07,000,00,1,1,02,A01
201100039819,0,37,001,00,1,3,00,A01
201100039820,0,07,000,00,2,5,01,B01
201100039820,0,07,000,00,2,3,16,A01
201100039821,0,07,000,00,1,2,02,A01
201100039822,1,07,000,00,9,7,21,A01
201100039822,0,02,000,00,2,8,11,B01
201100039822,0,15,000,00,0,8,01,C01
201100039823,0,07,000,00,2,3,15,A01
201100039823,0,02,000,00,2,1,00,B01
201100039824,0,07,000,00,0,8,01,A01
201100039824,2,30,000,00,2,1,01,B01
201100039825,0,31,000,00,2,1,02,A01
201100039825,0,07,000,00,0,4,23,B01
201100039826,0,07,000,00,1,1,01,A01
201100039827,0,07,000,00,1,5,15,A01
201100039828,0,07,000,00,1,2,00,A01
201100039829,0,07,000,00,1,1,15,A01
201100039830,1,07,000,00,1,1,15,Z01
201100039831,0,34,000,06,0,1,00,A01
201100039832,0,07,000,00,1,2,01,A01
201100039833,0,02,000,00,2,5,01,A01
201100039833,1,07,000,00,2,3,10,Z01
201100039834,0,07,000,00,2,1,02,A01
201100039834,0,07,000,00,0,4,23,B01
201100039835,0,07,000,00,2,6,12,A01
201100039835,0,02,000,00,2,3,01,B01
201100039836,0,07,000,00,2,8,23,B01
201100039836,0,07,000,00,2,1,01,A01
201100039837,0,30,000,00,2,0,01,B01
201100039837,0,07,000,00,2,0,09,A01
201100039838,0,33,000,00,2,1,01,B01
201100039838,1,07,000,00,2,1,15,Z01
201100039838,0,07,000,00,2,5,01,C01
201100039839,0,07,000,00,2,3,10,A01
201100039839,0,33,000,00,2,1,01,B01
201100039840,0,07,000,00,2,6,16,A01
201100039840,0,33,000,00,2,1,01,B01
201100039841,0,07,000,00,1,1,01,A01
201100039842,0,02,000,00,2,1,01,B01
201100039842,0,07,000,00,2,3,00,A01
201100039843,0,30,000,00,2,1,05,A01
201100039843,0,07,000,00,2,1,01,B01
201100039844,0,07,000,00,2,1,15,A01
201100039844,0,02,000,00,2,1,01,B01
201100039845,0,07,000,00,1,2,01,A01
201100039846,0,33,000,00,0,4,01,B01
201100039847,0,40,001,00,1,2,01,B01
201100039848,0,32,000,00,2,1,01,B01
201100039848,0,07,000,00,2,4,01,A01
201100039849,0,07,000,00,0,4,23,B01
201100039849,0,07,000,00,2,1,02,A01
201100039850,0,07,000,00,1,1,01,A01
201100039851,0,07,000,00,1,1,10,A01
201100039852,0,07,000,00,1,7,01,A01
201100039853,1,07,000,00,1,1,01,Z01
201100039854,0,33,000,00,2,3,02,A01
201100039854,0,07,000,00,2,5,02,B01
201100039855,0,07,000,00,2,1,15,A01
201100039855,0,32,000,00,2,1,01,B01
201100039856,0,07,000,00,1,1,11,A01
201100039857,1,07,000,00,2,3,13,A01
201100039857,0,32,000,00,2,7,01,B01
201100039858,0,01,000,00,2,1,05,B01
201100039858,0,07,000,00,2,1,01,A01
201100039859,0,07,000,00,2,4,01,B01
201100039859,0,33,000,00,2,1,01,A01
201100039860,0,07,000,00,2,7,15,A01
201100039860,0,33,000,00,2,9,01,B01
201100039861,0,07,000,00,1,4,04,A01
201100039862,0,07,000,00,2,2,15,A01
201100039862,0,33,000,00,2,1,01,B01
201100039863,0,07,000,01,2,1,02,A01
201100039863,0,07,000,00,0,0,02,C01
201100039863,0,07,000,00,0,0,24,B01
201100039864,0,02,000,11,0,3,01,A01
201100039865,0,07,000,01,0,3,22,A01
201100039865,0,01,000,00,0,0,01,B01
201100039866,0,07,000,00,2,8,16,A01
201100039866,0,32,000,00,2,1,01,B01
201100039867,0,07,000,00,1,1,01,A01
201100039868,0,07,000,00,2,7,02,B01
201100039868,0,07,000,07,2,3,13,A01
201100039869,0,07,000,00,2,1,01,B01
201100039869,0,07,000,00,2,3,01,A01
201100039870,0,01,000,00,2,1,01,C01
201100039870,0,07,000,00,2,5,01,A01
201100039870,0,07,000,00,2,3,01,B01
201100039871,0,07,000,00,2,7,15,A01
201100039871,0,33,000,00,2,2,01,B01
201100039872,0,33,000,00,2,1,01,B01
201100039872,0,07,000,00,2,3,15,A01
201100039873,0,30,000,00,2,1,01,B01
201100039873,0,07,000,00,2,1,01,A01
201100039874,0,02,000,00,2,3,01,A01
201100039874,0,07,000,00,2,1,15,B01
201100039875,0,07,000,12,1,3,01,A01
201100039876,0,07,000,00,2,8,10,A01
201100039876,0,02,000,00,2,2,02,B01
201100039877,0,07,000,00,1,8,15,A01
201100039878,0,33,000,00,1,4,17,A01
201100039879,0,34,000,08,0,8,18,A01
201100039880,0,33,000,00,2,1,15,A01
201100039880,0,07,000,00,2,6,01,C01
201100039880,0,07,000,00,2,1,01,D01
201100039880,0,07,000,00,2,3,00,B01
201100039881,0,07,000,00,1,2,01,A01
201100039882,0,07,000,00,2,7,01,B01
201100039882,0,07,000,00,2,1,01,A01
201100039883,0,07,000,00,1,1,01,A01
201100039884,0,02,000,00,2,8,18,A01
201100039884,0,37,001,00,2,7,16,B01
201100039885,0,07,000,00,2,2,01,A01
201100039885,0,30,000,00,2,8,01,B01
201100039886,0,07,000,00,2,1,01,A01
201100039886,0,30,000,08,0,1,21,B01
201100039887,1,07,000,00,1,2,01,Z01
201100039888,0,30,000,00,2,1,02,A01