Num_Acc,senc,catv,occutc,obs,obsm,choc,manv,num_veh
201100039888,0,30,000,00,0,1,13,B01
201100039889,1,07,000,00,2,2,09,A01
201100039889,0,07,000,05,2,8,01,B01
201100039890,0,07,000,00,1,1,01,A01
201100039891,0,07,000,00,1,4,04,A01
201100039892,0,30,000,01,0,7,12,A01
201100039893,0,07,000,00,1,8,18,A01
201100039894,0,33,000,00,1,2,01,A01
201100039895,0,07,000,00,0,3,19,A01
201100039895,0,33,000,00,0,2,01,B01
201100039896,0,07,000,00,2,6,23,A01
201100039896,0,07,000,00,2,2,00,B01
201100039897,1,07,000,00,1,1,02,A01
201100039898,0,07,000,00,1,1,16,A01
201100039899,0,37,001,00,1,7,16,A01
201100039900,0,07,000,00,1,2,01,A01
201100039901,0,07,000,00,1,1,01,A01
201100039902,0,07,000,01,2,3,13,A01
201100039902,0,07,000,00,2,2,17,B01
201100039903,0,07,000,00,1,3,01,A01
201100039904,0,07,000,00,2,4,15,B01
201100039904,0,07,000,00,2,1,01,A01
201100039905,0,07,000,00,1,1,01,A01
201100039906,1,07,000,01,0,2,01,A01
201100039907,1,07,000,00,0,0,00,Z01
201100039907,0,30,000,00,2,2,00,A01
201100039908,0,07,000,00,2,3,01,B01
201100039908,0,07,000,00,2,2,15,A01
201100039909,0,07,000,00,1,1,01,A01
201100039910,0,31,000,00,2,1,01,B01
201100039910,1,07,000,00,2,6,19,A01
201100039911,0,07,000,00,0,0,01,A01
201100039911,1,07,000,00,0,0,00,Z01
201100039912,0,07,000,00,2,2,15,A01
201100039912,0,07,000,00,2,1,01,B01
201100039913,0,07,000,00,2,8,13,B01
201100039913,0,30,000,00,2,1,02,A01
201100039914,0,07,000,15,0,1,20,A01
201100039915,0,07,000,00,2,2,17,C01
201100039915,0,07,000,00,2,1,09,A01
201100039915,0,07,000,00,0,4,01,B01
201100039916,0,07,000,00,2,3,13,B01
201100039916,0,07,000,00,2,1,13,A01
201100039917,0,30,000,00,2,1,01,A01
201100039917,0,99,000,00,9,3,01,B01
201100039918,0,07,000,00,1,2,01,A01
201100039919,0,07,000,00,2,7,02,B01
201100039919,0,07,000,00,2,3,02,A01
201100039920,0,30,000,00,2,7,16,B01
201100039920,0,07,000,00,0,3,16,A01
201100039921,0,07,000,00,1,1,01,A01
201100039922,0,07,000,00,2,1,02,A01
201100039922,0,07,000,00,0,4,02,B01
201100039923,0,07,000,00,2,1,00,A01
201100039923,0,07,000,00,2,1,00,B01
201100039924,0,32,000,01,2,1,21,A01
201100039925,0,07,000,00,2,1,00,A01
201100039925,0,07,000,00,2,1,01,B01
201100039925,0,07,000,00,2,8,01,C01
201100039925,0,07,000,00,2,1,01,D01
201100039925,0,07,000,00,2,3,01,E01
201100039926,0,13,000,00,9,7,17,A01
201100039926,0,01,000,00,2,8,02,B01
201100039927,0,07,000,00,2,8,10,A01
201100039927,0,02,000,00,2,1,01,B01
201100039928,0,07,000,00,1,6,02,A01
201100039929,0,07,000,01,0,2,00,A01
201100039930,0,40,001,00,1,3,01,B01
201100039931,0,07,000,02,0,2,02,A01
201100039932,0,07,000,00,9,3,16,A01
201100039932,0,30,000,00,2,1,02,B01
201100039933,0,07,000,00,1,8,04,A01
201100039934,0,30,000,00,1,7,02,A01
201100039935,0,07,000,00,2,1,05,A01
201100039935,0,07,000,00,2,1,02,B01
201100039936,0,10,000,00,2,2,15,A01
201100039936,0,07,000,00,2,1,00,B01
201100039937,0,07,000,00,1,3,01,A01
201100039938,0,07,000,12,2,5,12,B01
201100039938,2,07,000,00,2,1,09,Z01
201100039939,0,40,020,00,1,1,01,A01
201100039940,0,07,000,02,0,1,21,B01
201100039941,0,07,000,00,2,6,23,B01
201100039941,0,07,000,00,2,2,21,A01
201100039942,0,30,000,00,2,1,05,A01
201100039942,0,37,001,00,2,2,01,B01
201100039943,0,07,000,16,0,9,09,A01
201100039944,0,07,000,00,9,6,15,A01
201100039944,0,33,000,00,2,1,01,B01
201100039945,0,07,000,02,0,2,14,A01
201100039945,1,99,000,00,0,0,00,Z01
201100039946,0,07,000,00,1,2,01,A01
201100039947,0,07,000,00,0,1,01,A01
201100039947,0,01,000,00,2,0,15,B01
201100039948,0,07,000,00,2,1,01,A01
201100039948,0,30,000,00,2,9,15,B01
201100039949,0,37,015,00,1,1,01,A01
201100039950,0,07,000,00,2,7,01,B01
201100039950,0,07,000,01,2,1,01,A01
201100039951,0,07,000,00,2,2,01,B01
201100039951,0,07,000,00,2,1,15,A01
201100039952,0,07,000,00,2,1,01,A01
201100039952,0,07,000,08,2,5,15,B01
201100039953,0,07,000,00,1,3,01,A01
201100039954,0,31,000,00,2,1,02,A01
201100039954,0,07,000,00,2,6,15,B01
201100039955,0,07,000,00,2,1,01,B01
201100039955,0,07,000,00,2,2,01,A01
201100039956,0,17,000,00,2,2,16,A01
201100039956,0,07,000,00,2,3,01,B01
201100039957,0,07,000,08,0,1,01,A01
201100039958,0,01,000,00,2,0,01,B01
201100039958,0,07,000,00,2,0,16,A01
201100039959,0,07,000,00,2,8,01,B01
201100039959,0,07,000,00,2,1,15,A01
201100039960,0,10,000,00,2,2,01,B01
201100039960,0,07,000,00,2,1,10,A01
201100039961,0,10,000,00,2,0,12,A01
201100039961,0,02,000,00,2,8,01,B01
201100039962,0,33,000,00,2,2,01,B01
201100039962,0,07,000,00,2,1,15,A01
201100039963,0,30,000,00,2,8,15,B01
201100039963,0,10,000,00,2,2,15,A01
201100039964,0,07,000,00,1,3,01,A01
201100039965,0,31,000,00,2,1,02,A01
201100039965,0,07,000,00,2,6,23,B01
201100039966,0,33,000,00,2,1,01,B01
201100039966,0,07,000,00,2,1,15,A01
201100039967,0,07,000,00,2,3,15,B01
201100039967,0,07,000,00,2,1,01,A01
201100039968,0,07,000,00,2,6,16,B01
201100039968,0,07,000,00,2,1,15,A01
201100039969,0,07,000,00,2,8,01,B01
201100039969,0,07,000,00,2,1,01,A01
201100039970,0,07,000,00,1,2,01,A01
201100039971,0,30,000,12,0,0,17,A01
201100039972,0,07,000,00,2,4,23,B01
201100039972,0,07,000,00,2,1,01,A01
201100039973,0,07,000,00,2,2,01,A01
201100039973,0,30,000,00,2,1,16,B01
201100039974,0,07,000,00,2,2,15,B01
201100039974,0,31,000,00,2,1,13,A01
201100039975,0,33,000,14,0,1,01,C01
201100039975,0,07,000,00,0,4,23,B01
201100039975,0,07,000,14,0,4,01,A01
201100039975,0,07,000,00,2,3,01,D01
201100039976,0,07,000,15,2,3,16,A01
201100039976,0,17,000,00,2,7,01,B01
201100039977,0,07,000,00,2,0,01,A01
201100039977,0,01,000,00,2,0,19,B01
201100039978,0,07,000,00,2,7,03,A01
201100039978,0,07,000,00,2,3,01,B01
201100039979,0,02,000,00,2,8,15,B01
201100039979,0,07,000,00,2,0,15,A01
201100039980,0,07,000,00,1,3,16,A01
201100039981,0,07,000,07,0,1,01,A01
201100039982,0,07,000,08,0,1,01,A01
201100039983,0,07,000,00,2,7,15,B01
201100039983,0,07,000,00,2,3,15,A01
201100039984,0,07,000,00,2,1,01,A01
201100039984,0,07,000,01,2,6,20,B01
201100039985,0,07,000,06,0,1,01,A01
201100039986,0,07,000,00,2,7,01,A01
201100039986,0,07,000,00,2,1,01,B01
201100039987,0,07,000,06,0,1,13,A01
201100039988,0,33,000,00,2,1,01,B01
201100039988,0,07,000,00,2,2,10,A01
201100039989,0,07,000,15,2,0,01,B01
201100039989,0,07,000,12,2,0,01,A01
201100039990,0,07,000,00,0,4,23,B01
201100039990,0,07,000,00,2,1,02,A01
201100039991,0,07,000,00,2,8,01,B01
201100039991,0,32,000,00,2,1,00,A01
201100039992,0,07,000,00,2,1,01,B01
201100039992,0,10,000,00,2,7,15,A01
201100039993,0,07,000,00,1,1,16,A01
201100039994,0,07,000,00,1,0,16,A01
201100039995,0,33,000,00,2,1,01,B01
201100039995,0,07,000,00,2,6,10,A01
201100039996,0,30,000,00,2,1,18,A01
201100039996,0,07,000,00,2,2,15,B01
201100039997,0,07,000,00,2,8,11,B01
201100039997,0,31,000,14,2,2,11,A01
201100039998,0,33,000,00,1,8,17,A01
201100039999,0,07,000,00,0,9,01,A01
201100040000,0,33,000,00,2,2,16,A01
201100040000,0,07,000,00,2,6,01,B01
201100040001,0,07,000,00,2,3,01,A01
201100040001,0,07,000,00,2,3,16,C01
201100040001,0,07,000,00,2,6,01,B01
201100040002,0,07,000,08,0,1,01,A01
201100040003,0,07,000,00,2,1,01,A01
201100040003,0,07,000,15,2,7,01,B01
201100040004,0,07,000,00,2,1,01,A01
201100040004,0,37,020,00,2,3,23,C01
201100040004,0,10,000,00,2,8,15,B01
201100040005,0,31,000,08,2,3,18,A01
201100040005,0,07,000,00,2,7,16,B01
201100040006,0,02,000,00,2,1,01,B01
201100040006,0,07,000,00,2,8,15,A01
201100040007,0,07,000,00,2,1,01,B01
201100040007,0,10,000,00,2,1,15,A01
201100040008,0,07,000,00,2,3,15,B01
201100040008,0,02,000,00,2,2,01,A01
201100040009,0,07,000,00,2,3,01,B01
201100040009,0,07,000,00,2,2,15,A01
201100040010,0,07,000,01,0,2,14,A01
201100040011,0,07,000,00,2,2,10,A01
201100040011,0,07,000,00,2,3,01,B01
201100040012,0,01,000,00,2,8,13,A01
201100040012,0,07,000,00,2,2,01,B01
201100040013,0,10,000,00,2,1,02,A01
201100040013,0,07,000,00,2,4,02,B01
201100040013,0,07,000,00,0,4,02,C01
201100040014,0,07,000,00,2,4,23,A01
201100040014,1,07,000,00,2,1,02,Z01
201100040015,0,07,000,02,0,2,01,A01
201100040016,0,07,000,00,1,2,01,A01
201100040017,0,07,000,00,2,1,05,A01
201100040017,0,07,000,00,2,1,01,B01
201100040018,0,01,000,00,2,3,01,B01
201100040018,0,07,000,00,2,2,15,A01
201100040019,0,30,000,00,0,7,15,A01
201100040020,0,03,000,12,0,3,13,A01
201100040021,0,01,000,00,2,8,01,A01
201100040021,0,07,000,00,2,2,16,B01
201100040022,0,07,000,01,1,0,04,A01
201100040022,0,07,000,00,2,2,24,B01
201100040023,0,07,000,00,2,1,01,A01
201100040023,0,07,000,00,2,3,15,B01
201100040024,0,07,000,00,1,2,01,A01
201100040025,0,07,000,00,2,1,02,A01
201100040025,0,07,000,00,2,4,02,B01
201100040025,0,07,000,00,2,4,01,C01
201100040026,0,07,000,00,1,7,01,A01
201100040027,0,07,000,00,2,6,01,B01
201100040027,0,07,000,00,2,2,01,A01
201100040028,0,07,000,00,4,1,01,A01
201100040028,0,40,001,00,2,7,01,B01
201100040029,0,07,000,00,2,1,01,A01
201100040029,0,15,000,00,2,2,01,B01
201100040030,0,01,000,00,2,5,00,B01
201100040030,0,07,000,00,2,1,09,A01
201100040031,0,07,000,00,2,8,15,A01
201100040031,0,37,001,07,2,1,07,B01
201100040032,0,07,000,00,2,1,01,A01
201100040032,0,14,000,00,2,4,23,B01
201100040033,0,07,000,00,9,3,01,A01
201100040033,0,02,000,00,2,7,01,B01
201100040034,0,07,000,00,1,2,01,A01
201100040035,0,07,000,00,2,2,01,B01
201100040035,0,01,000,00,2,1,19,A01
201100040036,0,07,000,00,2,1,05,A01
201100040036,0,07,000,00,2,1,01,B01
201100040037,0,07,000,00,0,4,02,B01
201100040037,0,07,000,00,2,1,02,A01
201100040038,0,07,000,00,1,1,00,A01
201100040039,0,07,000,00,1,3,01,A01
201100040040,0,01,000,00,0,7,15,B01
201100040040,0,07,000,00,2,1,09,A01
201100040041,0,30,000,00,2,1,01,B01
201100040041,0,07,000,00,0,3,15,A01
201100040042,0,07,000,00,1,2,01,A01
201100040043,0,07,000,00,1,2,01,A01
201100040044,0,07,000,06,0,3,13,A01
201100040045,0,07,000,00,2,2,09,A01
201100040045,0,07,000,00,2,3,09,B01
201100040046,0,30,000,00,0,1,01,A01
201100040047,0,07,000,00,2,2,15,A01
201100040047,0,02,000,00,2,1,01,B01
201100040048,0,07,000,00,1,3,01,A01
201100040049,0,07,000,15,2,2,01,B01
201100040049,0,07,000,00,2,2,15,A01
201100040050,0,30,000,00,2,1,18,B01
201100040050,0,07,000,00,2,2,15,A01
201100040051,0,15,000,00,1,3,21,A01
201100040052,0,33,000,00,2,8,01,B01
201100040052,0,07,000,00,2,6,09,A01
201100040053,0,07,000,00,2,3,09,A01
201100040053,0,30,000,00,2,4,01,B01
201100040054,0,07,000,00,2,3,09,A01
201100040054,0,01,000,00,2,7,01,B01
201100040055,0,07,000,00,2,4,02,B01
201100040055,0,07,000,00,2,4,02,D01
201100040055,0,15,000,00,2,1,01,A01
201100040055,0,07,000,00,2,4,02,C01
201100040056,0,31,000,00,2,5,16,B01
201100040056,0,07,000,00,2,2,09,A01
201100040057,0,07,000,00,1,1,01,A01
201100040058,0,01,000,00,2,1,09,B01
201100040058,0,07,000,00,2,3,01,A01
201100040059,0,07,000,00,2,3,09,A01
201100040059,0,01,000,00,2,1,01,B01
201100040060,0,07,000,00,2,1,13,A01
201100040060,0,07,000,00,2,1,01,B01
201100040061,0,07,000,00,0,4,02,B01
201100040061,0,33,000,00,2,1,02,A01
201100040062,0,07,000,00,1,1,01,A01
201100040063,0,07,000,00,2,1,15,A01
201100040063,0,07,000,00,2,1,01,B01
201100040064,0,01,000,00,2,6,15,B01
201100040064,0,07,000,00,2,3,09,A01
201100040065,0,07,000,00,2,1,01,B01
201100040065,0,07,000,00,2,1,06,A01
201100040066,1,07,000,00,1,1,16,Z01
201100040067,0,07,000,00,2,2,15,A01
201100040067,0,01,000,00,0,2,01,B01
201100040068,0,03,000,15,0,2,01,A01
201100040069,0,07,000,00,2,3,09,A01
201100040069,0,02,000,00,2,1,01,B01
201100040070,0,07,000,00,2,5,05,A01
201100040070,0,07,000,00,2,1,01,B01
201100040071,0,07,000,00,1,7,01,A01
201100040072,0,07,000,00,2,1,15,A01
201100040072,0,30,000,00,2,3,01,B01
201100040073,0,20,000,00,2,4,23,B01
201100040073,0,07,000,00,2,1,02,A01
201100040074,0,07,000,00,1,1,01,A01
201100040075,0,07,000,00,1,2,15,A01
201100040076,0,02,000,00,2,3,01,B01
201100040076,0,07,000,00,2,1,15,A01
201100040077,0,07,000,00,9,2,15,A01
201100040077,0,30,000,00,2,8,01,B01
201100040078,0,20,000,00,1,1,01,A01
201100040079,0,07,000,00,2,1,01,B01
201100040079,0,07,000,00,2,8,09,A01
201100040080,0,33,000,07,2,1,13,A01
201100040080,0,07,000,00,2,1,01,B01
201100040081,0,07,000,00,2,8,09,A01
201100040081,0,02,000,00,2,1,00,B01
201100040082,0,31,000,00,0,2,01,B01
201100040082,0,07,000,00,2,8,15,A01
201100040083,0,07,000,00,2,1,01,B01
201100040083,0,30,000,00,2,1,01,A01
201100040084,0,10,000,00,1,1,01,A01
201100040085,0,33,000,00,2,1,01,B01
201100040085,0,07,000,00,2,8,15,A01
201100040086,0,02,000,00,0,0,01,A01
201100040087,0,30,000,00,2,2,01,B01
201100040087,0,07,000,00,2,5,15,A01
201100040088,0,07,000,00,2,2,01,B01
201100040088,0,07,000,00,2,3,09,A01
201100040089,0,33,000,08,0,1,00,A01
201100040090,0,07,000,00,2,2,01,A01
201100040090,0,01,000,00,2,1,01,B01
201100040091,0,31,000,14,0,1,02,A01
201100040091,0,02,000,14,0,4,02,B01
201100040092,0,07,000,00,2,0,00,A01
201100040092,0,33,000,00,2,1,01,B01
201100040093,0,13,000,00,0,0,00,A01
201100040094,0,07,000,14,0,4,02,B01
201100040094,0,30,000,14,0,4,02,A01
201100040095,0,33,000,00,2,1,01,B01
201100040095,0,07,000,00,2,2,10,A01
201100040096,0,02,000,00,2,1,01,B01
201100040096,0,07,000,00,2,2,15,A01
201100040097,0,07,000,00,2,2,01,A01
201100040097,0,01,000,00,2,4,01,B01
201100040098,0,17,000,03,2,8,01,B01
201100040098,0,07,000,03,2,3,05,A01
201100040098,0,07,000,00,9,0,21,F02
201100040098,0,07,000,00,9,8,01,D01
201100040098,0,07,000,00,2,1,01,C01
201100040098,0,07,000,00,9,8,01,E01
201100040099,0,31,000,00,1,1,17,A01
201100040100,0,07,000,06,0,1,01,A01
201100040101,0,37,001,00,2,1,01,B01
201100040101,0,07,000,12,2,1,05,A01
201100040102,0,07,000,00,2,3,01,B01
201100040102,0,02,000,00,2,1,19,A01
201100040103,0,07,000,00,9,2,01,A01
201100040103,0,30,000,00,2,8,09,B01
201100040104,0,07,000,00,1,1,01,A01
201100040105,0,07,000,00,1,3,01,A01
201100040106,0,07,000,00,2,7,01,A01
201100040106,0,07,000,00,2,1,01,B01
201100040107,0,07,000,00,1,4,04,A01
201100040108,1,15,000,00,1,0,00,Z01
201100040109,0,07,000,14,0,1,02,A01
201100040109,0,07,000,14,0,1,02,B01
201100040109,0,07,000,00,0,4,02,C01
201100040110,0,07,000,00,2,1,01,B01
201100040110,0,31,000,00,2,1,01,A01
201100040111,0,07,000,00,2,1,01,B01
201100040111,0,07,000,08,2,7,19,A01
201100040112,0,07,000,00,1,0,02,A01
201100040113,0,30,000,00,2,1,05,A01
201100040113,0,07,000,00,2,1,01,B01
201100040114,0,37,001,00,2,3,14,B01
201100040114,0,33,000,00,2,1,13,A01
201100040115,0,07,000,00,2,1,01,B01
201100040115,0,07,000,00,2,1,01,C01
201100040115,0,07,000,00,2,4,01,A01
201100040116,0,30,000,00,2,1,01,A01
201100040116,0,07,000,00,2,3,01,B01
201100040117,0,33,000,00,2,1,01,B01
201100040117,0,07,000,00,2,3,19,A01
201100040118,0,01,000,13,0,1,13,A01
201100040119,0,02,000,00,2,1,15,A01
201100040119,0,07,000,00,2,2,01,B01
201100040120,0,01,000,00,2,1,01,A01
201100040120,0,37,024,00,2,3,01,B01
201100040121,0,07,000,00,9,3,00,A01
201100040122,0,07,000,00,2,3,09,A01
201100040122,0,02,000,00,2,1,01,B01
201100040123,0,07,000,00,1,7,01,A01
201100040124,0,07,000,00,1,5,01,A01
201100040125,0,14,000,00,0,5,17,A01
201100040125,0,30,000,00,2,1,17,B01
201100040126,0,07,000,00,1,1,01,A01
201100040127,0,30,000,12,0,3,01,A01
201100040128,0,33,000,15,0,0,00,A01
201100040129,0,07,000,00,2,1,01,B01
201100040129,0,07,000,00,0,8,01,C01
201100040129,0,07,000,00,2,8,01,A01
201100040130,0,07,000,00,1,1,01,A01
201100040131,0,30,000,00,2,1,18,A01
201100040131,0,07,000,00,2,7,01,B01
201100040132,0,07,000,00,0,7,15,A01
201100040132,0,30,000,00,2,1,01,B01
201100040133,0,01,000,00,0,7,01,B01
201100040133,0,07,000,00,2,1,15,A01
201100040134,0,02,000,00,0,0,00,A01
201100040135,0,07,000,00,1,1,01,A01
201100040136,0,07,000,00,2,3,01,B01
201100040136,0,07,000,00,2,1,19,A01
201100040137,0,07,000,00,0,4,01,B01
201100040137,0,15,000,00,2,1,02,A01
201100040138,0,03,000,06,0,1,01,A01
201100040139,0,07,000,00,2,3,01,C01
201100040139,0,07,000,00,2,5,21,D01
201100040139,0,31,000,03,2,1,01,E01
201100040139,0,07,000,00,2,1,01,B01
201100040139,0,07,000,03,2,3,13,A01
201100040140,0,10,000,00,2,8,15,A01
201100040140,0,31,000,00,2,7,17,B01
201100040141,0,02,000,01,0,1,01,A01
201100040142,0,33,000,03,0,3,01,A01
201100040143,0,07,000,00,1,4,20,A01
201100040144,0,07,000,00,2,1,15,A01
201100040144,0,07,000,00,0,3,01,B01
201100040145,0,07,000,00,2,3,01,B01
201100040145,0,07,000,00,2,7,09,A01
201100040146,0,30,000,00,1,1,01,A01
201100040147,0,07,000,09,0,1,14,A01
201100040148,0,30,000,00,2,1,01,B01
201100040148,0,03,000,00,0,7,15,A01
201100040149,0,07,000,00,0,7,01,B01
201100040149,0,14,000,00,2,8,13,A01
201100040150,0,30,000,01,0,1,14,A01
201100040151,0,07,000,00,1,2,01,A01
201100040152,0,30,000,09,0,1,14,A01
201100040153,0,07,000,00,2,1,13,A01
201100040153,0,15,000,00,2,3,01,B01
201100040154,0,07,000,02,0,3,01,A01
201100040155,0,02,000,00,2,1,17,A01
201100040155,0,10,000,00,0,8,15,B01
201100040156,0,31,000,00,0,7,21,A01
201100040156,1,07,000,00,0,0,16,B01
201100040157,0,07,000,02,0,1,14,A01
201100040158,0,10,000,00,2,1,13,A01
201100040158,0,07,000,00,0,8,01,C01
201100040158,0,15,000,00,0,8,21,B01
201100040159,0,07,000,12,0,1,01,A01
201100040160,0,30,000,00,0,0,00,A01
201100040161,0,07,000,00,2,1,13,A01
201100040161,0,07,000,00,0,3,01,B01
201100040162,0,07,000,00,2,1,19,B01
201100040162,0,07,000,00,2,2,19,A01
201100040163,0,07,000,08,0,1,01,A01
201100040164,0,30,000,01,0,1,14,A01
201100040165,0,07,000,00,2,1,15,A01
201100040165,0,01,000,00,2,1,01,B01
201100040166,0,07,000,00,1,2,01,A01
201100040167,0,07,000,00,1,2,01,A01
201100040168,0,07,000,10,0,1,01,A01
201100040169,0,07,000,00,1,3,01,A01
201100040170,0,33,000,00,2,1,01,B01
201100040170,0,07,000,00,2,7,15,A01
201100040171,0,17,000,00,2,5,01,A01
201100040171,0,17,000,00,2,3,01,B01
201100040172,0,07,000,00,2,3,01,A01
201100040172,0,10,000,00,2,6,01,B01
201100040173,0,07,000,00,1,2,01,A01
201100040174,0,02,000,00,2,1,01,A02
201100040174,0,07,000,00,2,2,15,A01
201100040175,0,30,000,00,1,1,01,A01
201100040176,0,01,000,00,2,1,01,A01
201100040176,0,07,000,00,2,2,01,B01
201100040177,0,07,000,00,2,7,01,A01
201100040177,0,07,000,00,2,1,01,B01
201100040178,0,07,000,00,2,3,15,B01
201100040178,0,32,000,00,2,1,17,A01
201100040179,0,07,000,00,2,1,01,B01
201100040179,0,07,000,00,2,1,01,A01
201100040180,0,30,000,00,1,3,01,A01
201100040181,0,07,000,00,0,4,16,B01
201100040181,0,30,000,00,2,1,01,A01
201100040182,0,07,000,00,1,3,01,A01
201100040183,0,32,000,00,2,1,01,A01
201100040183,0,07,000,00,0,6,15,B01
201100040184,0,07,000,00,2,1,01,A01
201100040184,0,01,000,00,0,4,01,B01
201100040185,0,07,000,03,0,3,17,A01
201100040186,0,07,000,00,2,1,01,B01
201100040186,0,07,000,00,2,2,01,A01
201100040187,0,07,000,00,0,1,23,C01
201100040187,0,30,000,01,0,1,01,A01
201100040188,0,30,000,11,0,1,01,A01
201100040189,0,07,000,00,1,1,01,A01
201100040190,0,07,000,00,1,1,01,A01
201100040191,0,07,000,00,1,3,01,A01
201100040192,0,30,000,00,1,1,01,A01
201100040193,0,07,000,00,2,1,01,A01
201100040193,0,07,000,00,2,1,01,B01
201100040194,0,07,000,00,2,3,13,A01
201100040194,0,10,000,00,0,3,01,B01
201100040195,0,07,000,00,0,7,01,A01
201100040195,0,33,000,00,2,1,01,B01
201100040196,0,02,000,00,0,7,01,B01
201100040196,0,07,000,00,2,1,01,A01
201100040197,1,07,000,00,1,1,01,Z01
201100040198,0,07,000,07,0,1,01,A01
201100040199,0,07,000,00,1,1,15,A01
201100040200,0,33,000,16,0,7,16,A01
201100040201,0,07,000,00,2,2,15,A01
201100040201,0,02,000,00,0,1,01,B01
201100040202,0,07,000,00,2,2,10,A01
201100040202,0,02,000,00,0,1,01,B01
201100040203,0,02,000,00,2,1,15,A01
201100040203,0,07,000,00,0,3,01,B01
201100040204,0,07,000,00,0,6,02,B01
201100040204,0,07,000,00,2,1,02,A01
201100040205,0,07,000,00,2,1,02,A01
201100040205,0,07,000,00,0,4,02,B01
201100040206,0,07,000,00,1,2,01,A01
201100040207,0,30,000,16,0,7,01,A01
201100040208,0,07,000,00,0,8,01,B01
201100040208,0,07,000,00,2,1,15,A01
201100040209,0,07,000,00,0,8,10,A01
201100040209,0,33,000,00,0,8,01,C01
201100040209,0,33,000,00,2,1,01,B01
201100040210,1,07,000,00,2,1,01,Z01
201100040210,0,07,000,00,0,7,15,B01
201100040211,0,01,000,00,0,7,01,B01
201100040211,0,07,000,00,2,3,14,A01
201100040212,0,02,000,00,0,7,01,B01
201100040212,0,07,000,00,2,3,09,A01
201100040213,0,07,000,00,1,2,01,A01
201100040214,0,07,000,00,2,1,02,A01
201100040214,0,07,000,00,0,4,02,B01
201100040215,0,07,000,16,0,1,01,A01
201100040216,0,02,000,00,1,1,15,A01
201100040217,0,07,000,00,2,3,15,A01
201100040217,0,02,000,00,0,1,01,B01
201100040218,0,07,000,00,1,4,04,A01
201100040219,0,07,000,16,0,1,01,A01
201100040220,0,07,000,00,1,4,04,A01
201100040221,0,07,000,00,2,8,01,A01
201100040221,0,33,000,00,2,1,01,B01
201100040222,0,02,000,00,2,1,01,B01
201100040222,0,07,000,00,2,1,01,A01
201100040223,0,07,000,00,1,7,01,A01
201100040224,0,07,000,00,0,7,16,B01
201100040224,0,02,000,00,2,1,01,A01
201100040225,0,02,000,16,0,0,01,A01
201100040226,0,31,000,16,0,0,01,A01
201100040227,0,01,000,00,2,1,02,A01
201100040227,0,07,000,00,0,4,02,B01
201100040228,0,40,072,00,1,1,01,A01
201100040229,0,07,000,00,0,0,15,A01
201100040229,0,33,000,16,0,8,01,B01
201100040230,0,07,000,00,1,1,01,A01
201100040231,0,07,000,00,0,4,02,B01
201100040231,0,07,000,00,2,1,02,A01
201100040232,0,33,000,16,0,7,01,A01
201100040233,0,07,000,00,0,1,15,B01
201100040233,0,02,000,00,2,1,01,A01
201100040234,0,02,000,00,2,1,02,A01
201100040234,0,07,000,00,0,4,02,B01
201100040235,0,37,001,00,1,6,01,A01
201100040236,0,33,000,16,0,1,01,A01
201100040237,0,07,000,00,1,1,01,A01
201100040238,0,07,000,12,0,1,12,A01
201100040239,0,07,000,00,1,1,01,A01
201100040240,0,07,000,00,0,3,01,B01
201100040240,0,01,000,00,2,1,01,A01
201100040241,0,02,000,00,2,1,18,A01
201100040241,0,07,000,00,0,2,16,B01
201100040242,0,07,000,00,1,1,09,A01
201100040243,0,31,000,00,2,1,17,A01
201100040243,0,07,000,00,0,8,22,B01
201100040244,0,07,000,00,0,2,16,A01
201100040244,0,02,000,00,2,1,01,B01
201100040245,0,07,000,00,1,1,01,A01
201100040246,0,07,000,00,2,1,09,A01
201100040246,0,01,000,00,0,4,01,B01
201100040247,0,07,000,00,2,1,15,A01
201100040247,0,07,000,00,2,1,01,B01
201100040248,0,07,000,01,0,1,01,A01
201100040249,0,07,000,00,2,1,13,A01
201100040249,0,07,000,00,2,3,01,B01
201100040250,0,07,000,00,2,4,02,B01
201100040250,0,02,000,00,2,1,02,A01
201100040251,0,07,000,15,0,1,01,A01
201100040252,0,07,000,00,2,1,01,B01
201100040252,0,07,000,00,2,5,01,A01
201100040253,0,07,000,00,0,6,20,A01
201100040253,0,02,000,00,2,1,01,B01
201100040254,0,07,000,00,2,1,01,A01
201100040254,0,07,000,00,2,4,02,B01
201100040254,0,07,000,00,0,4,02,C01
201100040255,0,07,000,00,2,1,15,A01
201100040255,0,07,000,00,2,7,01,B01
201100040256,1,07,000,01,0,0,01,Z01
201100040256,0,07,000,00,0,7,24,B01
201100040257,0,07,000,00,0,3,09,A01
201100040257,0,02,000,00,2,1,01,B01
201100040258,0,07,000,00,1,1,01,B01
201100040259,0,07,000,00,0,7,01,B01
201100040259,0,07,000,00,2,1,01,A01
201100040260,0,01,000,00,2,1,01,B01
201100040260,0,07,000,00,0,3,15,A01
201100040261,0,07,000,00,0,4,01,B01
201100040261,0,07,000,00,2,1,01,C01
201100040261,0,10,000,00,0,0,01,A01
201100040262,0,07,000,00,1,1,01,A01
201100040263,0,31,000,16,0,8,01,A01
201100040264,0,07,000,00,0,3,15,A01
201100040264,0,33,000,00,2,1,01,B01
201100040265,0,01,000,00,2,1,01,A01
201100040265,0,07,000,00,0,3,01,B01
201100040266,0,03,000,00,0,1,01,B01