Num_Acc,senc,catv,occutc,obs,obsm,choc,manv,num_veh
201100040633,0,07,000,00,0,4,02,B01
201100040634,0,07,000,00,2,3,13,A01
201100040634,0,07,000,00,2,3,01,B01
201100040635,0,07,000,00,2,1,01,B01
201100040635,0,07,000,00,2,1,15,A01
201100040636,0,02,000,00,0,0,01,A01
201100040637,0,07,000,00,2,8,01,B01
201100040637,0,02,000,00,2,1,17,A01
201100040638,0,30,000,00,2,1,01,A01
201100040638,0,07,000,00,2,1,23,B01
201100040639,0,36,000,12,0,1,01,A01
201100040640,0,07,000,00,1,3,04,A01
201100040641,0,07,000,00,2,3,17,B01
201100040641,0,02,000,00,1,8,15,A01
201100040642,0,07,000,16,0,0,01,A01
201100040643,0,07,000,00,1,4,04,A01
201100040644,0,07,000,00,2,5,01,B01
201100040644,0,30,000,00,2,1,01,A01
201100040645,0,07,000,01,2,7,15,A01
201100040645,0,07,000,00,2,1,01,B01
201100040646,0,33,000,00,0,7,01,A01
201100040647,0,07,000,00,2,1,01,A01
201100040647,0,07,000,00,2,4,01,B01
201100040648,0,01,000,00,2,1,01,B01
201100040648,0,07,000,00,2,5,10,A01
201100040649,0,07,000,00,1,1,17,A01
201100040650,0,02,000,00,2,8,01,B01
201100040650,0,07,000,00,2,2,16,A01
201100040651,0,07,000,00,2,3,13,A01
201100040651,0,07,000,00,2,8,01,B01
201100040652,0,33,000,00,2,0,01,B01
201100040652,0,07,000,00,2,3,15,A01
201100040653,0,07,000,00,2,4,23,C01
201100040653,0,07,000,00,2,4,23,B01
201100040653,0,07,000,00,2,4,23,D01
201100040653,0,07,000,00,2,1,01,A01
201100040654,0,02,000,00,2,2,01,B01
201100040654,0,07,000,00,2,3,01,A01
201100040655,0,32,000,11,0,1,01,A01
201100040656,0,07,000,00,2,4,23,B01
201100040656,0,07,000,00,2,1,01,A01
201100040657,0,30,000,01,0,2,01,A01
201100040658,0,33,000,16,0,0,01,A01
201100040659,0,07,000,13,0,7,14,A01
201100040660,0,30,000,00,0,7,01,A01
201100040661,0,30,000,16,0,7,01,A01
201100040662,0,30,000,00,0,8,01,A01
201100040663,0,07,000,00,2,3,15,A01
201100040663,0,33,000,00,2,1,01,B01
201100040664,0,07,000,00,1,3,16,A01
201100040665,0,33,000,00,2,1,01,A01
201100040665,0,07,000,00,2,4,01,B01
201100040666,0,07,000,00,2,4,02,B01
201100040666,0,10,000,00,2,3,02,A01
201100040667,0,07,000,01,0,7,04,A01
201100040668,0,07,000,00,2,4,02,B01
201100040668,0,30,000,00,2,1,02,A01
201100040669,0,07,000,00,1,8,01,A01
201100040670,0,10,000,00,2,4,01,A01
201100040670,0,07,000,00,2,4,23,B01
201100040671,0,07,000,00,1,1,01,A01
201100040672,0,07,000,00,0,9,01,A01
201100040673,0,07,000,00,2,2,01,B01
201100040673,0,01,000,00,2,8,19,A01
201100040674,0,07,000,00,2,3,01,B01
201100040674,0,07,000,00,2,1,13,A01
201100040675,0,07,000,06,0,1,13,A01
201100040676,0,17,000,00,2,3,01,B01
201100040676,0,07,000,00,2,1,13,A01
201100040677,0,33,000,00,0,8,01,A01
201100040678,0,07,000,00,2,4,23,B01
201100040678,0,02,000,00,2,1,02,A01
201100040679,0,13,000,16,0,7,01,A01
201100040680,0,30,000,00,2,3,01,B01
201100040680,0,07,000,00,2,3,15,A01
201100040681,0,07,000,00,2,7,16,A01
201100040681,0,31,000,00,2,8,01,B01
201100040682,0,17,000,00,2,1,02,A01
201100040682,0,07,000,00,2,4,02,B01
201100040683,0,07,000,00,2,1,02,A01
201100040683,0,07,000,00,0,4,02,B01
201100040684,0,07,000,00,1,3,01,A01
201100040685,0,07,000,00,2,1,15,A01
201100040685,0,07,000,00,2,1,01,B01
201100040686,0,30,000,00,0,8,01,A01
201100040687,0,07,000,00,2,1,15,A01
201100040687,0,07,000,00,2,1,01,B01
201100040688,0,07,000,00,0,6,23,B01
201100040688,0,02,000,00,2,1,21,A01
201100040689,0,07,000,00,2,3,01,B01
201100040689,0,10,000,00,2,1,15,A01
201100040690,0,07,000,00,2,4,23,D01
201100040690,0,07,000,00,2,4,23,C01
201100040690,0,07,000,00,2,1,02,A01
201100040690,0,07,000,00,2,4,23,B01
201100040691,0,07,000,08,0,1,13,A01
201100040692,0,07,000,00,0,9,01,A01
201100040693,0,07,000,00,1,1,01,A01
201100040694,0,37,002,00,1,7,00,A01
201100040695,0,07,000,00,1,4,04,A01
201100040696,0,07,000,00,2,1,02,B01
201100040696,0,07,000,00,2,8,02,A01
201100040697,0,33,000,00,1,7,01,A01
201100040698,0,07,000,00,1,3,01,A01
201100040699,0,07,000,00,2,1,05,A01
201100040699,0,07,000,00,2,1,01,B01
201100040700,0,33,000,02,0,7,14,A01
201100040701,0,07,000,01,0,1,01,A01
201100040702,0,07,000,10,2,1,01,B01
201100040702,0,07,000,10,2,1,01,A01
201100040703,0,07,000,00,1,1,01,A01
201100040704,0,30,000,08,0,1,14,A01
201100040705,2,07,000,00,2,1,01,A01
201100040705,0,07,000,00,2,8,01,B01
201100040706,0,30,000,00,0,3,01,A01
201100040707,0,07,000,00,0,3,02,B01
201100040707,0,07,000,00,1,3,02,A01
201100040708,0,01,000,00,0,1,00,A01
201100040709,0,30,000,00,2,1,05,A01
201100040709,0,07,000,00,2,3,16,B01
201100040710,0,07,000,00,1,4,04,A01
201100040711,0,07,000,00,2,3,01,B01
201100040711,0,30,000,00,2,7,01,A01
201100040712,0,30,000,00,2,1,01,A01
201100040712,0,07,000,00,0,4,01,B01
201100040713,0,33,000,00,2,1,01,B01
201100040713,0,03,000,00,2,5,15,A01
201100040714,0,33,000,00,0,8,00,B01
201100040714,0,07,000,14,0,2,10,A01
201100040715,0,07,000,00,1,2,15,A01
201100040716,0,07,000,14,0,9,01,A01
201100040717,0,30,000,00,2,8,18,A01
201100040717,0,07,000,00,2,7,16,B01
201100040718,0,07,000,00,1,2,01,A01
201100040719,0,07,000,00,1,1,01,A01
201100040720,0,30,000,00,1,1,01,A01
201100040721,0,15,000,00,2,2,01,B01
201100040721,0,01,000,00,2,8,16,A01
201100040722,0,07,000,00,2,1,01,C01
201100040722,0,07,000,00,2,1,01,A01
201100040722,0,07,000,00,2,2,01,B01
201100040723,0,07,000,00,1,1,01,A01
201100040724,0,07,000,00,1,2,09,A01
201100040725,0,33,000,00,2,2,01,B01
201100040725,0,03,000,00,2,3,15,A01
201100040726,0,07,000,00,1,3,15,A01
201100040727,0,30,000,00,2,1,01,B01
201100040727,0,07,000,00,2,3,15,A01
201100040728,0,33,000,00,2,1,21,B01
201100040728,0,33,000,00,2,1,13,A01
201100040729,0,07,000,00,1,1,15,A01
201100040730,0,07,000,01,0,9,00,A01
201100040730,0,07,000,00,0,2,00,B01
201100040731,0,07,000,00,1,1,02,A01
201100040732,0,07,000,00,9,7,01,A01
201100040732,0,01,000,00,2,1,01,B01
201100040733,0,31,000,00,2,1,02,A01
201100040733,1,07,000,00,2,2,01,Z01
201100040734,0,02,000,16,0,0,01,A01
201100040735,0,07,000,00,2,1,01,A01
201100040735,1,07,000,00,2,4,00,Z01
201100040736,0,31,000,14,0,8,01,A01
201100040736,0,07,000,00,2,6,23,B01
201100040737,0,10,000,00,2,0,01,A01
201100040737,0,07,000,00,9,8,01,C01
201100040737,0,10,000,00,9,1,01,B01
201100040738,0,07,000,00,0,1,01,A01
201100040739,0,33,000,00,2,4,01,B01
201100040739,0,07,000,00,2,1,12,A01
201100040740,0,07,000,00,0,0,15,B01
201100040740,0,31,000,00,0,7,01,A01
201100040741,0,02,000,00,2,1,01,B01
201100040741,0,07,000,00,2,5,15,A01
201100040742,0,07,000,00,1,2,01,A01
201100040743,0,07,000,02,0,1,01,A01
201100040744,0,07,000,00,1,3,15,A01
201100040745,0,07,000,00,2,3,01,B01
201100040745,0,02,000,00,2,2,16,A01
201100040746,0,07,000,00,1,2,16,A01
201100040747,0,07,000,04,0,1,01,A01
201100040748,0,33,000,00,2,8,01,B01
201100040748,0,07,000,00,2,1,15,A01
201100040749,0,33,000,14,2,1,17,A01
201100040749,0,07,000,00,2,2,01,B01
201100040750,0,07,000,08,0,1,01,A01
201100040751,0,07,000,00,2,1,01,A01
201100040751,0,07,000,00,2,3,01,B01
201100040752,0,07,000,00,1,3,01,A01
201100040753,1,07,000,00,2,1,01,Z01
201100040753,0,02,000,00,2,4,23,A01
201100040754,0,07,000,00,2,4,23,B01
201100040754,1,07,000,00,2,0,00,A01
201100040755,0,07,000,00,1,1,01,A01
201100040756,0,07,000,08,0,1,01,A01
201100040757,0,07,000,01,2,3,01,A01
201100040757,0,07,000,00,2,3,23,B01
201100040758,0,07,000,07,0,1,01,A01
201100040759,0,07,000,00,2,6,15,A01
201100040759,0,33,000,00,2,1,01,B01
201100040760,0,33,000,00,0,7,00,A01
201100040761,0,07,000,00,2,4,00,B01
201100040761,0,07,000,00,2,2,00,A01
201100040761,0,07,000,00,2,3,00,C01
201100040762,1,07,000,00,2,2,17,A01
201100040762,0,02,000,00,2,3,01,B01
201100040763,0,02,000,16,0,0,19,A01
201100040764,0,07,000,00,2,2,01,A01
201100040764,0,10,000,00,2,1,01,B01
201100040765,0,07,000,01,1,8,01,A01
201100040766,0,02,000,16,0,0,01,A01
201100040767,0,07,000,01,0,1,01,A01
201100040768,0,07,000,04,0,1,01,A01
201100040769,0,07,000,00,2,8,15,A01
201100040769,0,32,000,00,2,1,01,B01
201100040770,0,37,011,00,2,1,01,A01
201100040770,0,33,000,00,2,7,01,B01
201100040771,0,07,000,09,0,2,01,A01
201100040772,0,31,000,00,2,1,15,A01
201100040772,0,07,000,00,2,1,01,B01
201100040773,0,07,000,00,2,1,01,A01
201100040773,0,33,000,00,2,4,23,B01
201100040774,0,07,000,00,2,8,01,B01
201100040774,0,07,000,00,2,1,01,A01
201100040775,0,33,000,16,0,7,01,B01
201100040775,1,07,000,00,0,0,11,A01
201100040776,0,33,000,16,0,7,01,A01
201100040777,0,07,000,00,2,5,15,A01
201100040777,0,07,000,00,2,1,01,B01
201100040778,0,07,000,08,0,1,01,A01
201100040779,0,07,000,01,0,1,01,A01
201100040780,0,07,000,00,2,6,01,A01
201100040780,0,33,000,00,2,1,01,B01
201100040781,0,07,000,00,2,3,01,A01
201100040781,0,02,000,00,2,1,01,B01
201100040782,0,07,000,14,0,8,00,A01
201100040783,1,07,000,00,2,0,11,Z01
201100040783,0,01,000,00,2,0,21,A01
201100040784,0,37,001,00,1,7,16,A01
201100040785,0,07,000,00,1,2,01,A01
201100040786,0,30,000,00,2,1,01,B01
201100040786,0,07,000,00,2,2,01,A01
201100040787,0,31,000,00,0,8,01,A01
201100040788,0,07,000,00,2,6,11,A01
201100040788,0,33,000,00,2,1,01,B01
201100040789,0,31,000,16,0,0,01,A01
201100040790,1,07,000,00,2,8,15,A01
201100040790,0,01,000,00,2,7,17,B01
201100040791,0,33,000,00,0,7,01,A01
201100040792,0,02,000,12,0,1,01,A01
201100040793,0,07,000,00,2,4,24,A01
201100040793,0,07,000,00,2,1,14,B01
201100040794,0,33,000,00,2,1,01,B01
201100040794,0,07,000,00,2,1,09,A01
201100040795,0,30,000,16,0,0,01,A01
201100040796,0,07,000,00,1,1,00,A01
201100040797,0,33,000,00,2,1,01,B01
201100040797,0,07,000,00,2,2,15,A01
201100040798,0,33,000,00,2,9,23,B01
201100040798,0,07,000,00,2,4,23,C01
201100040798,0,07,000,00,2,1,01,A01
201100040799,1,07,000,00,0,0,00,Z01
201100040800,0,01,000,00,2,4,01,A01
201100040800,1,30,000,00,2,1,01,Z01
201100040801,0,07,000,00,2,3,01,B01
201100040801,0,07,000,00,2,1,16,A01
201100040802,0,32,000,00,2,2,01,A01
201100040802,0,07,000,00,2,2,15,B01
201100040803,0,07,000,00,2,8,01,A01
201100040803,0,31,000,00,2,8,01,B01
201100040804,0,02,000,00,2,1,02,A01
201100040804,0,37,001,00,2,4,02,B01
201100040805,0,30,000,00,2,1,17,A01
201100040805,0,07,000,00,2,3,15,B01
201100040806,0,07,000,07,0,1,00,A01
201100040807,0,02,000,00,2,1,01,B01
201100040807,0,07,000,00,2,2,10,A01
201100040808,0,07,000,04,0,2,01,A01
201100040809,0,02,000,00,2,9,15,B01
201100040809,0,07,000,00,2,2,01,A01
201100040810,0,30,000,00,2,1,17,B01
201100040810,0,07,000,00,2,3,15,A01
201100040811,0,07,000,00,1,2,01,A01
201100040812,0,07,000,06,0,1,01,A01
201100040813,0,30,000,00,1,1,01,A01
201100040814,0,31,000,00,0,7,01,A01
201100040815,0,30,000,00,2,1,17,A01
201100040815,0,07,000,00,2,8,15,B01
201100040816,1,07,000,00,0,0,00,Z01
201100040816,0,02,000,00,2,1,01,A01
201100040817,0,10,000,00,2,3,01,B01
201100040817,0,07,000,00,2,2,01,A01
201100040818,0,07,000,03,0,7,01,A01
201100040819,0,10,000,00,1,2,01,A01
201100040820,0,07,000,00,2,4,02,B01
201100040820,0,31,000,00,2,1,00,A01
201100040821,0,33,000,00,2,9,01,B01
201100040821,0,07,000,00,2,1,12,A01
201100040822,0,02,000,00,2,8,01,B01
201100040822,0,07,000,00,2,3,09,A01
201100040823,0,02,000,00,2,7,01,A01
201100040823,0,07,000,00,2,3,01,B01
201100040824,1,33,000,00,1,7,01,Z01
201100040825,0,33,000,14,0,1,01,A01
201100040826,0,07,000,00,2,7,16,A01
201100040826,0,02,000,00,2,1,01,B01
201100040827,0,07,000,00,2,3,15,A01
201100040827,0,33,000,00,2,8,15,B01
201100040828,0,07,000,00,2,3,19,B01
201100040828,0,02,000,00,2,1,19,A01
201100040829,0,17,000,00,1,5,15,A01
201100040830,0,07,000,00,1,2,01,A01
201100040831,0,10,000,00,1,4,04,A01
201100040832,0,07,000,07,0,1,01,A01
201100040833,0,33,000,03,0,7,01,A01
201100040834,0,07,000,00,1,2,01,A01
201100040835,0,02,000,00,0,8,01,A01
201100040836,0,14,000,00,0,0,01,B01
201100040836,0,20,000,00,1,1,01,A01
201100040837,0,02,000,00,0,7,01,A01
201100040838,0,07,000,00,2,4,23,C01
201100040838,0,07,000,00,2,1,01,A01
201100040838,0,07,000,00,2,9,23,B01
201100040839,0,07,000,00,1,2,01,A01
201100040840,0,31,000,00,1,7,01,A01
201100040841,0,33,000,00,2,1,01,B01
201100040841,0,07,000,00,2,1,15,A01
201100040842,0,02,000,00,2,1,01,B01
201100040842,0,07,000,00,2,3,15,A01
201100040843,0,07,000,00,2,1,01,A01
201100040843,0,07,000,00,1,4,23,B01
201100040844,0,32,000,00,0,0,01,A01
201100040845,0,30,000,16,0,8,01,A01
201100040846,0,02,000,00,1,1,01,A01
201100040847,0,07,000,00,2,1,01,A01
201100040847,0,01,000,00,2,4,01,B01
201100040848,0,07,000,00,2,1,01,A01
201100040848,0,07,000,00,2,3,01,B01
201100040849,0,20,000,00,0,7,01,A01
201100040850,0,33,000,00,0,0,01,A01
201100040851,0,07,000,00,0,9,01,A01
201100040852,0,07,000,00,2,2,01,B01
201100040852,0,02,000,01,2,1,01,A01
201100040853,0,33,000,00,0,2,01,A01
201100040854,0,33,000,00,1,0,01,A01
201100040855,0,10,000,00,2,5,01,A01
201100040855,0,10,000,00,2,1,01,B01
201100040856,0,01,000,00,2,0,01,B01
201100040856,0,17,000,00,2,0,17,A01
201100040857,0,02,000,00,2,8,18,A01
201100040857,0,07,000,00,2,7,16,B01
201100040858,0,07,000,00,2,1,01,A01
201100040858,0,07,000,00,2,6,01,B01
201100040859,0,07,000,00,0,0,01,A01
201100040860,2,07,000,03,0,1,01,A01
201100040861,0,07,000,06,2,3,01,B01
201100040861,1,07,000,00,2,7,01,A01
201100040862,0,30,000,16,0,0,01,A01
201100040863,0,30,000,00,2,1,17,A01
201100040863,0,07,000,00,2,3,15,B01
201100040864,0,01,000,00,2,1,17,B01
201100040864,0,07,000,00,2,3,15,A01
201100040865,0,07,000,00,1,3,01,A01
201100040866,0,07,000,04,0,2,01,A01
201100040867,0,07,000,00,2,5,01,B01
201100040867,0,07,000,00,2,1,01,A01
201100040868,0,07,000,00,2,3,01,A01
201100040868,0,37,070,00,2,1,01,B01
201100040869,2,10,000,00,2,1,01,A01
201100040869,0,07,000,00,2,8,01,B01
201100040870,0,02,000,04,0,1,01,A01
201100040871,0,07,000,00,1,0,15,A01
201100040872,1,07,000,00,0,0,02,Z01
201100040872,0,01,000,00,2,4,01,A01
201100040873,0,30,000,01,0,2,01,A01
201100040874,0,37,002,00,2,3,01,B01
201100040874,0,07,000,00,2,1,13,A01
201100040875,0,33,000,00,2,7,01,B01
201100040875,0,07,000,00,2,1,01,A01
201100040876,0,07,000,01,0,9,01,A01
201100040877,0,31,000,00,0,1,01,A01
201100040878,0,07,000,00,2,4,23,B01
201100040878,0,30,000,00,2,1,01,A01
201100040879,0,07,000,04,0,2,01,A01
201100040880,0,30,000,00,2,1,09,A01
201100040880,0,07,000,00,2,6,02,B01
201100040881,0,30,000,00,2,1,01,A01
201100040881,0,07,000,00,2,1,16,C01
201100040881,0,07,000,00,2,1,15,B01
201100040882,0,07,000,01,0,9,13,A01
201100040883,0,33,000,00,2,4,23,B01
201100040883,0,33,000,00,2,1,01,A01
201100040884,0,07,000,00,1,2,01,A01
201100040885,2,07,000,00,2,1,01,A01
201100040885,0,07,000,01,2,8,01,B01
201100040886,0,07,000,04,0,9,01,A01
201100040887,0,02,000,16,0,7,16,A01
201100040888,0,10,000,00,2,3,01,B01
201100040888,0,30,000,00,2,1,01,A01
201100040889,0,07,000,04,0,2,01,A01
201100040890,0,07,000,00,1,7,17,A01
201100040891,0,33,000,00,9,1,01,B01
201100040891,0,17,000,00,0,8,01,A01
201100040892,0,07,000,00,2,1,16,B01
201100040892,0,33,000,00,2,1,17,A01
201100040893,0,07,000,00,1,3,15,A01
201100040894,0,30,000,00,2,1,01,B01
201100040894,0,07,000,00,2,2,15,A01
201100040895,0,33,000,00,2,8,12,A01
201100040895,0,07,000,00,2,4,01,B01
201100040896,0,01,000,00,0,7,01,A01
201100040897,0,33,000,00,2,5,15,B01
201100040897,0,07,000,00,2,1,01,A01
201100040898,0,07,000,00,1,1,01,A01
201100040899,0,07,000,00,1,2,01,A01
201100040900,0,07,000,00,2,8,01,B01
201100040900,0,07,000,00,2,1,01,A01
201100040901,0,30,000,00,1,1,01,A01
201100040902,1,07,000,00,2,1,05,Z01
201100040902,0,07,000,01,2,9,01,A01
201100040903,0,07,000,00,1,8,01,A01
201100040904,0,07,000,02,0,2,01,A01
201100040905,0,30,000,00,2,1,01,B01
201100040905,0,07,000,00,2,7,16,A01
201100040906,0,07,000,00,2,4,09,B01
201100040906,1,07,000,00,2,0,00,Z01
201100040907,0,32,000,00,2,1,01,B01
201100040907,0,07,000,00,2,7,01,A01
201100040908,0,33,000,16,0,0,01,A01
201100040909,0,30,000,00,2,1,01,B01
201100040909,0,30,000,00,2,1,01,C01
201100040909,0,07,000,00,2,3,01,A01
201100040910,0,07,000,00,1,1,17,A01
201100040911,1,99,000,00,1,1,01,Z01
201100040912,0,07,000,00,1,2,01,A01
201100040913,0,30,000,01,0,1,01,A01
201100040914,0,33,000,00,2,8,01,B01
201100040914,0,30,000,00,2,8,17,A01
201100040915,0,30,000,00,2,1,01,A01
201100040915,0,07,000,00,2,4,23,B01
201100040916,0,30,000,00,0,0,00,A01
201100040917,0,10,000,00,1,3,01,A01
201100040918,0,10,000,00,2,3,13,A01
201100040918,0,07,000,01,2,9,01,B01
201100040918,0,10,000,00,2,8,01,D01
201100040919,0,07,000,04,0,2,01,A01
201100040920,0,30,000,00,0,7,01,A01
201100040921,1,07,000,00,1,1,00,Z01
201100040922,0,10,000,00,2,2,01,B01
201100040922,0,07,000,00,2,3,01,A01
201100040923,0,07,000,00,1,2,01,A01
201100040924,0,07,000,00,2,1,02,A01
201100040924,0,07,000,00,2,4,02,B01
201100040925,0,07,000,00,1,3,01,A01
201100040926,0,07,000,00,1,2,01,A01
201100040927,0,33,000,00,2,1,01,A01
201100040927,0,07,000,00,2,2,23,B01
201100040928,0,07,000,00,1,1,06,A01
201100040929,0,32,000,00,2,1,01,B01
201100040929,0,07,000,00,2,5,15,A01
201100040930,0,37,008,00,1,2,15,A01
201100040931,1,07,000,00,2,3,15,Z01
201100040931,0,30,000,00,2,1,01,A01
201100040932,0,07,000,00,1,1,15,A01
201100040933,0,30,000,00,0,7,01,A01
201100040934,0,07,000,00,2,2,01,B01
201100040934,0,07,000,00,2,8,15,A01
201100040935,0,21,000,00,2,6,15,A01
201100040935,0,33,000,00,2,1,17,B01
201100040936,0,07,000,01,1,1,15,A01
201100040937,0,01,000,00,2,2,15,A01
201100040937,0,07,000,00,2,1,01,B01
201100040938,0,07,000,00,1,2,01,A01
201100040939,0,30,000,00,0,0,01,A01
201100040940,0,10,000,00,1,2,01,A01
201100040941,0,07,000,00,2,4,23,B01
201100040941,0,34,000,00,2,1,01,A01
201100040942,0,07,000,00,1,0,01,A01
201100040943,0,07,000,00,2,1,01,B01
201100040943,0,03,000,00,2,2,01,A01
201100040944,0,07,000,00,2,7,23,B01
201100040944,0,30,000,00,2,1,13,A01
201100040945,0,07,000,04,0,2,01,A01
201100040946,0,02,000,00,2,1,01,B01
201100040946,0,07,000,00,2,2,15,A01
201100040947,1,10,000,00,0,0,00,Z01
201100040947,0,17,000,00,2,1,01,A01
201100040947,0,14,000,00,2,4,01,B01
201100040948,0,07,000,00,1,2,01,A01
201100040949,0,33,000,00,2,1,01,B01
201100040949,0,10,000,00,2,6,11,A01
201100040950,0,10,000,00,1,4,04,A01
201100040951,0,07,000,00,1,4,04,A01
201100040952,0,21,000,00,2,3,01,B01
201100040952,0,10,000,00,2,3,01,A01
201100040953,0,07,000,00,2,4,23,B01
201100040953,0,07,000,00,2,1,00,Z01
201100040954,0,07,000,00,2,2,20,A01
201100040954,0,33,000,00,2,1,01,B01
201100040955,0,30,000,00,2,1,01,A01
201100040955,0,07,000,00,2,4,23,B01
201100040956,0,07,000,04,2,3,13,A01
201100040956,0,07,000,04,2,3,01,B01
201100040957,0,07,000,00,1,1,15,A01
201100040958,0,07,000,00,2,5,13,B01
201100040958,0,07,000,00,2,1,01,A01
201100040959,0,07,000,03,0,1,01,A01
201100040959,1,99,000,00,0,0,01,Z01
201100040960,0,14,000,00,2,0,00,A01
201100040960,0,07,000,00,2,6,01,B01
201100040961,0,07,000,00,2,8,01,C01
201100040961,0,07,000,00,2,6,01,B01
201100040961,0,07,000,00,2,7,15,A01
201100040962,0,07,000,00,2,6,01,B01
201100040962,0,99,000,00,2,1,01,A01
201100040963,0,30,000,00,0,0,00,A01
201100040964,0,02,000,00,2,3,01,B01
201100040964,0,07,000,00,2,2,15,A01
201100040965,0,07,000,00,2,7,15,A01
201100040965,0,02,000,00,2,1,01,B01
201100040966,0,30,000,00,2,4,23,B01
201100040966,0,07,000,00,2,3,01,A01
201100040967,0,07,000,01,0,2,01,A01
201100040968,0,07,000,00,2,2,01,B01
201100040968,0,30,000,00,2,1,01,A01
201100040969,0,07,000,00,1,3,01,A01
201100040970,0,02,000,06,0,1,01,A01
201100040971,0,33,000,16,0,8,01,A01
201100040972,0,07,000,09,0,2,15,A01
201100040973,0,07,000,00,1,1,01,A01
201100040974,0,07,000,00,2,2,15,A01
201100040974,0,02,000,00,2,1,01,B01
201100040975,0,32,000,00,2,1,01,B01
201100040975,1,07,000,00,2,0,00,Z01
201100040976,1,07,000,00,1,1,01,Z01
201100040977,1,07,000,00,1,4,04,A01
201100040978,1,07,000,00,2,1,01,Z01
201100040978,0,07,000,00,2,8,00,A01
201100040979,1,07,000,00,2,0,01,Z01
201100040979,0,01,000,00,2,4,01,B01
201100040980,0,01,000,00,2,4,00,B01
201100040980,0,07,000,00,2,1,01,A01
201100040981,1,07,000,00,2,0,02,A01
201100040981,0,07,000,00,2,4,23,B01
201100040982,0,01,000,00,2,1,01,B01
201100040982,0,07,000,00,2,1,01,A01
201100040983,0,02,000,00,2,0,01,B01
201100040983,1,07,000,00,2,0,00,Z01
201100040984,0,07,000,00,2,8,00,B01
201100040984,0,10,000,00,2,0,00,A01
201100040985,1,07,000,00,1,0,00,Z01
201100040986,0,02,000,00,2,1,01,B01
201100040986,1,07,000,00,2,0,01,Z01
201100040987,0,07,000,00,2,4,23,B01
201100040987,1,07,000,00,2,1,02,A01
201100040988,1,07,000,00,1,0,00,Z01
201100040989,1,07,000,00,1,0,01,A01
201100040990,1,07,000,00,1,0,00,Z01
201100040991,0,01,000,00,2,0,01,A01
201100040991,1,07,000,00,2,0,00,Z01
201100040992,1,37,001,00,1,5,04,A01
201100040993,0,07,000,00,0,0,01,A01
201100040993,0,33,000,00,0,8,21,B01
201100040994,0,07,000,03,0,1,14,A01
201100040995,0,07,000,00,2,3,09,A01
201100040995,0,07,000,00,2,2,01,B01
201100040996,0,07,000,00,0,9,13,A01
201100040997,0,02,000,00,2,1,02,A01
201100040997,0,07,000,00,2,3,16,B01
201100040998,0,01,000,00,2,3,15,A01
201100040998,0,07,000,00,2,2,01,B01
201100040999,0,07,000,00,1,4,20,A01
201100041000,0,14,000,00,2,3,01,A01
201100041000,0,10,000,00,2,8,01,B01
201100041001,0,07,000,00,1,0,01,A01
201100041002,0,07,000,00,2,6,21,B01
201100041002,0,33,000,00,2,3,01,A01
201100041003,0,30,000,00,2,1,01,A01
201100041003,0,07,000,00,2,3,13,B01
201100041004,0,07,000,00,2,3,02,C01
201100041004,0,07,000,00,2,2,01,E01
201100041004,0,32,000,00,2,1,00,A01
201100041004,0,32,000,00,2,0,00,B01
201100041004,0,07,000,00,2,5,01,D01
201100041005,0,07,000,00,2,3,15,A01
201100041005,0,02,000,00,2,8,01,B01
201100041006,0,30,000,00,2,1,02,A01
201100041006,0,07,000,00,0,5,02,B01
201100041007,0,07,000,00,2,5,15,A01
201100041007,0,30,000,00,2,1,01,B01
201100041008,0,32,000,00,1,1,21,A01
201100041009,0,07,000,15,0,9,16,A01
201100041010,0,07,000,00,1,2,01,A01
201100041011,0,30,000,00,1,1,01,A01
201100041012,0,33,000,00,2,1,11,A01
201100041012,0,07,000,12,2,8,13,B01
201100041013,0,07,000,00,2,2,15,A01
201100041014,0,07,000,12,2,4,01,C01
201100041014,0,07,000,00,2,1,01,A01
201100041014,0,07,000,12,2,4,01,B01
201100041015,0,07,000,04,0,1,13,A01
201100041016,0,07,000,07,0,1,01,A01
201100041017,0,01,000,00,2,4,01,B01
201100041017,0,07,000,00,9,1,01,A01
201100041018,0,07,000,00,2,3,15,A01
201100041018,0,31,000,00,2,1,15,B01
201100041019,1,07,000,00,0,0,00,Z01
201100041020,0,07,000,09,0,3,01,A01
201100041021,0,31,000,00,1,1,01,A01
201100041022,0,10,000,00,2,1,01,A01
201100041022,0,07,000,00,2,4,01,C01
201100041022,0,07,000,00,2,4,01,B01
201100041023,0,02,000,00,2,2,15,B01
201100041023,0,07,000,00,2,6,15,A01
201100041024,0,33,000,00,2,4,02,B01
201100041024,0,33,000,00,2,1,02,A01
201100041025,0,07,000,06,0,8,13,A01
201100041026,0,07,000,00,2,1,02,D01
201100041026,0,07,000,00,2,4,02,B01
201100041026,0,07,000,00,2,1,02,A01
201100041026,0,07,000,00,2,1,02,C01
201100041027,0,33,000,04,0,1,18,A01
201100041028,0,30,000,00,2,9,01,A01
201100041028,0,07,000,00,9,0,15,B01
201100041029,0,07,000,00,1,2,01,A01
201100041030,0,07,000,02,0,1,13,A01
201100041031,0,07,000,01,1,1,15,A01
201100041032,0,31,000,00,0,2,02,A01
201100041033,0,10,000,00,2,1,01,A01
201100041033,0,07,000,00,2,4,01,B01
201100041033,0,07,000,00,2,4,01,C01
201100041034,0,02,000,00,0,7,01,A01
201100041035,0,07,000,00,1,8,01,A01
201100041036,0,30,000,12,2,6,01,A01