Num_Acc,senc,catv,occutc,obs,obsm,choc,manv,num_veh
201100041413,0,07,000,00,2,1,01,C01
201100041413,0,07,000,00,0,6,01,B01
201100041414,0,30,000,00,2,1,05,A01
201100041414,0,07,000,00,2,3,01,B01
201100041415,0,07,000,00,2,2,02,A01
201100041415,0,07,000,00,2,6,01,B01
201100041416,0,07,000,00,1,1,01,A01
201100041417,2,10,000,00,2,3,17,A01
201100041417,0,07,000,00,2,1,01,B01
201100041418,0,07,000,00,2,7,15,A01
201100041418,0,33,000,00,2,1,01,B01
201100041419,2,07,000,00,2,3,13,A01
201100041419,0,07,000,00,2,3,01,B01
201100041420,0,07,000,00,9,2,02,A01
201100041420,0,01,000,00,2,4,02,B01
201100041421,0,37,001,00,1,7,01,A01
201100041422,0,07,000,00,1,2,01,A01
201100041423,0,07,000,01,1,4,04,A01
201100041424,0,07,000,00,1,2,01,A01
201100041425,0,07,000,11,0,2,02,A01
201100041425,0,38,006,00,0,6,02,B01
201100041426,0,07,000,00,2,7,15,A01
201100041426,0,02,000,00,2,1,01,B01
201100041427,0,07,000,00,9,2,02,A01
201100041427,0,01,000,00,0,4,02,B01
201100041428,0,07,000,00,2,1,02,A01
201100041428,0,07,000,00,2,4,02,B01
201100041429,0,07,000,00,2,3,01,A01
201100041429,0,07,000,00,2,3,01,B01
201100041430,2,10,000,00,1,3,01,A01
201100041431,0,07,000,00,1,1,01,A01
201100041432,0,07,000,00,2,1,02,A01
201100041432,0,07,000,00,0,4,02,B01
201100041432,0,07,000,00,2,4,02,C01
201100041432,0,07,000,00,0,4,02,D01
201100041433,0,07,000,00,2,1,01,A01
201100041433,0,32,000,00,0,6,01,B01
201100041434,0,07,000,00,2,8,11,A01
201100041434,0,33,000,00,2,1,01,B01
201100041435,0,07,000,00,1,1,01,A01
201100041436,1,07,000,00,1,1,02,A01
201100041437,0,33,000,00,0,7,01,A01
201100041438,0,07,000,00,1,4,04,A01
201100041439,0,10,000,00,1,5,04,A01
201100041440,0,07,000,00,1,2,01,A01
201100041441,0,33,000,00,2,1,02,A01
201100041441,0,07,000,00,0,4,01,B01
201100041442,0,33,000,00,2,8,02,A01
201100041442,0,07,000,00,0,5,01,B01
201100041443,0,07,000,13,0,9,01,A01
201100041444,0,07,000,00,2,0,02,B01
201100041444,0,07,000,00,2,9,19,A01
201100041444,0,07,000,00,2,1,00,C01
201100041445,0,07,000,00,1,2,12,A01
201100041446,0,07,000,00,0,1,01,A01
201100041447,0,07,000,00,1,6,04,A01
201100041448,0,33,000,00,2,8,03,B01
201100041448,1,07,000,00,9,5,12,Z01
201100041449,0,07,000,00,0,3,05,A01
201100041449,0,33,000,00,0,0,00,B01
201100041450,0,33,000,00,2,8,01,B01
201100041450,0,07,000,00,2,2,10,A01
201100041451,0,33,000,00,2,2,11,A01
201100041451,0,07,000,00,0,6,11,B01
201100041452,0,30,000,14,0,3,00,A01
201100041453,0,33,000,01,0,1,02,A01
201100041454,0,07,000,15,0,8,10,A01
201100041454,0,07,000,00,0,1,00,B01
201100041455,0,07,000,00,2,7,02,A01
201100041455,0,30,000,00,2,8,02,B01
201100041456,0,07,000,00,9,1,00,A01
201100041457,0,33,000,00,0,7,02,A01
201100041458,1,99,000,00,0,0,00,A01
201100041459,0,07,000,00,0,8,10,A01
201100041459,0,33,000,00,2,1,21,B01
201100041460,0,07,000,00,1,2,09,A01
201100041461,0,33,000,00,2,4,15,A01
201100041461,0,07,000,00,0,3,13,B01
201100041462,0,10,000,00,2,6,02,A01
201100041462,0,32,000,15,2,1,02,B01
201100041463,0,07,000,00,0,2,00,A01
201100041463,0,30,000,00,0,2,00,B01
201100041464,0,07,000,00,2,3,19,A01
201100041464,0,07,000,00,2,1,01,B01
201100041465,0,07,000,14,0,2,02,A01
201100041466,0,07,000,00,2,2,15,A01
201100041466,0,32,000,00,2,1,01,B01
201100041467,0,07,000,00,2,1,00,A01
201100041467,0,33,000,00,2,7,00,B01
201100041468,0,30,000,02,0,1,13,A01
201100041469,0,07,000,00,2,2,12,A01
201100041469,0,07,000,08,2,8,02,B01
201100041470,0,07,000,00,0,2,01,A01
201100041470,0,01,000,00,0,1,01,B01
201100041471,0,07,000,00,0,3,01,B01
201100041471,0,07,000,00,0,3,02,C01
201100041471,0,07,000,00,0,6,02,D01
201100041471,1,07,000,00,0,6,00,Z01
201100041472,0,07,000,00,1,6,04,A01
201100041473,0,07,000,00,2,2,00,A01
201100041473,0,07,000,00,2,1,00,B01
201100041474,0,33,000,04,2,1,02,A01
201100041474,0,07,000,04,2,4,02,B01
201100041475,0,01,000,00,0,0,01,A01
201100041476,0,07,000,00,1,1,01,A01
201100041477,0,32,000,00,0,1,01,B01
201100041477,0,10,000,00,0,5,04,A01
201100041478,0,07,000,00,0,7,13,A01
201100041478,0,07,000,00,0,1,01,B01
201100041479,0,07,000,02,9,9,02,A01
201100041480,0,07,000,14,1,0,02,A01
201100041481,0,07,000,00,2,1,00,A01
201100041481,0,07,000,00,2,4,01,B01
201100041482,0,13,000,00,2,1,02,A01
201100041482,0,07,000,00,2,1,02,B01
201100041482,0,07,000,00,0,4,02,C01
201100041483,0,07,000,00,0,0,00,A01
201100041483,0,33,000,00,0,0,00,B01
201100041484,0,07,000,00,2,0,21,A01
201100041484,0,07,000,00,2,0,01,B01
201100041485,0,07,000,00,2,1,10,A01
201100041485,0,07,000,00,2,7,01,B01
201100041486,0,31,000,00,2,7,17,A01
201100041486,0,07,000,00,2,0,00,B01
201100041487,0,07,000,00,1,0,00,A01
201100041488,0,07,000,00,2,1,17,A01
201100041488,0,07,000,00,2,1,01,B01
201100041488,0,07,000,13,0,1,01,C01
201100041488,0,10,000,00,2,1,01,D01
201100041489,0,15,000,00,2,1,11,A01
201100041489,0,07,000,00,2,4,13,B01
201100041489,0,07,000,00,2,7,13,C01
201100041489,0,07,000,00,2,4,14,D01
201100041489,0,10,000,00,2,4,14,E01
201100041490,0,33,000,00,2,0,17,A01
201100041490,0,15,000,00,2,1,00,B01
201100041491,0,33,000,02,2,9,17,A01
201100041491,0,07,000,00,0,0,01,B01
201100041492,0,33,000,00,2,3,00,B01
201100041492,0,13,000,00,2,1,00,A01
201100041493,0,07,000,00,0,0,00,A01
201100041493,0,07,000,00,0,0,00,B01
201100041494,0,33,000,02,0,1,02,A01
201100041495,0,07,000,02,0,2,00,A01
201100041496,0,07,000,00,9,1,15,A01
201100041496,0,01,000,00,2,1,01,B01
201100041497,0,07,000,00,0,1,00,A01
201100041497,0,07,000,00,0,1,00,B01
201100041498,0,07,000,00,1,3,01,A01
201100041499,0,33,000,02,0,9,13,A01
201100041500,0,07,000,00,2,8,13,A01
201100041500,0,07,000,00,2,8,01,B01
201100041500,0,07,000,00,2,1,01,C01
201100041501,0,07,000,00,2,2,01,A01
201100041501,0,07,000,00,0,6,01,B01
201100041502,0,07,000,00,2,3,13,A01
201100041502,0,07,000,00,2,3,01,B01
201100041503,0,07,000,02,0,0,12,A01
201100041504,0,07,000,00,1,2,01,A01
201100041505,1,07,000,00,1,0,00,A01
201100041506,0,07,000,00,2,7,15,A01
201100041506,0,07,000,00,2,1,01,B01
201100041507,0,07,000,00,2,3,19,A01
201100041507,0,07,000,00,2,2,00,B01
201100041508,0,07,000,00,0,5,01,B01
201100041508,0,02,000,00,2,1,15,A01
201100041509,0,32,000,00,2,1,17,A01
201100041509,0,07,000,00,0,6,15,B01
201100041510,0,33,000,00,2,1,02,A01
201100041510,0,07,000,00,2,4,02,B01
201100041511,0,33,000,00,2,4,02,A01
201100041511,0,33,000,00,2,4,02,B01
201100041512,0,07,000,00,1,5,04,A01
201100041513,0,30,000,00,0,1,01,B01
201100041513,0,07,000,00,0,1,15,A01
201100041514,0,07,000,00,2,3,15,A01
201100041514,0,33,000,09,2,8,01,B01
201100041515,0,10,000,00,0,7,05,A01
201100041516,0,30,000,00,2,1,00,A01
201100041516,0,07,000,00,2,3,00,B01
201100041517,0,07,000,00,2,8,01,B01
201100041517,1,07,000,00,0,1,01,Z01
201100041518,0,07,000,00,2,2,15,A01
201100041518,0,02,000,00,2,1,01,B01
201100041519,0,07,000,00,2,1,15,A01
201100041519,0,33,000,00,2,1,01,B01
201100041520,0,01,000,00,2,1,00,A01
201100041520,0,37,042,00,2,5,01,B01
201100041521,0,07,000,14,2,1,01,A01
201100041522,0,07,000,00,2,3,15,A01
201100041522,0,30,000,00,2,7,02,B01
201100041523,0,30,000,00,2,0,01,A01
201100041523,0,07,000,00,2,5,15,B01
201100041524,0,33,000,08,0,9,02,A01
201100041525,0,07,000,00,1,1,01,A01
201100041526,0,07,000,02,0,3,13,A01
201100041527,0,10,000,00,2,1,15,A01
201100041527,0,33,000,00,2,0,01,B01
201100041528,0,30,000,01,0,0,00,A01
201100041528,1,07,000,,,,,B01
201100041529,0,30,000,00,2,1,01,A01
201100041529,0,20,000,00,2,3,15,B01
201100041530,0,37,001,00,2,8,01,C01
201100041530,0,01,000,00,2,1,01,A01
201100041530,0,01,000,00,2,1,01,B01
201100041531,0,02,000,00,2,1,19,A01
201100041531,0,07,000,00,2,5,19,B01
201100041532,0,02,000,00,2,1,18,A01
201100041532,0,07,000,00,2,7,16,B01
201100041533,0,07,000,13,0,1,01,A01
201100041534,0,07,000,00,2,7,01,A01
201100041534,0,30,000,00,2,1,01,B01
201100041535,0,07,000,00,2,3,10,A01
201100041535,0,33,000,00,2,1,17,B01
201100041536,0,07,000,00,2,2,05,A01
201100041536,0,07,000,00,2,3,15,B01
201100041537,0,07,000,00,2,2,15,A01
201100041537,0,33,000,00,2,1,01,B01
201100041538,0,07,000,00,2,1,02,A01
201100041538,0,07,000,00,2,4,02,B01
201100041539,0,33,000,00,0,0,02,B01
201100041539,1,15,000,00,2,0,10,Z01
201100041540,0,07,000,00,1,4,04,A01
201100041541,0,07,000,00,2,1,02,A01
201100041541,0,07,000,00,0,4,23,B01
201100041542,0,07,000,00,1,2,21,A01
201100041543,0,07,000,00,2,5,16,A01
201100041543,0,01,000,00,0,1,01,B01
201100041544,0,07,000,00,2,1,02,A01
201100041544,0,07,000,00,2,1,02,B01
201100041544,0,07,000,00,2,4,02,C01
201100041544,0,07,000,00,2,4,02,D01
201100041544,0,07,000,00,2,4,02,E01
201100041544,0,07,000,00,2,4,02,F02
201100041545,0,02,000,00,2,1,02,B01
201100041545,0,13,000,00,2,2,02,A01
201100041546,0,07,000,00,1,3,01,A01
201100041547,0,13,000,00,2,1,02,A01
201100041547,0,07,000,00,2,9,02,B01
201100041547,0,15,000,00,2,4,02,C01
201100041548,0,38,045,00,2,1,02,A01
201100041548,0,07,000,00,2,4,02,B01
201100041549,0,17,000,00,0,6,01,A01
201100041549,0,07,000,00,0,3,01,B01
201100041549,0,07,000,00,0,1,01,C01
201100041549,0,10,000,00,0,3,01,D01
201100041550,0,07,000,02,0,1,01,A01
201100041551,0,07,000,14,0,3,01,A01
201100041552,0,07,000,00,0,3,01,A01
201100041553,0,07,000,06,0,3,13,A01
201100041554,0,33,000,02,0,1,13,A01
201100041555,0,07,000,00,2,1,01,A01
201100041555,0,07,000,00,2,4,23,B01
201100041555,0,07,000,00,0,4,23,C01
201100041556,0,07,000,00,1,1,01,A01
201100041557,0,07,000,00,2,1,05,A01
201100041557,0,07,000,00,2,1,02,B01
201100041558,0,07,000,00,1,1,15,A01
201100041559,1,99,000,00,1,5,17,Z01
201100041560,0,07,000,12,2,7,05,A01
201100041560,0,07,000,00,2,1,01,B01
201100041561,0,07,000,14,0,1,01,A01
201100041562,0,07,000,00,1,3,01,A01
201100041563,0,07,000,00,1,2,00,A01
201100041564,0,15,000,12,0,7,15,A01
201100041565,0,10,000,00,0,7,15,A01
201100041565,0,33,000,00,2,1,01,B01
201100041566,0,10,000,00,9,1,01,A01
201100041566,0,01,000,00,2,8,15,B01
201100041567,0,30,000,00,0,0,13,A01
201100041568,0,07,000,13,9,1,02,A01
201100041569,0,07,000,13,0,9,00,A01
201100041570,0,07,000,14,0,8,09,A01
201100041571,0,07,000,15,2,7,19,A01
201100041571,0,07,000,00,2,3,23,C01
201100041571,0,07,000,00,2,1,01,B01
201100041572,0,07,000,02,0,0,21,A01
201100041573,0,07,000,08,0,9,13,A01
201100041574,0,07,000,08,0,3,01,A01
201100041575,0,07,000,00,1,3,15,A01
201100041576,0,07,000,00,9,1,15,A01
201100041576,0,01,000,00,2,1,19,B01
201100041577,0,07,000,00,1,1,19,A01
201100041578,0,07,000,13,2,5,01,A01
201100041578,0,07,000,00,2,1,01,B01
201100041579,0,07,000,00,2,1,11,A01
201100041579,0,07,000,00,2,2,01,B01
201100041579,0,07,000,00,2,1,01,C01
201100041579,0,07,000,00,2,0,01,D01
201100041580,0,07,000,00,2,1,01,A01
201100041580,0,07,000,00,2,7,15,B01
201100041581,0,07,000,00,2,3,15,A01
201100041581,0,02,000,00,2,1,15,B01
201100041582,0,33,000,00,2,1,01,A01
201100041582,0,07,000,00,2,3,19,B02
201100041583,0,07,000,08,0,7,01,A01
201100041584,0,33,000,11,0,1,01,A01
201100041585,0,07,000,00,2,1,01,B01
201100041585,0,07,000,00,2,8,01,A01
201100041586,0,07,000,06,0,1,01,A01
201100041587,0,07,000,02,0,1,05,A01
201100041588,0,30,000,00,2,1,01,B01
201100041588,0,07,000,00,2,3,01,A01
201100041589,0,07,000,00,2,3,15,A01
201100041589,0,34,000,00,2,2,17,B01
201100041590,0,30,000,00,2,3,01,A01
201100041590,0,14,000,00,2,3,01,B01
201100041591,0,07,000,00,2,3,15,A01
201100041591,0,33,000,00,2,1,17,B01
201100041592,0,07,000,01,1,2,14,A01
201100041592,0,10,000,06,0,5,24,B02
201100041593,0,07,000,08,0,1,16,A01
201100041594,0,07,000,00,1,2,01,A01
201100041595,0,07,000,00,2,1,01,A01
201100041595,0,07,000,00,2,8,19,B01
201100041596,0,07,000,00,1,1,01,A01
201100041597,0,10,000,00,2,1,01,D01
201100041597,0,07,000,00,2,1,05,A01
201100041597,0,07,000,00,2,3,01,B01
201100041597,0,10,000,00,2,8,01,C01
201100041598,0,07,000,00,1,2,01,A01
201100041599,0,07,000,00,1,3,01,A01
201100041600,0,02,000,00,2,9,01,B01
201100041600,0,07,000,00,2,8,15,A01
201100041601,0,33,000,00,0,7,02,A01
201100041602,0,14,000,09,0,1,01,A01
201100041603,0,01,000,13,0,0,01,A01
201100041604,0,07,000,00,1,2,01,A01
201100041605,0,07,000,00,1,2,01,A01
201100041606,0,07,000,00,1,3,01,A01
201100041607,0,02,000,00,2,1,17,A01
201100041607,0,07,000,00,2,6,02,C01
201100041607,0,07,000,00,2,3,02,B01
201100041608,0,07,000,00,2,3,09,A01
201100041608,0,02,000,00,2,1,00,B01
201100041609,0,07,000,00,1,1,14,A01
201100041610,0,07,000,00,1,1,01,A01
201100041611,0,07,000,00,2,2,15,A01
201100041611,0,07,000,00,2,6,01,B01
201100041611,0,07,000,00,2,3,01,C01
201100041612,0,07,000,00,1,1,01,A01
201100041613,0,33,000,00,2,1,01,A01
201100041613,0,01,000,00,2,0,01,B01
201100041614,0,07,000,00,2,1,19,A01
201100041614,0,07,000,00,2,7,01,B01
201100041615,0,07,000,00,2,3,09,A01
201100041615,0,33,000,00,2,7,01,B01
201100041616,0,07,000,00,1,3,17,A01
201100041617,0,07,000,00,2,1,19,A01
201100041617,0,07,000,00,2,8,01,B01
201100041618,0,30,000,01,0,2,02,A01
201100041619,0,07,000,00,2,3,01,B01
201100041619,0,30,000,00,2,1,01,A01
201100041620,0,07,000,00,2,1,01,A01
201100041620,0,01,000,00,2,3,19,B01
201100041621,0,30,000,00,2,1,09,A01
201100041621,0,07,000,00,2,3,01,B01
201100041622,0,07,000,00,2,3,01,B01
201100041622,0,07,000,00,2,2,19,A01
201100041623,0,07,000,00,1,5,04,A01
201100041624,0,02,000,12,0,1,02,A01
201100041625,0,01,000,00,2,0,01,A01
201100041625,0,07,000,00,9,0,02,B01
201100041626,0,07,000,15,2,3,01,A01
201100041626,0,07,000,00,2,8,15,B01
201100041627,0,37,001,00,2,3,01,A01
201100041627,0,07,000,00,2,3,01,B01
201100041628,0,10,000,00,2,1,01,A01
201100041628,0,07,000,00,2,4,01,B01
201100041628,0,07,000,00,2,4,01,C01
201100041628,0,07,000,00,2,4,01,D01
201100041629,0,30,000,00,2,1,01,A01
201100041629,0,07,000,00,2,2,19,B01
201100041630,0,37,002,00,1,2,16,A01
201100041631,0,10,000,00,2,3,06,A01
201100041631,0,33,000,00,2,5,01,B01
201100041632,0,07,000,00,2,1,09,A01
201100041632,0,33,000,00,2,7,02,B01
201100041633,0,07,000,00,2,5,15,A01
201100041633,0,07,000,00,2,2,01,B01
201100041634,0,02,000,00,2,1,01,A01
201100041634,0,10,000,00,2,7,01,B01
201100041635,0,07,000,00,1,7,02,A01
201100041636,0,07,000,00,1,3,02,A01
201100041637,0,31,000,00,2,1,01,A01
201100041637,0,07,000,00,2,1,15,B01
201100041638,0,07,000,00,2,2,01,A01
201100041638,0,01,000,00,2,6,19,B01
201100041639,0,07,000,00,1,1,15,A01
201100041640,0,07,000,08,2,2,15,A01
201100041640,0,07,000,00,2,3,01,B01
201100041641,0,07,000,00,2,2,15,A01
201100041641,0,07,000,00,2,1,01,B01
201100041642,0,07,000,00,1,1,01,A01
201100041643,0,07,000,00,1,3,15,A01
201100041644,0,07,000,00,1,3,01,A01
201100041645,0,15,000,00,2,1,01,A01
201100041645,0,07,000,00,0,4,01,B01
201100041646,1,07,000,00,1,2,01,A01
201100041647,0,07,000,00,1,7,00,A01
201100041648,0,07,000,00,2,8,15,A01
201100041648,0,02,000,00,2,1,01,B01
201100041649,0,02,000,00,2,1,11,A01
201100041649,0,07,000,00,2,3,01,B01
201100041650,0,07,000,02,0,1,00,A01
201100041651,0,07,000,00,2,1,01,A01
201100041651,0,15,000,00,2,5,23,A02
201100041651,0,15,000,00,2,6,02,A03
201100041652,0,30,000,00,1,1,01,A01
201100041653,0,10,000,00,1,8,01,A01
201100041654,0,30,000,00,2,1,02,A01
201100041654,0,07,000,00,2,4,02,B01
201100041655,0,07,000,01,0,1,01,A01
201100041655,0,07,000,00,2,6,01,B01
201100041656,0,33,000,00,2,1,00,A01
201100041656,0,01,000,00,2,8,19,B01
201100041657,0,07,000,00,0,4,02,A01
201100041657,0,07,000,00,0,1,00,B01
201100041658,2,07,000,00,2,1,02,A01
201100041658,0,07,000,00,2,4,02,B01
201100041659,0,10,000,00,0,1,02,A01
201100041659,0,07,000,00,0,4,02,B01
201100041660,0,33,000,00,2,1,02,A01
201100041660,0,33,000,00,2,4,02,B01
201100041661,0,07,000,00,2,3,00,A01
201100041661,0,01,000,00,2,1,15,B01
201100041662,0,07,000,06,2,3,15,B01
201100041662,0,30,000,00,2,1,17,A01
201100041663,0,07,000,00,2,4,23,A01
201100041663,0,02,000,00,2,1,02,B01
201100041664,0,30,000,00,0,3,00,A01
201100041665,0,36,000,00,0,0,00,A01
201100041666,0,07,000,00,9,3,11,A01
201100041666,0,01,000,00,2,7,01,A02
201100041667,0,15,000,02,9,1,05,A01
201100041668,0,07,000,00,0,3,00,A01
201100041668,0,07,000,00,0,8,00,B01
201100041669,0,07,000,00,9,0,19,A01
201100041669,0,39,001,00,2,9,19,B01
201100041670,0,07,000,12,0,3,01,A01
201100041671,0,33,000,00,2,1,02,B01
201100041671,0,07,000,00,2,5,02,A01
201100041672,0,07,000,00,2,3,02,A01
201100041672,0,07,000,00,0,5,02,B01
201100041673,0,02,000,00,0,4,01,B01
201100041673,0,13,000,00,2,2,09,A01
201100041674,0,07,000,00,2,1,09,A01
201100041674,0,30,000,00,0,4,01,B01
201100041675,0,07,000,00,2,2,15,A01
201100041675,0,30,000,00,2,8,02,B01
201100041676,0,07,000,00,2,2,15,A01
201100041676,0,33,000,00,2,1,01,B01
201100041677,0,07,000,00,2,7,15,A01
201100041677,0,33,000,00,2,1,01,B01
201100041678,0,07,000,00,1,8,01,A01
201100041679,0,07,000,00,2,3,00,A01
201100041679,0,01,000,00,2,1,00,B01
201100041680,0,33,000,00,2,1,02,A01
201100041680,0,07,000,00,2,4,02,B01
201100041681,0,07,000,00,1,7,01,A01
201100041682,0,10,000,00,1,5,04,A01
201100041683,0,07,000,00,0,8,02,B01
201100041683,0,07,000,00,2,1,19,A01
201100041684,0,07,000,00,2,1,15,A01
201100041684,0,31,000,00,2,8,01,B01
201100041685,0,31,000,00,2,1,01,A01
201100041685,0,07,000,00,2,2,04,B01
201100041686,1,07,000,00,1,2,01,Z01
201100041687,0,07,000,00,2,2,00,A01
201100041687,0,14,000,00,2,5,21,B01
201100041688,0,07,000,00,1,7,01,A01
201100041689,0,07,000,00,2,3,01,A01
201100041689,0,31,000,00,2,3,01,B01
201100041690,0,07,000,16,5,0,21,A01
201100041691,0,07,000,00,0,2,02,A01
201100041691,0,02,000,00,2,1,19,B01
201100041692,0,16,000,00,9,3,01,A01
201100041692,0,02,000,00,2,8,00,B01
201100041693,0,07,000,00,2,2,01,A01
201100041693,0,07,000,00,2,1,15,B01
201100041694,0,07,000,00,2,1,15,A01
201100041694,0,10,000,00,2,3,02,B01
201100041694,0,07,000,00,2,8,23,C01
201100041695,0,07,000,00,1,1,15,A01
201100041696,0,07,000,00,0,6,15,A01
201100041696,0,33,000,00,2,1,01,B01
201100041697,0,07,000,00,1,1,02,A01
201100041698,0,07,000,04,0,3,01,A01
201100041699,0,07,000,00,2,1,02,A01
201100041699,0,07,000,00,0,4,02,B01
201100041700,0,10,000,00,2,2,17,A01
201100041701,0,07,000,00,2,3,00,A01
201100041701,0,07,000,00,2,7,01,B01
201100041702,0,07,000,00,2,7,05,B01
201100041702,0,07,000,00,2,1,01,A01
201100041703,0,30,000,00,0,4,02,B01
201100041703,0,07,000,00,9,1,02,A01
201100041704,0,07,000,00,2,3,00,A01
201100041704,0,07,000,06,2,3,00,B01
201100041705,0,07,000,00,2,7,13,A01
201100041705,0,07,000,00,0,8,01,B01
201100041706,0,33,000,00,2,7,00,B01
201100041706,0,07,000,00,2,3,15,A01
201100041707,0,07,000,00,9,1,01,A01
201100041707,0,01,000,00,2,8,19,B01
201100041708,0,37,001,00,1,1,02,A01
201100041709,0,07,000,00,2,1,02,A01
201100041709,0,07,000,00,2,4,02,B01
201100041709,0,07,000,00,0,4,02,C01
201100041710,0,07,000,00,0,4,02,A01
201100041710,0,07,000,00,0,1,02,B01
201100041711,0,07,000,00,1,1,00,A01
201100041712,0,07,000,00,9,8,10,A01
201100041712,0,33,000,00,2,1,01,B01
201100041713,0,14,000,15,0,1,00,A01
201100041714,0,07,000,00,0,1,01,A01
201100041714,0,33,000,00,0,7,01,B01
201100041714,0,07,000,00,2,3,01,C01
201100041715,0,07,000,00,2,3,10,A01
201100041715,0,33,000,00,2,7,17,B01
201100041715,0,07,000,00,2,1,23,C01
201100041716,0,07,000,00,2,3,01,A01
201100041716,0,07,000,00,2,6,01,B01
201100041717,0,13,000,00,0,3,01,A01
201100041717,0,02,000,00,2,1,01,B01
201100041718,0,07,000,00,2,4,10,B02
201100041718,0,34,000,00,2,1,01,A01
201100041719,0,07,000,00,2,8,00,B01
201100041719,0,07,000,00,2,2,02,A01
201100041720,0,07,000,00,2,2,01,B01
201100041720,0,07,000,12,2,7,01,C01
201100041720,0,07,000,00,2,3,09,A01
201100041721,0,07,000,06,2,5,01,B01
201100041721,0,07,000,00,2,3,09,A01
201100041722,0,10,000,00,2,1,01,B01
201100041722,0,07,000,00,2,3,10,A01
201100041723,0,07,000,06,0,1,06,A01
201100041724,0,33,000,00,2,0,21,B01
201100041725,0,33,000,04,0,0,09,A01
201100041726,0,07,000,00,1,0,00,A01
201100041727,0,07,000,00,2,1,01,B01
201100041727,0,33,000,00,1,1,01,A01
201100041728,0,07,000,00,1,2,01,A01
201100041729,0,07,000,00,2,3,15,A01
201100041729,0,30,000,00,2,1,01,B01
201100041730,0,07,000,00,0,4,23,B01
201100041730,0,10,000,00,2,1,02,A01
201100041731,0,33,000,00,2,1,01,A01
201100041731,0,07,000,00,2,6,16,B01
201100041732,0,33,000,02,0,1,15,A01
201100041733,0,07,000,00,1,7,01,A01
201100041734,0,33,000,00,2,6,13,A01
201100041734,0,07,000,00,2,3,01,B01
201100041735,0,30,000,01,0,1,01,A01
201100041736,0,07,000,00,2,1,15,A01
201100041736,0,37,004,00,2,1,01,B01
201100041737,0,07,000,00,2,1,02,A01
201100041737,0,07,000,00,2,4,02,C01
201100041737,0,34,000,00,2,4,02,B01
201100041738,1,07,000,00,1,2,00,Z01
201100041739,0,07,000,00,1,2,15,A01
201100041740,0,33,000,12,0,9,02,A01
201100041741,0,07,000,00,2,2,15,A01
201100041741,0,01,000,00,2,1,21,B01
201100041742,0,37,009,00,1,0,01,A01
201100041743,0,15,000,00,2,2,21,A01
201100041743,0,07,000,03,2,6,23,B01
201100041744,0,15,000,14,0,1,02,A01
201100041744,0,07,000,00,0,4,23,B01
201100041744,0,07,000,00,0,5,13,C01
201100041744,0,07,000,00,0,1,23,E01
201100041744,0,07,000,00,0,1,23,D01
201100041745,0,07,000,00,2,1,01,A01
201100041745,0,07,000,00,0,4,02,C01
201100041745,0,07,000,00,2,4,02,B01
201100041746,0,01,000,00,0,8,19,A01
201100041746,0,07,000,00,2,1,01,B01
201100041747,0,07,000,00,2,2,01,A01
201100041747,0,01,000,00,2,1,18,B01
201100041748,0,07,000,11,2,2,01,B01
201100041748,0,07,000,00,2,2,12,A01
201100041749,0,07,000,00,1,2,01,A01
201100041750,0,07,000,11,0,3,09,A01
201100041751,0,33,000,00,2,4,15,A01
201100041751,0,07,000,00,2,2,01,B01
201100041752,0,07,000,00,1,1,01,A01
201100041753,0,33,000,00,2,2,01,B01
201100041753,0,07,000,00,2,3,11,A01
201100041754,0,07,000,00,2,8,01,B01
201100041754,0,07,000,00,2,1,01,A01
201100041755,0,31,000,00,2,1,01,B01
201100041755,0,07,000,00,2,3,15,A01
201100041756,0,38,053,00,2,1,01,A01
201100041756,0,07,000,00,2,4,00,B01
201100041757,0,07,000,00,1,2,01,A01
201100041758,0,07,000,00,2,4,23,B01
201100041758,0,07,000,00,2,4,23,C01
201100041758,0,07,000,00,2,1,01,A01
201100041759,0,10,000,00,2,1,01,A01
201100041759,0,10,000,00,2,4,23,B01
201100041760,0,07,000,00,1,1,01,A01
201100041761,0,07,000,00,2,2,09,A01
201100041761,0,33,000,00,2,2,01,B01
201100041762,0,10,000,00,2,1,01,B01
201100041762,0,07,000,00,2,3,15,A01
201100041763,0,07,000,00,2,8,01,B01
201100041763,0,31,000,00,2,1,19,A01
201100041764,0,17,000,00,2,1,01,A01
201100041764,0,07,000,00,2,4,01,B01
201100041765,0,07,000,00,2,1,02,A01
201100041765,0,07,000,00,2,9,02,B01
201100041765,0,07,000,00,2,4,02,C01
201100041766,0,07,000,00,2,3,01,B01
201100041766,0,07,000,00,2,3,13,A01
201100041767,0,07,000,00,2,1,01,A01
201100041767,0,33,000,00,0,4,01,B01
201100041768,0,07,000,00,0,4,23,B01
201100041768,0,07,000,00,2,4,23,C01
201100041768,0,07,000,00,2,4,23,D01
201100041768,0,07,000,00,2,1,00,A01
201100041769,0,07,000,00,2,3,01,B01
201100041769,0,07,000,00,2,3,13,A01
201100041770,0,07,000,00,2,1,01,A01
201100041770,0,07,000,00,2,2,15,B01
201100041771,0,10,000,00,2,3,01,B01
201100041771,0,33,000,00,2,3,01,A01
201100041772,0,07,000,00,2,4,01,B01
201100041772,0,07,000,00,2,1,01,A01
201100041773,0,07,000,00,1,3,01,A01
201100041774,0,33,000,00,2,1,21,B01
201100041774,0,07,000,00,2,4,23,A01
201100041775,0,07,000,00,2,5,01,B01
201100041775,0,07,000,00,2,2,14,A01