Num_Acc,senc,catv,occutc,obs,obsm,choc,manv,num_veh
201100041776,0,07,000,00,2,1,01,A01
201100041776,0,07,000,00,2,4,23,B01
201100041777,0,07,000,00,2,3,15,A01
201100041777,0,33,000,00,2,1,01,B01
201100041778,0,07,000,00,2,5,01,B01
201100041778,0,07,000,00,2,1,09,A01
201100041779,0,33,000,00,1,1,17,A01
201100041780,0,07,000,00,1,1,01,A01
201100041781,0,07,000,00,1,1,01,A01
201100041782,0,10,000,00,2,2,04,A01
201100041782,0,30,000,00,2,1,23,B01
201100041783,0,30,000,00,2,6,10,A01
201100041783,0,33,000,00,2,2,01,B01
201100041784,0,07,000,00,2,4,23,C01
201100041784,0,07,000,00,2,1,01,D01
201100041784,0,07,000,00,2,4,23,A01
201100041784,0,07,000,00,2,4,23,B01
201100041785,0,07,000,01,1,9,13,A01
201100041786,0,07,000,00,2,4,01,B01
201100041786,0,07,000,00,2,1,01,A01
201100041786,0,07,000,00,2,4,23,D01
201100041786,0,10,000,00,2,4,01,C01
201100041787,0,07,000,00,2,8,15,A01
201100041787,0,07,000,00,2,1,01,B01
201100041788,0,33,000,00,2,1,01,B01
201100041788,0,07,000,00,2,8,16,A01
201100041789,0,07,000,00,2,3,04,B01
201100041789,0,30,000,00,2,1,01,A01
201100041790,0,07,000,00,1,3,01,A01
201100041791,0,07,000,00,1,2,21,A01
201100041792,0,07,000,00,1,2,01,A01
201100041793,0,14,000,13,0,2,01,A01
201100041794,0,07,000,00,1,1,01,A01
201100041795,0,07,000,00,2,4,23,B01
201100041795,0,07,000,00,2,3,23,C01
201100041795,0,14,000,00,2,1,01,A01
201100041796,0,07,000,00,1,1,01,A01
201100041797,0,07,000,00,1,2,01,A01
201100041798,0,07,000,00,1,4,04,A01
201100041799,0,07,000,00,1,2,01,A01
201100041800,0,02,000,00,0,7,01,A01
201100041801,0,07,000,00,1,2,15,A01
201100041802,0,34,000,00,0,1,01,B01
201100041802,0,07,000,00,0,2,15,A01
201100041803,0,07,000,00,1,1,01,B01
201100041804,0,07,000,04,2,1,01,A01
201100041804,0,07,000,04,0,1,02,B01
201100041805,0,07,000,00,2,2,21,A01
201100041805,0,15,000,00,0,6,23,B01
201100041806,0,07,000,00,2,3,01,A01
201100041806,0,07,000,00,2,5,01,B01
201100041807,0,07,000,00,1,1,16,A01
201100041808,0,07,000,00,2,2,02,A01
201100041808,0,03,000,00,0,6,02,B01
201100041809,0,07,000,00,2,1,15,A01
201100041809,0,07,000,00,2,1,01,B01
201100041810,0,07,000,06,0,1,00,A01
201100041811,0,07,000,00,2,1,00,B01
201100041811,0,07,000,00,2,1,00,A01
201100041812,0,20,000,00,2,1,23,B01
201100041812,0,01,000,00,2,1,01,A01
201100041813,1,07,000,00,2,3,01,Z01
201100041813,0,01,000,00,2,1,19,A01
201100041814,0,07,000,00,2,4,02,B01
201100041814,0,17,000,00,2,1,02,A01
201100041815,0,07,000,10,0,1,01,A01
201100041816,0,07,000,02,0,3,21,A01
201100041816,0,07,000,00,2,0,15,B01
201100041817,0,07,000,01,1,6,00,A01
201100041818,0,07,000,00,1,2,01,A01
201100041819,0,07,000,00,2,1,01,A01
201100041819,0,07,000,00,0,3,15,B01
201100041820,0,07,000,00,2,3,01,A01
201100041820,0,07,000,15,2,2,01,B01
201100041821,0,34,000,00,2,1,21,A01
201100041821,0,07,000,00,2,2,23,B01
201100041822,0,07,000,00,2,4,23,B02
201100041822,0,07,000,00,2,1,02,A02
201100041823,0,02,000,00,2,1,01,A01
201100041823,0,07,000,00,2,4,23,B01
201100041824,0,33,000,04,0,0,02,B01
201100041824,0,33,000,04,0,0,00,A01
201100041825,0,07,000,00,2,3,15,B01
201100041825,0,31,000,00,2,1,01,Z01
201100041826,0,07,000,00,1,1,01,A01
201100041827,0,07,000,00,2,3,09,A01
201100041827,0,14,000,00,2,7,01,B01
201100041828,0,07,000,14,2,2,09,A01
201100041828,0,07,000,00,2,6,01,B01
201100041828,0,07,000,00,2,3,23,C01
201100041829,0,32,000,00,0,4,23,B01
201100041829,0,07,000,00,2,1,01,A01
201100041830,0,07,000,00,1,2,01,A01
201100041831,0,07,000,00,1,0,01,A01
201100041832,0,01,000,12,0,0,21,B01
201100041833,0,07,000,00,2,3,15,A01
201100041833,0,07,000,00,2,3,01,B01
201100041834,0,07,000,00,2,1,01,A01
201100041834,0,07,000,00,0,8,01,B01
201100041835,0,07,000,00,2,1,23,C01
201100041835,0,07,000,00,2,1,01,B01
201100041835,0,07,000,00,2,1,01,A01
201100041836,0,07,000,00,2,4,01,B01
201100041836,0,33,000,00,2,1,09,A01
201100041837,0,07,000,00,2,4,01,C01
201100041837,0,07,000,00,2,4,01,B01
201100041837,0,07,000,00,2,1,01,A01
201100041838,0,33,000,01,0,1,01,A01
201100041839,0,33,000,12,0,1,01,A01
201100041840,0,30,000,00,2,1,01,A01
201100041841,0,07,000,00,1,2,01,A01
201100041842,0,07,000,00,1,8,01,A01
201100041843,0,07,000,00,2,4,01,B01
201100041843,0,07,000,00,2,1,01,A01
201100041844,0,14,000,00,2,6,01,B01
201100041844,0,10,000,00,2,2,21,A01
201100041845,0,07,000,00,2,7,01,B01
201100041845,0,07,000,00,2,8,10,A01
201100041846,0,07,000,00,1,1,01,A01
201100041847,0,07,000,00,1,1,01,A01
201100041848,0,07,000,00,1,1,01,A01
201100041849,0,07,000,00,9,2,01,B01
201100041849,0,01,000,00,2,2,09,A01
201100041850,0,33,000,14,0,1,01,A01
201100041851,0,07,000,00,2,4,02,B01
201100041851,0,07,000,00,2,1,02,A01
201100041852,0,14,000,00,1,2,01,A01
201100041853,0,07,000,00,1,2,01,A01
201100041854,0,07,000,00,2,1,13,A01
201100041854,0,07,000,00,0,0,01,C01
201100041854,0,07,000,00,2,4,01,B01
201100041855,0,07,000,00,2,4,01,B01
201100041855,0,07,000,00,2,1,02,A01
201100041856,0,07,000,00,2,6,02,B01
201100041856,0,32,000,00,2,2,12,A01
201100041857,0,07,000,00,1,3,01,A01
201100041858,0,07,000,00,2,2,02,A01
201100041858,0,07,000,00,2,6,01,B01
201100041859,0,07,000,00,1,1,01,A01
201100041860,0,07,000,00,2,1,01,A01
201100041860,0,30,000,00,2,8,15,B01
201100041861,0,02,000,07,0,1,17,A01
201100041862,0,30,000,00,2,1,17,A01
201100041862,0,10,000,00,2,8,10,B01
201100041863,0,01,000,00,0,0,00,B01
201100041863,0,07,000,00,0,0,16,A01
201100041864,0,07,000,00,1,3,01,A01
201100041865,0,07,000,00,1,0,15,A01
201100041866,0,30,000,00,2,8,01,A01
201100041866,0,07,000,00,2,1,01,B01
201100041867,0,07,000,00,2,4,02,C01
201100041867,0,07,000,00,2,4,02,B01
201100041867,0,07,000,00,2,1,02,A01
201100041867,0,07,000,00,0,4,02,D01
201100041868,0,01,000,00,0,8,21,B01
201100041868,0,07,000,00,0,0,15,A01
201100041869,0,07,000,00,1,1,01,A01
201100041870,0,07,000,00,0,4,15,B01
201100041870,0,33,000,00,2,1,02,A01
201100041871,0,07,000,00,1,4,20,A01
201100041872,0,01,000,01,2,7,02,B01
201100041872,0,07,000,00,2,8,18,A01
201100041873,0,14,000,00,1,0,04,A01
201100041874,0,07,000,12,1,4,04,A01
201100041875,0,33,000,00,2,1,01,A01
201100041875,0,07,000,00,2,2,15,B01
201100041876,0,30,000,00,2,1,17,B01
201100041876,0,07,000,00,2,6,15,A01
201100041877,0,33,000,00,2,1,01,B01
201100041877,0,07,000,08,2,1,01,A01
201100041878,0,07,000,00,1,7,15,A01
201100041879,0,07,000,00,2,5,01,A01
201100041879,0,01,000,00,2,1,01,B01
201100041880,0,32,000,00,0,8,01,A01
201100041880,0,07,000,00,0,5,15,B01
201100041881,0,01,000,00,2,1,00,B01
201100041881,0,07,000,00,2,8,15,A01
201100041882,0,07,000,00,1,2,01,A01
201100041883,0,30,000,00,2,1,01,B01
201100041883,0,07,000,00,2,1,13,A01
201100041884,0,01,000,00,2,0,02,B01
201100041884,0,07,000,00,2,5,17,A01
201100041885,0,07,000,06,2,1,13,A01
201100041885,0,02,000,00,2,1,01,B01
201100041886,0,07,000,00,1,0,01,A01
201100041887,0,30,000,00,2,7,17,B01
201100041887,0,07,000,00,2,3,13,A01
201100041888,0,30,000,00,2,8,01,B01
201100041888,0,07,000,00,2,2,01,A01
201100041889,0,07,000,00,2,0,00,A01
201100041889,0,34,000,00,2,1,01,B01
201100041890,0,07,000,00,2,2,01,A01
201100041890,0,07,000,00,2,1,01,B01
201100041891,0,07,000,00,2,1,00,B01
201100041891,0,07,000,00,2,4,00,A01
201100041892,0,31,000,15,0,7,00,A01
201100041893,0,10,000,00,1,1,01,A01
201100041894,0,30,000,00,2,1,15,B01
201100041894,0,07,000,00,0,1,16,A01
201100041895,0,07,000,02,2,1,02,A01
201100041895,0,07,000,00,0,4,01,B01
201100041896,0,07,000,00,2,1,01,B01
201100041896,0,07,000,00,2,7,15,A01
201100041897,0,07,000,00,0,9,01,A01
201100041898,0,07,000,00,2,1,00,B01
201100041898,0,07,000,00,2,1,00,A01
201100041899,0,07,000,00,1,3,21,A01
201100041900,0,07,000,13,0,0,00,A01
201100041901,0,07,000,00,1,3,01,A01
201100041902,0,10,000,00,1,4,04,A01
201100041903,0,07,000,00,1,1,01,A01
201100041904,0,37,001,00,2,2,01,B01
201100041904,0,01,000,00,2,1,11,A01
201100041905,0,07,000,00,1,2,16,A01
201100041906,0,07,000,00,2,1,01,C01
201100041906,0,07,000,00,2,1,01,B01
201100041906,0,07,000,00,2,2,00,A01
201100041907,0,15,000,00,2,1,15,A01
201100041907,0,33,000,00,2,1,01,B01
201100041908,0,10,000,00,1,4,04,A01
201100041909,0,10,000,00,2,5,13,A01
201100041909,0,02,000,00,2,0,00,Z01
201100041910,0,07,000,00,2,1,01,C01
201100041910,0,07,000,00,0,5,01,B01
201100041910,0,07,000,00,2,3,01,A01
201100041911,0,33,000,00,1,3,15,A01
201100041912,0,02,000,00,2,1,01,B01
201100041912,0,07,000,00,2,3,15,A01
201100041913,0,02,000,02,0,1,00,A01
201100041914,0,01,000,00,2,0,19,A01
201100041914,0,10,000,00,2,1,01,B01
201100041915,0,07,000,00,2,5,01,B01
201100041915,0,10,000,00,2,1,01,A01
201100041916,0,33,000,00,1,1,01,A01
201100041917,0,07,000,00,2,0,00,A01
201100041917,0,01,000,00,0,0,00,B01
201100041918,0,02,000,00,1,1,01,A01
201100041919,0,07,000,00,1,3,01,A01
201100041920,0,07,000,15,0,9,00,A01
201100041921,0,07,000,00,2,1,00,A01
201100041921,0,33,000,00,2,8,00,B01
201100041922,0,20,000,02,0,0,01,A01
201100041923,0,07,000,00,2,4,02,B01
201100041923,0,07,000,00,2,4,01,C01
201100041923,0,07,000,00,2,1,02,A01
201100041924,0,07,000,00,2,3,01,A01
201100041924,0,02,000,00,2,1,15,B01
201100041925,0,07,000,08,0,1,01,A01
201100041926,0,07,000,00,2,6,10,A01
201100041926,0,07,000,00,2,2,01,B01
201100041927,0,10,000,00,2,6,21,A01
201100041927,0,07,000,00,2,1,02,B01
201100041928,0,07,000,00,2,1,01,B01
201100041928,0,02,000,00,2,8,15,A01
201100041929,0,07,000,00,2,2,12,A01
201100041929,0,31,000,00,2,3,15,B01
201100041930,0,07,000,00,2,3,01,B01
201100041930,0,13,000,00,2,2,15,A01
201100041931,0,33,000,00,2,0,00,A01
201100041931,0,07,000,00,2,2,01,B01
201100041932,0,36,000,06,0,1,00,A01
201100041933,0,07,000,00,1,2,01,A01
201100041934,0,10,000,00,2,1,13,A01
201100041934,0,07,000,00,2,8,21,C01
201100041934,0,07,000,01,2,3,01,B01
201100041935,0,10,000,00,1,2,01,A01
201100041936,0,33,000,00,2,1,01,B01
201100041936,0,07,000,00,2,2,19,A01
201100041937,0,07,000,00,1,2,01,A01
201100041938,0,33,000,01,0,1,01,A01
201100041939,0,07,000,00,1,1,01,A01
201100041940,0,07,000,02,0,1,01,A01
201100041941,0,01,000,00,0,4,01,B01
201100041941,0,10,000,00,2,1,01,A01
201100041942,0,02,000,00,0,0,21,A01
201100041943,0,07,000,00,2,4,23,B01
201100041943,0,07,000,01,2,8,20,C01
201100041943,0,07,000,00,2,1,02,A01
201100041944,0,33,000,02,0,1,00,A01
201100041945,0,07,000,00,1,1,16,A01
201100041946,0,32,000,00,2,1,02,A01
201100041946,0,07,000,00,2,4,02,B01
201100041947,0,07,000,00,1,2,15,A01
201100041948,0,07,000,00,2,2,17,A01
201100041948,0,07,000,00,2,8,01,B01
201100041949,0,33,000,08,0,1,06,A01
201100041950,0,30,000,15,0,2,00,A01
201100041951,0,02,000,00,2,2,01,A01
201100041951,0,07,000,00,2,3,00,B01
201100041952,0,33,000,00,1,3,01,A01
201100041953,0,07,000,00,1,2,01,A01
201100041954,0,14,000,00,2,1,01,A01
201100041954,0,10,000,00,2,4,01,B01
201100041955,0,02,000,00,2,7,17,B01
201100041955,0,07,000,00,2,3,15,A01
201100041956,0,07,000,00,2,7,09,A01
201100041956,0,33,000,00,2,3,01,B01
201100041957,0,10,000,00,2,1,01,A01
201100041957,0,32,000,00,2,4,01,B01
201100041958,0,07,000,00,1,7,01,A01
201100041959,0,10,000,01,0,7,01,A01
201100041959,0,10,000,00,2,3,01,B01
201100041960,0,07,000,00,2,1,02,A01
201100041960,0,15,000,00,2,4,02,B01
201100041961,0,33,000,00,2,1,01,A01
201100041961,0,38,001,00,2,8,15,B01
201100041962,0,07,000,00,2,3,09,A01
201100041962,0,07,000,00,2,2,15,B01
201100041963,0,32,000,01,0,1,09,B01
201100041963,0,07,000,00,0,3,09,A01
201100041964,0,07,000,00,2,1,01,B01
201100041964,0,07,000,00,2,8,15,A01
201100041965,0,07,000,00,2,1,02,A01
201100041965,0,07,000,00,2,4,02,B01
201100041966,1,07,000,00,2,4,23,Z01
201100041966,0,02,000,00,2,1,02,A01
201100041967,0,33,000,00,0,8,01,A01
201100041968,0,10,000,00,2,3,11,A01
201100041968,0,07,000,00,2,1,02,B01
201100041969,0,07,000,06,0,0,01,A01
201100041970,0,07,000,00,1,1,01,A01
201100041971,0,07,000,00,2,1,05,B01
201100041971,0,07,000,03,2,1,05,A01
201100041972,0,07,000,06,0,9,01,A01
201100041973,0,17,000,00,0,7,01,A01
201100041974,0,07,000,00,2,7,02,C01
201100041974,0,07,000,00,2,3,01,A01
201100041974,0,07,000,00,2,5,02,B01
201100041975,0,07,000,00,2,3,09,B01
201100041975,0,07,000,00,2,2,17,A01
201100041976,0,07,000,00,2,1,15,A01
201100041976,0,07,000,00,2,1,01,B01
201100041977,0,07,000,02,0,0,01,A01
201100041978,0,07,000,00,2,1,01,A01
201100041978,0,30,000,00,2,4,01,B01
201100041979,0,07,000,00,2,3,01,A01
201100041979,0,07,000,00,2,3,01,B01
201100041980,0,07,000,08,0,1,00,A01
201100041981,0,07,000,00,2,3,15,A01
201100041981,0,07,000,00,2,1,01,B01
201100041982,0,07,000,00,0,3,00,B01
201100041982,0,07,000,00,2,0,15,A01
201100041983,0,07,000,00,0,2,00,A01
201100041984,0,07,000,00,2,4,15,B01
201100041984,0,33,000,00,2,1,01,A01
201100041985,0,33,000,00,0,2,01,B01
201100041985,0,07,000,00,2,6,11,A01
201100041986,0,07,000,00,1,2,01,A01
201100041987,1,07,000,00,0,0,00,Z01
201100041987,0,01,000,00,2,8,00,B01
201100041988,0,07,000,00,0,4,02,B01
201100041988,0,07,000,00,0,4,02,C01
201100041988,0,07,000,00,0,1,02,A01
201100041989,0,10,000,00,2,4,11,B01
201100041989,0,33,000,00,2,1,11,A01
201100041989,0,07,000,00,0,4,01,C01
201100041990,0,07,000,00,2,6,02,A01
201100041990,0,07,000,00,2,2,02,B01
201100041991,0,30,000,00,2,0,01,B01
201100041991,0,07,000,00,2,0,20,A01
201100041992,0,07,000,00,1,1,00,A01
201100041993,0,07,000,00,0,2,09,A01
201100041994,0,07,000,00,2,1,01,B01
201100041994,0,07,000,00,2,1,13,A01
201100041995,0,03,000,00,2,1,13,B01
201100041995,0,07,000,00,2,1,13,A01
201100041996,0,07,000,00,2,3,01,A01
201100041996,0,01,000,00,2,1,01,B01
201100041997,0,07,000,15,0,1,09,A01
201100041998,0,33,000,00,2,7,01,C01
201100041998,0,07,000,00,2,1,01,B01
201100041998,0,07,000,00,2,9,13,A01
201100041999,0,10,000,00,2,7,01,A01
201100041999,0,07,000,00,2,1,01,B01
201100042000,0,07,000,00,1,2,01,A01
201100042001,0,07,000,09,2,1,13,A01
201100042001,0,07,000,00,2,1,01,B01
201100042002,0,07,000,00,2,7,15,B01
201100042002,0,07,000,00,2,1,01,A01
201100042003,0,33,000,00,2,1,01,A01
201100042003,0,07,000,00,2,5,21,B01
201100042004,0,07,000,00,2,1,09,A01
201100042004,0,07,000,00,2,3,01,B01
201100042005,0,07,000,01,0,1,01,A01
201100042006,0,33,000,00,1,2,21,A01
201100042007,1,07,000,00,1,1,05,A01
201100042008,0,07,000,00,1,1,01,A01
201100042009,0,07,000,00,2,4,23,C01
201100042009,0,07,000,00,2,4,23,B01
201100042009,0,07,000,00,2,1,02,A01
201100042009,0,07,000,00,2,1,02,D01
201100042010,0,33,000,00,6,1,00,A01
201100042011,0,07,000,14,0,8,00,A01
201100042012,0,07,000,00,0,4,23,C01
201100042012,0,07,000,00,2,1,02,A01
201100042012,0,07,000,00,2,4,02,B01
201100042013,0,07,000,00,1,2,01,A01
201100042014,0,07,000,00,2,1,01,A01
201100042014,0,03,000,00,2,4,16,B01
201100042015,0,10,000,00,2,3,23,B01
201100042015,0,02,000,00,2,3,19,A01
201100042016,0,07,000,12,0,2,01,A01
201100042017,0,01,000,00,0,0,00,B01
201100042017,0,07,000,00,0,3,00,A01
201100042018,0,07,000,00,2,9,00,A01
201100042018,0,14,000,00,2,1,01,B01
201100042018,0,07,000,00,2,1,01,C01
201100042019,0,07,000,00,2,8,00,A01
201100042019,0,07,000,00,2,1,00,B01
201100042020,0,07,000,00,1,1,01,A01
201100042021,0,32,000,00,2,2,17,B01
201100042021,0,07,000,00,2,3,15,A01
201100042022,0,10,000,00,2,3,09,B01
201100042022,0,07,000,00,2,1,01,A01
201100042023,0,07,000,00,1,1,01,A01
201100042024,0,07,000,00,2,1,01,A01
201100042024,0,07,000,00,2,8,15,B01
201100042025,0,07,000,00,2,2,01,B01
201100042025,0,02,000,00,2,1,01,A01
201100042026,0,07,000,00,2,7,01,B01
201100042026,0,07,000,00,2,1,01,A01
201100042027,0,07,000,00,2,8,01,A01
201100042027,0,02,000,01,0,1,01,C01
201100042027,0,07,000,00,2,3,01,B01
201100042028,0,07,000,00,2,3,09,B01
201100042028,0,30,000,00,2,1,17,A01
201100042029,0,07,000,08,0,1,21,A01
201100042030,0,34,000,00,2,7,01,B01
201100042030,0,10,000,00,2,3,16,A01
201100042031,0,07,000,00,2,7,06,B01
201100042031,0,07,000,15,2,1,00,A01
201100042032,0,07,000,00,2,4,15,B01
201100042032,0,07,000,00,2,1,01,A01
201100042033,0,07,000,00,1,6,20,A01
201100042034,0,07,000,00,2,2,15,B01
201100042034,0,33,000,00,2,0,00,A01
201100042035,0,13,000,00,2,5,15,B01
201100042035,0,33,000,00,2,5,01,A01
201100042036,0,03,000,00,0,9,21,A01
201100042037,0,01,000,00,2,7,19,B01
201100042037,0,07,000,00,2,1,01,A01
201100042038,0,02,000,08,0,1,01,A01
201100042039,0,33,000,00,2,1,01,B01
201100042039,0,07,000,00,2,1,17,A01
201100042040,0,07,000,00,1,1,15,A01
201100042041,0,07,000,00,2,3,01,B01
201100042041,0,07,000,00,2,1,15,A01
201100042042,0,07,000,03,0,1,01,A01
201100042043,0,07,000,00,2,4,02,A01
201100042043,0,02,000,00,2,1,02,B01
201100042044,0,07,000,00,2,1,01,A01
201100042044,0,07,000,00,2,8,09,B01
201100042045,0,02,000,00,2,8,01,A01
201100042045,0,07,000,00,2,1,15,B01
201100042046,0,07,000,12,0,2,00,A01
201100042047,0,07,000,00,2,3,15,B01
201100042047,0,33,000,00,2,7,01,A01
201100042048,0,07,000,00,0,9,01,A01
201100042049,0,07,000,00,2,8,15,A01
201100042049,0,31,000,00,2,7,17,B01
201100042050,0,07,000,00,2,6,01,A01
201100042050,0,30,000,00,2,2,01,B01
201100042051,0,37,002,00,2,4,01,B01
201100042051,0,07,000,00,2,1,01,A01
201100042052,0,07,000,00,2,4,02,B01
201100042052,0,07,000,00,2,1,01,A01
201100042053,0,07,000,01,2,1,01,A01
201100042053,0,07,000,00,2,4,01,B01
201100042054,0,03,000,00,2,1,02,A01
201100042054,0,07,000,00,2,4,01,B01
201100042055,0,10,000,00,2,2,09,A01
201100042055,0,07,000,00,2,1,01,B01
201100042056,0,07,000,00,2,1,02,A01
201100042056,0,07,000,00,2,1,02,C01
201100042056,0,07,000,00,2,4,02,B01
201100042057,0,07,000,00,2,1,01,A01
201100042057,0,38,001,00,0,2,19,B01
201100042058,0,07,000,00,1,3,01,A01
201100042059,0,02,000,00,2,8,16,B01
201100042059,0,07,000,00,2,7,16,A01
201100042060,0,07,000,00,2,1,02,A01
201100042060,0,07,000,00,2,6,02,B01
201100042061,0,07,000,00,2,4,01,B01
201100042061,0,07,000,00,2,1,01,A01
201100042062,0,07,000,13,0,2,00,A01
201100042063,0,07,000,00,1,5,04,A01
201100042064,0,10,000,00,1,1,01,A01
201100042065,0,07,000,00,2,3,01,A01
201100042065,0,07,000,00,2,2,15,B01
201100042066,0,07,000,00,6,9,01,A01
201100042067,0,07,000,00,1,1,01,A01
201100042068,0,33,000,00,2,1,01,B01
201100042068,0,07,000,00,2,3,09,A01
201100042069,0,33,000,00,2,4,02,A01
201100042069,0,07,000,00,2,1,02,B01
201100042070,0,07,000,00,1,5,04,A01
201100042071,0,34,000,12,0,1,18,A01
201100042072,0,07,000,00,2,5,12,B01
201100042072,0,07,000,00,2,3,16,A01
201100042073,0,33,000,04,0,8,13,B01
201100042073,0,07,000,00,0,0,02,A01
201100042074,0,07,000,09,0,1,01,A01
201100042075,0,07,000,00,2,1,01,B01
201100042075,0,07,000,00,2,1,15,A01
201100042076,0,07,000,00,2,4,01,D01
201100042076,0,07,000,00,2,1,01,A01
201100042076,0,07,000,00,2,4,01,C01
201100042076,0,07,000,00,2,4,01,B01
201100042077,1,07,000,00,1,2,01,A01
201100042078,0,07,000,00,2,2,01,A01
201100042078,0,07,000,00,2,3,00,B01
201100042079,0,33,000,00,2,1,01,B01
201100042079,0,07,000,00,2,5,15,A01
201100042080,0,07,000,02,0,1,19,A01
201100042081,0,07,000,00,0,4,23,C01
201100042081,0,07,000,01,0,5,23,B01
201100042081,0,10,000,01,0,1,01,A01
201100042082,0,07,000,00,1,3,15,A01
201100042083,0,10,000,00,2,3,10,A01
201100042083,0,33,000,00,2,7,01,B01
201100042084,0,07,000,00,1,1,01,A01
201100042085,0,02,000,00,2,1,01,B01
201100042085,0,07,000,00,2,8,01,A01
201100042086,0,07,000,00,2,2,15,A01
201100042086,0,07,000,00,2,7,01,B01
201100042087,0,07,000,00,2,8,15,A01
201100042087,0,31,000,00,2,1,17,B01
201100042088,0,07,000,00,2,2,02,A01
201100042088,0,31,000,00,0,6,02,B01
201100042089,0,07,000,00,2,3,09,A01
201100042089,0,01,000,00,2,0,00,B01
201100042090,0,07,000,06,0,1,01,A01
201100042091,0,33,000,00,0,7,01,A01
201100042092,0,31,000,00,2,4,09,B01
201100042092,0,31,000,00,2,4,09,A01
201100042093,0,07,000,00,2,3,09,A01
201100042093,0,33,000,00,2,7,01,B01
201100042094,0,07,000,01,2,7,01,B01
201100042094,0,07,000,00,2,1,09,A01
201100042095,0,07,000,00,2,5,01,A01
201100042095,0,02,000,00,2,1,01,B01
201100042096,0,01,000,00,0,1,14,A01
201100042097,0,07,000,00,1,2,01,A01
201100042098,0,31,000,00,2,5,15,B01
201100042098,0,07,000,00,2,3,09,A01
201100042099,0,07,000,00,0,4,02,B01
201100042099,0,07,000,00,2,1,02,A01
201100042100,0,07,000,01,0,0,14,A01
201100042101,0,07,000,00,1,4,04,A01
201100042102,0,33,000,00,0,1,01,A01
201100042103,0,20,000,00,0,8,09,A01
201100042104,0,02,000,00,2,1,01,B01
201100042104,0,07,000,00,2,5,01,A01
201100042105,0,07,000,00,1,2,01,A01
201100042106,0,13,000,14,1,2,01,A01
201100042107,0,07,000,02,0,1,18,A01
201100042107,0,07,000,00,9,1,01,B01
201100042108,0,07,000,00,2,1,01,A01
201100042108,0,07,000,01,2,7,01,B01
201100042109,0,07,000,00,2,1,13,A01
201100042109,0,07,000,00,2,1,01,B01
201100042110,0,33,000,01,0,8,00,A01
201100042111,0,07,000,00,2,2,01,A01
201100042111,0,01,000,00,2,7,19,B01
201100042112,0,07,000,00,2,4,01,B01
201100042112,0,07,000,00,2,4,01,C01
201100042112,0,07,000,00,2,1,17,A01
201100042113,0,31,000,00,2,1,01,B01
201100042113,0,13,000,00,2,1,15,A01
201100042114,0,07,000,00,1,1,01,A01
201100042115,0,07,000,00,1,5,01,A01
201100042116,0,30,000,12,0,7,14,A01
201100042117,0,10,000,01,1,8,24,A01
201100042118,0,30,000,00,2,1,00,A01
201100042118,0,07,000,00,2,4,01,B01
201100042119,0,10,000,00,2,3,09,A01
201100042119,0,07,000,00,2,7,17,B01
201100042120,0,07,000,00,2,1,02,A01
201100042120,0,07,000,00,2,4,23,B01
201100042121,0,07,000,00,1,2,01,A01
201100042122,0,30,000,00,0,0,21,B01
201100042123,0,30,000,00,2,1,02,B01
201100042123,0,07,000,00,2,7,15,A01
201100042124,0,15,000,00,2,1,02,A01
201100042124,0,07,000,00,2,4,23,B01
201100042125,0,07,000,00,2,1,15,B01
201100042125,0,07,000,00,2,7,02,A01
201100042125,0,07,000,00,2,6,02,C01
201100042126,0,07,000,00,1,3,02,A01
201100042127,0,07,000,00,2,3,02,B01
201100042127,0,07,000,00,2,8,15,A01
201100042128,0,37,032,00,2,8,15,A01
201100042128,0,14,000,00,2,4,23,B01
201100042129,0,07,000,00,1,1,01,A01
201100042130,0,07,000,00,1,1,15,A01
201100042131,0,07,000,00,2,1,01,B01
201100042131,0,07,000,00,2,1,13,A01
201100042132,0,07,000,00,2,4,23,B01
201100042132,0,07,000,00,2,1,02,A01
201100042133,0,02,000,00,2,1,17,A01
201100042133,0,07,000,00,2,3,15,B01
201100042134,0,33,000,00,2,3,01,B01
201100042134,0,07,000,00,2,2,09,A01
201100042135,0,07,000,00,1,1,02,A01
201100042136,0,10,000,00,2,4,02,B01
201100042136,0,33,000,00,2,1,02,A01
201100042137,0,07,000,02,0,1,14,A01
201100042138,0,30,000,00,2,7,02,B01
201100042138,0,07,000,00,2,1,15,A01
201100042139,0,33,000,00,1,1,02,A01
201100042140,0,07,000,00,1,1,01,A01
201100042141,0,37,040,00,0,0,21,B01
201100042142,0,07,000,00,2,4,04,A01
201100042142,0,30,000,00,2,1,01,B01
201100042143,0,07,000,14,0,1,14,A01
201100042144,0,30,000,00,2,2,16,A01
201100042144,0,07,000,00,2,3,02,B01
201100042145,0,07,000,00,2,4,02,B01
201100042145,0,07,000,00,2,3,02,A01
201100042145,0,07,000,00,2,4,02,C01
201100042146,0,07,000,00,2,1,02,A01
201100042146,0,07,000,00,2,4,02,D01
201100042146,0,07,000,00,2,1,02,B01
201100042146,0,07,000,00,2,1,02,C01
201100042147,0,07,000,00,1,2,01,A01
201100042148,0,07,000,00,1,7,17,A01
201100042149,0,07,000,00,2,4,23,B01
201100042149,0,07,000,00,2,1,02,A01
201100042149,0,07,000,00,2,4,23,C01
201100042150,0,33,000,00,2,1,01,B01
201100042150,0,07,000,00,2,1,15,A01
201100042151,0,15,000,00,2,0,01,A01