Num_Acc,senc,catv,occutc,obs,obsm,choc,manv,num_veh
201100042903,0,07,000,01,1,7,14,A01
201100042903,0,07,000,00,0,8,24,B01
201100042904,0,07,000,00,2,1,13,A01
201100042904,0,13,000,00,2,6,01,B01
201100042904,0,07,000,00,2,1,01,C01
201100042905,1,07,000,00,1,1,01,A01
201100042906,0,30,000,00,2,1,01,B01
201100042906,0,07,000,00,2,2,11,A01
201100042907,0,31,000,00,1,1,01,A01
201100042908,0,07,000,00,2,2,15,A01
201100042908,0,33,000,00,2,1,02,B01
201100042909,0,15,000,06,0,3,13,A01
201100042910,0,02,000,00,2,1,19,B01
201100042910,0,07,000,00,2,2,19,A01
201100042911,0,07,000,00,1,2,01,A01
201100042912,0,33,000,00,2,0,21,B01
201100042912,0,07,000,00,2,1,01,C01
201100042912,0,37,002,00,2,3,16,A01
201100042913,0,07,000,00,9,2,11,A01
201100042913,0,02,000,00,2,1,01,B01
201100042914,0,07,000,00,1,3,01,A01
201100042915,0,07,000,00,1,3,01,A01
201100042916,0,07,000,00,0,4,02,A01
201100042916,0,33,000,00,2,1,02,B01
201100042917,0,07,000,00,0,8,09,A01
201100042917,0,10,000,00,0,0,24,C01
201100042917,0,30,000,00,2,8,01,B01
201100042918,0,07,000,00,1,1,01,A01
201100042919,0,07,000,00,2,2,02,A01
201100042919,0,01,000,12,2,4,01,B01
201100042920,0,07,000,00,1,1,01,A01
201100042921,0,30,000,08,0,1,01,A01
201100042922,0,07,000,00,0,0,17,A01
201100042922,0,07,000,00,0,9,21,B01
201100042923,0,10,000,00,2,1,21,B01
201100042923,0,07,000,00,2,8,15,A01
201100042924,0,07,000,00,2,3,13,A01
201100042924,0,07,000,00,0,7,17,B01
201100042925,0,10,000,00,0,1,21,B01
201100042925,0,07,000,00,2,2,13,A01
201100042926,0,17,000,00,9,5,20,C01
201100042926,0,32,000,01,2,1,17,A01
201100042926,0,07,000,00,0,6,23,B01
201100042927,0,30,000,12,0,1,01,A01
201100042928,0,07,000,02,0,2,01,A01
201100042929,0,07,000,00,0,6,13,A01
201100042930,0,02,000,00,2,8,19,B01
201100042930,0,07,000,00,2,1,01,A01
201100042931,0,07,000,09,0,1,01,A01
201100042932,0,07,000,00,0,1,01,A01
201100042933,0,07,000,00,0,1,02,A01
201100042933,0,07,000,00,0,6,01,B01
201100042934,0,07,000,00,2,3,15,B01
201100042934,0,33,000,09,2,1,17,A01
201100042935,0,07,000,00,1,3,01,A01
201100042936,0,33,000,00,5,1,01,A01
201100042937,0,33,000,00,0,1,01,A01
201100042938,0,33,000,00,2,1,01,B01
201100042938,0,07,000,00,2,2,15,A01
201100042939,0,07,000,01,0,3,01,A01
201100042940,0,07,000,00,2,7,15,A01
201100042940,0,33,000,00,2,1,01,B01
201100042941,0,07,000,09,0,1,01,A01
201100042942,0,07,000,00,0,4,00,B01
201100042942,0,07,000,00,2,1,02,A01
201100042943,0,99,000,01,0,1,11,A01
201100042944,0,07,000,00,1,1,16,A01
201100042945,0,33,000,00,2,7,01,A01
201100042945,0,10,000,00,2,7,15,B01
201100042946,0,07,000,06,0,1,01,A01
201100042947,0,07,000,13,0,8,02,A01
201100042948,0,01,000,00,2,1,00,B01
201100042948,0,07,000,00,9,1,01,A01
201100042949,0,07,000,00,2,4,02,A01
201100042949,0,07,000,00,2,1,02,B01
201100042950,0,07,000,10,0,1,02,A01
201100042951,0,07,000,02,0,2,02,A01
201100042952,0,07,000,00,1,2,02,A01
201100042953,0,07,000,00,2,3,05,B01
201100042953,0,07,000,00,2,3,13,A01
201100042954,0,07,000,02,0,1,02,A01
201100042955,0,31,000,00,2,2,01,B01
201100042955,0,07,000,00,9,3,19,A01
201100042956,0,07,000,00,1,2,01,A01
201100042957,0,07,000,00,2,1,00,B01
201100042957,0,07,000,00,2,8,10,A01
201100042958,0,10,000,00,2,1,01,B01
201100042958,0,07,000,00,2,1,19,A01
201100042959,0,17,000,00,0,8,00,A01
201100042960,0,01,000,00,2,7,00,B01
201100042960,0,10,000,00,2,1,00,A01
201100042961,0,33,000,00,0,8,00,A01
201100042962,0,07,000,00,0,4,23,B01
201100042962,0,07,000,14,0,1,02,A01
201100042963,0,30,000,11,0,1,00,A01
201100042964,0,07,000,13,0,1,13,A01
201100042965,0,07,000,06,0,1,01,A01
201100042966,0,07,000,00,2,3,15,B01
201100042966,0,07,000,00,2,2,17,A01
201100042967,0,07,000,15,0,1,00,A01
201100042968,0,07,000,14,0,1,01,A01
201100042969,0,07,000,00,2,1,02,A01
201100042969,0,07,000,00,0,4,23,B01
201100042970,0,07,000,00,2,3,01,B01
201100042970,0,01,000,00,2,1,16,A01
201100042971,0,33,000,00,2,1,01,B01
201100042971,0,07,000,00,2,2,15,A01
201100042972,0,10,000,00,1,4,04,A01
201100042973,0,07,000,00,1,2,01,A01
201100042974,0,07,000,00,1,2,01,A01
201100042975,0,01,000,00,0,5,01,B01
201100042975,0,07,000,00,9,1,01,A01
201100042976,0,10,000,00,0,7,01,A01
201100042976,0,07,000,00,2,1,01,B01
201100042977,0,33,000,00,6,1,01,A01
201100042977,0,10,000,14,0,2,01,B01
201100042978,0,07,000,00,0,6,09,A01
201100042978,0,07,000,10,0,1,21,B01
201100042978,1,07,000,00,2,1,09,Z01
201100042979,0,01,000,00,0,6,15,B01
201100042979,0,02,000,00,9,1,02,A01
201100042980,0,07,000,00,1,1,01,B01
201100042980,0,07,000,00,2,1,02,A01
201100042981,0,01,000,00,2,0,21,B01
201100042981,0,07,000,00,2,0,22,A01
201100042982,1,07,000,00,0,0,09,Z01
201100042982,0,07,000,00,0,8,21,A01
201100042983,0,03,000,00,1,4,04,A01
201100042984,1,02,000,00,0,0,00,A01
201100042985,0,07,000,00,2,1,01,B01
201100042985,0,07,000,00,0,8,10,A01
201100042986,0,10,000,00,1,0,16,A01
201100042987,0,10,000,08,2,3,13,A01
201100042987,0,10,000,00,2,3,01,B01
201100042988,0,07,000,00,1,1,01,A01
201100042989,0,10,000,00,1,1,01,A01
201100042990,0,33,000,00,0,0,01,A01
201100042990,1,07,000,00,0,0,00,Z01
201100042991,0,07,000,00,1,1,01,A01
201100042992,0,01,000,00,2,1,01,B01
201100042992,0,07,000,00,9,7,15,A01
201100042993,0,07,000,00,1,1,01,A01
201100042994,0,07,000,00,0,6,01,A01
201100042994,0,32,000,00,2,1,01,B01
201100042995,0,02,000,00,0,0,21,B01
201100042995,0,38,001,00,0,0,17,A01
201100042996,0,07,000,00,0,3,01,A01
201100042996,0,31,000,00,2,1,01,B01
201100042997,0,10,000,00,1,2,01,A01
201100042998,0,07,000,00,0,0,00,B01
201100042998,0,07,000,00,0,0,01,A01
201100042999,0,07,000,00,1,2,01,A01
201100043000,0,07,000,00,2,1,01,A01
201100043000,0,33,000,01,2,7,01,B01
201100043001,0,07,000,00,2,3,13,A01
201100043001,0,07,000,00,2,3,21,B01
201100043002,0,30,000,00,2,1,01,B01
201100043002,0,07,000,00,9,3,16,A01
201100043003,0,30,000,00,2,1,17,B01
201100043003,0,07,000,00,9,2,15,A01
201100043003,0,07,000,00,9,2,23,C01
201100043004,0,07,000,00,2,2,15,A01
201100043004,0,01,000,00,2,8,01,B01
201100043005,0,07,000,00,1,2,01,A01
201100043006,0,02,000,00,2,1,21,A01
201100043006,1,07,000,00,2,5,19,Z01
201100043007,0,07,000,00,2,3,13,A01
201100043007,0,14,000,00,2,3,21,B01
201100043007,0,07,000,00,2,3,01,C01
201100043008,1,07,000,00,1,1,16,Z01
201100043009,0,14,000,00,1,1,16,A01
201100043010,0,07,000,00,2,1,05,A01
201100043010,0,07,000,00,2,1,01,B01
201100043011,0,10,000,00,2,1,05,A01
201100043011,0,07,000,00,2,1,17,B01
201100043011,0,07,000,03,2,3,01,C01
201100043012,0,07,000,00,2,1,01,A01
201100043012,0,07,000,00,2,2,01,B01
201100043013,0,02,000,00,2,1,01,A01
201100043013,0,07,000,00,9,3,19,B01
201100043014,0,07,000,00,1,1,01,A01
201100043015,0,33,000,00,2,1,01,B01
201100043015,0,07,000,00,2,3,09,A01
201100043016,0,33,000,00,2,1,13,A01
201100043016,0,07,000,03,2,3,01,B01
201100043017,0,02,000,00,2,1,01,A01
201100043017,0,07,000,00,2,3,01,C01
201100043017,0,07,000,00,2,2,11,B01
201100043018,0,07,000,00,2,1,01,B01
201100043018,0,07,000,00,2,3,09,A01
201100043019,0,07,000,00,2,9,01,E01
201100043019,0,07,000,12,2,7,12,A01
201100043019,0,07,000,00,2,8,01,B01
201100043019,0,07,000,00,2,3,01,C01
201100043019,0,07,000,00,2,8,01,D01
201100043020,0,07,000,00,1,3,15,A01
201100043021,0,33,000,00,2,1,12,A01
201100043021,0,07,000,00,2,6,15,B01
201100043022,0,10,000,00,0,8,01,B01
201100043022,0,33,000,14,2,1,01,A01
201100043023,0,07,000,00,1,1,21,A01
201100043024,0,33,000,00,2,7,15,B01
201100043024,0,02,000,00,2,1,01,A01
201100043025,0,07,000,00,9,2,15,A01
201100043025,0,01,000,00,2,1,01,B01
201100043026,0,02,000,12,0,1,01,A01
201100043027,0,10,000,00,2,6,23,B01
201100043027,0,01,000,01,0,1,02,A01
201100043028,0,33,000,00,2,1,02,A01
201100043028,0,07,000,00,2,6,02,B01
201100043029,0,07,000,00,1,1,01,A01
201100043030,0,33,000,00,2,1,00,B01
201100043030,0,07,000,00,2,7,00,A01
201100043031,0,31,000,00,2,3,00,A01
201100043031,0,07,000,00,2,3,00,B01
201100043032,0,07,000,00,2,3,00,A01
201100043032,0,33,000,00,2,1,00,B01
201100043033,0,07,000,00,1,1,01,A01
201100043034,0,07,000,00,1,3,00,A01
201100043035,0,01,000,00,2,7,02,A01
201100043035,0,07,000,00,2,8,02,B01
201100043036,0,10,000,00,1,1,16,A01
201100043037,0,07,000,00,1,4,04,A01
201100043038,0,07,000,00,1,1,01,A01
201100043039,0,07,000,00,2,1,15,A01
201100043039,0,07,000,06,2,2,01,B01
201100043040,0,07,000,00,1,1,01,A01
201100043041,1,07,000,00,1,1,01,A01
201100043042,0,33,000,15,0,9,01,A01
201100043043,0,14,000,00,1,6,04,A01
201100043044,0,02,000,00,2,4,02,B01
201100043044,0,33,000,00,2,1,02,A01
201100043045,0,10,000,00,2,3,15,A01
201100043045,0,33,000,00,2,1,01,B01
201100043046,0,33,000,00,1,3,00,A01
201100043047,0,33,000,00,0,0,01,A01
201100043048,0,07,000,00,1,1,01,A01
201100043049,0,30,000,12,0,1,13,A01
201100043050,0,33,000,00,2,1,01,B01
201100043050,0,07,000,00,2,3,15,A01
201100043051,0,33,000,00,2,1,05,A01
201100043051,0,10,000,00,2,1,01,B01
201100043052,0,07,000,00,2,2,01,B01
201100043052,0,01,000,12,2,1,01,A01
201100043053,0,07,000,00,0,8,15,A01
201100043053,0,32,000,00,2,1,01,B01
201100043054,0,07,000,00,2,2,15,A01
201100043054,0,34,000,14,2,1,01,B01
201100043054,0,07,000,00,2,8,01,C01
201100043055,0,33,000,00,2,8,01,A01
201100043055,0,07,000,00,2,8,01,B01
201100043056,0,13,000,00,1,1,01,A01
201100043057,0,02,000,00,1,1,00,A01
201100043058,0,07,000,00,2,6,10,A01
201100043058,0,31,000,00,2,1,17,B01
201100043059,0,32,000,00,2,1,02,A01
201100043059,0,07,000,00,0,2,02,B01
201100043060,0,07,000,00,2,8,01,B01
201100043060,0,07,000,00,2,1,13,A01
201100043061,0,07,000,00,2,2,05,A01
201100043061,0,07,000,00,2,3,15,B01
201100043062,0,33,000,00,2,1,17,A01
201100043062,0,07,000,00,2,6,13,B01
201100043063,0,07,000,15,2,7,01,B01
201100043063,0,07,000,00,2,1,01,A01
201100043064,0,07,000,00,2,1,13,A01
201100043064,0,37,001,00,2,1,01,B01
201100043065,0,33,000,00,1,2,00,A01
201100043066,0,07,000,00,2,3,01,C01
201100043066,0,07,000,00,2,3,00,B01
201100043066,0,32,000,00,2,0,17,A01
201100043067,0,07,000,00,2,8,15,B01
201100043067,0,34,000,00,2,1,01,A01
201100043068,0,07,000,04,2,1,01,A01
201100043068,0,14,000,00,2,4,01,B01
201100043069,0,33,000,01,2,0,15,A01
201100043069,0,07,000,00,2,7,01,B01
201100043070,0,30,000,00,2,4,24,B01
201100043070,0,07,000,15,2,1,14,A01
201100043071,0,07,000,00,2,2,01,A01
201100043071,0,01,000,00,2,8,11,B01
201100043072,0,14,000,00,1,6,04,A01
201100043073,0,33,000,08,0,1,06,A01
201100043074,0,07,000,02,9,1,06,A01
201100043075,0,07,000,00,2,3,01,B01
201100043075,0,07,000,00,2,2,15,A01
201100043076,0,34,000,00,1,1,00,A01
201100043077,0,07,000,00,2,8,06,B01
201100043077,0,33,000,00,2,1,01,A01
201100043078,0,32,000,00,0,0,01,A01
201100043079,0,03,000,00,1,7,01,A01
201100043080,0,02,000,00,2,2,16,B01
201100043080,0,07,000,00,2,8,00,A01
201100043081,0,07,000,00,0,3,00,C01
201100043081,0,07,000,00,0,6,00,A01
201100043081,0,31,000,16,2,1,11,B01
201100043082,0,07,000,00,1,1,01,A01
201100043083,0,33,000,00,0,7,01,A01
201100043084,0,30,000,02,0,1,01,A01
201100043085,0,07,000,00,1,2,02,A01
201100043086,1,07,000,00,2,1,15,A01
201100043086,0,07,000,00,2,3,01,B01
201100043087,0,07,000,00,2,4,02,B01
201100043087,0,33,000,00,2,1,02,A01
201100043088,0,07,000,16,0,0,02,A01
201100043089,0,07,000,00,2,1,17,A01
201100043089,0,07,000,00,2,3,15,B01
201100043090,0,34,000,00,2,1,01,B01
201100043090,0,07,000,00,2,5,15,A01
201100043091,0,10,000,00,2,2,15,A01
201100043091,0,32,000,00,2,1,17,B01
201100043092,0,07,000,00,1,3,00,A01
201100043093,0,07,000,00,2,1,01,A01
201100043093,0,07,000,14,0,4,04,B01
201100043094,0,07,000,00,2,5,02,C01
201100043094,0,07,000,00,2,1,15,A01
201100043094,0,33,000,00,2,1,01,B01
201100043095,0,07,000,02,0,3,13,A01
201100043096,0,07,000,00,2,1,02,B01
201100043096,0,07,000,00,0,4,02,A01
201100043097,0,07,000,00,2,3,09,A01
201100043097,0,07,000,00,2,2,01,B01
201100043098,0,31,000,00,2,1,01,B01
201100043098,0,07,000,00,0,3,10,A01
201100043099,0,34,000,00,2,1,01,B01
201100043099,0,07,000,00,2,0,10,A01
201100043100,0,31,000,00,2,1,01,B01
201100043100,0,07,000,00,2,2,15,A01
201100043101,0,07,000,00,2,1,05,A01
201100043101,0,07,000,00,2,1,01,B01
201100043102,0,07,000,00,2,1,01,B01
201100043102,0,07,000,00,2,1,13,A01
201100043103,0,07,000,01,1,2,01,A01
201100043103,0,99,000,00,1,1,23,B01
201100043104,0,32,000,12,0,9,01,A01
201100043105,0,07,000,00,1,3,09,A01
201100043106,0,07,000,00,2,1,00,A01
201100043106,0,10,000,00,2,1,00,B01
201100043107,0,02,000,00,2,1,00,A01
201100043107,0,07,000,00,2,3,00,B01
201100043108,0,07,000,00,2,0,15,A01
201100043108,0,02,000,00,2,1,02,B01
201100043109,0,07,000,00,2,8,02,C01
201100043109,1,07,000,00,2,2,02,A01
201100043109,0,07,000,00,2,5,02,B01
201100043110,0,07,000,00,2,1,01,C01
201100043110,0,07,000,00,2,1,21,B01
201100043110,0,07,000,00,0,0,15,A01
201100043111,0,33,000,12,0,0,01,A01
201100043112,0,07,000,01,0,3,13,A01
201100043113,0,07,000,00,2,2,13,A01
201100043113,0,07,000,00,2,1,01,B01
201100043114,0,07,000,14,0,1,01,A01
201100043115,0,07,000,00,2,2,15,A01
201100043115,0,07,000,00,2,2,13,B01
201100043116,0,07,000,00,1,2,01,A01
201100043117,0,07,000,00,2,1,15,B01
201100043117,0,33,000,00,2,1,21,A01
201100043118,0,07,000,15,0,1,01,A01
201100043119,0,33,000,08,0,1,06,A01
201100043120,0,02,000,14,0,1,05,A01
201100043120,0,07,000,00,2,3,01,B01
201100043121,0,07,000,00,2,3,09,A01
201100043121,0,30,000,00,2,1,21,B01
201100043122,0,07,000,00,1,3,01,A01
201100043123,0,31,000,00,2,1,01,B01
201100043123,0,07,000,00,2,3,20,A01
201100043124,0,30,000,00,2,1,01,B01
201100043124,1,07,000,00,2,1,05,Z01
201100043125,0,33,000,00,2,2,02,B01
201100043125,0,07,000,00,2,6,10,A01
201100043126,0,07,000,00,2,8,16,A01
201100043126,0,31,000,00,2,7,21,B01
201100043127,0,30,000,00,2,1,05,A01
201100043127,0,07,000,00,2,3,01,B01
201100043128,0,02,000,00,2,1,01,B01
201100043128,0,07,000,00,2,3,16,A01
201100043129,0,31,000,00,2,2,01,B01
201100043129,0,07,000,00,2,1,16,A01
201100043130,0,31,000,01,2,2,17,A01
201100043130,0,07,000,00,2,6,15,B01
201100043131,0,07,000,00,2,1,01,A01
201100043131,0,30,000,00,2,7,01,B01
201100043132,0,30,000,00,0,0,00,A01
201100043133,0,01,000,09,0,1,01,A01
201100043134,0,07,000,00,2,8,10,A01
201100043134,0,30,000,00,2,1,01,B01
201100043135,0,07,000,02,2,8,01,B01
201100043135,0,07,000,00,2,1,01,A01
201100043136,0,07,000,00,2,1,15,A01
201100043136,0,30,000,00,2,1,01,B01
201100043137,0,30,000,00,2,7,01,B01
201100043137,0,07,000,00,2,3,15,A01
201100043138,0,33,000,11,0,1,06,A01
201100043139,0,33,000,12,0,1,01,A01
201100043140,0,07,000,00,2,4,01,B01
201100043140,0,33,000,00,2,4,12,A01
201100043141,0,02,000,01,0,4,01,A01
201100043142,0,07,000,00,1,1,01,A01
201100043143,0,07,000,00,2,1,01,A01
201100043143,0,32,000,00,1,1,01,B01
201100043144,0,14,000,00,1,3,01,A01
201100043145,0,07,000,00,2,3,01,B01
201100043145,0,07,000,00,2,3,05,A01
201100043146,0,02,000,00,1,7,00,A01
201100043147,0,07,000,00,1,6,04,A01
201100043148,0,07,000,00,2,6,15,A01
201100043148,0,30,000,00,2,1,17,B01
201100043149,0,33,000,00,0,9,21,A01
201100043150,1,07,000,00,1,3,01,Z01
201100043151,0,31,000,00,2,1,17,B01
201100043151,1,07,000,00,2,8,22,A01
201100043152,0,07,000,00,1,1,01,A01
201100043153,0,34,000,00,2,1,01,B01
201100043153,0,07,000,00,2,3,15,A01
201100043154,0,07,000,00,2,1,17,A01
201100043154,0,07,000,00,2,1,01,B01
201100043155,0,30,000,00,2,1,01,B01
201100043155,0,07,000,00,2,1,19,A01
201100043156,0,07,000,00,1,2,00,A01
201100043157,0,02,000,00,2,1,02,A01
201100043157,0,07,000,00,2,4,23,B01
201100043158,1,07,000,00,2,6,02,Z01
201100043158,0,30,000,00,2,1,02,A01
201100043158,0,07,000,00,9,2,02,B01
201100043159,0,07,000,00,1,7,01,A01
201100043160,0,33,000,00,1,0,00,A01
201100043161,0,07,000,00,0,0,01,A01
201100043161,0,02,000,00,0,0,01,B01
201100043162,0,07,000,00,9,3,11,A01
201100043162,0,01,000,00,2,6,00,B01
201100043163,0,07,000,00,2,4,02,B01
201100043163,0,07,000,00,2,1,11,A01
201100043163,0,07,000,00,2,1,05,C01
201100043164,0,07,000,00,0,4,02,B01
201100043164,0,07,000,00,2,1,02,A01
201100043165,0,07,000,00,2,3,11,A01
201100043165,0,07,000,00,2,1,01,B01
201100043166,0,32,000,00,1,1,01,A01
201100043167,0,30,000,00,2,8,15,A01
201100043167,0,30,000,00,2,1,15,B01
201100043168,0,07,000,09,0,9,01,A01
201100043169,0,14,000,00,1,7,14,A01
201100043170,0,07,000,00,1,1,00,A01
201100043171,0,07,000,00,2,5,02,B01
201100043171,0,02,000,00,2,7,00,A01
201100043172,0,32,000,00,2,8,00,A01
201100043172,0,07,000,00,2,1,01,B01
201100043173,0,33,000,00,2,1,01,B01
201100043173,0,07,000,00,2,6,15,A01
201100043174,0,07,000,00,2,3,10,A01
201100043174,0,31,000,00,2,7,01,B01
201100043175,0,02,000,00,0,4,02,B01
201100043175,0,07,000,00,2,1,02,A01
201100043176,0,32,000,00,2,1,01,A01
201100043176,0,07,000,00,2,7,01,B01
201100043177,0,10,000,00,2,1,01,B01
201100043177,0,10,000,15,2,7,01,A01
201100043178,0,33,000,02,0,1,00,A01
201100043179,0,07,000,00,2,1,15,A01
201100043179,0,30,000,00,2,1,01,B01
201100043180,0,33,000,00,2,1,00,A01
201100043180,0,07,000,00,2,3,00,B01
201100043180,0,07,000,00,2,3,02,C01
201100043181,0,07,000,08,0,1,00,A01
201100043182,0,07,000,00,2,1,00,A01
201100043182,0,34,000,00,2,1,00,B01
201100043183,0,07,000,00,2,4,02,B01
201100043183,0,07,000,00,2,1,02,A01
201100043183,0,07,000,00,2,4,02,D01
201100043183,0,07,000,00,2,4,02,C01
201100043184,0,33,000,00,1,0,00,A01
201100043185,0,32,000,14,0,1,01,A01
201100043186,0,07,000,00,0,0,23,B01
201100043186,0,01,000,12,0,1,18,A01
201100043187,0,07,000,00,0,2,01,A01
201100043187,0,01,000,00,2,1,05,B01
201100043188,0,07,000,00,2,4,02,B01
201100043188,0,10,000,00,2,1,02,A01
201100043189,0,07,000,06,0,2,06,A01
201100043190,0,07,000,00,2,3,01,B01
201100043190,0,07,000,00,2,1,05,A01
201100043191,0,30,000,00,2,1,01,B01
201100043191,0,07,000,00,2,3,15,A01
201100043192,0,07,000,00,1,1,00,A01
201100043193,0,07,000,06,1,4,04,A01
201100043193,0,07,000,00,2,1,23,B01
201100043194,0,32,000,00,2,0,01,B01
201100043194,0,07,000,00,2,3,15,A01
201100043195,0,07,000,00,2,8,19,A01
201100043195,0,02,000,00,2,1,01,B01
201100043196,0,01,000,00,1,1,02,A01
201100043197,0,07,000,00,1,1,02,A01
201100043198,0,07,000,00,2,1,01,A01
201100043198,0,01,000,00,2,8,00,B01
201100043199,0,34,000,00,2,1,15,Z01
201100043199,0,33,000,00,2,3,01,B01
201100043200,0,33,000,01,2,3,01,B01
201100043200,0,07,000,00,2,5,09,A01
201100043201,0,07,000,00,2,6,15,A01
201100043201,0,02,000,00,2,1,17,B01
201100043202,0,33,000,01,2,2,02,A01
201100043202,0,10,000,00,2,8,15,B01
201100043203,0,07,000,00,0,2,10,A01
201100043203,0,33,000,00,2,1,01,B01
201100043204,0,30,000,06,0,1,01,A01
201100043205,0,32,000,12,2,3,01,B01
201100043205,0,07,000,00,2,2,16,A01
201100043206,0,32,000,08,0,1,01,A01
201100043207,0,07,000,00,2,3,00,A01
201100043207,0,01,000,00,2,4,09,B01
201100043208,0,33,000,00,2,3,01,A01
201100043208,0,07,000,00,2,1,15,B01
201100043209,0,07,000,00,2,1,02,A01
201100043209,0,07,000,00,2,1,01,B01
201100043210,0,01,000,00,2,8,08,A01
201100043210,0,07,000,00,2,2,01,B01
201100043211,0,01,000,12,0,1,00,A01
201100043212,0,07,000,00,0,4,02,C01
201100043212,0,07,000,00,2,6,02,B01
201100043212,0,07,000,00,2,2,02,A01
201100043213,0,07,000,00,2,3,01,B01
201100043213,0,07,000,00,2,2,21,A01
201100043213,0,07,000,00,2,3,23,D01
201100043214,0,07,000,00,2,0,20,A01
201100043214,0,33,000,00,2,0,01,B01
201100043215,0,32,000,00,2,1,01,B01
201100043215,0,07,000,00,2,3,19,A01
201100043216,0,07,000,00,2,2,19,A01
201100043216,0,07,000,00,2,3,01,B01
201100043217,0,07,000,00,1,1,01,A01
201100043218,0,36,000,06,0,3,01,A01
201100043219,0,02,000,00,2,7,01,A01
201100043219,0,07,000,00,2,1,15,B01
201100043220,0,07,000,00,0,1,00,A01
201100043221,0,07,000,00,1,1,01,A01
201100043222,0,34,000,00,2,1,01,B01
201100043222,0,07,000,00,2,2,15,A01
201100043223,0,07,000,00,2,8,15,A01
201100043223,0,34,000,00,2,2,21,B01
201100043224,0,30,000,00,2,2,02,A01
201100043224,0,07,000,00,2,6,02,B01
201100043225,0,10,000,02,0,2,01,A01
201100043226,0,07,000,00,2,1,01,A01
201100043226,0,33,000,00,2,1,01,B01
201100043227,0,07,000,00,2,7,17,A01
201100043227,0,01,000,00,2,3,15,B01
201100043228,0,07,000,00,2,3,16,A01
201100043228,0,02,000,00,2,1,01,B01
201100043229,0,30,000,00,0,3,19,A01
201100043229,0,07,000,14,2,1,19,B01
201100043230,0,33,000,00,2,8,01,B01
201100043230,0,07,000,00,2,2,15,A01
201100043231,0,07,000,00,2,3,09,A01
201100043231,0,07,000,00,2,7,01,B01
201100043232,0,07,000,00,2,3,05,B01
201100043232,0,33,000,00,2,1,13,A01
201100043233,0,07,000,00,0,7,15,B01
201100043233,0,33,000,00,2,9,01,A01
201100043234,0,32,000,00,2,9,01,A01
201100043234,0,07,000,00,2,6,10,B01
201100043235,0,07,000,00,1,2,01,A01
201100043236,0,02,000,00,2,0,00,B01
201100043236,0,10,000,00,2,0,00,A01
201100043237,0,10,000,01,0,3,01,A01
201100043237,0,15,000,00,0,6,00,B01
201100043238,0,07,000,00,0,5,01,B01
201100043238,0,32,000,00,2,2,01,A01
201100043239,0,07,000,00,2,2,15,A01
201100043239,0,07,000,00,2,3,01,B01
201100043240,0,07,000,00,2,1,00,B01
201100043240,0,07,000,00,2,8,15,A01
201100043241,0,07,000,00,1,7,01,A01
201100043242,0,02,000,00,2,2,17,B01
201100043242,0,13,000,00,2,3,15,A01
201100043243,0,07,000,00,0,0,02,B01
201100043243,0,02,000,00,0,0,02,A01
201100043244,0,07,000,00,1,1,01,A01
201100043245,0,33,000,00,0,0,21,A01
201100043246,0,07,000,00,1,1,15,A01
201100043247,0,32,000,00,2,1,17,A01
201100043247,0,07,000,00,2,3,01,B01
201100043248,0,07,000,00,2,2,15,A01
201100043248,0,02,000,00,2,1,01,B01
201100043249,0,07,000,00,0,8,15,B01
201100043249,0,30,000,00,2,1,01,A01
201100043250,0,02,000,00,2,2,01,A01
201100043250,0,07,000,00,2,3,15,B01
201100043251,0,02,000,00,2,1,02,B01
201100043251,0,07,000,00,0,3,19,A01
201100043252,0,07,000,00,2,3,01,B01
201100043252,0,07,000,00,2,1,06,A01
201100043253,0,32,000,00,1,1,17,A01
201100043254,0,02,000,00,0,2,00,A01
201100043255,0,02,000,01,2,7,01,A01
201100043255,1,07,000,00,2,2,01,Z01
201100043256,0,07,000,00,1,3,09,A01
201100043257,0,07,000,00,0,3,16,A01
201100043257,0,33,000,00,2,1,17,B01
201100043258,0,07,000,00,1,7,00,A01
201100043259,0,07,000,00,1,2,01,A01
201100043260,0,07,000,00,0,0,00,B01
201100043260,1,07,000,00,0,0,00,A01
201100043261,0,07,000,00,1,3,01,A01
201100043262,0,07,000,00,1,2,01,A01
201100043263,0,33,000,00,1,1,01,A01
201100043264,0,32,000,00,2,1,01,A01
201100043264,0,07,000,00,2,3,15,B01
201100043265,0,32,000,00,1,3,00,A01
201100043266,1,07,000,00,0,3,01,Z01
201100043267,0,07,000,00,2,1,15,A01
201100043267,0,07,000,00,2,7,01,B01
201100043268,0,07,000,00,1,3,17,A01
201100043269,0,07,000,00,2,1,09,A01
201100043269,0,32,000,12,2,7,03,B01
201100043270,0,07,000,00,0,4,23,B01
201100043270,0,07,000,00,1,1,00,A01
201100043271,0,07,000,02,0,3,01,A01
201100043272,0,07,000,00,2,5,04,A01
201100043272,0,30,000,00,2,0,01,B01
201100043273,0,33,000,00,2,1,02,A01
201100043273,0,03,000,00,2,1,15,B01
201100043274,0,30,000,00,2,1,09,B01
201100043274,0,07,000,00,2,1,00,A01
201100043275,0,07,000,00,2,7,01,B01
201100043275,0,07,000,00,2,3,01,A01
201100043276,0,07,000,00,9,3,01,B01
201100043276,0,10,000,00,0,0,01,A01
201100043277,0,07,000,00,2,8,01,C01
201100043277,0,14,000,00,2,5,01,B01
201100043277,0,01,000,00,2,1,03,A01
201100043278,0,30,000,00,2,1,01,A01