Num_Acc,senc,catv,occutc,obs,obsm,choc,manv,num_veh
201100043278,0,07,000,00,2,3,01,B01
201100043279,0,07,000,00,2,6,00,B01
201100043279,0,07,000,00,2,3,00,A01
201100043280,0,07,000,01,2,1,11,A01
201100043280,0,07,000,01,0,7,01,B01
201100043281,0,07,000,00,9,1,01,A01
201100043281,0,01,000,00,2,2,09,B01
201100043282,0,07,000,00,2,7,01,A01
201100043282,0,07,000,00,2,0,00,B01
201100043283,0,07,000,00,2,6,00,A01
201100043283,0,07,000,00,2,2,01,B01
201100043284,0,07,000,00,2,8,11,A01
201100043284,0,02,000,00,2,3,01,B01
201100043284,0,07,000,00,2,8,00,C01
201100043285,0,07,000,01,2,4,16,B01
201100043285,0,10,000,00,2,1,01,A01
201100043286,0,07,000,00,0,1,00,A01
201100043286,0,32,000,00,0,0,01,B01
201100043287,0,33,000,00,2,1,01,B01
201100043287,0,07,000,00,2,2,15,A01
201100043288,0,07,000,00,0,5,01,B01
201100043288,0,30,000,00,2,1,02,A01
201100043289,0,10,000,00,0,4,02,C01
201100043289,0,07,000,00,0,4,02,B01
201100043289,0,07,000,00,2,1,02,A01
201100043290,1,07,000,00,2,3,17,A01
201100043290,0,30,000,00,2,1,01,B01
201100043291,0,30,000,00,1,2,01,A01
201100043292,0,07,000,00,1,3,01,A01
201100043292,0,07,000,00,1,3,23,B01
201100043293,0,07,000,00,2,2,01,B01
201100043293,0,07,000,00,2,1,15,A01
201100043294,0,07,000,00,2,2,12,A01
201100043294,0,34,000,00,0,4,01,B01
201100043295,0,33,000,00,2,2,17,A01
201100043295,0,07,000,12,2,8,15,B01
201100043296,0,31,000,00,2,7,15,A01
201100043296,0,33,000,00,0,1,01,B01
201100043297,0,07,000,00,2,2,13,A01
201100043297,0,33,000,00,2,8,01,B01
201100043298,0,07,000,00,2,8,01,B01
201100043298,0,30,000,00,2,1,01,A01
201100043299,0,02,000,00,2,1,02,A01
201100043299,0,07,000,00,2,5,15,B01
201100043300,0,07,000,00,2,2,01,B01
201100043300,0,07,000,00,2,3,01,A01
201100043301,0,07,000,09,2,3,13,A01
201100043301,0,07,000,00,2,3,01,B01
201100043302,0,07,000,00,2,0,00,A01
201100043302,0,33,000,00,2,0,00,B01
201100043303,0,30,000,14,0,1,06,A01
201100043304,0,13,000,00,1,4,01,A01
201100043305,0,07,000,00,0,0,23,B01
201100043305,0,30,000,00,9,1,01,A01
201100043306,0,31,000,00,2,2,01,A01
201100043306,0,10,000,00,0,3,15,B01
201100043307,0,07,000,00,2,1,02,B01
201100043307,0,07,000,00,2,1,13,A01
201100043308,0,07,000,00,1,1,15,A01
201100043309,0,99,000,00,1,1,15,A01
201100043310,0,07,000,00,2,0,01,B01
201100043310,0,07,000,00,2,2,01,A01
201100043311,0,07,000,00,2,1,13,A01
201100043311,0,01,000,00,2,1,01,B01
201100043312,1,07,000,00,2,0,15,Z01
201100043312,0,33,000,00,2,1,01,B01
201100043313,0,02,000,00,2,8,01,A01
201100043313,0,07,000,00,2,2,01,B01
201100043314,0,07,000,00,2,1,01,B01
201100043314,0,30,000,00,2,8,19,A01
201100043315,0,07,000,14,0,1,01,A01
201100043315,0,07,000,14,0,4,23,B01
201100043316,0,07,000,00,0,8,15,A01
201100043316,0,33,000,00,2,1,01,B01
201100043317,0,07,000,00,1,1,01,A01
201100043318,0,10,000,00,2,1,02,B01
201100043318,0,10,000,00,2,3,00,A01
201100043319,0,07,000,00,2,0,09,A01
201100043319,0,32,000,00,2,1,21,B01
201100043320,0,07,000,00,1,1,01,A01
201100043321,0,07,000,00,0,2,01,A01
201100043321,0,20,000,00,2,0,00,B01
201100043322,0,07,000,00,2,6,09,A01
201100043322,0,32,000,00,2,1,01,B01
201100043323,0,07,000,00,1,2,15,A01
201100043324,0,07,000,00,0,5,19,B01
201100043324,0,31,000,00,0,1,01,A01
201100043325,0,07,000,00,1,1,01,A01
201100043326,0,07,000,00,2,7,01,B01
201100043326,0,07,000,00,2,1,09,A01
201100043327,0,07,000,00,9,3,01,C01
201100043327,0,32,000,00,2,1,02,A01
201100043327,0,07,000,00,9,6,02,B01
201100043328,0,07,000,00,1,2,01,A01
201100043329,1,07,000,00,1,3,02,A01
201100043330,1,07,000,00,2,3,15,A01
201100043330,0,32,000,00,0,5,01,B01
201100043331,0,99,000,00,1,0,01,A01
201100043332,0,07,000,00,2,1,11,A01
201100043332,0,33,000,00,2,1,01,B01
201100043333,0,17,000,00,2,2,01,B01
201100043333,0,07,000,00,2,3,09,A01
201100043334,0,07,000,00,1,2,01,A01
201100043335,0,03,000,00,2,2,01,A01
201100043335,0,30,000,00,2,1,01,B01
201100043336,0,33,000,00,2,7,01,B01
201100043336,0,07,000,00,2,3,11,A01
201100043337,0,01,000,00,0,0,00,B01
201100043337,0,07,000,00,9,7,00,A01
201100043338,0,07,000,00,1,3,01,A01
201100043339,0,07,000,00,1,3,01,A01
201100043340,0,07,000,00,2,1,00,A01
201100043340,0,02,000,00,2,1,00,B01
201100043341,0,07,000,00,2,1,02,A01
201100043341,0,33,000,00,0,4,23,B01
201100043342,0,33,000,00,2,1,01,B01
201100043342,0,07,000,00,2,2,15,A01
201100043343,0,01,000,00,2,1,13,A01
201100043343,0,07,000,00,9,3,01,B01
201100043344,0,07,000,00,1,0,00,A01
201100043345,0,07,000,00,9,3,24,A01
201100043345,0,01,000,01,0,1,02,B01
201100043346,0,32,000,00,0,1,01,B01
201100043346,0,07,000,00,0,1,15,A01
201100043347,0,33,000,00,2,1,01,B01
201100043347,0,07,000,00,2,2,00,A01
201100043348,0,07,000,00,0,4,02,B01
201100043348,0,30,000,00,2,4,02,A01
201100043349,0,07,000,00,1,1,17,A01
201100043350,0,07,000,00,2,2,00,A01
201100043350,0,13,000,00,0,6,01,B01
201100043351,0,07,000,00,1,1,01,A01
201100043352,1,07,000,00,0,0,00,Z01
201100043353,0,07,000,00,2,1,15,A01
201100043353,0,33,000,00,2,2,17,B01
201100043354,0,07,000,01,0,4,02,A01
201100043355,0,07,000,00,1,1,15,A01
201100043356,0,07,000,00,2,3,09,A01
201100043356,0,34,000,00,2,7,01,B01
201100043357,0,01,000,00,0,1,00,A01
201100043357,0,07,000,00,0,3,23,B01
201100043358,0,07,000,00,1,2,01,A01
201100043359,0,30,000,00,2,1,13,A01
201100043359,0,32,000,00,2,3,01,B01
201100043360,0,07,000,08,2,3,01,B01
201100043360,0,07,000,00,2,3,23,C01
201100043360,0,33,000,00,2,1,23,A01
201100043361,0,30,000,00,0,0,00,B01
201100043361,0,07,000,00,0,7,13,A01
201100043362,0,37,005,00,1,3,01,A01
201100043363,0,01,000,00,2,1,00,B01
201100043363,0,07,000,00,2,1,01,A01
201100043364,0,07,000,00,2,1,13,A01
201100043364,0,07,000,00,2,1,01,B01
201100043365,0,07,000,00,0,0,02,B01
201100043365,0,07,000,00,0,4,02,C01
201100043365,0,07,000,00,2,1,09,A01
201100043366,0,99,000,00,2,4,01,B01
201100043366,0,99,000,00,2,1,01,A01
201100043367,0,37,001,00,1,2,01,A01
201100043368,0,32,000,00,2,0,00,B01
201100043368,0,07,000,12,2,3,01,A01
201100043369,0,07,000,00,1,1,02,A01
201100043370,0,07,000,00,2,3,10,B01
201100043370,0,31,000,00,2,8,01,A01
201100043371,0,07,000,00,1,3,09,A01
201100043372,0,02,000,01,2,9,01,B01
201100043372,0,07,000,00,0,8,00,C01
201100043372,0,07,000,00,2,2,15,A01
201100043373,0,01,000,00,2,1,01,A01
201100043373,0,01,000,00,2,1,01,B01
201100043374,0,07,000,00,9,3,01,B01
201100043374,0,30,000,01,2,1,19,A01
201100043375,0,33,000,00,2,7,02,B01
201100043375,0,07,000,00,0,8,02,A01
201100043376,0,07,000,00,0,5,15,B01
201100043376,0,30,000,00,2,1,17,A01
201100043377,0,07,000,00,2,2,01,B01
201100043377,0,10,000,00,2,7,11,A01
201100043378,0,33,000,00,2,1,01,B01
201100043378,0,10,000,00,0,6,10,A01
201100043379,0,03,000,00,0,0,00,A01
201100043380,0,10,000,00,1,3,00,A01
201100043381,0,07,000,00,2,1,00,A01
201100043381,0,07,000,00,2,7,01,B01
201100043382,0,07,000,00,2,5,04,A01
201100043382,0,30,000,00,2,1,02,B01
201100043383,0,01,000,00,2,1,01,Y01
201100043383,0,07,000,00,9,1,19,A01
201100043384,0,32,000,00,1,8,17,A01
201100043385,0,07,000,00,1,0,00,A01
201100043386,0,32,000,00,2,2,17,A01
201100043386,0,07,000,00,2,3,15,B01
201100043387,0,02,000,00,2,1,13,A01
201100043387,0,07,000,00,2,3,16,B01
201100043388,0,07,000,00,2,1,09,B01
201100043388,0,32,000,00,2,8,01,A01
201100043389,0,07,000,00,2,4,01,B01
201100043389,0,07,000,00,2,1,02,A01
201100043390,0,07,000,00,0,0,16,A01
201100043390,0,37,000,00,2,0,07,B01
201100043391,0,07,000,00,0,3,02,A01
201100043391,0,33,000,00,0,4,01,B01
201100043392,1,07,000,14,0,1,02,A01
201100043392,0,30,000,00,0,4,01,B01
201100043393,0,07,000,00,0,2,00,A01
201100043394,0,34,000,00,1,7,01,A01
201100043395,0,07,000,00,1,3,01,A01
201100043396,0,07,000,00,2,6,02,A01
201100043396,0,33,000,00,0,8,02,B01
201100043397,0,34,000,00,2,1,17,B01
201100043397,0,07,000,00,2,1,15,A01
201100043398,0,07,000,00,2,2,01,B01
201100043398,0,30,000,00,2,8,09,A01
201100043399,0,07,000,00,2,3,00,B01
201100043399,0,07,000,00,2,3,00,A01
201100043399,0,07,000,00,2,6,24,C01
201100043400,0,07,000,00,0,4,01,B01
201100043400,0,07,000,00,2,1,01,A01
201100043401,0,07,000,00,0,4,15,B01
201100043401,0,07,000,00,2,1,02,A01
201100043402,0,07,000,00,2,3,15,A01
201100043402,0,30,000,00,2,1,00,B01
201100043403,0,02,000,00,2,2,02,B01
201100043403,0,07,000,00,2,8,15,A01
201100043404,0,07,000,00,2,4,02,A01
201100043404,0,07,000,00,0,4,02,B01
201100043405,0,07,000,00,2,1,01,C01
201100043405,0,07,000,01,0,4,24,E01
201100043405,0,07,000,01,2,9,00,A01
201100043405,0,07,000,01,0,3,24,B01
201100043405,0,07,000,01,0,6,24,D01
201100043406,0,02,000,00,2,1,13,A01
201100043406,0,07,000,00,2,3,01,B01
201100043407,0,07,000,00,9,2,01,B01
201100043407,0,01,000,00,2,8,18,A01
201100043408,0,07,000,00,1,2,01,A01
201100043409,0,07,000,00,0,6,02,B01
201100043409,0,33,000,00,2,1,02,A01
201100043410,0,07,000,00,2,2,09,A01
201100043410,0,02,000,00,2,1,00,B01
201100043411,0,31,000,00,2,1,01,B01
201100043411,0,07,000,00,2,2,15,A01
201100043412,0,33,000,00,2,1,19,B01
201100043412,0,07,000,00,2,3,15,A01
201100043413,0,07,000,08,0,2,01,A01
201100043414,0,01,000,00,2,1,21,C01
201100043414,0,01,000,00,2,1,21,B01
201100043414,0,07,000,00,2,5,15,A01
201100043415,0,14,000,00,2,2,02,A01
201100043415,0,07,000,00,0,6,02,B01
201100043416,0,07,000,00,2,3,01,A01
201100043416,0,07,000,00,2,8,15,B01
201100043417,0,07,000,00,2,0,00,B01
201100043417,0,30,000,00,0,3,03,A01
201100043417,0,07,000,00,2,3,15,C01
201100043418,0,99,000,00,9,1,00,A01
201100043418,0,32,000,00,2,3,16,B01
201100043419,0,99,000,00,2,4,02,B01
201100043419,0,99,000,00,2,4,01,A01
201100043420,0,38,001,00,2,8,15,B01
201100043420,0,02,000,00,2,1,01,A01
201100043421,0,07,000,00,2,1,15,A01
201100043421,0,34,000,00,2,8,01,B01
201100043422,0,10,000,00,2,1,01,B01
201100043422,0,01,000,00,0,0,00,A01
201100043423,0,30,000,00,1,7,21,A01
201100043424,0,07,000,00,1,4,04,A01
201100043425,0,33,000,00,2,8,01,A01
201100043425,0,15,000,00,2,5,15,B01
201100043426,0,32,000,11,0,0,00,A01
201100043426,0,07,000,00,0,0,02,B01
201100043427,0,30,000,14,0,0,02,A01
201100043428,1,07,000,00,1,0,00,Z01
201100043429,0,07,000,00,0,5,15,A01
201100043429,0,32,000,00,2,1,01,B01
201100043430,0,07,000,00,1,2,01,A01
201100043431,0,07,000,00,2,3,09,A01
201100043431,0,33,000,00,2,7,00,B01
201100043432,0,07,000,00,2,3,17,A01
201100043432,0,07,000,00,2,3,01,B01
201100043433,0,02,000,00,2,1,05,A01
201100043433,0,35,000,00,2,1,00,B01
201100043434,0,30,000,12,0,1,14,A01
201100043435,0,34,000,00,0,3,15,A01
201100043436,0,07,000,00,2,3,00,B01
201100043436,0,07,000,00,2,2,01,A01
201100043437,0,07,000,00,1,7,01,A01
201100043438,0,30,000,00,2,8,01,A01
201100043438,1,07,000,00,2,1,15,Z01
201100043439,0,10,000,00,1,6,04,A01
201100043440,0,33,000,01,0,9,01,A01
201100043440,0,07,000,00,0,0,10,C01
201100043441,0,32,000,00,1,1,02,A01
201100043442,0,02,000,00,0,1,01,A01
201100043442,0,07,000,00,0,4,23,B01
201100043443,0,07,000,00,2,8,09,A01
201100043443,0,30,000,00,2,1,01,B01
201100043444,0,07,000,00,2,7,12,A01
201100043444,0,34,000,00,2,8,01,B01
201100043445,0,30,000,00,2,1,01,B01
201100043445,0,07,000,00,2,2,01,A01
201100043446,0,10,000,00,2,1,15,B01
201100043446,0,02,000,00,2,1,01,A01
201100043447,0,32,000,00,2,1,17,A01
201100043447,0,07,000,00,0,6,15,B01
201100043448,0,33,000,00,2,2,17,B01
201100043448,0,07,000,00,2,1,15,A01
201100043449,0,07,000,00,0,7,15,A01
201100043450,0,07,000,00,0,0,00,A01
201100043451,1,02,000,00,1,0,00,Z01
201100043452,0,02,000,01,0,1,19,A01
201100043453,0,07,000,00,0,4,23,A01
201100043453,0,01,000,01,0,1,02,B01
201100043454,0,33,000,00,0,0,00,C01
201100043454,0,07,000,00,0,5,01,A01
201100043454,0,34,000,00,0,0,00,B01
201100043455,0,02,000,00,1,1,01,A01
201100043456,0,07,000,00,1,1,00,A01
201100043457,0,10,000,00,2,6,09,A01
201100043457,0,33,000,00,2,1,17,B01
201100043458,0,30,000,00,2,0,19,A01
201100043458,0,07,000,00,2,3,01,B01
201100043459,0,07,000,00,2,1,02,A01
201100043459,0,07,000,00,2,4,15,B01
201100043460,0,07,000,00,1,0,00,A01
201100043461,0,07,000,00,0,4,15,C01
201100043461,0,07,000,14,0,1,01,A01
201100043461,0,07,000,14,0,0,01,B01
201100043462,0,32,000,00,2,8,07,A01
201100043462,0,34,000,00,2,7,02,B01
201100043463,0,07,000,00,2,7,15,A01
201100043463,0,34,000,00,2,1,00,B01
201100043464,0,07,000,00,2,1,02,C01
201100043464,0,10,000,00,0,2,02,B01
201100043464,0,10,000,00,2,7,15,A01
201100043465,0,34,000,00,2,1,05,A01
201100043465,0,07,000,00,2,8,15,B01
201100043466,1,07,000,00,0,0,00,A01
201100043467,0,07,000,00,2,3,01,B01
201100043467,0,07,000,00,2,7,01,D01
201100043467,0,07,000,00,2,2,12,A01
201100043467,0,14,000,00,2,1,01,C01
201100043468,0,07,000,00,0,0,00,C01
201100043468,0,07,000,00,2,2,02,A01
201100043468,0,07,000,00,2,1,02,B01
201100043469,0,37,000,00,1,7,07,A01
201100043470,0,07,000,00,2,3,09,A01
201100043470,0,07,000,00,2,1,01,B01
201100043471,0,07,000,00,1,7,16,A01
201100043472,0,33,000,02,0,9,01,A01
201100043473,0,33,000,00,1,1,01,A01
201100043474,0,07,000,00,1,2,01,A01
201100043475,0,14,000,00,2,7,14,A01
201100043475,0,34,000,00,2,8,01,B01
201100043476,0,33,000,00,1,1,01,A01
201100043477,0,07,000,00,9,2,02,A01
201100043477,0,01,000,00,2,2,02,B01
201100043478,0,07,000,00,0,2,01,A01
201100043478,0,07,000,01,0,0,24,B01
201100043479,0,34,000,00,2,1,01,A01
201100043479,0,07,000,00,2,4,01,B01
201100043480,0,07,000,00,2,5,02,B01
201100043480,0,07,000,01,0,1,02,A01
201100043481,0,10,000,00,2,1,02,A01
201100043481,0,07,000,00,2,4,02,B01
201100043482,0,33,000,00,0,4,23,B01
201100043482,0,07,000,00,2,1,01,A01
201100043483,0,30,000,00,2,1,00,A01
201100043483,0,07,000,00,0,5,16,B01
201100043484,0,33,000,00,2,1,00,A01
201100043484,0,07,000,00,0,6,23,B01
201100043485,0,32,000,00,2,1,01,A01
201100043485,0,37,001,00,2,7,01,B01
201100043486,0,33,000,00,2,6,21,A01
201100043486,0,07,000,00,2,3,01,B01
201100043487,0,07,000,00,1,1,01,A01
201100043488,0,07,000,00,1,2,01,A01
201100043489,0,02,000,00,2,1,15,A01
201100043489,0,07,000,00,2,2,01,B01
201100043490,0,07,000,00,2,3,01,A01
201100043490,0,02,000,00,2,2,17,B01
201100043491,0,33,000,04,0,8,13,A01
201100043492,0,07,000,01,0,9,14,A01
201100043493,0,30,000,00,2,7,17,B01
201100043493,0,99,000,00,9,3,01,A01
201100043494,0,07,000,00,2,1,00,C01
201100043494,0,34,000,00,2,1,00,B01
201100043494,0,07,000,00,2,8,11,A01
201100043495,0,07,000,00,2,5,15,A01
201100043495,0,30,000,00,2,1,01,B01
201100043496,0,37,046,05,9,5,05,B01
201100043496,0,01,000,00,0,2,05,A01
201100043497,0,07,000,00,2,3,15,B01
201100043497,0,02,000,00,2,2,17,A01
201100043498,0,99,000,00,1,1,01,A01
201100043499,0,07,000,00,2,1,01,A01
201100043499,0,33,000,00,2,4,01,B01
201100043500,0,07,000,00,2,3,15,A01
201100043500,0,02,000,00,2,1,17,B01
201100043501,1,07,000,02,0,1,09,A01
201100043501,0,07,000,00,2,1,21,B01
201100043502,0,02,000,11,0,7,11,A01
201100043503,0,07,000,00,2,1,02,B01
201100043503,0,07,000,00,2,4,02,A01
201100043504,0,33,000,00,2,2,01,A01
201100043504,0,30,000,00,2,3,02,B01
201100043505,0,07,000,00,2,6,19,B01
201100043505,0,07,000,00,2,3,19,A01
201100043506,0,31,000,00,2,2,01,B01
201100043506,0,07,000,00,2,3,15,A01
201100043507,0,07,000,00,2,7,01,A01
201100043507,0,07,000,00,2,1,01,B01
201100043508,0,07,000,00,2,5,02,B01
201100043508,0,07,000,00,2,1,02,A01
201100043509,0,07,000,00,1,0,01,A01
201100043510,0,07,000,00,0,4,01,B01
201100043510,0,07,000,06,2,1,17,A01
201100043511,0,07,000,00,1,5,04,A01
201100043512,0,07,000,00,2,2,09,B01
201100043512,0,32,000,00,2,7,17,A01
201100043513,0,07,000,00,2,1,19,A01
201100043513,0,07,000,00,2,1,01,B01
201100043514,0,07,000,00,0,2,00,A01
201100043515,0,07,000,00,2,3,15,B01
201100043515,0,30,000,00,2,1,17,A01
201100043516,1,07,000,00,1,1,00,Z01
201100043517,0,07,000,00,9,3,01,A01
201100043517,0,31,000,00,2,7,01,B01
201100043518,0,07,000,00,2,3,00,B01
201100043518,0,07,000,00,2,3,01,A01
201100043519,0,07,000,00,2,2,19,A01
201100043519,0,07,000,00,2,1,01,B01
201100043520,0,07,000,00,2,4,23,B01
201100043520,0,07,000,01,2,4,21,A01
201100043520,0,07,000,00,0,3,24,D01
201100043520,0,10,000,00,0,4,23,C01
201100043521,1,02,000,00,1,2,05,Z01
201100043522,0,01,000,00,2,1,01,B01
201100043522,0,07,000,00,2,6,16,A01
201100043523,0,07,000,00,1,2,01,A01
201100043524,0,10,000,00,2,3,01,A01
201100043524,0,07,000,12,0,6,09,B01
201100043525,0,01,000,00,1,1,01,A01
201100043526,0,07,000,00,2,2,01,A01
201100043526,0,02,000,00,2,1,01,B01
201100043527,0,07,000,00,1,1,00,A01
201100043528,0,02,000,00,2,2,02,B01
201100043528,0,14,000,00,2,6,15,A01
201100043529,0,02,000,00,2,1,01,A01
201100043529,0,07,000,00,2,2,15,B01
201100043530,0,07,000,00,2,7,02,A01
201100043530,0,07,000,00,2,1,02,B01
201100043531,0,33,000,06,0,1,01,A01
201100043532,0,33,000,00,2,1,02,A01
201100043532,0,07,000,00,0,6,02,B01
201100043533,0,10,000,00,1,4,04,A01
201100043534,0,32,000,00,2,1,01,B01
201100043534,0,07,000,00,2,7,15,A01
201100043535,0,33,000,00,2,7,01,B01
201100043535,0,07,000,00,2,1,09,A01
201100043536,0,10,000,00,0,3,15,A01
201100043536,0,30,000,00,2,2,01,B01
201100043537,0,07,000,00,2,3,15,B01
201100043537,0,30,000,00,2,1,01,A01
201100043538,0,33,000,00,2,1,01,A01
201100043538,0,07,000,00,0,3,15,B01
201100043539,0,07,000,00,1,1,15,A01
201100043540,0,31,000,00,2,1,01,B01
201100043540,0,07,000,00,0,8,09,A01
201100043541,0,07,000,15,0,1,00,A01
201100043542,0,07,000,00,1,1,01,A01
201100043543,0,07,000,00,2,8,09,A01
201100043543,0,07,000,00,2,1,01,B01
201100043544,1,30,000,00,1,7,00,A01
201100043545,0,07,000,00,2,3,15,A01
201100043545,0,30,000,00,2,1,01,B01
201100043546,0,07,000,00,1,7,01,A01
201100043547,0,07,000,06,0,1,13,A01
201100043548,0,33,000,00,2,1,01,B01
201100043548,0,07,000,00,2,1,15,A01
201100043549,0,07,000,00,9,6,02,B01
201100043549,0,01,000,00,2,5,02,C01
201100043549,1,07,000,00,2,1,02,Z01
201100043550,0,07,000,00,1,3,15,A01
201100043551,0,07,000,00,1,1,14,A01
201100043552,0,02,000,00,2,3,01,B01
201100043552,1,07,000,00,2,8,13,A01
201100043553,0,33,000,00,2,1,01,A01
201100043553,0,07,000,00,2,3,15,B01
201100043554,0,33,000,00,1,1,01,A01
201100043555,0,33,000,00,2,7,01,B01
201100043555,0,07,000,00,2,2,15,A01
201100043556,0,07,000,00,2,2,15,B01
201100043556,0,33,000,00,2,1,18,A01
201100043557,0,07,000,00,2,0,10,A01
201100043557,0,02,000,00,2,1,01,B01
201100043558,0,07,000,00,1,2,01,A01
201100043559,0,03,000,00,2,7,01,B01
201100043559,0,07,000,00,2,1,00,A01
201100043560,0,07,000,00,1,2,01,A01
201100043561,0,07,000,00,0,4,01,B01
201100043561,0,33,000,00,2,6,01,A01
201100043562,0,32,000,00,2,1,01,B01
201100043562,0,07,000,00,2,6,10,A01
201100043563,0,07,000,00,0,0,15,B01
201100043563,0,02,000,00,0,0,01,A01
201100043564,0,02,000,00,2,1,01,B01
201100043564,0,07,000,00,2,2,00,A01
201100043565,0,07,000,00,2,1,16,A01
201100043565,0,32,000,00,2,1,01,B01
201100043566,0,07,000,00,1,3,15,A01
201100043567,0,07,000,00,1,3,01,A01
201100043568,1,07,000,00,1,1,00,Z01
201100043569,0,07,000,03,0,3,17,A01
201100043569,0,07,000,00,9,1,02,B01
201100043570,0,07,000,00,1,1,00,A01
201100043571,0,07,000,00,2,7,14,B01
201100043571,0,07,000,00,2,8,13,A01
201100043572,0,07,000,00,1,2,01,A01
201100043573,0,07,000,00,2,1,01,B01
201100043573,0,10,000,00,2,2,01,C01
201100043573,0,07,000,00,2,1,05,A01
201100043574,0,33,000,00,2,1,01,B01
201100043574,0,07,000,00,2,2,15,A01
201100043575,0,07,000,00,2,2,15,A01
201100043575,0,31,000,00,2,1,01,B01
201100043576,0,33,000,00,2,3,21,A01
201100043576,0,07,000,00,2,1,15,B01
201100043577,0,07,000,00,1,0,00,A01
201100043578,0,34,000,00,2,1,01,C01
201100043578,0,34,000,00,2,1,18,A01
201100043578,0,07,000,00,2,4,01,B01
201100043579,0,07,000,00,1,1,15,A01
201100043580,0,01,000,00,0,4,13,A01
201100043580,0,07,000,00,2,2,02,B01
201100043581,0,07,000,00,2,2,01,A01
201100043581,0,32,000,00,2,1,01,B01
201100043582,0,33,000,00,2,1,17,B01
201100043582,0,10,000,00,2,3,01,A01
201100043583,0,33,000,00,2,1,01,A01
201100043583,0,07,000,00,0,2,15,B01
201100043584,0,07,000,00,2,3,13,A01
201100043584,0,07,000,00,0,3,17,B01
201100043585,0,01,000,00,0,8,13,A01
201100043585,0,33,000,00,2,1,13,B01
201100043586,0,07,000,03,0,2,14,A01
201100043587,0,07,000,00,0,3,19,A01
201100043587,0,33,000,00,2,1,21,B01
201100043588,2,07,000,00,0,1,00,A01
201100043588,0,07,000,00,0,3,00,B01
201100043589,0,07,000,00,2,1,05,A01
201100043589,0,07,000,00,2,1,02,B01
201100043590,1,07,000,00,2,1,02,Z01
201100043590,0,07,000,00,0,4,02,B01
201100043591,0,07,000,00,2,4,02,C01
201100043591,0,07,000,00,2,4,02,B01
201100043591,0,07,000,00,2,1,02,A01
201100043592,0,07,000,00,1,1,01,A01
201100043593,0,07,000,00,2,3,01,A01
201100043593,0,01,000,00,0,4,01,B01
201100043594,0,33,000,00,0,0,21,A01
201100043595,0,33,000,00,2,8,00,A01
201100043595,0,07,000,00,2,5,00,B01
201100043596,0,02,000,00,2,7,17,A01
201100043596,0,07,000,00,2,3,15,B01
201100043597,0,07,000,13,0,1,00,A01
201100043598,0,32,000,00,2,1,17,B01
201100043598,0,07,000,00,0,3,19,A01
201100043599,0,10,000,00,0,5,23,A01
201100043599,0,33,000,00,2,1,01,B01
201100043600,0,07,000,00,2,8,01,B01
201100043600,0,07,000,00,2,2,15,A01
201100043601,0,02,000,14,0,1,01,A01
201100043602,0,30,000,00,2,1,02,A01
201100043602,0,15,000,00,2,4,02,B01
201100043603,0,07,000,00,2,1,02,A01
201100043603,0,07,000,00,0,4,02,B01
201100043604,0,07,000,00,0,6,15,B01
201100043604,0,33,000,00,2,1,17,A01
201100043605,0,07,000,00,1,1,01,A01
201100043606,0,02,000,00,2,4,01,B01
201100043606,1,07,000,00,2,1,20,A01
201100043607,0,07,000,00,0,3,15,A01
201100043607,0,02,000,00,2,1,15,B01
201100043608,0,07,000,00,1,7,01,A01
201100043609,0,07,000,00,2,1,01,B01
201100043609,0,07,000,00,2,1,01,A01
201100043610,1,07,000,00,0,0,15,B01
201100043610,0,33,000,00,2,1,01,A01
201100043611,0,07,000,00,0,2,15,A01
201100043611,0,02,000,00,2,1,01,B01
201100043612,0,07,000,00,2,1,13,A01
201100043612,0,07,000,00,2,1,01,B01
201100043613,0,07,000,00,2,1,13,A01
201100043613,0,07,000,00,2,1,01,B01
201100043614,0,03,000,00,0,4,01,A01
201100043614,1,07,000,00,2,1,01,B01
201100043615,0,07,000,00,0,4,23,A01
201100043615,0,07,000,00,2,1,01,B01
201100043616,0,07,000,00,2,8,00,A01
201100043616,0,33,000,00,2,7,02,B01
201100043617,0,07,000,00,0,4,02,B01
201100043617,0,07,000,00,2,1,02,D01
201100043617,0,07,000,00,2,4,02,A01
201100043617,0,07,000,00,2,4,02,C01
201100043618,0,07,000,00,1,1,01,A01
201100043619,0,01,000,00,2,3,01,B01
201100043619,0,07,000,00,2,2,16,A01
201100043620,0,07,000,00,1,3,01,B01
201100043620,0,07,000,00,0,0,00,A01
201100043621,0,07,000,00,2,1,01,B01
201100043621,0,07,000,12,2,8,19,A01
201100043622,0,02,000,00,2,1,01,B01
201100043622,0,07,000,00,2,3,01,A01
201100043623,0,07,000,00,2,2,15,A01
201100043623,0,02,000,00,2,1,01,B01
201100043624,0,33,000,00,2,1,01,B01
201100043624,0,07,000,00,2,3,09,A01
201100043625,0,36,000,16,0,9,01,A01
201100043626,0,02,000,00,2,1,14,A01
201100043626,0,07,000,00,0,3,01,B01
201100043627,0,33,000,00,2,1,01,B01
201100043627,0,07,000,00,2,5,06,A01
201100043628,0,07,000,06,0,1,00,A01
201100043629,0,07,000,00,2,3,01,B01
201100043629,0,07,000,00,0,3,13,A01
201100043630,0,07,000,06,0,1,14,A01
201100043631,0,07,000,00,2,3,01,B01
201100043631,0,07,000,00,2,3,13,A01
201100043632,0,07,000,00,2,1,01,B01
201100043632,2,07,000,00,2,6,00,A01