Num_Acc,senc,catv,occutc,obs,obsm,choc,manv,num_veh
201100043633,0,01,000,00,2,1,13,A01
201100043633,0,01,000,00,0,0,01,B01
201100043633,0,07,000,00,2,3,01,C01
201100043634,0,37,001,00,1,2,15,A01
201100043635,0,38,001,00,0,3,01,B01
201100043635,0,07,000,00,2,3,13,A01
201100043636,0,07,000,02,0,7,19,A01
201100043637,0,07,000,00,2,1,15,A01
201100043637,0,07,000,00,2,1,01,B01
201100043638,0,02,000,00,2,1,09,A01
201100043638,0,10,000,00,0,8,01,B01
201100043639,0,07,000,00,1,1,01,A01
201100043640,0,10,000,00,1,2,15,A01
201100043641,0,07,000,00,1,1,01,A01
201100043642,0,02,000,00,2,1,00,B01
201100043642,0,07,000,00,2,8,00,A01
201100043643,0,10,000,00,1,1,01,A01
201100043644,0,07,000,00,1,1,00,A01
201100043645,0,33,000,00,2,1,01,A01
201100043645,0,07,000,00,2,3,01,B01
201100043646,0,10,000,00,1,1,01,A01
201100043647,0,10,000,00,1,1,01,A01
201100043648,0,10,000,00,0,0,09,A01
201100043648,0,30,000,00,0,3,01,B01
201100043649,0,07,000,00,2,3,09,A01
201100043649,0,30,000,00,2,1,09,B01
201100043650,0,16,000,00,2,1,12,A01
201100043650,0,07,000,00,2,6,01,B01
201100043651,0,33,000,00,2,1,01,B01
201100043651,0,07,000,00,2,8,00,A01
201100043652,0,31,000,00,2,1,00,B01
201100043652,0,10,000,00,2,7,00,A01
201100043653,0,07,000,00,0,5,09,A01
201100043653,0,33,000,00,0,7,00,B01
201100043654,0,07,000,00,1,6,04,A01
201100043655,0,07,000,00,1,4,04,A01
201100043656,0,07,000,00,0,5,15,A01
201100043656,0,02,000,00,2,1,01,B01
201100043657,0,02,000,00,2,4,02,B01
201100043657,0,02,000,00,2,1,02,A01
201100043658,0,07,000,00,1,3,01,A01
201100043659,0,10,000,00,1,1,01,A01
201100043660,0,07,000,00,2,1,15,B01
201100043660,0,33,000,00,0,8,18,A01
201100043661,0,07,000,00,2,3,01,A01
201100043661,0,01,000,00,2,9,01,B01
201100043662,0,07,000,06,0,6,13,A01
201100043663,0,07,000,00,1,2,15,A01
201100043664,0,07,000,00,1,3,19,A01
201100043665,0,07,000,00,1,2,01,A01
201100043666,0,07,000,00,2,3,11,A01
201100043666,0,33,000,12,0,5,01,B01
201100043667,0,07,000,00,9,3,09,B01
201100043667,0,02,000,00,2,1,00,A01
201100043668,0,02,000,00,2,8,13,A01
201100043668,0,07,000,00,2,8,01,B01
201100043669,0,07,000,00,9,1,05,A01
201100043669,0,01,000,00,2,8,01,B01
201100043670,0,10,000,00,0,3,01,B01
201100043670,0,02,000,00,2,1,09,A01
201100043671,0,10,000,00,1,1,01,A01
201100043672,0,07,000,00,2,8,00,A01
201100043672,0,07,000,00,2,8,00,B01
201100043673,0,02,000,00,1,1,01,A01
201100043674,0,07,000,00,1,1,01,A01
201100043675,0,02,000,00,2,1,00,B01
201100043675,0,07,000,00,2,3,15,A01
201100043676,0,07,000,00,2,2,09,A01
201100043676,0,01,000,00,2,1,01,B01
201100043677,0,07,000,00,2,4,11,A01
201100043677,0,07,000,00,2,1,01,B01
201100043678,0,33,000,06,0,1,06,A01
201100043679,0,02,000,00,2,1,01,B01
201100043679,1,07,000,00,2,6,12,A01
201100043680,0,07,000,06,0,8,01,A01
201100043681,0,07,000,00,2,1,01,B01
201100043681,0,07,000,00,2,1,01,A01
201100043682,0,07,000,00,1,5,04,A01
201100043683,0,07,000,00,2,1,01,B01
201100043683,0,31,000,00,2,2,19,A01
201100043684,0,01,000,00,2,1,03,B01
201100043684,1,07,000,00,9,5,03,Z01
201100043685,0,07,000,00,2,1,09,A01
201100043685,0,30,000,00,2,1,01,B01
201100043686,0,30,000,00,2,1,01,B01
201100043686,1,07,000,00,2,4,01,Z01
201100043687,0,07,000,00,2,1,01,B01
201100043687,0,07,000,00,2,1,11,A01
201100043688,0,07,000,00,1,6,20,A01
201100043689,0,02,000,00,0,8,01,A01
201100043690,0,33,000,06,2,1,01,B01
201100043690,1,07,000,00,2,0,15,Z01
201100043691,0,01,000,00,1,0,01,A01
201100043692,0,07,000,00,2,2,16,A01
201100043692,0,02,000,00,2,1,01,B01
201100043693,0,07,000,00,1,3,01,A01
201100043694,0,31,000,09,2,1,01,B01
201100043694,0,07,000,00,2,2,15,A01
201100043695,0,07,000,00,6,8,01,A01
201100043696,0,07,000,13,0,8,01,A01
201100043697,0,30,000,00,1,1,01,A01
201100043698,2,07,000,01,1,2,01,A01
201100043699,0,01,000,00,1,2,01,B01
201100043700,0,07,000,00,1,4,04,A01
201100043701,0,01,000,00,2,3,01,B01
201100043701,0,07,000,00,2,2,03,A01
201100043702,0,07,000,00,1,2,01,A01
201100043703,0,01,000,00,2,8,01,B01
201100043703,0,07,000,00,2,5,16,A01
201100043704,0,30,000,00,1,1,01,A01
201100043705,0,07,000,00,2,1,19,A01
201100043705,0,07,000,09,2,9,01,B01
201100043706,0,07,000,00,2,1,01,A01
201100043706,0,07,000,00,2,1,01,B01
201100043707,0,07,000,00,2,5,15,A01
201100043707,0,33,000,00,2,7,01,B01
201100043708,0,07,000,00,2,3,01,A01
201100043708,0,01,000,00,2,0,12,B01
201100043709,1,01,000,00,1,0,00,Z01
201100043710,0,07,000,16,0,4,13,A01
201100043711,0,07,000,06,0,1,01,A01
201100043712,0,07,000,00,2,8,22,A01
201100043712,0,01,000,01,0,3,01,B01
201100043713,0,01,000,00,2,8,01,B01
201100043713,0,07,000,00,2,2,16,A01
201100043714,0,07,000,00,1,4,20,A01
201100043715,0,15,000,00,2,5,04,A01
201100043715,0,01,000,00,2,1,01,B01
201100043716,0,30,000,00,2,1,05,A01
201100043716,0,07,000,00,2,3,01,B01
201100043717,0,30,000,01,0,1,01,A01
201100043717,0,07,000,,,,,B01
201100043718,0,30,000,00,2,1,09,B01
201100043718,0,07,000,00,2,3,17,A01
201100043719,0,07,000,00,2,5,09,A01
201100043719,0,30,000,00,2,5,01,B01
201100043720,0,07,000,00,2,2,01,A01
201100043720,0,02,000,00,2,4,01,B01
201100043721,0,07,000,00,2,1,01,B01
201100043721,0,07,000,00,2,2,15,A01
201100043722,0,02,000,00,2,2,01,B01
201100043722,0,07,000,00,2,3,09,A01
201100043723,0,07,000,00,1,2,01,A01
201100043724,0,32,000,00,2,1,01,B01
201100043724,0,07,000,00,2,6,09,A01
201100043725,0,07,000,06,0,1,06,A01
201100043726,0,07,000,00,2,8,19,B01
201100043726,0,30,000,00,2,1,01,A01
201100043727,0,07,000,00,1,1,01,A01
201100043728,0,07,000,00,1,3,16,A01
201100043729,0,07,000,00,2,1,01,A01
201100043729,0,07,000,00,2,1,01,B01
201100043730,0,07,000,00,2,2,00,A01
201100043730,0,07,000,00,2,1,01,B01
201100043731,0,07,000,00,2,2,02,A01
201100043731,0,07,000,00,0,6,01,B01
201100043732,0,03,000,01,0,1,01,A01
201100043733,0,32,000,00,2,1,00,A01
201100043733,0,07,000,00,2,2,01,B01
201100043734,0,33,000,00,2,1,01,B01
201100043734,0,10,000,00,2,3,15,A01
201100043735,0,07,000,00,2,6,23,B01
201100043735,0,07,000,00,2,2,00,A01
201100043736,0,07,000,00,2,1,01,B01
201100043736,0,07,000,00,2,3,13,A01
201100043737,0,07,000,15,2,3,19,A01
201100043737,0,07,000,15,2,1,02,B01
201100043738,0,07,000,00,2,3,11,A01
201100043738,0,33,000,00,2,1,05,B01
201100043739,0,07,000,00,2,6,04,A01
201100043739,0,01,000,00,2,1,01,B01
201100043740,0,07,000,01,2,0,01,B01
201100043740,0,07,000,00,2,8,01,A01
201100043741,2,07,000,06,0,1,00,A01
201100043742,0,07,000,00,1,2,01,A01
201100043743,0,07,000,00,2,2,00,A01
201100043743,0,07,000,00,2,2,01,B01
201100043744,0,07,000,00,1,3,01,A01
201100043745,0,07,000,00,1,7,01,A01
201100043746,0,07,000,00,0,0,01,A01
201100043747,0,07,000,00,2,7,16,A01
201100043747,0,02,000,00,2,1,01,B01
201100043748,0,07,000,00,2,7,19,A01
201100043748,0,07,000,00,2,1,01,B01
201100043749,0,07,000,00,1,2,01,A01
201100043750,0,07,000,00,2,7,14,A01
201100043750,0,07,000,13,2,8,01,B01
201100043750,0,07,000,00,0,0,09,C01
201100043751,0,10,000,00,2,1,01,B01
201100043751,0,07,000,00,2,3,01,A01
201100043752,0,07,000,08,0,1,13,A01
201100043753,0,07,000,00,2,3,01,A01
201100043753,0,07,000,00,2,2,01,B01
201100043754,0,07,000,00,2,1,01,A01
201100043754,0,34,000,00,2,4,23,B01
201100043755,0,07,000,00,2,1,03,A01
201100043755,0,07,000,00,2,4,02,B01
201100043756,2,07,000,09,0,2,01,A01
201100043757,0,10,000,06,0,1,01,A01
201100043758,0,33,000,00,2,1,01,B01
201100043758,0,07,000,00,2,8,09,A01
201100043759,0,07,000,00,2,1,01,B01
201100043759,0,07,000,00,2,2,15,A01
201100043760,0,33,000,16,0,1,01,A01
201100043761,0,07,000,00,1,2,01,A01
201100043762,0,07,000,00,2,3,15,B01
201100043762,0,07,000,00,2,1,01,A01
201100043763,0,07,000,00,1,1,01,A01
201100043764,0,07,000,00,2,4,23,E01
201100043764,0,17,000,03,0,1,01,A01
201100043764,0,17,000,00,4,1,02,C01
201100043764,0,07,000,03,0,1,02,B01
201100043764,0,10,000,00,2,4,23,F02
201100043764,0,17,000,01,2,1,02,D01
201100043765,0,10,000,00,1,2,01,A01
201100043766,0,07,000,00,2,8,15,A01
201100043766,0,01,000,00,2,1,01,B01
201100043767,0,02,000,00,2,1,01,B01
201100043767,0,07,000,00,2,1,15,A01
201100043768,0,07,000,00,2,4,01,B01
201100043768,0,07,000,00,2,3,02,A01
201100043768,0,07,000,00,2,4,01,C01
201100043769,0,10,000,00,0,2,01,A01
201100043770,0,07,000,00,1,6,04,A01
201100043771,0,07,000,00,2,1,01,A01
201100043771,0,07,000,00,2,4,02,B01
201100043772,0,02,000,00,2,1,01,B01
201100043772,0,07,000,00,2,3,15,A01
201100043773,0,07,000,16,0,7,01,A01
201100043774,0,10,000,00,2,1,15,A01
201100043774,0,10,000,07,2,3,01,B01
201100043775,0,07,000,07,0,2,16,A01
201100043776,0,07,000,00,2,1,02,A01
201100043776,0,07,000,00,2,4,02,B01
201100043777,1,10,000,16,1,3,01,A01
201100043778,0,07,000,00,2,7,15,A01
201100043778,0,33,000,00,2,1,01,B01
201100043779,0,07,000,00,2,1,15,B01
201100043779,0,07,000,00,2,2,01,A01
201100043780,0,07,000,00,2,1,01,A01
201100043780,0,07,000,00,2,4,02,B01
201100043781,0,07,000,00,2,4,02,B01
201100043781,0,07,000,00,2,1,02,A01
201100043782,0,07,000,00,2,5,02,B01
201100043782,0,30,000,00,2,1,01,A01
201100043783,0,07,000,00,2,1,01,A01
201100043783,0,07,000,00,2,2,15,B01
201100043784,0,33,000,00,2,1,01,A01
201100043784,0,10,000,00,2,8,09,B01
201100043785,0,07,000,03,2,7,13,A01
201100043785,0,07,000,00,2,1,01,B01
201100043786,0,07,000,13,2,9,17,A01
201100043786,0,07,000,00,2,2,17,B01
201100043787,0,07,000,00,2,1,01,B01
201100043787,0,07,000,00,2,1,15,A01
201100043788,0,07,000,00,2,1,01,B01
201100043788,0,07,000,00,2,1,01,A01
201100043789,0,07,000,00,0,4,09,C01
201100043789,0,07,000,00,2,1,02,A01
201100043789,0,07,000,00,2,4,02,B01
201100043790,0,07,000,00,1,3,01,A01
201100043791,0,07,000,00,2,1,01,B01
201100043791,0,07,000,00,2,3,09,A01
201100043792,0,07,000,00,2,2,01,B01
201100043792,0,07,000,00,2,3,01,A01
201100043793,0,07,000,00,2,1,01,B01
201100043793,0,07,000,00,2,1,13,A01
201100043794,0,07,000,00,2,1,15,A01
201100043794,0,07,000,00,2,8,01,C01
201100043794,0,07,000,00,2,1,01,B01
201100043795,0,07,000,00,1,1,00,A01
201100043796,0,07,000,00,2,1,01,B01
201100043796,0,07,000,00,2,1,15,A01
201100043797,0,07,000,09,0,1,13,A01
201100043798,0,07,000,03,2,1,01,B01
201100043798,0,07,000,00,2,3,09,A01
201100043799,0,07,000,00,2,1,01,A01
201100043799,0,07,000,00,2,4,02,B01
201100043800,0,01,000,00,2,3,01,A01
201100043800,0,07,000,00,2,1,01,B01
201100043801,0,07,000,00,2,1,01,B01
201100043801,0,07,000,00,2,1,01,A01
201100043802,0,07,000,08,0,1,14,A01
201100043803,0,07,000,00,2,1,01,B01
201100043803,0,07,000,00,2,7,15,A01
201100043804,0,07,000,00,1,3,01,A01
201100043805,0,01,000,00,2,1,09,A01
201100043805,0,07,000,00,2,3,01,B01
201100043806,0,30,000,00,2,1,01,B01
201100043806,0,35,000,06,2,6,15,A01
201100043807,0,07,000,00,2,1,01,B01
201100043807,0,10,000,00,2,3,15,A01
201100043808,0,07,000,00,1,2,01,A01
201100043809,0,07,000,00,2,3,05,A01
201100043809,0,07,000,01,2,3,01,B01
201100043810,0,07,000,00,2,3,10,A01
201100043810,0,07,000,00,2,2,01,B01
201100043811,1,07,000,00,2,1,21,A01
201100043811,0,01,000,00,2,4,01,B01
201100043812,0,33,000,00,2,1,01,B01
201100043812,0,07,000,00,2,2,15,A01
201100043813,0,02,000,00,2,1,01,B01
201100043813,0,07,000,00,2,1,15,A01
201100043814,0,07,000,00,2,8,15,A01
201100043814,0,02,000,00,2,1,01,B01
201100043815,0,07,000,00,2,1,01,A01
201100043815,0,07,000,00,2,4,02,C01
201100043815,0,07,000,00,2,1,02,B01
201100043816,0,07,000,07,0,1,01,A01
201100043817,0,01,000,12,0,0,18,A01
201100043818,0,07,000,00,2,3,01,B01
201100043818,0,07,000,00,2,3,09,A01
201100043819,0,30,000,13,0,1,14,A01
201100043820,0,07,000,00,2,2,01,B01
201100043820,0,07,000,00,2,3,15,A01
201100043821,0,37,001,00,1,1,01,A01
201100043822,0,30,000,00,2,1,01,B01
201100043822,0,07,000,00,2,5,04,A01
201100043823,0,10,000,00,0,4,02,B01
201100043823,0,02,000,00,2,1,02,A01
201100043824,0,10,000,00,0,4,11,A01
201100043824,0,33,000,00,2,1,01,B01
201100043825,0,07,000,03,2,7,01,A01
201100043825,0,30,000,00,2,1,23,B01
201100043826,0,07,000,00,2,6,18,A01
201100043826,0,30,000,00,2,7,01,B01
201100043827,0,07,000,00,2,3,02,A01
201100043827,0,07,000,00,2,4,15,B01
201100043828,0,07,000,00,2,3,01,B01
201100043828,0,33,000,00,2,1,01,A01
201100043829,0,07,000,00,1,2,01,A01
201100043830,0,07,000,00,2,8,15,B01
201100043830,0,07,000,00,2,1,13,A01
201100043831,0,07,000,01,0,3,01,A01
201100043832,0,10,000,00,2,1,01,A01
201100043832,0,07,000,00,2,4,02,C01
201100043832,0,10,000,00,2,4,02,B01
201100043832,0,07,000,00,2,4,02,D01
201100043833,0,07,000,00,1,7,14,A01
201100043834,0,10,000,00,2,3,01,B01
201100043834,0,30,000,00,2,1,01,A01
201100043835,0,07,000,07,2,6,01,B01
201100043835,0,10,000,00,2,1,01,A01
201100043836,0,07,000,00,1,3,01,A01
201100043837,0,07,000,00,2,2,15,A01
201100043837,0,07,000,00,2,1,01,B01
201100043838,0,07,000,00,2,1,01,A01
201100043838,0,07,000,00,0,5,01,B01
201100043838,0,14,000,00,2,4,23,C01
201100043839,0,07,000,16,0,9,01,A01
201100043840,0,10,000,00,2,4,02,B01
201100043840,0,07,000,00,2,4,02,C01
201100043840,0,07,000,00,2,4,02,D01
201100043840,0,07,000,00,2,1,01,A01
201100043841,0,07,000,00,2,1,02,A01
201100043841,0,07,000,00,2,4,02,B01
201100043842,0,07,000,15,0,1,01,A01
201100043843,0,07,000,00,2,2,01,A01
201100043843,0,07,000,00,2,1,15,B01
201100043844,0,07,000,00,0,4,01,B01
201100043844,0,07,000,00,2,1,02,A01
201100043845,0,07,000,00,1,2,01,A01
201100043846,0,07,000,00,2,4,02,B01
201100043846,0,07,000,00,2,1,01,A01
201100043847,0,07,000,09,0,1,13,A01
201100043848,0,07,000,01,0,2,14,A01
201100043849,1,07,000,00,2,2,01,Z01
201100043849,0,02,000,00,2,0,01,A01
201100043850,0,30,000,00,2,1,01,B01
201100043850,0,07,000,00,2,2,10,A01
201100043851,0,10,000,00,1,7,20,A01
201100043852,0,07,000,00,2,1,15,A01
201100043852,0,02,000,00,2,1,01,B01
201100043853,0,07,000,00,2,8,15,B01
201100043853,0,31,000,00,2,1,01,A01
201100043854,0,30,000,03,0,7,01,A01
201100043855,0,07,000,00,1,1,01,A01
201100043856,0,07,000,00,2,1,15,A01
201100043856,0,07,000,00,2,2,01,B01
201100043857,0,33,000,00,0,7,12,A01
201100043858,0,30,000,00,2,1,09,A01
201100043858,0,07,000,00,2,2,01,B01
201100043859,0,10,000,00,1,1,01,A01
201100043860,0,07,000,13,0,9,14,A01
201100043861,0,07,000,00,2,3,01,B01
201100043861,0,07,000,00,2,1,01,A01
201100043862,0,01,000,00,2,7,19,A01
201100043862,0,10,000,00,2,8,01,C01
201100043862,0,33,000,00,2,1,01,B01
201100043863,1,32,000,00,1,1,17,Z01
201100043864,0,07,000,00,2,1,01,B01
201100043864,0,10,000,00,2,3,15,A01
201100043865,0,33,000,00,0,0,01,A01
201100043866,0,07,000,00,2,3,15,A01
201100043866,0,07,000,00,2,8,01,B01
201100043867,0,07,000,00,1,1,01,A01
201100043868,0,07,000,00,2,1,02,A01
201100043868,0,07,000,00,2,4,02,B01
201100043869,0,07,000,00,2,1,01,B01
201100043869,0,30,000,00,2,1,09,A01
201100043870,0,07,000,00,2,2,10,A01
201100043870,0,33,000,00,2,7,01,B01
201100043871,0,07,000,00,2,2,15,A01
201100043871,0,30,000,00,2,1,01,B01
201100043872,0,30,000,00,2,1,01,B01
201100043872,0,07,000,00,2,1,01,A01
201100043873,0,07,000,00,1,1,01,A01
201100043874,0,07,000,00,2,1,15,A01
201100043874,0,02,000,00,2,8,01,B01
201100043875,0,10,000,00,2,1,01,B01
201100043875,0,17,000,00,2,7,15,A01
201100043876,0,10,000,00,2,9,21,B01
201100043876,0,07,000,00,0,0,15,A01
201100043877,0,07,000,13,0,8,01,A01
201100043878,0,14,000,00,2,2,01,B01
201100043878,0,07,000,07,2,3,15,A01
201100043879,0,07,000,00,1,1,01,A01
201100043880,0,07,000,00,0,4,02,B01
201100043880,0,07,000,00,2,1,02,A01
201100043881,0,30,000,00,2,1,09,A01
201100043881,0,07,000,00,2,8,01,B01
201100043882,0,07,000,00,2,5,15,A01
201100043882,0,30,000,00,2,1,01,B01
201100043883,0,07,000,00,1,1,01,A01
201100043884,0,07,000,00,1,1,01,A01
201100043885,0,01,000,00,0,0,00,A01
201100043886,0,37,001,00,1,2,01,A01
201100043887,0,07,000,00,2,1,09,A01
201100043887,0,34,000,00,2,1,01,B01
201100043888,0,03,000,08,0,1,15,A01
201100043889,0,07,000,00,2,3,01,B01
201100043889,0,07,000,00,2,3,13,A01
201100043890,0,07,000,00,2,3,09,A01
201100043890,0,10,000,00,2,1,01,B01
201100043891,0,07,000,00,2,2,15,A01
201100043891,0,33,000,00,2,2,01,B01
201100043892,0,10,000,00,2,2,01,B01
201100043892,0,07,000,00,2,8,11,A01
201100043893,0,07,000,00,2,1,02,C01
201100043893,0,07,000,00,2,4,02,D01
201100043893,0,07,000,00,2,1,02,A01
201100043893,0,07,000,00,2,4,02,B01
201100043894,0,07,000,00,1,2,01,A01
201100043895,0,07,000,03,0,7,12,A01
201100043896,0,07,000,03,0,1,01,A01
201100043897,0,30,000,00,2,1,09,A01
201100043897,0,02,000,00,2,8,01,B01
201100043898,0,07,000,04,0,5,01,A01
201100043899,0,07,000,00,2,1,01,B01
201100043899,0,07,000,00,2,7,01,A01
201100043900,0,07,000,06,0,1,01,A01
201100043900,0,07,000,12,0,1,01,B01
201100043901,0,14,000,00,0,2,00,A01
201100043901,0,37,001,00,0,6,01,B01
201100043902,0,37,001,00,0,5,00,A01
201100043902,0,34,000,00,0,1,01,B01
201100043903,0,07,000,00,2,8,01,B01
201100043903,0,07,000,00,2,3,16,A01
201100043904,0,07,000,00,2,8,01,B01
201100043904,0,07,000,00,2,1,09,A01
201100043905,0,37,001,14,1,0,00,A01
201100043906,0,10,000,00,2,1,01,A01
201100043906,0,33,000,00,2,7,01,B01
201100043907,0,07,000,00,2,1,01,A01
201100043907,0,07,000,00,2,4,02,B01
201100043908,0,07,000,08,0,1,01,A01
201100043909,0,07,000,00,2,2,02,A01
201100043909,0,07,000,00,1,3,02,B01
201100043910,0,07,000,00,1,1,15,A01
201100043911,0,10,000,08,0,1,01,A01
201100043912,0,07,000,00,2,1,02,C01
201100043912,0,07,000,00,2,1,13,A01
201100043912,0,07,000,00,2,1,02,B01
201100043913,0,30,000,00,0,0,01,A01
201100043914,0,07,000,03,0,3,02,A01
201100043915,0,37,001,00,1,1,01,A01
201100043916,0,07,000,00,2,8,01,B01
201100043916,0,02,000,00,2,1,01,A01
201100043917,0,07,000,00,2,3,13,A01
201100043917,0,07,000,00,2,3,02,B01
201100043918,0,07,000,00,2,1,01,B01
201100043918,0,07,000,00,2,1,13,A01
201100043919,0,07,000,04,0,1,02,A01
201100043920,0,07,000,00,2,4,02,B01
201100043920,0,07,000,00,2,4,23,C01
201100043920,0,07,000,00,2,1,02,A01
201100043921,0,07,000,00,1,3,17,A01
201100043922,0,07,000,00,2,8,01,A01
201100043922,0,14,000,00,2,1,01,B01
201100043923,0,07,000,00,1,0,15,A01
201100043924,2,31,000,00,1,1,02,Z01
201100043925,0,07,000,00,2,1,13,A01
201100043925,0,15,000,00,2,3,02,B01
201100043926,0,07,000,00,2,3,15,A01
201100043926,0,33,000,00,2,1,02,B01
201100043927,0,32,000,00,2,1,01,B01
201100043927,0,07,000,00,2,8,15,A01
201100043928,0,07,000,00,2,4,02,B01
201100043928,0,07,000,00,2,1,02,A01
201100043929,0,07,000,00,1,4,04,A01
201100043930,0,07,000,00,2,4,02,D01
201100043930,0,07,000,00,2,4,13,A01
201100043930,0,33,000,00,2,1,02,C01
201100043930,0,07,000,00,2,1,02,B01
201100043931,0,07,000,00,1,0,00,A01
201100043932,0,37,001,00,1,6,01,A01
201100043933,0,33,000,07,0,1,15,A01
201100043934,0,07,000,00,1,1,02,A01
201100043935,0,07,000,00,1,1,01,A01
201100043936,0,07,000,00,1,1,01,A01
201100043937,0,15,000,00,2,8,02,B01
201100043937,0,07,000,00,2,1,02,D01
201100043937,0,07,000,00,2,1,02,C01
201100043937,0,07,000,00,2,7,17,A01
201100043938,0,07,000,00,2,3,09,A01
201100043938,0,34,000,00,2,1,02,B01
201100043939,0,07,000,00,2,1,02,A01
201100043939,0,07,000,00,2,4,01,B01
201100043940,0,33,000,00,2,1,17,B01
201100043940,0,07,000,00,2,2,09,A01
201100043941,0,07,000,00,2,4,04,A01
201100043941,0,01,000,00,2,1,01,B01
201100043942,0,07,000,00,2,8,02,B01
201100043942,0,07,000,00,2,1,09,A01
201100043943,0,33,000,00,2,6,01,B01
201100043943,0,07,000,00,2,2,15,A01
201100043944,0,07,000,00,2,1,19,A01
201100043944,0,07,000,00,2,1,01,B01
201100043945,0,07,000,00,1,1,02,A01
201100043946,0,07,000,00,1,1,02,A01
201100043947,0,02,000,00,2,1,12,A01
201100043947,0,07,000,00,2,3,23,B01
201100043948,0,07,000,00,1,1,02,A01
201100043949,0,07,000,00,1,1,01,A01
201100043950,0,07,000,13,0,1,02,A01
201100043951,0,33,000,00,0,8,01,A01
201100043952,0,07,000,00,2,2,02,B01
201100043952,0,07,000,00,2,3,09,A01
201100043953,0,07,000,00,2,3,09,A01
201100043953,0,01,000,00,2,1,01,B01
201100043954,0,07,000,00,2,1,02,A01
201100043954,0,07,000,00,2,3,01,B01
201100043955,0,07,000,00,2,2,15,A01
201100043955,0,07,000,00,2,1,01,B01
201100043956,0,07,000,00,1,8,02,A01
201100043957,0,07,000,06,0,1,16,A01
201100043958,0,10,000,00,1,1,16,A01
201100043959,0,07,000,00,2,4,00,B01
201100043959,0,07,000,00,2,4,02,C01
201100043959,0,07,000,00,2,1,02,A01
201100043960,0,32,000,00,2,1,01,B01
201100043960,0,07,000,00,2,2,15,A01
201100043961,0,07,000,07,2,1,12,A01
201100043961,0,07,000,00,2,8,01,B01
201100043962,0,07,000,00,2,3,23,B01
201100043962,0,07,000,07,2,1,13,A01
201100043963,0,07,000,00,1,0,01,B01
201100043963,0,07,000,00,2,8,09,A01
201100043964,0,02,000,00,2,1,02,A01
201100043964,0,07,000,00,2,1,02,B01
201100043965,0,07,000,00,1,1,02,A01
201100043966,0,07,000,00,2,2,09,A01
201100043966,0,07,000,00,2,8,01,B01
201100043967,0,07,000,00,2,1,02,A01
201100043967,0,07,000,00,2,4,02,B01
201100043968,0,07,000,03,0,1,02,A01
201100043969,0,07,000,00,2,1,02,A01
201100043969,0,07,000,00,2,4,23,B01
201100043970,0,07,000,00,2,1,01,B01
201100043970,0,07,000,00,2,2,01,C01
201100043970,0,07,000,00,2,2,15,A01
201100043971,0,32,000,00,2,1,01,A01
201100043971,0,07,000,00,2,2,15,B01
201100043972,0,02,000,00,2,1,13,A01
201100043972,0,07,000,00,2,8,02,B01
201100043973,0,07,000,00,2,1,02,A01
201100043973,0,07,000,00,2,4,02,B01
201100043974,0,01,000,00,0,0,00,A01
201100043975,0,07,000,00,2,1,01,B01
201100043975,0,07,000,00,2,7,13,A01
201100043976,0,07,000,00,2,4,02,B01
201100043976,0,07,000,00,2,1,02,A01
201100043977,0,07,000,01,0,1,01,A01
201100043978,0,07,000,00,2,8,09,A01
201100043978,0,10,000,00,2,1,01,B01
201100043979,0,02,000,00,2,1,01,B01
201100043979,0,07,000,00,2,3,15,A01
201100043980,0,07,000,00,2,3,02,B01
201100043980,0,07,000,00,2,1,02,A01
201100043981,0,33,000,16,0,7,01,A01
201100043982,0,07,000,00,2,6,15,A01
201100043982,0,36,000,00,2,1,01,B01
201100043983,0,32,000,00,2,8,02,A01
201100043983,0,10,000,00,2,1,02,B01
201100043984,0,07,000,00,1,1,02,A01
201100043985,0,07,000,00,2,2,15,A01
201100043985,0,01,000,00,2,1,01,B01
201100043986,0,07,000,00,2,1,02,B01
201100043986,0,07,000,00,2,1,13,A01
201100043987,0,07,000,00,2,3,01,B01
201100043987,0,02,000,00,2,6,01,A01
201100043988,0,07,000,00,2,1,02,A01
201100043988,0,37,002,00,2,8,02,B01
201100043989,0,02,000,00,2,1,01,A01
201100043989,0,07,000,00,2,6,01,B01
201100043990,0,07,000,12,0,2,02,A01
201100043991,0,07,000,00,2,4,23,E01
201100043991,0,07,000,00,2,1,02,B01
201100043991,0,07,000,00,2,1,02,C01
201100043991,0,07,000,00,2,1,02,A01
201100043991,0,07,000,00,2,1,02,D01
201100043992,0,33,000,00,2,1,02,B01
201100043992,0,07,000,00,2,2,09,A01
201100043993,0,07,000,00,1,3,00,A01
201100043994,0,07,000,03,2,1,05,A01
201100043994,0,07,000,03,0,7,02,D01
201100043994,0,07,000,03,2,1,02,B01
201100043994,0,07,000,03,2,1,02,C01
201100043995,0,07,000,00,1,7,01,A01
201100043996,0,07,000,00,2,1,15,A01
201100043996,0,07,000,00,2,1,02,B01
201100043997,0,37,001,00,2,1,01,B01
201100043997,0,07,000,00,2,4,14,A01
201100043998,0,03,000,09,0,1,02,A01
201100043999,0,07,000,00,2,1,01,A01
201100043999,0,07,000,00,2,1,01,B01
201100044000,0,07,000,00,2,1,02,A01
201100044000,0,07,000,00,2,2,02,B01
201100044001,0,14,000,00,1,3,16,A01
201100044002,0,07,000,00,1,2,01,A01
201100044003,0,33,000,06,0,2,16,A01
201100044004,0,02,000,00,2,1,02,B01
201100044004,0,07,000,00,2,7,02,A01