Num_Acc,senc,catv,occutc,obs,obsm,choc,manv,num_veh
201100044005,0,07,000,00,2,1,02,A01
201100044005,0,07,000,00,2,4,02,B01
201100044006,0,30,000,09,0,1,00,A01
201100044007,0,07,000,13,0,7,02,A01
201100044008,0,07,000,00,2,1,02,A01
201100044008,0,07,000,00,2,4,23,B01
201100044009,0,13,000,00,2,1,02,A01
201100044009,0,07,000,00,2,4,02,B01
201100044010,0,07,000,00,2,4,01,B01
201100044010,0,07,000,00,2,4,01,C01
201100044010,0,07,000,00,2,1,01,A01
201100044011,0,07,000,00,2,1,02,A01
201100044011,0,07,000,00,2,4,23,B01
201100044012,0,07,000,00,1,3,02,A01
201100044013,0,10,000,00,1,8,02,A01
201100044014,0,01,000,16,0,1,02,A01
201100044015,0,07,000,00,2,1,02,A01
201100044015,0,02,000,00,2,4,02,B01
201100044016,0,07,000,00,2,3,02,B01
201100044016,0,02,000,00,2,1,02,A01
201100044017,0,30,000,00,2,7,20,A01
201100044017,0,07,000,00,2,1,01,B01
201100044018,0,07,000,08,0,1,01,A01
201100044019,0,07,000,00,2,6,01,B01
201100044019,0,07,000,00,2,2,24,C01
201100044019,0,07,000,00,2,2,15,A01
201100044020,0,33,000,00,0,7,01,A01
201100044021,0,37,001,00,1,8,01,A01
201100044022,0,01,000,00,2,1,01,B01
201100044022,0,07,000,00,2,2,10,A01
201100044023,0,07,000,00,2,2,01,A01
201100044023,0,07,000,00,2,1,01,B01
201100044024,0,33,000,00,2,8,17,A01
201100044024,0,07,000,00,2,8,15,B01
201100044025,0,07,000,00,2,2,02,A01
201100044025,0,07,000,00,2,6,23,B01
201100044026,0,10,000,13,0,1,02,A01
201100044027,0,07,000,00,1,1,16,A01
201100044028,0,07,000,11,0,1,16,A01
201100044029,0,07,000,00,2,3,13,A01
201100044029,0,07,000,00,2,3,02,B01
201100044030,0,07,000,00,2,1,15,A01
201100044030,0,07,000,00,2,3,01,B01
201100044031,0,07,000,00,2,3,15,A01
201100044031,0,33,000,00,2,1,02,B01
201100044032,0,30,000,12,0,1,02,A01
201100044033,0,07,000,00,2,4,00,B01
201100044033,0,07,000,00,2,1,02,A01
201100044034,0,07,000,00,1,3,15,A01
201100044035,0,30,000,16,0,8,01,A01
201100044036,0,07,000,00,2,1,01,A01
201100044036,0,07,000,00,2,1,15,B01
201100044037,0,30,000,00,2,1,15,A01
201100044037,0,33,000,00,2,1,02,B01
201100044038,0,02,000,00,0,0,01,A01
201100044038,0,32,000,00,0,8,01,B01
201100044039,0,07,000,03,0,1,02,A01
201100044040,0,07,000,03,0,1,02,A01
201100044041,0,07,000,00,2,2,01,B01
201100044041,0,30,000,00,2,1,01,A01
201100044042,0,07,000,13,0,1,02,A01
201100044043,0,07,000,00,1,1,01,A01
201100044044,0,07,000,00,2,1,02,A01
201100044044,0,07,000,00,2,4,02,B01
201100044045,0,07,000,06,0,2,15,A01
201100044046,0,07,000,00,2,4,02,B01
201100044046,0,07,000,00,2,1,02,A01
201100044047,0,01,000,00,2,1,02,B01
201100044047,0,07,000,00,2,2,02,A01
201100044048,0,07,000,00,1,1,15,A01
201100044049,0,02,000,01,2,1,17,A01
201100044049,0,02,000,00,2,3,15,B01
201100044050,0,07,000,02,0,1,01,A01
201100044051,0,07,000,00,0,0,09,A01
201100044051,0,02,000,00,0,1,01,B01
201100044052,0,07,000,00,1,2,01,A01
201100044053,0,30,000,15,0,1,14,A01
201100044054,0,31,000,00,2,1,02,B01
201100044054,0,07,000,00,2,6,15,A01
201100044055,0,07,000,00,2,2,01,B01
201100044055,0,10,000,00,2,1,09,A01
201100044056,0,33,000,16,0,1,02,A01
201100044057,0,07,000,03,0,1,01,A01
201100044058,0,01,000,16,0,1,02,A01
201100044059,0,33,000,00,2,1,01,B01
201100044059,0,07,000,00,2,2,15,A01
201100044060,0,07,000,08,0,1,15,A01
201100044061,0,33,000,16,0,7,02,A01
201100044062,0,07,000,08,0,1,01,A01
201100044063,0,07,000,00,1,1,01,A01
201100044064,0,30,000,16,0,8,02,A01
201100044065,0,07,000,16,0,1,02,A01
201100044066,0,07,000,00,2,2,01,B01
201100044066,0,01,000,00,2,1,15,A01
201100044067,0,07,000,00,2,1,02,B01
201100044067,0,07,000,15,2,8,02,A01
201100044068,0,07,000,00,2,5,01,A01
201100044068,0,07,000,00,2,1,01,B01
201100044069,0,07,000,03,0,1,02,A01
201100044070,0,30,000,00,0,0,01,A01
201100044071,0,07,000,06,0,1,13,A01
201100044072,0,07,000,03,0,9,01,A01
201100044073,0,07,000,00,2,7,02,B01
201100044073,0,10,000,00,2,8,09,A01
201100044074,0,07,000,00,2,4,00,B01
201100044074,0,07,000,00,2,1,02,A01
201100044075,0,07,000,06,0,1,02,A01
201100044076,0,07,000,00,2,3,01,A01
201100044076,0,30,000,00,2,7,15,B01
201100044077,0,07,000,00,1,3,01,A01
201100044078,0,07,000,00,2,4,02,B01
201100044078,0,30,000,00,2,1,02,A01
201100044079,0,31,000,16,0,8,02,A01
201100044080,0,30,000,00,0,8,01,A01
201100044081,0,07,000,00,2,2,19,A01
201100044081,0,07,000,00,2,1,01,B01
201100044082,0,07,000,00,0,0,02,B01
201100044082,0,33,000,06,0,1,18,A01
201100044083,0,10,000,00,2,1,09,A01
201100044083,0,07,000,00,2,2,01,B01
201100044084,0,30,000,16,0,8,02,A01
201100044085,0,10,000,00,1,2,09,A01
201100044086,0,10,000,00,2,3,13,A01
201100044086,0,10,000,00,2,3,02,B01
201100044087,0,07,000,12,0,1,01,A01
201100044088,0,07,000,00,1,8,20,A01
201100044089,0,07,000,00,2,1,01,B01
201100044089,0,07,000,00,2,8,19,A01
201100044090,0,07,000,00,2,1,02,A01
201100044090,0,07,000,00,2,4,02,B01
201100044091,0,07,000,00,2,3,15,B01
201100044091,0,33,000,00,2,1,17,A01
201100044092,0,07,000,00,1,1,02,A01
201100044093,0,30,000,00,2,1,01,B01
201100044093,0,07,000,00,2,2,01,A01
201100044094,0,07,000,13,0,9,02,A01
201100044095,0,07,000,00,1,2,01,A01
201100044096,0,07,000,01,2,2,15,A01
201100044096,0,07,000,01,2,1,02,B01
201100044097,0,01,000,16,0,1,02,A01
201100044098,0,33,000,16,0,8,02,A01
201100044099,0,31,000,16,0,8,02,A01
201100044100,0,07,000,03,1,4,02,B01
201100044100,0,07,000,03,2,1,02,A01
201100044101,0,07,000,01,1,1,02,A01
201100044102,0,07,000,00,2,5,15,A01
201100044102,0,02,000,00,2,1,02,B01
201100044103,0,07,000,00,2,4,02,B01
201100044103,0,07,000,00,2,1,02,A01
201100044104,0,07,000,00,2,1,02,A01
201100044104,0,07,000,00,2,4,02,B01
201100044105,0,07,000,00,2,1,03,D01
201100044105,0,10,000,00,2,8,02,E01
201100044105,0,07,000,00,2,1,13,C01
201100044106,0,07,000,00,2,2,13,A01
201100044106,0,07,000,00,2,1,02,B01
201100044107,0,07,000,13,0,1,02,A01
201100044108,0,07,000,09,0,1,02,A01
201100044109,0,07,000,00,2,1,02,B01
201100044109,0,07,000,00,2,1,16,A01
201100044110,0,07,000,13,0,1,02,A01
201100044111,0,01,000,16,2,1,02,A01
201100044112,0,07,000,,2,1,02,A01
201100044112,0,07,000,,2,4,02,B02
201100044112,0,07,000,,2,4,02,C03
201100044113,0,07,000,00,2,3,01,C01
201100044113,0,07,000,00,2,6,01,B01
201100044113,0,07,000,00,2,1,05,A01
201100044114,0,07,000,00,2,4,23,B01
201100044114,0,07,000,00,2,1,02,A01
201100044115,0,07,000,00,1,3,01,A01
201100044116,0,07,000,00,2,2,01,B01
201100044116,0,07,000,00,2,8,20,A01
201100044117,0,33,000,00,2,4,15,B01
201100044117,0,33,000,00,2,1,02,A01
201100044118,0,03,000,00,2,8,01,B01
201100044118,1,10,000,00,2,1,00,Z01
201100044119,0,07,000,13,0,7,01,A01
201100044120,0,07,000,00,2,7,01,B01
201100044120,0,02,000,00,2,1,01,A01
201100044121,0,07,000,00,1,1,01,A01
201100044122,0,07,000,00,2,2,01,B01
201100044122,0,07,000,00,2,6,15,A01
201100044123,0,07,000,00,2,4,01,C01
201100044123,0,07,000,00,2,1,02,B01
201100044123,0,07,000,00,2,1,02,A01
201100044124,0,30,000,00,0,0,01,A01
201100044125,0,17,000,00,2,2,01,B01
201100044125,0,07,000,00,2,6,09,A01
201100044126,0,07,000,00,1,1,01,A01
201100044127,0,07,000,00,2,7,15,A01
201100044127,0,31,000,00,2,1,01,B01
201100044128,0,07,000,13,0,1,00,A01
201100044129,0,07,000,02,0,1,00,A01
201100044130,0,07,000,13,0,2,21,A01
201100044131,0,07,000,11,0,3,01,A01
201100044132,0,02,000,00,2,1,02,B01
201100044132,0,07,000,00,2,7,02,A01
201100044133,0,07,000,00,2,1,15,B01
201100044133,0,07,000,00,2,6,02,A01
201100044134,0,07,000,00,1,3,02,B01
201100044134,0,07,000,00,0,0,24,A01
201100044135,0,07,000,00,1,1,01,A01
201100044136,0,10,000,00,2,4,00,B01
201100044136,0,30,000,00,2,1,02,A01
201100044137,0,30,000,00,0,8,16,A01
201100044138,0,07,000,00,1,1,01,A01
201100044139,0,07,000,00,2,1,15,A01
201100044139,0,31,000,00,2,8,01,B01
201100044140,0,10,000,06,0,1,01,A01
201100044141,0,07,000,00,2,2,01,B01
201100044141,0,07,000,00,2,1,01,A01
201100044142,0,07,000,00,2,1,01,B01
201100044142,0,07,000,00,2,3,15,A01
201100044143,0,07,000,00,2,2,09,A01
201100044143,0,07,000,00,2,1,01,B01
201100044144,0,07,000,00,1,4,04,A01
201100044145,0,30,000,00,2,1,02,A01
201100044145,0,07,000,00,2,4,23,B01
201100044146,0,30,000,00,2,1,01,B01
201100044146,0,07,000,00,2,6,04,A01
201100044147,0,07,000,00,2,5,01,B01
201100044147,0,30,000,00,2,1,02,A01
201100044148,0,07,000,00,2,5,15,A01
201100044148,0,33,000,00,2,1,01,B01
201100044149,0,07,000,00,1,1,01,A01
201100044150,0,07,000,00,2,4,23,B01
201100044150,0,07,000,00,2,1,02,A01
201100044151,0,07,000,00,2,2,15,A01
201100044151,0,07,000,00,2,3,01,B01
201100044152,0,07,000,07,2,1,01,A01
201100044152,0,07,000,00,2,1,01,B01
201100044153,0,07,000,00,2,1,09,A01
201100044153,0,07,000,09,0,5,01,B01
201100044154,0,30,000,11,0,1,01,A01
201100044155,0,10,000,00,1,1,01,A01
201100044156,0,33,000,13,0,1,01,A01
201100044157,0,02,000,12,0,1,01,A01
201100044158,0,07,000,00,1,7,01,A01
201100044159,0,07,000,00,1,1,01,A01
201100044160,0,07,000,00,2,1,00,A01
201100044160,0,33,000,00,2,1,01,B01
201100044161,0,37,001,00,1,2,01,A01
201100044162,0,07,000,00,2,6,15,A01
201100044162,0,07,000,00,2,2,01,B01
201100044163,0,07,000,00,1,1,01,A01
201100044164,0,33,000,00,2,1,01,A01
201100044164,0,07,000,00,2,2,15,B01
201100044165,0,01,000,00,2,1,02,A01
201100044165,0,10,000,00,2,4,23,B01
201100044166,1,07,000,00,1,4,04,Z01
201100044167,0,07,000,00,2,7,15,A01
201100044167,0,07,000,00,2,1,01,B01
201100044168,0,01,000,00,2,1,02,C01
201100044168,0,10,000,00,9,7,17,A01
201100044168,0,01,000,00,2,8,01,B01
201100044169,0,07,000,00,2,0,09,A01
201100044169,0,30,000,00,2,7,01,B01
201100044170,0,21,000,00,2,3,15,B01
201100044170,0,07,000,00,2,1,17,A01
201100044171,0,33,000,15,0,9,13,A01
201100044172,0,30,000,00,2,1,02,A01
201100044172,0,10,000,00,2,4,23,B01
201100044173,0,07,000,00,1,0,01,A01
201100044174,0,07,000,00,2,2,09,A01
201100044174,0,07,000,00,2,1,01,B01
201100044175,0,07,000,00,2,5,01,B01
201100044175,0,30,000,00,2,1,09,A01
201100044176,0,01,000,16,0,0,01,A01
201100044177,0,07,000,00,2,2,15,A01
201100044177,0,33,000,00,2,1,01,B01
201100044178,0,02,000,12,0,0,01,A01
201100044179,0,33,000,11,0,7,00,A01
201100044180,0,07,000,00,1,3,01,A01
201100044181,0,30,000,00,2,0,01,B01
201100044181,0,07,000,00,2,0,15,A01
201100044182,1,30,000,00,1,1,17,Z01
201100044183,0,33,000,00,2,2,17,B01
201100044183,0,07,000,00,2,8,15,A01
201100044184,0,10,000,00,2,6,23,B01
201100044184,0,33,000,05,2,1,02,A01
201100044185,0,33,000,00,2,8,01,B01
201100044185,0,07,000,00,2,3,15,A01
201100044186,0,07,000,00,2,8,24,A01
201100044186,0,01,000,01,0,1,01,B01
201100044187,0,03,000,00,2,3,01,C01
201100044187,0,07,000,00,2,6,01,B01
201100044187,0,07,000,00,2,3,05,A01
201100044188,0,07,000,00,1,2,01,A01
201100044189,0,07,000,00,1,3,15,A01
201100044190,0,14,000,00,1,2,01,A01
201100044191,0,07,000,00,2,1,02,A01
201100044191,0,07,000,00,2,4,01,B01
201100044192,0,07,000,00,2,8,23,A01
201100044192,0,33,000,00,2,1,01,B01
201100044193,0,07,000,00,2,1,09,A01
201100044193,0,07,000,00,2,2,01,B01
201100044194,0,02,000,16,0,8,15,A01
201100044195,0,07,000,01,0,2,01,A01
201100044196,0,07,000,00,2,5,01,B01
201100044196,0,33,000,03,2,1,18,A01
201100044197,0,07,000,00,2,2,15,A01
201100044197,0,02,000,00,2,1,01,B01
201100044198,0,32,000,00,2,1,02,A01
201100044198,1,99,000,00,0,0,14,Z01
201100044198,0,10,000,00,2,4,23,B01
201100044199,0,07,000,00,2,7,15,A01
201100044199,0,07,000,00,2,1,01,B01
201100044200,0,30,000,00,2,8,15,B01
201100044200,0,30,000,00,2,1,02,A01
201100044201,0,07,000,00,1,8,01,A01
201100044202,0,07,000,00,2,7,15,A01
201100044202,0,07,000,00,2,2,01,B01
201100044203,0,07,000,00,2,8,01,A01
201100044203,0,07,000,00,2,3,23,C01
201100044203,0,07,000,00,2,2,01,B01
201100044204,0,07,000,06,0,1,01,A01
201100044205,0,07,000,00,2,4,01,B01
201100044205,0,07,000,00,2,1,02,A01
201100044206,0,07,000,00,2,4,23,C01
201100044206,0,02,000,00,2,4,23,B01
201100044206,0,07,000,00,2,1,02,A01
201100044207,0,17,000,00,1,5,16,A01
201100044208,0,07,000,00,2,3,23,B01
201100044208,0,07,000,00,2,2,02,A01
201100044209,0,07,000,02,0,0,01,A01
201100044210,0,07,000,00,2,3,01,B01
201100044210,0,07,000,00,2,2,09,A01
201100044211,0,07,000,03,2,2,17,A01
201100044211,0,07,000,00,2,6,01,B01
201100044212,0,07,000,00,1,2,01,A01
201100044213,0,33,000,01,0,7,21,B01
201100044213,0,07,000,00,0,0,04,A01
201100044214,0,07,000,00,2,3,15,A01
201100044214,0,07,000,00,2,1,01,B01
201100044215,0,30,000,00,2,4,01,B01
201100044215,1,99,000,00,2,1,02,Z01
201100044216,0,07,000,00,2,2,01,A01
201100044216,0,07,000,00,2,3,01,B01
201100044217,0,02,000,00,2,2,17,B01
201100044217,0,07,000,00,2,3,13,A01
201100044218,0,07,000,13,0,9,01,A01
201100044219,0,07,000,00,2,3,15,A01
201100044219,0,33,000,00,2,1,01,B01
201100044220,0,07,000,00,1,1,01,A01
201100044221,0,07,000,00,1,1,01,A01
201100044222,0,33,000,00,2,1,01,B01
201100044222,0,07,000,00,2,6,09,A01
201100044223,0,07,000,00,2,2,02,A01
201100044223,0,17,000,00,2,4,01,B01
201100044224,0,07,000,00,2,3,20,A01
201100044224,0,30,000,00,2,2,01,B01
201100044225,0,07,000,00,2,3,10,A01
201100044225,0,02,000,00,2,1,01,B01
201100044226,0,07,000,00,2,3,01,B01
201100044226,0,07,000,00,2,2,01,A01
201100044227,0,10,000,16,0,9,01,A01
201100044228,0,07,000,00,2,3,09,A01
201100044228,0,07,000,00,2,1,01,B01
201100044229,0,07,000,00,2,1,00,A01
201100044229,0,07,000,00,2,5,01,B01
201100044230,0,07,000,08,0,9,01,A01
201100044231,0,07,000,15,0,9,01,A01
201100044232,0,07,000,13,0,1,01,A01
201100044233,0,07,000,00,2,4,23,B01
201100044233,0,10,000,00,2,5,23,C01
201100044233,0,07,000,00,2,1,02,A01
201100044234,0,07,000,00,2,1,01,A01
201100044234,0,07,000,00,2,8,01,C01
201100044234,0,07,000,00,2,2,01,B01
201100044235,0,07,000,03,0,3,01,A01
201100044236,0,30,000,00,0,1,01,A01
201100044237,0,07,000,08,0,1,01,A01
201100044238,0,02,000,00,2,1,02,A01
201100044238,0,07,000,00,2,4,01,B01
201100044239,0,07,000,00,2,4,23,D01
201100044239,0,07,000,00,2,4,01,C01
201100044239,0,07,000,00,2,4,23,B01
201100044239,0,07,000,03,2,1,02,A01
201100044240,0,07,000,00,2,3,09,A01
201100044240,0,07,000,00,2,3,01,B01
201100044241,0,10,000,00,2,1,01,B01
201100044241,0,07,000,03,2,1,11,A01
201100044242,0,30,000,00,2,1,01,A01
201100044242,0,07,000,00,2,3,01,B01
201100044243,0,07,000,00,2,4,01,C01
201100044243,0,10,000,03,2,1,02,A01
201100044243,0,07,000,00,2,4,12,B01
201100044244,0,02,000,00,2,1,02,A01
201100044244,0,07,000,00,2,4,01,B01
201100044245,0,10,000,00,1,1,15,A01
201100044246,0,07,000,00,2,1,01,C01
201100044246,0,07,000,00,2,1,01,B01
201100044246,0,07,000,00,2,1,05,A01
201100044247,0,07,000,00,2,5,01,B01
201100044247,0,07,000,00,2,1,01,A01
201100044248,0,07,000,00,1,2,01,A01
201100044249,0,07,000,00,2,7,15,A01
201100044249,0,01,000,00,2,1,01,B01
201100044250,0,07,000,06,0,1,01,A01
201100044251,0,07,000,00,1,3,15,B01
201100044251,0,31,000,01,2,1,17,A01
201100044252,0,07,000,00,2,3,02,A01
201100044252,0,30,000,06,2,1,02,B01
201100044253,0,07,000,00,2,5,15,A01
201100044253,0,02,000,00,2,1,01,B01
201100044254,0,07,000,00,2,8,02,A01
201100044254,0,30,000,00,2,7,13,B01
201100044255,0,07,000,00,0,4,02,B01
201100044255,0,33,000,00,2,1,02,A01
201100044256,0,10,000,00,2,2,19,A01
201100044256,0,07,000,00,2,1,01,B01
201100044257,0,07,000,00,0,4,02,B01
201100044257,0,07,000,00,2,1,02,A01
201100044258,0,01,000,00,2,1,15,A01
201100044258,0,07,000,00,2,1,01,B01
201100044259,0,07,000,00,1,2,01,A01
201100044260,0,07,000,00,2,1,01,B01
201100044260,0,01,000,00,2,1,05,A01
201100044261,0,07,000,00,1,1,02,A01
201100044262,0,07,000,00,1,1,16,A01
201100044263,0,33,000,12,0,9,17,A01
201100044264,0,07,000,06,0,9,01,A01
201100044265,0,17,000,00,2,7,12,A01
201100044265,0,07,000,00,2,8,01,B01
201100044266,0,33,000,00,2,1,02,A01
201100044266,0,07,000,00,2,5,02,Z01
201100044267,0,14,000,00,2,8,00,B01
201100044267,0,33,000,00,2,8,00,A01
201100044268,0,33,000,00,2,1,02,A01
201100044268,0,07,000,00,2,2,15,B01
201100044269,0,07,000,01,0,1,14,A01
201100044270,0,07,000,00,1,1,01,A01
201100044271,0,07,000,08,0,1,01,A01
201100044272,0,07,000,00,1,5,01,A01
201100044273,0,07,000,02,0,9,01,A01
201100044274,0,07,000,00,2,7,19,A01
201100044274,0,15,000,00,2,1,01,B01
201100044275,0,07,000,00,2,2,15,B01
201100044275,0,02,000,00,2,1,01,A01
201100044276,0,07,000,00,1,2,01,A01
201100044277,0,07,000,00,2,3,13,A01
201100044277,0,07,000,00,2,3,01,B01
201100044278,0,33,000,09,2,1,18,A01
201100044278,0,13,000,00,2,2,01,B01
201100044279,0,07,000,00,1,1,01,A01
201100044280,0,07,000,00,2,3,01,B01
201100044280,0,31,000,00,2,1,17,A01
201100044281,0,33,000,02,0,1,01,A01
201100044282,0,07,000,00,1,3,00,A01
201100044283,0,07,000,00,1,1,17,A01
201100044284,0,07,000,06,0,2,01,A01
201100044285,0,07,000,00,2,7,01,B01
201100044285,0,10,000,00,2,3,01,A01
201100044286,0,07,000,02,0,1,01,A01
201100044287,0,01,000,00,2,1,01,B01
201100044287,0,07,000,00,2,5,04,A01
201100044288,0,07,000,11,0,1,01,A01
201100044289,0,07,000,00,1,1,16,A01
201100044290,0,07,000,00,2,1,01,B01
201100044290,0,07,000,00,2,2,13,A01
201100044291,0,33,000,00,2,1,17,B01
201100044291,0,07,000,00,2,3,15,A01
201100044292,0,07,000,00,2,4,23,B01
201100044292,0,07,000,00,2,4,23,C01
201100044292,0,10,000,00,2,1,01,A01
201100044293,0,07,000,00,2,4,01,C01
201100044293,0,07,000,00,2,4,01,B01
201100044293,0,07,000,00,2,4,01,D01
201100044293,1,07,000,00,2,1,01,A01
201100044294,0,17,000,00,2,1,01,B01
201100044294,0,07,000,03,0,8,17,C01
201100044294,0,07,000,00,2,7,05,A01
201100044295,0,07,000,00,1,8,01,A01
201100044296,0,33,000,00,0,0,01,A01
201100044296,0,33,000,00,0,0,01,B01
201100044297,0,30,000,00,2,0,01,B02
201100044297,1,07,000,,,,,A01
201100044298,0,07,000,00,2,1,01,C03
201100044298,0,07,000,00,2,3,01,A01
201100044298,0,07,000,00,2,4,15,B02
201100044299,0,07,000,,,,01,A01
201100044300,0,07,000,00,1,2,01,A01
201100044301,0,07,000,00,1,3,01,A01
201100044302,0,21,000,00,2,8,15,B01
201100044302,0,33,000,08,2,1,17,A01
201100044303,0,10,000,00,1,1,01,A01
201100044304,0,07,000,00,2,3,13,A01
201100044304,0,07,000,00,2,3,01,B01
201100044305,0,07,000,01,0,1,01,A01
201100044306,0,07,000,13,0,8,01,A01
201100044307,0,07,000,00,1,1,01,A01
201100044308,0,07,000,00,1,1,01,A01
201100044309,0,07,000,00,1,4,04,A01
201100044310,0,10,000,00,1,1,15,A01
201100044311,0,07,000,00,2,3,01,B01
201100044311,0,02,000,00,2,1,13,A01
201100044312,0,07,000,00,1,1,09,A01
201100044313,0,07,000,00,2,3,01,B01
201100044313,0,07,000,00,2,3,13,A01
201100044314,0,07,000,15,0,9,01,A01
201100044315,0,07,000,00,2,8,01,B01
201100044315,1,10,000,00,2,1,17,A01
201100044316,0,07,000,00,1,5,04,A01
201100044317,0,07,000,00,2,1,03,A01
201100044317,0,30,000,00,2,7,03,B01
201100044318,0,07,000,00,2,1,01,B01
201100044318,0,07,000,00,2,2,13,A01
201100044319,0,07,000,00,2,3,15,A01
201100044319,0,07,000,00,2,1,01,B01
201100044320,0,07,000,00,0,0,23,A02
201100044320,0,07,000,00,1,1,01,A01
201100044321,0,33,000,00,2,2,01,B01
201100044321,0,07,000,00,2,3,15,A01
201100044322,0,07,000,13,0,9,01,A01
201100044323,0,07,000,00,2,1,23,C01
201100044323,0,02,000,00,2,2,01,B01
201100044323,0,07,000,00,2,1,15,A01
201100044324,0,07,000,00,1,3,01,A01
201100044325,0,07,000,00,2,8,01,B01
201100044325,0,07,000,00,2,3,01,C01
201100044325,0,07,000,00,2,3,13,A01
201100044326,0,07,000,00,2,8,20,A01
201100044326,0,02,000,00,2,2,01,B01
201100044327,0,07,000,15,0,8,01,A01
201100044328,0,07,000,15,2,6,01,B01
201100044328,0,03,000,00,2,2,15,A01
201100044329,0,07,000,00,1,2,01,A01
201100044330,0,07,000,00,2,1,17,A01
201100044330,0,14,000,00,2,3,01,B01
201100044331,0,02,000,00,2,1,01,A01
201100044331,0,07,000,00,2,3,15,B01
201100044332,0,07,000,00,1,1,01,A01
201100044333,0,07,000,00,2,1,05,A01
201100044333,0,07,000,00,2,7,01,B01
201100044334,0,07,000,00,2,2,15,A01
201100044334,0,33,000,00,2,1,17,B01
201100044335,0,07,000,00,1,1,01,A01
201100044336,0,07,000,00,1,1,15,A01
201100044337,0,01,000,01,0,1,01,B01
201100044337,0,07,000,00,2,3,24,A01
201100044338,0,07,000,00,2,3,15,A01
201100044338,0,07,000,00,2,1,01,B01
201100044339,0,01,000,00,2,5,01,B01
201100044339,0,07,000,00,2,1,01,A01
201100044340,0,14,000,00,2,1,01,B01
201100044340,0,07,000,00,2,7,01,A01
201100044341,0,01,000,00,0,4,15,B01
201100044341,0,07,000,00,2,1,17,A01
201100044342,0,33,000,08,2,1,16,B01
201100044342,0,07,000,00,2,2,15,A01
201100044343,0,07,000,00,1,2,01,A01
201100044344,0,07,000,00,1,1,15,A01
201100044345,0,07,000,00,2,2,01,B01
201100044345,0,02,000,00,2,8,01,A01
201100044346,0,32,000,00,2,0,01,A01
201100044346,0,07,000,00,0,0,01,B01
201100044347,0,02,000,00,2,2,15,B01
201100044347,0,07,000,00,2,8,01,A01
201100044348,0,02,000,00,1,2,01,A01
201100044349,0,02,000,00,2,1,01,B01
201100044349,0,07,000,00,2,2,16,A01
201100044350,0,30,000,00,2,1,17,B01
201100044350,0,30,000,00,2,8,10,A01
201100044351,0,33,000,00,2,1,01,A01
201100044351,0,07,000,00,2,3,15,B01
201100044352,0,15,000,00,2,3,01,B01
201100044352,0,07,000,00,2,4,10,A01
201100044353,0,33,000,02,0,1,01,A01
201100044354,0,07,000,00,1,2,01,A01
201100044355,0,07,000,00,2,3,01,B01
201100044355,0,07,000,00,2,3,15,A01
201100044356,0,07,000,00,2,3,13,A01
201100044356,0,15,000,00,2,3,01,B01
201100044357,0,07,000,00,2,1,01,A01
201100044357,1,07,000,00,2,0,11,Z03
201100044357,0,10,000,00,2,3,01,B02
201100044358,0,07,000,00,2,1,01,B01
201100044358,0,07,000,00,2,1,17,A01
201100044359,0,02,000,00,2,1,01,B01
201100044359,0,07,000,00,2,3,01,A01
201100044360,0,07,000,00,2,1,01,A01
201100044360,0,07,000,00,2,1,01,B01
201100044361,0,07,000,00,2,1,15,A01
201100044361,0,32,000,00,2,1,01,B01
201100044362,0,07,000,00,1,7,01,A01
201100044363,0,07,000,00,2,3,01,B01
201100044363,0,07,000,00,2,1,00,A01
201100044364,0,07,000,08,0,2,01,A01
201100044365,0,07,000,13,0,3,16,A01
201100044366,0,30,000,00,1,1,01,A01
201100044367,0,07,000,00,1,1,00,A01
201100044368,0,07,000,00,2,1,00,B01
201100044368,0,07,000,00,2,7,00,A01
201100044369,0,07,000,00,2,4,01,B01
201100044369,0,07,000,00,2,1,01,A01
201100044370,0,07,000,00,2,3,01,B01
201100044370,0,07,000,00,2,3,13,A01
201100044371,0,30,000,00,2,1,02,B01
201100044371,0,07,000,00,2,8,19,A01
201100044372,0,01,000,00,0,1,00,A01
201100044373,0,07,000,00,2,4,23,B01
201100044373,0,07,000,00,2,1,01,A01
201100044373,0,07,000,00,2,4,23,C01
201100044374,0,07,000,00,1,1,01,A01
201100044375,0,07,000,00,1,3,11,A01
201100044376,0,02,000,00,2,7,02,B01
201100044376,0,07,000,00,2,3,10,A01
201100044377,0,07,000,00,2,5,09,A01
201100044377,0,01,000,00,2,6,19,B01
201100044378,0,02,000,00,2,0,01,A01
201100044378,0,07,000,00,2,1,01,B01
201100044379,0,07,000,01,0,4,04,A01
201100044379,0,07,000,00,2,4,01,B01
201100044380,0,07,000,00,2,4,23,B01
201100044380,0,07,000,00,2,1,01,A01
201100044380,0,07,000,00,2,4,23,C01
201100044381,0,07,000,00,2,1,01,A01
201100044381,0,30,000,00,2,3,01,B01
201100044382,0,07,000,00,1,7,00,A01
201100044383,0,07,000,00,0,4,01,B01
201100044383,0,07,000,00,2,1,01,A01
201100044384,0,07,000,00,2,3,09,A01
201100044384,0,07,000,00,2,2,01,B01
201100044385,0,07,000,00,2,2,02,B01
201100044385,0,30,000,00,2,3,01,A01
201100044386,0,07,000,00,0,2,00,A01
201100044387,0,07,000,00,2,4,02,B01
201100044387,0,07,000,00,2,1,02,A01
201100044388,0,07,000,00,2,1,00,A01
201100044388,0,07,000,00,2,4,00,B01
201100044389,0,07,000,00,2,4,02,B01
201100044389,0,07,000,00,2,1,02,A01