Num_Acc,senc,catv,occutc,obs,obsm,choc,manv,num_veh
201100044740,0,07,000,00,2,1,15,A01
201100044741,0,07,000,00,1,1,15,A01
201100044742,0,07,000,00,1,1,01,A01
201100044743,0,07,000,00,2,3,01,B01
201100044743,0,38,001,00,2,2,15,A01
201100044744,0,34,000,00,9,9,21,A01
201100044745,0,07,000,00,2,4,01,D01
201100044745,0,07,000,00,2,4,01,E01
201100044745,0,07,000,00,2,4,01,C01
201100044745,0,07,000,00,2,1,01,A01
201100044745,0,07,000,00,2,4,02,B01
201100044746,0,32,000,00,2,8,01,B01
201100044746,0,07,000,00,0,5,15,A01
201100044747,0,30,000,00,2,1,01,B01
201100044747,0,07,000,00,2,3,01,A01
201100044748,0,10,000,00,2,3,01,A01
201100044748,0,07,000,00,2,2,01,B01
201100044749,0,01,000,00,2,1,15,A01
201100044749,0,07,000,00,2,7,01,B01
201100044750,0,07,000,00,1,1,01,A01
201100044751,0,07,000,00,1,7,01,A01
201100044752,0,07,000,00,2,1,01,B01
201100044752,0,01,000,00,2,7,01,A01
201100044753,0,07,000,15,0,9,01,A01
201100044754,0,07,000,01,0,9,14,A01
201100044755,0,07,000,00,2,2,15,A01
201100044755,0,33,000,00,2,9,01,B01
201100044756,0,33,000,00,2,1,01,B01
201100044756,0,07,000,00,2,5,15,A01
201100044757,0,07,000,00,1,3,15,A01
201100044758,0,07,000,08,0,1,01,A01
201100044759,0,07,000,01,0,1,01,A01
201100044760,0,07,000,00,2,1,01,A01
201100044760,0,30,000,00,2,7,01,B01
201100044761,0,07,000,00,2,7,19,A01
201100044761,0,01,000,00,2,1,01,B01
201100044762,0,07,000,00,2,1,15,B01
201100044762,0,30,000,00,2,4,01,A01
201100044763,0,38,001,00,2,1,13,A01
201100044763,0,07,000,00,2,1,01,C01
201100044763,0,33,000,00,2,1,01,D01
201100044763,0,07,000,00,2,1,01,B01
201100044764,0,07,000,00,1,1,17,A01
201100044765,0,33,000,00,2,1,01,B01
201100044765,0,07,000,00,2,1,09,A01
201100044766,0,07,000,00,2,1,01,A01
201100044766,0,07,000,00,2,3,01,B01
201100044767,0,07,000,12,0,1,13,A01
201100044768,0,01,000,00,2,7,19,B01
201100044768,0,07,000,00,2,3,01,A01
201100044769,0,07,000,00,2,1,02,B01
201100044769,0,07,000,00,1,1,01,A01
201100044770,0,07,000,00,1,1,01,A01
201100044771,0,01,000,00,2,1,01,A01
201100044771,0,07,000,00,2,7,01,B01
201100044772,0,07,000,00,2,4,23,B01
201100044772,0,07,000,00,2,1,01,A01
201100044773,0,07,000,00,2,1,01,A01
201100044773,0,07,000,09,2,7,01,B01
201100044774,0,07,000,00,1,1,01,A01
201100044775,0,07,000,00,2,3,00,A01
201100044775,0,07,000,00,2,6,00,B01
201100044776,0,33,000,00,2,7,17,B01
201100044776,0,07,000,00,2,3,15,A01
201100044777,0,07,000,00,2,3,15,A01
201100044777,0,07,000,00,2,1,01,B01
201100044778,0,07,000,00,1,1,01,A01
201100044779,0,07,000,00,2,2,01,A01
201100044779,0,01,000,00,2,7,00,B01
201100044780,1,07,000,00,1,1,01,Z01
201100044781,1,01,000,00,1,1,01,Z01
201100044782,0,32,000,00,2,1,01,A01
201100044782,0,07,000,00,2,4,01,B01
201100044783,0,07,000,00,1,1,01,A01
201100044784,0,07,000,00,1,7,01,A01
201100044784,0,01,000,00,2,1,19,B01
201100044785,1,07,000,00,1,1,01,Z01
201100044786,0,31,000,00,2,8,01,B01
201100044786,0,07,000,00,2,7,14,A01
201100044787,0,37,001,00,1,2,17,A01
201100044788,0,07,000,00,2,8,15,A01
201100044788,0,34,000,00,2,2,01,B01
201100044789,0,30,000,00,2,8,00,A01
201100044789,0,07,000,00,2,8,15,B01
201100044790,0,14,000,06,0,8,13,A01
201100044791,0,07,000,00,2,3,01,B01
201100044791,1,07,000,00,2,1,02,Z01
201100044792,1,07,000,00,2,1,01,Z01
201100044792,0,07,000,00,2,4,15,A01
201100044793,0,07,000,00,2,4,02,B01
201100044793,0,07,000,00,2,1,01,A01
201100044794,0,07,000,00,2,4,15,B01
201100044794,0,30,000,00,2,1,03,A01
201100044795,0,07,000,00,2,3,15,A01
201100044795,0,01,000,00,2,8,00,B01
201100044796,0,07,000,00,2,1,01,A01
201100044796,0,07,000,00,2,4,02,B01
201100044797,0,07,000,15,0,1,00,A01
201100044798,0,07,000,00,2,1,01,B01
201100044798,0,07,000,00,2,5,01,A01
201100044799,0,07,000,00,2,1,01,A01
201100044799,0,07,000,00,2,1,01,B01
201100044800,0,07,000,01,0,1,00,A01
201100044801,0,30,000,12,0,1,01,A01
201100044802,0,07,000,00,2,1,01,A01
201100044802,0,33,000,00,2,4,02,B01
201100044803,0,33,000,00,2,8,01,B01
201100044803,0,07,000,00,2,3,15,A01
201100044804,0,01,000,00,2,4,01,A01
201100044804,1,07,000,00,2,1,01,Z01
201100044805,0,33,000,00,1,1,15,A01
201100044806,1,07,000,00,1,1,01,Z01
201100044807,0,07,000,00,1,1,01,A01
201100044808,0,07,000,00,2,8,15,A01
201100044808,0,33,000,00,2,1,17,B01
201100044809,0,07,000,00,2,1,19,B01
201100044809,0,33,000,00,2,9,17,A01
201100044810,0,01,000,00,2,8,00,B01
201100044810,0,07,000,00,2,1,01,A01
201100044811,0,07,000,00,2,8,00,B01
201100044811,0,33,000,00,2,7,00,A01
201100044812,2,07,000,01,0,1,14,A01
201100044813,0,07,000,00,2,1,01,C01
201100044813,0,01,000,00,2,1,01,B01
201100044813,0,07,000,00,2,8,22,A01
201100044814,0,07,000,00,2,1,01,A01
201100044814,0,07,000,00,2,3,01,B01
201100044815,0,10,000,00,2,3,01,B01
201100044815,0,01,000,00,2,1,01,A01
201100044816,0,37,001,00,2,3,01,A01
201100044816,0,07,000,00,2,1,01,B01
201100044817,0,10,000,00,2,1,01,A01
201100044817,0,07,000,00,2,3,09,B01
201100044818,0,07,000,00,2,1,01,A01
201100044818,0,07,000,00,2,7,01,B01
201100044819,0,07,000,00,2,1,01,A01
201100044819,0,07,000,00,2,3,01,B01
201100044820,0,07,000,00,2,1,01,A01
201100044820,0,07,000,00,2,7,01,B01
201100044821,0,33,000,01,2,1,01,A01
201100044821,0,07,000,00,2,4,24,B01
201100044822,0,33,000,00,0,7,01,A01
201100044823,0,34,000,00,2,2,01,B01
201100044823,2,30,000,00,2,1,01,A01
201100044824,0,07,000,00,2,6,15,A01
201100044824,0,34,000,00,2,7,15,B01
201100044825,0,07,000,00,2,1,01,A01
201100044825,0,07,000,00,2,4,23,D01
201100044825,0,07,000,00,2,4,23,B01
201100044825,0,07,000,00,2,4,23,C01
201100044826,0,07,000,00,1,8,01,A01
201100044827,0,07,000,00,2,1,01,A01
201100044827,0,07,000,00,2,4,02,B01
201100044828,0,07,000,00,2,8,01,A01
201100044828,0,07,000,00,2,7,01,B01
201100044829,0,07,000,00,2,3,01,A01
201100044829,0,07,000,00,2,1,01,B01
201100044830,0,07,000,00,2,4,01,A01
201100044830,0,02,000,00,2,8,02,B01
201100044831,0,30,000,00,2,1,01,A01
201100044831,0,07,000,00,2,4,01,B01
201100044832,0,10,000,00,2,3,15,A01
201100044832,0,32,000,00,2,3,21,B01
201100044833,0,07,000,01,0,8,01,A01
201100044834,0,07,000,00,2,1,02,B01
201100044834,0,07,000,00,2,4,01,A01
201100044835,0,07,000,00,2,3,15,B01
201100044835,0,33,000,00,2,7,17,A01
201100044836,0,07,000,00,1,2,01,A01
201100044837,0,33,000,00,1,1,01,A01
201100044838,0,33,000,00,2,1,10,A01
201100044838,0,07,000,00,2,6,15,B01
201100044839,1,07,000,00,1,1,01,Z01
201100044840,0,07,000,06,2,3,01,A01
201100044840,0,07,000,00,2,1,01,B01
201100044841,0,07,000,00,1,1,01,A01
201100044842,0,07,000,00,1,1,01,A01
201100044843,0,34,000,00,2,1,01,B01
201100044843,0,07,000,00,2,7,15,A01
201100044844,0,07,000,00,2,2,01,B01
201100044844,0,07,000,00,2,6,19,A01
201100044845,0,07,000,01,0,7,16,A01
201100044846,0,34,000,00,2,4,23,B01
201100044846,0,07,000,00,2,1,12,A01
201100044847,0,10,000,00,2,1,01,B01
201100044847,0,10,000,00,2,7,19,A01
201100044848,0,10,000,00,1,1,01,A01
201100044849,0,07,000,04,0,8,01,A01
201100044850,0,07,000,00,2,4,02,B01
201100044850,0,10,000,00,2,1,01,A01
201100044851,0,07,000,00,2,1,01,A01
201100044851,0,01,000,00,2,7,01,B01
201100044852,0,10,000,01,2,1,01,A01
201100044852,0,37,011,00,2,5,01,B01
201100044853,0,10,000,00,0,0,01,A01
201100044854,0,02,000,00,0,7,01,A01
201100044855,0,31,000,00,2,1,01,B01
201100044855,0,07,000,00,2,2,06,A01
201100044856,0,07,000,00,0,9,00,A01
201100044857,0,10,000,00,1,3,01,A01
201100044858,0,07,000,00,2,4,02,F01
201100044858,0,07,000,00,2,4,02,B01
201100044858,0,15,000,00,2,1,01,A01
201100044858,0,07,000,00,2,7,01,G02
201100044858,0,07,000,00,2,4,02,C02
201100044858,0,07,000,00,2,4,02,E01
201100044858,0,07,000,00,2,4,02,D01
201100044859,0,10,000,00,2,1,01,A01
201100044859,0,03,000,00,2,4,01,B01
201100044860,0,07,000,00,1,3,15,A01
201100044861,0,03,000,00,2,3,09,B01
201100044861,0,33,000,00,2,1,01,A01
201100044862,0,10,000,16,0,0,00,A01
201100044863,0,33,000,00,0,0,00,A01
201100044864,0,07,000,00,1,4,04,A01
201100044865,0,07,000,00,1,3,01,A01
201100044866,0,13,000,09,0,1,14,A01
201100044867,0,33,000,01,0,3,00,A01
201100044867,0,10,000,00,0,3,00,B01
201100044868,0,10,000,00,2,4,02,B01
201100044868,0,10,000,01,2,1,01,A01
201100044869,0,10,000,00,2,1,01,B01
201100044869,0,10,000,00,2,3,00,A01
201100044870,0,07,000,00,1,1,00,A01
201100044871,0,10,000,00,2,2,14,A01
201100044871,0,01,000,00,2,1,01,B01
201100044872,0,07,000,00,2,3,17,B01
201100044872,0,07,000,00,2,2,05,A01
201100044873,0,10,000,00,2,4,02,B01
201100044873,0,01,000,00,2,1,01,A01
201100044874,0,10,000,00,2,1,01,A01
201100044874,0,10,000,00,2,4,02,C01
201100044874,0,10,000,14,2,4,23,B01
201100044875,0,10,000,00,2,3,09,A01
201100044875,0,01,000,00,2,4,01,B01
201100044876,0,02,000,00,0,0,01,A01
201100044877,0,10,000,00,2,1,01,A01
201100044877,0,10,000,00,2,4,02,B01
201100044878,0,10,000,00,0,1,00,A01
201100044879,0,07,000,00,2,8,23,B01
201100044879,0,07,000,00,2,3,14,A01
201100044880,0,10,000,00,2,1,01,A01
201100044880,0,10,000,00,2,4,02,B01
201100044880,0,10,000,00,2,4,01,C01
201100044881,0,10,000,00,2,1,00,B01
201100044881,0,10,000,00,2,1,01,A01
201100044882,0,10,000,00,0,9,00,A01
201100044883,0,10,000,00,2,1,01,A01
201100044883,0,10,000,00,2,4,02,B01
201100044883,0,10,000,00,2,4,02,C01
201100044884,0,07,000,09,0,1,20,A01
201100044885,0,99,000,04,0,2,00,A01
201100044886,0,10,000,00,1,1,15,A01
201100044887,0,10,000,00,0,0,00,A01
201100044888,0,33,000,16,0,8,21,A01
201100044889,0,07,000,00,2,1,01,A01
201100044889,0,07,000,00,2,3,01,B01
201100044890,0,10,000,00,0,6,01,A01
201100044891,0,07,000,00,1,1,01,A01
201100044892,0,07,000,00,2,8,01,A01
201100044892,0,34,000,00,2,1,01,B01
201100044893,0,33,000,00,2,9,01,B01
201100044893,0,07,000,00,2,2,17,A01
201100044894,0,33,000,00,0,2,01,A01
201100044895,0,15,000,00,2,1,01,A01
201100044895,0,10,000,00,2,4,02,B01
201100044896,0,10,000,00,2,1,01,B01
201100044896,0,10,000,00,2,1,01,A01
201100044897,0,07,000,00,0,9,01,A01
201100044898,0,07,000,00,2,1,01,B01
201100044898,0,07,000,00,2,3,13,A01
201100044899,0,07,000,00,6,9,01,A01
201100044900,0,07,000,00,2,1,23,A01
201100044900,0,01,000,00,2,1,01,B01
201100044901,0,30,000,00,0,0,01,A01
201100044902,0,10,000,03,0,1,13,A01
201100044903,0,07,000,08,2,1,00,A01
201100044904,0,10,000,00,2,1,01,A01
201100044904,0,10,000,00,2,4,02,B01
201100044904,0,10,000,00,2,1,23,C01
201100044905,0,02,000,03,0,2,00,A01
201100044906,0,10,000,00,2,7,01,A01
201100044906,0,01,000,00,2,8,01,B01
201100044907,0,33,000,00,0,9,00,A01
201100044908,0,07,000,08,0,1,01,A01
201100044909,0,07,000,00,2,4,02,C01
201100044909,0,07,000,00,2,4,01,A01
201100044909,0,07,000,00,2,1,02,B01
201100044910,0,07,000,00,0,0,01,A01
201100044911,0,15,000,00,2,4,01,A01
201100044911,0,10,000,00,2,4,02,B01
201100044911,0,10,000,00,2,1,02,C01
201100044912,0,07,000,00,0,0,01,A01
201100044913,0,07,000,00,2,7,01,B01
201100044913,0,07,000,00,2,1,01,A01
201100044914,0,13,000,00,2,4,02,B01
201100044914,0,07,000,00,2,1,01,A01
201100044915,0,07,000,00,2,1,01,A01
201100044915,0,07,000,00,2,4,02,B01
201100044916,0,07,000,01,0,8,00,A01
201100044916,0,07,000,00,2,2,24,B01
201100044917,0,07,000,04,0,9,01,A01
201100044918,0,02,000,01,0,1,01,A01
201100044919,0,37,000,00,0,0,00,A01
201100044920,0,07,000,00,1,1,01,A01
201100044921,0,07,000,00,1,1,01,A01
201100044922,0,32,000,00,2,4,01,A01
201100044922,0,07,000,00,2,1,02,B01
201100044923,0,07,000,00,2,4,02,B01
201100044923,0,07,000,00,2,4,01,A01
201100044924,0,07,000,00,0,0,01,A01
201100044925,0,07,000,00,2,1,01,A01
201100044925,0,30,000,00,2,7,01,B01
201100044926,0,07,000,11,0,1,06,A01
201100044927,0,07,000,00,2,1,01,B01
201100044927,0,07,000,00,2,1,13,A01
201100044928,0,10,000,00,0,7,14,A01
201100044929,0,07,000,00,2,1,01,B01
201100044929,0,07,000,00,2,2,15,A01
201100044930,0,10,000,00,2,4,02,B01
201100044930,0,13,000,00,2,1,01,A01
201100044931,0,10,000,00,2,1,01,A01
201100044931,0,10,000,00,2,1,01,B01
201100044932,0,10,000,06,0,1,01,A01
201100044933,0,37,004,00,1,2,15,A01
201100044934,0,01,000,00,0,0,00,A01
201100044935,0,10,000,00,2,1,01,B01
201100044935,0,10,000,00,2,8,13,A01
201100044936,0,02,000,00,0,0,01,A01
201100044937,0,34,000,00,0,7,09,A01
201100044938,0,07,000,09,0,2,01,A01
201100044939,0,07,000,00,5,3,01,A01
201100044940,0,07,000,04,0,6,01,A01
201100044941,0,15,000,04,0,9,01,A01
201100044942,0,07,000,03,0,1,01,A01
201100044943,0,07,000,00,1,1,01,A01
201100044944,0,10,000,00,2,1,01,A01
201100044944,0,10,000,00,2,1,01,B01
201100044945,0,10,000,00,2,1,01,A01
201100044945,0,10,000,00,2,1,13,B01
201100044946,0,10,000,00,0,0,01,A01
201100044947,0,10,000,00,0,0,01,A01
201100044948,0,07,000,00,2,8,01,B01
201100044948,0,10,000,00,2,1,15,A01
201100044949,0,07,000,00,0,8,01,A01
201100044950,0,32,000,00,0,0,01,A01
201100044951,0,20,000,00,2,3,01,B01
201100044951,0,07,000,00,2,4,01,A01
201100044952,0,07,000,00,1,1,15,A01
201100044953,0,07,000,00,1,1,01,A01
201100044954,0,07,000,00,2,3,01,B01
201100044954,0,07,000,07,2,1,16,A01
201100044955,0,07,000,00,1,1,01,A01
201100044956,0,07,000,00,2,2,01,B01
201100044956,0,02,000,00,2,1,01,A01
201100044957,0,37,001,00,2,3,01,B01
201100044957,0,07,000,00,2,2,19,A01
201100044958,0,14,000,00,2,2,15,A01
201100044958,0,07,000,00,2,8,11,B01
201100044959,0,07,000,01,2,1,01,A01
201100044959,0,07,000,01,2,4,01,D01
201100044960,0,37,001,00,1,2,07,A01
201100044961,0,07,000,01,2,8,02,B01
201100044961,0,07,000,00,2,1,01,A01
201100044962,0,07,000,00,2,3,16,A01
201100044962,0,07,000,00,2,3,01,B01
201100044963,0,07,000,00,2,2,16,A01
201100044963,0,20,000,00,2,8,01,B01
201100044964,0,07,000,00,1,2,01,A01
201100044965,0,37,001,00,2,3,01,B01
201100044965,0,07,000,08,2,5,01,A01
201100044966,0,07,000,01,0,3,00,A01
201100044967,0,07,000,00,1,1,01,A01
201100044968,0,07,000,00,2,1,17,A01
201100044968,0,07,000,00,2,1,01,B01
201100044969,0,07,000,00,1,1,01,A01
201100044970,0,07,000,00,2,4,01,B01
201100044970,0,33,000,00,2,1,01,A01
201100044971,0,07,000,04,0,1,01,A01
201100044972,0,07,000,02,0,1,15,A01
201100044973,0,07,000,00,2,7,01,A01
201100044973,0,07,000,00,2,1,01,B01
201100044974,0,37,035,00,1,7,01,A01
201100044975,0,10,000,00,2,1,01,A01
201100044975,0,07,000,00,2,3,06,B01
201100044976,0,07,000,00,2,3,01,B01
201100044976,0,07,000,00,2,3,01,A01
201100044977,0,37,001,00,1,2,01,A01
201100044978,0,07,000,00,2,6,02,B01
201100044978,0,07,000,00,2,4,01,A01
201100044979,0,07,000,00,2,7,02,B01
201100044979,0,07,000,01,2,7,01,A01
201100044980,0,07,000,00,1,1,01,A01
201100044981,0,07,000,00,2,4,01,B01
201100044981,0,07,000,00,2,1,01,A01
201100044982,0,07,000,00,1,1,01,A01
201100044983,0,33,000,00,2,1,01,A01
201100044983,0,07,000,00,2,2,15,B01
201100044984,0,07,000,00,2,2,01,A01
201100044984,0,01,000,00,2,1,01,B01
201100044985,0,07,000,01,2,5,01,B01
201100044985,0,07,000,16,1,1,01,A01
201100044986,2,07,000,00,2,4,01,D01
201100044986,0,07,000,00,2,4,01,B01
201100044986,0,07,000,00,2,4,01,C01
201100044986,2,07,000,00,2,9,01,A01
201100044986,0,07,000,00,2,1,02,E01
201100044987,0,07,000,00,1,2,01,A01
201100044988,0,07,000,00,1,1,01,A01
201100044989,0,07,000,00,1,1,01,A01
201100044990,0,07,000,00,1,2,01,A01
201100044991,0,33,000,00,2,1,01,B01
201100044991,0,07,000,00,2,7,15,A01
201100044992,0,30,000,00,2,1,01,B01
201100044992,0,07,000,00,2,4,12,A01
201100044993,0,30,000,00,1,1,01,A01
201100044994,0,10,000,00,2,8,01,A01
201100044994,0,31,000,00,2,1,01,B01
201100044995,0,07,000,00,2,1,01,B01
201100044995,0,07,000,00,2,1,15,A01
201100044996,0,02,000,00,2,1,17,A01
201100044996,0,07,000,00,2,8,15,B01
201100044997,0,07,000,00,1,3,01,A01
201100044998,0,38,005,14,0,0,01,A01
201100044999,0,07,000,00,2,8,01,B01
201100044999,0,07,000,00,2,1,06,A01
201100044999,0,07,000,00,2,1,01,C01
201100045000,0,07,000,00,2,1,15,A01
201100045000,0,01,000,,2,3,01,B01
201100045001,0,07,000,00,2,8,13,A01
201100045001,0,32,000,00,2,7,17,B01
201100045002,0,07,000,00,1,3,01,A01
201100045003,0,07,000,00,1,1,01,A01
201100045004,0,07,000,00,1,2,01,A01
201100045005,0,07,000,00,1,1,01,A01
201100045006,0,32,000,00,2,1,01,A01
201100045006,0,10,000,00,2,5,02,B01
201100045007,0,01,000,00,2,1,01,B01
201100045007,0,07,000,00,2,2,01,A01
201100045008,0,07,000,00,1,2,17,A01
201100045009,0,07,000,00,1,1,01,A01
201100045010,0,07,000,00,1,4,20,A01
201100045011,0,07,000,00,1,3,01,A01
201100045012,0,07,000,00,2,1,02,C01
201100045012,0,07,000,00,2,4,23,B01
201100045012,0,07,000,00,2,4,23,A01
201100045013,0,07,000,00,2,5,02,B01
201100045013,0,07,000,00,2,4,02,C01
201100045013,0,07,000,00,2,1,01,A01
201100045014,0,07,000,00,1,1,01,A01
201100045015,0,07,000,00,2,2,01,A01
201100045015,0,07,000,00,2,3,01,B01
201100045016,0,33,000,01,0,1,01,A01
201100045017,0,07,000,00,2,1,09,A01
201100045017,0,07,000,00,2,7,01,B01
201100045018,0,07,000,00,2,3,01,B01
201100045018,0,07,000,00,2,3,13,A01
201100045019,0,07,000,00,2,7,01,B01
201100045019,0,07,000,06,2,1,05,A01
201100045020,0,30,000,00,2,2,01,B01
201100045020,0,07,000,00,2,1,15,A01
201100045021,0,07,000,00,2,1,01,A01
201100045021,0,07,000,00,2,4,02,C01
201100045021,0,07,000,00,2,4,02,B01
201100045022,0,07,000,00,2,1,01,B01
201100045022,0,07,000,00,2,1,05,A01
201100045023,0,07,000,00,1,1,01,A01
201100045024,0,07,000,00,2,1,02,A02
201100045024,0,07,000,00,2,4,02,B02
201100045024,0,07,000,00,2,4,23,E01
201100045024,0,07,000,00,2,4,23,D01
201100045024,0,02,000,00,2,4,23,F01
201100045024,0,07,000,00,2,4,23,G01
201100045024,0,07,000,00,2,4,01,C01
201100045025,0,07,000,00,1,3,01,A01
201100045026,0,07,000,00,1,1,01,A01
201100045027,0,07,000,00,2,2,09,A01
201100045027,0,33,000,00,2,3,01,B01
201100045028,0,07,000,00,1,1,00,A01
201100045029,0,31,000,00,2,1,01,B01
201100045029,0,07,000,00,2,8,22,A01
201100045030,0,07,000,02,0,7,01,A01
201100045031,0,30,000,14,0,1,01,A01
201100045032,0,10,000,00,1,1,01,A01
201100045033,0,07,000,00,2,4,01,B01
201100045033,0,07,000,00,2,1,16,A01
201100045033,0,07,000,00,2,1,01,C01
201100045034,0,10,000,00,2,7,01,A01
201100045034,0,07,000,00,2,1,01,B01
201100045035,0,37,001,00,1,1,15,A01
201100045036,0,31,000,00,2,1,01,B01
201100045036,0,07,000,00,2,2,01,A01
201100045037,0,33,000,01,2,1,01,B01
201100045037,0,07,000,00,2,2,15,A01
201100045038,1,02,000,00,1,1,01,Z01
201100045039,0,02,000,00,1,1,00,A01
201100045040,0,07,000,00,2,8,09,B01
201100045040,0,33,000,00,2,8,01,A01
201100045041,0,07,000,00,1,1,15,A01
201100045042,0,31,000,00,2,8,18,A01
201100045042,0,37,001,00,2,6,23,B01
201100045043,0,07,000,00,2,4,02,B01
201100045043,0,30,000,00,2,1,01,A01
201100045044,0,07,000,00,2,4,01,A01
201100045044,0,10,000,00,2,1,01,B01
201100045044,0,07,000,00,2,4,01,C01
201100045045,0,14,000,00,1,2,01,A01
201100045046,0,07,000,00,2,4,01,A01
201100045046,0,10,000,00,2,1,02,B01
201100045047,0,07,000,00,2,3,09,A01
201100045047,0,07,000,00,2,1,01,B01
201100045048,0,02,000,00,2,1,17,B01
201100045048,0,07,000,00,2,3,11,A01
201100045049,0,10,000,00,2,1,09,B01
201100045049,0,01,000,00,2,1,01,A01
201100045050,0,15,000,00,2,2,12,A01
201100045050,0,07,000,00,2,8,16,B01
201100045051,0,30,000,00,2,1,11,A01
201100045051,0,07,000,00,2,1,09,B01
201100045052,0,07,000,00,2,3,01,B01
201100045052,0,30,000,00,2,7,01,A01
201100045053,0,30,000,00,2,8,01,B01
201100045053,0,07,000,00,2,1,01,A01
201100045054,0,33,000,00,2,1,17,B01
201100045054,0,07,000,00,2,3,15,A01
201100045055,0,07,000,00,2,3,01,A01
201100045055,0,07,000,00,2,1,13,B01
201100045056,0,07,000,00,1,2,15,A01
201100045057,0,10,000,00,1,3,01,A01
201100045058,0,07,000,00,1,3,01,A01
201100045059,0,07,000,00,1,1,15,A01
201100045060,0,02,000,00,2,1,01,A01
201100045060,0,07,000,00,2,7,15,B01
201100045061,0,33,000,00,2,1,17,A01
201100045061,0,07,000,00,2,3,15,B01
201100045062,0,07,000,00,2,2,15,A01
201100045062,0,07,000,00,2,2,01,B01
201100045063,0,07,000,00,0,6,10,A01
201100045063,0,33,000,00,2,1,01,B01
201100045064,0,31,000,12,0,7,01,A01
201100045065,0,07,000,00,2,4,01,A01
201100045065,0,33,000,00,2,1,02,B01
201100045066,0,37,001,08,1,1,01,A01
201100045067,0,07,000,00,1,4,01,A01
201100045068,0,15,000,00,2,7,12,A01
201100045068,0,07,000,00,2,8,01,B01
201100045069,0,07,000,00,2,5,01,A01
201100045069,0,07,000,00,2,8,01,B01
201100045070,1,07,000,00,2,5,12,Z01
201100045070,0,33,000,00,2,1,01,A01
201100045071,0,07,000,00,1,1,01,A01
201100045071,0,02,000,00,2,4,01,B01
201100045071,0,07,000,00,2,4,01,C01
201100045072,0,07,000,00,1,3,15,A01
201100045073,0,07,000,00,2,1,01,B01
201100045073,0,07,000,07,2,1,15,A01
201100045074,0,15,000,00,2,1,01,A01
201100045074,0,07,000,03,2,4,01,E01
201100045074,0,07,000,00,2,4,01,D01
201100045074,0,07,000,04,2,4,02,F02
201100045074,0,07,000,00,2,7,01,C01
201100045074,0,07,000,00,2,4,01,G02
201100045074,0,15,000,00,2,4,02,B01
201100045075,0,37,001,00,1,3,13,A01
201100045075,0,07,000,00,2,1,01,B01
201100045076,0,31,000,00,2,7,20,A01
201100045076,0,07,000,00,1,1,01,B01
201100045077,0,32,000,00,2,7,15,A01
201100045077,0,07,000,00,2,7,01,C01
201100045077,0,07,000,00,2,1,01,B01
201100045078,0,07,000,00,1,1,01,A01
201100045079,0,07,000,04,2,7,01,A01
201100045079,1,07,000,00,2,8,13,Z01
201100045080,0,07,000,00,2,4,01,A01
201100045080,0,33,000,00,2,1,02,B01
201100045081,0,07,000,00,1,1,01,A01
201100045082,0,07,000,00,2,1,01,A01
201100045082,0,07,000,00,2,4,01,B01
201100045083,0,07,000,00,2,1,01,B01
201100045083,0,07,000,00,2,1,10,A01
201100045084,0,31,000,00,2,3,15,B01
201100045084,0,32,000,00,2,1,01,A01
201100045085,0,07,000,00,2,1,17,A01
201100045085,0,07,000,00,2,3,19,B01
201100045086,0,02,000,00,0,4,01,B01
201100045086,0,33,000,00,2,1,01,A01
201100045087,0,07,000,00,2,4,02,B01
201100045087,0,37,001,00,2,1,01,A01
201100045088,0,07,000,00,1,8,01,A01
201100045089,0,07,000,00,2,1,01,A01
201100045089,0,07,000,00,2,4,02,B01
201100045089,0,07,000,00,2,4,02,C01
201100045090,0,07,000,00,1,1,01,A01
201100045091,0,07,000,00,2,3,15,B01
201100045091,0,07,000,00,2,3,01,A01
201100045092,0,07,000,00,2,2,01,A01
201100045092,0,07,000,00,2,3,15,B01
201100045093,0,33,000,00,2,4,02,B01
201100045093,0,07,000,00,2,2,01,A01
201100045094,1,01,000,00,1,1,01,A01
201100045095,0,07,000,00,2,4,01,A01
201100045095,2,07,000,00,2,1,02,Z01
201100045096,0,07,000,00,6,1,01,A01
201100045097,0,07,000,00,2,1,02,B01
201100045097,0,07,000,00,2,4,01,A01
201100045098,0,07,000,00,1,5,01,A01
201100045099,0,07,000,00,2,2,01,A01
201100045099,0,02,000,00,2,1,01,B01
201100045100,0,07,000,00,2,5,01,C01
201100045100,0,33,000,00,2,7,03,B01
201100045100,0,07,000,00,2,8,11,A01
201100045101,0,07,000,00,2,4,02,B01
201100045101,0,07,000,00,2,1,01,A01
201100045102,0,07,000,00,2,4,02,B01
201100045102,0,34,000,00,2,1,01,A01
201100045103,0,07,000,00,1,1,01,A01
201100045104,0,33,000,00,2,7,03,A01
201100045104,0,07,000,00,2,8,11,B01
201100045105,0,07,000,00,2,8,13,B01
201100045105,0,32,000,00,2,1,17,A01
201100045106,0,07,000,00,2,2,01,A01
201100045106,0,07,000,00,2,8,15,B01
201100045107,0,07,000,00,2,1,01,A01
201100045107,0,07,000,00,2,4,01,B01
201100045108,0,07,000,00,1,2,15,A01
201100045109,1,07,000,00,0,0,12,Z01
201100045109,0,07,000,00,0,9,01,A01
201100045110,0,07,000,00,1,7,01,A01
201100045111,0,07,000,00,2,3,02,C01
201100045111,0,07,000,00,2,1,01,A01
201100045111,0,07,000,00,2,2,01,B01
201100045112,1,07,000,00,2,1,01,B01
201100045112,0,30,000,00,2,1,01,A01