Num_Acc,senc,catv,occutc,obs,obsm,choc,manv,num_veh
201100045113,1,03,000,00,2,7,02,A01
201100045113,0,01,000,00,2,8,02,B01
201100045114,0,30,000,00,2,1,01,A01
201100045114,0,07,000,00,2,4,02,B01
201100045115,0,30,000,00,2,1,01,A01
201100045115,0,07,000,00,2,4,02,B01
201100045116,0,30,000,00,2,4,01,A01
201100045116,1,07,000,00,2,1,01,B01
201100045117,0,07,000,00,2,3,01,B01
201100045117,0,30,000,00,2,2,01,A01
201100045118,0,33,000,00,2,3,01,B01
201100045118,0,07,000,00,2,6,20,A01
201100045119,0,07,000,00,2,1,02,B01
201100045119,0,10,000,00,2,1,02,C01
201100045119,0,07,000,00,2,4,01,A01
201100045120,0,07,000,00,2,4,02,B01
201100045120,0,07,000,00,2,1,01,A01
201100045121,0,07,000,00,1,4,20,A01
201100045122,0,07,000,00,2,1,02,B01
201100045122,0,07,000,00,2,4,01,A01
201100045123,0,07,000,00,0,9,01,A01
201100045124,0,07,000,00,2,3,20,A01
201100045124,0,33,000,00,1,1,21,B01
201100045125,0,07,000,00,2,1,02,A01
201100045125,0,07,000,00,2,4,02,B01
201100045126,0,07,000,00,2,4,02,B01
201100045126,0,07,000,00,2,4,02,C01
201100045126,0,07,000,00,2,1,02,A01
201100045127,0,07,000,00,1,1,01,A01
201100045128,0,07,000,00,2,1,01,A01
201100045128,0,07,000,00,2,4,02,B01
201100045129,0,07,000,00,1,1,01,A01
201100045130,0,07,000,00,1,1,01,A01
201100045131,0,07,000,00,2,1,01,A01
201100045131,0,07,000,00,2,8,15,B01
201100045132,0,33,000,00,2,1,01,A01
201100045132,0,07,000,00,1,3,01,B01
201100045133,0,07,000,01,0,1,01,A01
201100045134,0,07,000,00,2,1,09,A01
201100045134,0,07,000,00,2,7,01,B01
201100045135,0,10,000,00,1,1,01,A01
201100045136,0,10,000,00,1,1,01,A01
201100045137,0,07,000,00,6,1,01,A01
201100045137,0,07,000,00,6,1,00,B01
201100045137,0,07,000,00,6,1,01,C01
201100045138,1,07,000,00,1,1,01,A01
201100045139,1,07,000,00,2,8,01,B01
201100045139,0,33,000,00,2,2,01,A01
201100045140,0,07,000,00,1,1,01,A01
201100045141,0,07,000,00,2,1,02,C01
201100045141,0,07,000,00,2,1,02,B01
201100045141,0,07,000,00,6,4,01,A01
201100045142,0,07,000,01,0,1,01,A01
201100045143,0,07,000,00,1,1,01,A01
201100045144,0,07,000,00,1,1,01,A01
201100045145,0,07,000,00,2,1,01,B01
201100045145,0,07,000,00,2,2,15,A01
201100045146,0,07,000,00,2,4,01,A01
201100045146,0,07,000,00,2,1,02,B01
201100045147,0,07,000,03,0,9,01,A01
201100045148,0,30,000,01,0,1,01,A01
201100045149,0,07,000,03,0,1,01,A01
201100045150,0,03,000,07,0,1,01,A01
201100045151,0,33,000,00,2,6,01,B01
201100045151,0,07,000,00,2,2,01,A01
201100045152,0,32,000,00,1,1,01,A01
201100045153,0,07,000,00,2,6,17,A01
201100045153,0,33,000,00,2,4,17,B01
201100045154,0,07,000,00,1,2,01,A01
201100045155,1,07,000,00,2,1,01,Z01
201100045155,0,01,000,00,2,4,15,A01
201100045156,0,07,000,00,2,4,01,A01
201100045156,0,31,000,00,2,1,09,B01
201100045157,0,07,000,00,2,7,01,A01
201100045157,0,07,000,00,2,1,01,B01
201100045158,0,31,000,00,2,1,14,B01
201100045158,0,07,000,00,0,7,13,A01
201100045159,0,07,000,00,2,4,02,B01
201100045159,0,07,000,00,2,4,01,C01
201100045159,0,07,000,00,2,1,01,A01
201100045160,0,13,000,00,2,1,01,A01
201100045160,0,07,000,00,2,4,01,B01
201100045161,1,07,000,00,1,1,01,Z01
201100045162,0,31,000,00,0,0,01,A01
201100045163,0,37,001,00,1,3,17,A01
201100045164,0,07,000,00,1,1,01,A01
201100045165,0,30,000,00,2,1,01,C01
201100045165,0,07,000,00,2,5,15,B01
201100045166,0,07,000,00,2,1,15,A01
201100045166,0,01,000,00,2,1,19,B01
201100045167,0,07,000,12,1,2,14,A01
201100045168,0,07,000,00,2,8,11,B01
201100045168,0,33,000,00,2,7,03,A01
201100045169,0,07,000,00,2,8,15,B01
201100045169,0,07,000,00,2,2,17,A01
201100045170,0,07,000,00,2,1,09,A01
201100045170,0,02,000,00,2,8,01,B01
201100045171,0,32,000,00,2,8,01,B01
201100045171,0,07,000,00,2,7,17,A01
201100045172,0,07,000,00,2,1,01,A01
201100045172,0,07,000,00,2,4,02,B01
201100045172,0,07,000,00,2,4,02,C01
201100045173,0,07,000,00,2,1,13,B01
201100045173,0,07,000,00,2,1,01,A01
201100045174,0,07,000,00,2,1,01,A01
201100045174,0,07,000,08,2,5,16,B01
201100045175,0,07,000,15,0,4,04,A01
201100045176,0,07,000,08,0,1,00,A01
201100045177,0,07,000,06,0,1,17,A01
201100045178,0,07,000,00,2,3,01,B01
201100045178,0,07,000,00,2,1,13,A01
201100045179,0,02,000,00,0,1,01,A01
201100045180,0,07,000,00,1,2,01,A01
201100045181,0,02,000,00,1,1,17,A01
201100045182,0,31,000,00,0,8,14,A01
201100045183,0,07,000,00,2,3,15,A01
201100045183,0,33,000,00,0,1,17,B01
201100045184,0,07,000,00,2,4,23,C01
201100045184,0,07,000,00,2,4,23,D01
201100045184,0,07,000,00,2,4,23,B01
201100045184,0,10,000,00,2,1,01,A01
201100045185,0,33,000,03,0,8,15,A01
201100045186,2,07,000,06,1,5,04,A01
201100045187,0,30,000,00,2,1,01,A01
201100045187,0,10,000,00,2,7,02,B01
201100045188,0,07,000,00,2,7,02,B01
201100045188,0,07,000,00,2,3,02,A01
201100045189,0,07,000,00,2,1,01,A01
201100045189,0,01,000,00,2,1,01,B01
201100045190,0,07,000,00,1,1,01,A01
201100045191,0,07,000,00,2,1,01,A01
201100045191,0,07,000,00,2,4,02,B01
201100045191,0,07,000,00,2,4,02,C01
201100045192,0,02,000,00,2,2,01,A01
201100045192,0,07,000,00,2,6,02,B01
201100045193,0,01,000,12,0,1,00,A01
201100045194,1,07,000,00,1,1,01,A01
201100045195,0,07,000,00,2,4,01,B01
201100045195,0,07,000,01,2,1,09,A01
201100045196,0,01,000,00,0,0,01,A01
201100045197,0,30,000,05,0,1,01,A01
201100045198,0,01,000,06,0,1,01,A01
201100045199,0,07,000,00,2,4,02,C01
201100045199,0,07,000,00,2,4,02,B01
201100045199,0,07,000,00,2,1,02,A01
201100045200,0,07,000,08,0,1,01,A01
201100045201,0,30,000,00,0,1,01,A01
201100045202,0,07,000,00,2,4,01,B01
201100045202,0,02,000,00,2,1,01,A01
201100045203,0,07,000,00,2,1,15,A01
201100045203,0,07,000,00,2,1,05,B01
201100045204,0,01,000,00,2,8,02,B01
201100045204,0,07,000,00,2,7,17,A01
201100045205,0,02,000,00,2,1,05,A01
201100045205,0,07,000,00,2,1,01,B01
201100045206,0,07,000,00,1,1,01,A01
201100045207,0,07,000,00,2,4,02,B01
201100045207,0,07,000,00,2,1,01,A01
201100045208,0,01,000,00,0,1,01,A01
201100045209,0,01,000,00,0,0,01,A01
201100045210,0,02,000,03,2,9,01,A01
201100045210,0,07,000,00,2,1,02,B01
201100045211,0,30,000,00,0,0,01,A01
201100045212,0,02,000,01,0,1,01,A01
201100045213,0,07,000,00,2,4,02,B01
201100045213,0,07,000,00,2,1,01,A01
201100045214,0,01,000,00,2,1,01,A01
201100045214,0,07,000,00,2,4,02,B01
201100045215,0,07,000,00,1,1,01,A01
201100045216,0,07,000,00,1,1,01,A01
201100045217,0,01,000,00,0,1,01,A01
201100045218,0,33,000,00,0,1,01,A01
201100045219,0,01,000,00,0,1,01,A01
201100045220,0,07,000,00,1,1,01,A01
201100045221,0,07,000,00,2,4,02,B01
201100045221,0,37,001,00,2,1,01,A01
201100045222,0,33,000,01,2,1,02,A01
201100045222,0,07,000,00,2,4,01,B01
201100045223,0,31,000,00,0,1,15,A01
201100045224,0,30,000,03,0,1,01,A01
201100045225,0,01,000,00,0,1,01,A01
201100045226,0,02,000,00,1,1,01,A01
201100045227,0,02,000,00,0,1,01,A01
201100045228,0,30,000,00,2,1,01,B01
201100045228,0,07,000,00,2,1,10,A01
201100045229,0,33,000,00,2,1,01,A01
201100045229,0,07,000,00,2,1,01,B01
201100045230,0,07,000,00,0,1,01,A01
201100045231,0,07,000,00,2,1,16,A01
201100045231,0,01,000,00,2,1,01,B01
201100045232,0,07,000,00,2,1,02,B01
201100045232,0,07,000,00,2,1,01,A01
201100045232,0,07,000,00,2,4,02,C01
201100045233,0,07,000,00,1,4,04,A01
201100045234,0,07,000,00,2,1,15,A01
201100045234,0,07,000,00,2,1,01,B01
201100045235,0,33,000,00,0,1,01,A01
201100045236,0,01,000,00,2,1,01,A01
201100045236,0,07,000,00,2,1,01,B01
201100045237,0,02,000,00,2,1,01,A01
201100045237,0,07,000,00,2,1,01,B01
201100045238,0,07,000,00,2,7,01,A01
201100045238,0,33,000,00,2,1,01,B01
201100045239,0,02,000,00,2,7,01,A01
201100045239,0,07,000,00,2,8,02,B01
201100045240,0,07,000,00,2,1,05,B01
201100045240,0,07,000,00,2,1,05,A01
201100045241,0,07,000,00,2,1,01,A01
201100045241,0,07,000,00,2,4,23,B01
201100045242,0,07,000,00,2,1,01,B01
201100045242,0,07,000,05,2,5,13,A01
201100045243,0,07,000,00,2,1,01,A01
201100045243,0,07,000,00,2,4,02,B01
201100045244,0,02,000,00,0,0,01,A01
201100045245,0,07,000,00,2,1,24,B01
201100045245,0,07,000,00,2,4,01,A01
201100045246,0,38,001,00,2,7,01,B01
201100045246,0,07,000,00,2,1,01,A01
201100045247,0,01,000,00,0,1,16,A01
201100045248,0,13,000,00,2,1,01,A01
201100045248,0,07,000,00,2,1,01,B01
201100045249,0,07,000,06,2,1,20,A01
201100045250,0,07,000,00,2,1,01,B01
201100045250,0,07,000,00,2,1,01,A01
201100045251,0,13,000,00,2,1,01,A01
201100045251,0,07,000,00,2,1,01,B01
201100045252,0,07,000,00,2,3,01,B01
201100045252,0,10,000,00,2,1,01,A01
201100045253,0,02,000,00,2,1,16,B01
201100045253,0,07,000,00,2,2,16,A01
201100045254,0,01,000,00,0,1,01,A01
201100045255,0,07,000,00,1,4,04,A01
201100045256,0,07,000,00,2,1,01,B01
201100045256,0,07,000,00,2,2,01,A01
201100045257,0,02,000,00,0,1,01,A01
201100045258,0,31,000,00,2,8,01,A01
201100045258,0,07,000,00,2,4,02,B01
201100045259,0,07,000,00,2,1,06,A01
201100045259,0,07,000,00,2,1,01,B01
201100045260,0,02,000,00,2,1,05,A01
201100045260,0,32,000,00,2,1,01,B01
201100045261,0,07,000,16,0,7,16,A01
201100045262,0,07,000,00,2,4,02,B01
201100045262,0,33,000,00,2,1,01,A01
201100045263,0,33,000,00,2,2,01,A01
201100045263,0,07,000,00,2,1,11,B01
201100045264,0,02,000,00,2,1,17,A01
201100045264,0,10,000,00,2,6,01,B01
201100045265,0,07,000,00,1,8,01,A01
201100045266,0,07,000,00,1,3,15,A01
201100045267,0,07,000,00,2,5,02,B01
201100045267,0,32,000,00,2,1,01,A01
201100045268,0,01,000,00,2,1,15,B01
201100045268,0,07,000,00,2,7,16,A01
201100045269,0,32,000,16,0,0,01,A01
201100045270,0,07,000,00,2,8,15,B01
201100045270,0,32,000,00,2,2,17,A01
201100045271,0,07,000,08,0,9,01,A01
201100045272,0,07,000,07,0,1,01,A01
201100045273,0,01,000,16,0,0,00,A01
201100045274,0,07,000,00,2,1,01,C01
201100045274,0,07,000,00,2,4,01,B01
201100045274,0,07,000,00,2,4,01,A01
201100045275,0,17,000,06,0,1,01,A01
201100045276,0,07,000,05,0,1,01,A01
201100045277,0,01,000,00,2,1,01,B01
201100045277,0,07,000,00,2,1,01,A01
201100045278,0,07,000,00,1,1,01,A01
201100045279,0,07,000,00,2,8,23,B01
201100045279,0,07,000,00,2,1,01,A01
201100045280,0,07,000,01,0,1,01,A01
201100045281,0,07,000,00,0,9,01,A01
201100045282,0,33,000,00,2,1,01,A01
201100045282,0,33,000,00,0,1,02,C01
201100045282,0,07,000,00,2,3,02,B01
201100045283,0,07,000,02,0,1,01,A01
201100045284,0,01,000,00,0,1,01,A01
201100045285,0,07,000,00,1,1,01,A01
201100045286,0,01,000,00,2,8,02,B01
201100045286,0,07,000,00,2,3,01,A01
201100045287,0,07,000,00,1,1,01,A01
201100045288,0,07,000,03,0,1,01,A01
201100045289,0,01,000,00,2,7,01,A01
201100045289,0,07,000,00,2,8,01,B01
201100045290,0,07,000,00,2,1,15,A01
201100045290,0,33,000,00,2,7,01,B01
201100045291,0,02,000,16,0,8,01,A01
201100045292,0,07,000,00,2,1,15,B01
201100045292,0,07,000,00,2,8,01,A01
201100045293,0,07,000,00,1,2,01,A01
201100045294,0,02,000,16,0,0,01,A01
201100045295,0,01,000,15,0,0,01,A01
201100045296,0,07,000,00,2,1,09,B01
201100045296,0,07,000,00,2,7,01,A01
201100045297,0,02,000,00,2,1,01,B01
201100045297,0,10,000,00,2,2,16,A01
201100045298,0,07,000,00,1,1,15,A01
201100045299,0,01,000,00,2,1,01,B01
201100045299,0,07,000,00,2,2,15,A01
201100045300,0,07,000,00,2,3,09,A01
201100045300,0,07,000,00,2,7,01,B01
201100045301,0,01,000,00,2,1,13,A01
201100045301,0,01,000,00,2,1,01,B01
201100045302,0,31,000,00,0,0,01,A01
201100045303,0,07,000,00,1,3,01,A01
201100045304,0,30,000,00,2,7,01,B01
201100045304,0,07,000,00,2,1,15,A01
201100045305,0,07,000,00,2,4,01,C01
201100045305,0,07,000,00,2,1,01,D01
201100045305,0,07,000,00,2,4,01,A01
201100045305,0,07,000,00,2,1,01,B01
201100045306,0,07,000,00,2,2,01,A01
201100045306,0,07,000,00,2,6,02,B01
201100045307,0,07,000,00,2,4,02,B01
201100045307,0,07,000,00,2,1,01,A01
201100045308,0,30,000,00,2,0,01,A01
201100045308,0,07,000,00,1,0,01,B01
201100045309,0,33,000,04,0,0,17,A01
201100045310,0,07,000,01,2,1,13,A01
201100045310,0,01,000,00,2,1,01,B01
201100045311,0,07,000,00,1,1,15,A01
201100045312,0,07,000,00,2,1,01,B01
201100045312,0,07,000,00,2,1,15,A01
201100045313,0,07,000,06,0,1,01,A01
201100045314,0,07,000,00,1,1,15,A01
201100045315,0,07,000,00,2,1,01,B01
201100045315,0,07,000,03,2,1,01,A01
201100045316,0,02,000,00,0,0,01,A01
201100045317,0,38,005,00,1,7,01,A01
201100045318,0,07,000,00,2,6,04,A01
201100045318,0,30,000,00,2,1,01,B01
201100045319,0,33,000,01,0,1,01,A01
201100045320,0,07,000,00,2,2,19,B01
201100045320,0,07,000,00,2,3,15,A01
201100045321,0,07,000,01,2,4,23,B01
201100045321,0,07,000,00,2,4,23,C01
201100045321,0,07,000,00,2,3,01,A01
201100045322,0,02,000,00,0,8,01,A01
201100045323,0,07,000,00,2,2,01,A01
201100045323,0,07,000,00,2,4,02,B01
201100045324,0,07,000,00,2,4,02,C01
201100045324,0,07,000,14,2,4,02,B01
201100045324,0,07,000,14,0,1,01,A01
201100045325,0,07,000,15,2,1,01,A01
201100045325,0,07,000,15,2,2,01,B01
201100045326,1,07,000,00,2,3,00,A01
201100045326,0,01,000,00,2,1,00,B01
201100045327,0,01,000,,2,8,19,B02
201100045327,0,33,000,00,2,1,01,A01
201100045328,0,07,000,00,2,1,01,A01
201100045328,0,07,000,00,2,3,01,B01
201100045329,0,02,000,00,2,1,01,A01
201100045329,0,07,000,00,2,3,15,B01
201100045330,0,02,000,00,1,1,01,A01
201100045331,0,07,000,00,2,3,15,B01
201100045331,0,32,000,00,2,1,17,A01
201100045332,0,07,000,00,2,2,15,B01
201100045332,0,32,000,00,2,1,01,A01
201100045333,0,07,000,00,1,2,01,A01
201100045334,0,07,000,00,2,4,01,A01
201100045334,0,07,000,00,2,1,02,B01
201100045335,0,07,000,01,2,4,02,B01
201100045335,0,07,000,00,2,1,01,A01
201100045335,0,07,000,01,2,4,00,C01
201100045336,0,07,000,01,2,6,23,B01
201100045336,0,07,000,00,2,2,01,A01
201100045337,0,07,000,00,2,0,00,A01
201100045337,0,02,000,00,2,0,00,B01
201100045338,0,07,000,00,1,1,01,A01
201100045339,0,07,000,00,1,1,01,A01
201100045340,0,32,000,00,2,1,17,A01
201100045340,0,07,000,00,2,3,15,B01
201100045341,0,33,000,00,2,2,01,B01
201100045341,0,07,000,00,2,3,16,A01
201100045342,0,07,000,00,2,1,01,A01
201100045342,0,07,000,00,2,3,01,B01
201100045343,0,07,000,00,2,2,15,A01
201100045343,0,33,000,00,2,3,01,B01
201100045344,0,07,000,00,1,2,01,A01
201100045345,0,01,000,00,1,1,01,A01
201100045346,0,02,000,00,2,1,01,A01
201100045346,0,02,000,00,2,1,01,B01
201100045347,0,01,000,00,1,1,01,A01
201100045348,0,07,000,00,1,6,01,A01
201100045349,0,07,000,00,2,1,01,B01
201100045349,0,02,000,00,2,1,01,A01
201100045350,0,02,000,00,2,1,17,A01
201100045350,0,07,000,00,2,8,15,B01
201100045351,0,07,000,00,2,2,15,A01
201100045351,0,32,000,00,2,1,01,B01
201100045352,0,33,000,00,2,7,01,B01
201100045352,0,07,000,00,2,1,15,A01
201100045353,0,07,000,01,0,2,14,A01
201100045354,0,07,000,00,1,1,15,A01
201100045355,0,10,000,00,2,8,10,B01
201100045355,0,30,000,00,2,1,17,A01
201100045356,0,07,000,00,2,8,15,B01
201100045356,0,33,000,01,2,1,17,A01
201100045357,0,07,000,00,1,1,01,A01
201100045358,0,31,000,00,2,1,01,A01
201100045358,0,07,000,00,2,5,15,B01
201100045359,0,07,000,00,1,3,01,A01
201100045360,0,07,000,00,1,3,01,A01
201100045361,0,07,000,00,1,3,01,A01
201100045362,0,07,000,00,2,1,09,A01
201100045362,0,07,000,00,1,4,02,B01
201100045363,0,33,000,00,2,1,17,A01
201100045363,0,07,000,00,2,4,15,B01
201100045364,0,02,000,00,2,1,19,A01
201100045364,0,07,000,00,2,3,19,B01
201100045365,0,07,000,00,2,3,01,B01
201100045365,2,07,000,00,2,1,15,A01
201100045366,0,10,000,00,2,3,11,A01
201100045366,0,32,000,00,2,7,01,B01
201100045367,0,30,000,00,2,1,01,B01
201100045367,0,07,000,00,2,8,15,A01
201100045368,0,07,000,00,1,3,01,A01
201100045369,0,07,000,00,2,4,06,C01
201100045369,0,07,000,00,2,4,01,B01
201100045369,0,33,000,00,2,1,02,A01
201100045370,0,07,000,00,2,1,16,A01
201100045370,0,01,000,00,2,3,01,B01
201100045371,0,33,000,00,2,1,01,B01
201100045371,0,07,000,00,2,2,15,A01
201100045372,0,02,000,00,2,1,17,A01
201100045372,0,07,000,00,2,3,15,B01
201100045373,0,07,000,00,1,1,01,A01
201100045374,0,07,000,00,1,1,01,A01
201100045375,0,07,000,00,2,2,01,B01
201100045375,0,37,001,00,2,6,11,A01
201100045376,0,10,000,00,1,1,01,A01
201100045377,0,33,000,00,2,8,13,A01
201100045377,0,10,000,00,2,8,17,B01
201100045378,0,30,000,00,1,2,01,A01
201100045379,0,01,000,00,2,0,15,B01
201100045379,0,07,000,00,2,2,16,A01
201100045380,0,13,000,00,2,2,16,B01
201100045380,0,32,000,00,2,8,18,A01
201100045381,0,07,000,06,1,1,21,A01
201100045382,0,07,000,00,2,3,15,A01
201100045382,0,02,000,00,2,1,01,B01
201100045383,0,07,000,00,2,4,23,B01
201100045383,0,07,000,00,2,1,02,A01
201100045384,0,07,000,00,2,6,15,A01
201100045384,0,02,000,00,2,1,01,B01
201100045385,0,30,000,00,2,1,01,A01
201100045385,0,07,000,00,2,8,15,B01
201100045386,0,07,000,00,1,2,01,A01
201100045387,0,07,000,00,1,1,09,A01
201100045388,0,01,000,00,2,1,01,B01
201100045388,0,07,000,00,2,5,16,A01
201100045389,0,30,000,00,2,1,02,A01
201100045389,0,07,000,00,2,4,23,B01
201100045390,0,07,000,00,1,2,01,A01
201100045391,0,30,000,00,2,8,01,A01
201100045391,0,07,000,00,2,2,01,B01
201100045392,0,99,000,00,1,4,04,A01
201100045393,1,07,000,00,2,1,02,A01
201100045393,0,07,000,00,2,4,01,B01
201100045394,0,07,000,00,2,8,15,A01
201100045394,0,30,000,00,2,1,01,B01
201100045395,0,07,000,00,2,1,02,A01
201100045395,0,13,000,00,2,4,01,B01
201100045396,0,10,000,00,2,2,15,A01
201100045396,0,33,000,00,2,1,01,B01
201100045397,0,30,000,00,2,1,01,A01
201100045397,0,07,000,00,2,7,01,B01
201100045398,0,33,000,00,1,1,03,A01
201100045399,0,33,000,00,1,1,21,A01
201100045400,0,07,000,00,2,1,02,A01
201100045400,0,31,000,00,2,1,02,B01
201100045400,0,07,000,00,2,6,23,C01
201100045401,0,33,000,08,0,1,01,A01
201100045402,0,10,000,00,2,2,09,A01
201100045402,0,31,000,00,2,1,01,B01
201100045403,0,07,000,00,2,4,01,A01
201100045403,0,07,000,00,2,1,02,B01
201100045404,0,02,000,00,2,1,01,A01
201100045404,0,07,000,00,2,2,15,B01
201100045405,0,07,000,00,2,1,16,A01
201100045405,0,01,000,00,2,7,19,B01
201100045406,0,14,000,00,1,2,05,A01
201100045407,0,07,000,00,2,1,02,A01
201100045407,0,07,000,00,2,4,01,B01
201100045408,0,37,001,00,1,0,01,A01
201100045409,0,07,000,00,1,2,16,A01
201100045410,0,07,000,00,1,1,01,A01
201100045411,0,07,000,00,2,2,15,A01
201100045411,0,07,000,00,2,1,01,B01
201100045412,0,07,000,02,2,2,01,B01
201100045412,0,07,000,00,2,1,23,A01
201100045413,0,10,000,00,2,7,01,A01
201100045413,0,31,000,00,2,9,01,B01
201100045414,0,07,000,00,2,1,01,B01
201100045414,0,07,000,00,2,7,01,A01
201100045415,0,07,000,00,2,2,01,A01
201100045415,0,07,000,00,2,3,01,B01
201100045416,0,07,000,00,2,4,01,C01
201100045416,0,07,000,00,2,2,12,B01
201100045416,0,34,000,00,2,1,01,A01
201100045417,0,30,000,00,2,1,02,A01
201100045417,0,07,000,00,2,5,01,B01
201100045418,0,30,000,00,1,7,01,A01
201100045419,0,33,000,00,2,1,03,A01
201100045419,0,07,000,00,2,4,12,B01
201100045420,0,01,000,00,2,1,02,A01
201100045420,0,07,000,00,2,4,23,B01
201100045421,0,07,000,00,2,5,15,B01
201100045421,0,02,000,00,2,1,01,A01
201100045422,0,07,000,00,2,2,15,A01
201100045422,0,30,000,00,2,1,01,B01
201100045423,0,02,000,06,0,1,01,A01
201100045424,0,07,000,00,1,2,01,A01
201100045425,0,33,000,00,2,1,01,A01
201100045425,0,10,000,00,2,6,01,B01
201100045426,0,30,000,00,2,3,18,A01
201100045426,0,07,000,00,2,7,15,B01
201100045427,0,10,000,00,1,1,16,A01
201100045428,0,02,000,00,2,1,01,A01
201100045428,0,07,000,00,2,4,01,B01
201100045429,0,07,000,00,2,3,21,A01
201100045429,0,07,000,00,2,5,11,B01
201100045430,0,07,000,00,1,6,04,A01
201100045431,0,30,000,00,2,8,01,A01
201100045431,0,32,000,00,2,1,01,B01
201100045432,0,10,000,00,1,3,01,A01
201100045433,0,07,000,00,2,4,01,B01
201100045433,0,07,000,00,2,1,02,A01
201100045434,0,07,000,00,1,5,04,A01
201100045435,0,07,000,00,2,3,01,A01
201100045435,0,02,000,00,2,2,01,B01
201100045436,0,14,000,00,2,5,15,B01
201100045436,0,32,000,00,2,7,17,A01
201100045437,0,32,000,00,1,2,17,A01
201100045438,0,07,000,00,2,7,15,A01
201100045438,0,33,000,00,2,1,01,B01
201100045439,0,30,000,00,2,1,01,B01
201100045439,0,33,000,01,2,2,01,A01
201100045440,0,07,000,00,2,3,01,A01
201100045440,0,33,000,00,2,1,01,B01
201100045441,0,01,000,00,2,8,18,A01
201100045441,0,14,000,00,2,7,01,B01
201100045442,0,33,000,00,1,1,03,A01
201100045443,0,15,000,00,2,6,02,B01
201100045443,0,30,000,00,2,0,17,A01
201100045444,0,30,000,00,2,1,01,A01
201100045444,0,07,000,00,2,8,01,B01
201100045445,0,30,000,00,2,1,01,A01
201100045445,0,07,000,00,2,3,01,B01
201100045446,0,30,000,00,2,2,17,B01
201100045446,0,13,000,00,2,3,19,A01
201100045447,0,15,000,00,1,2,01,A01
201100045448,0,33,000,00,2,7,03,A01
201100045448,0,07,000,00,2,3,15,B01
201100045449,0,13,000,00,1,1,01,A01
201100045450,0,37,015,00,2,6,23,B01
201100045450,0,17,000,00,2,2,13,A01
201100045451,0,07,000,00,2,3,15,A01
201100045451,0,30,000,00,2,1,17,B01
201100045452,0,33,000,00,1,3,17,A01
201100045453,0,07,000,00,1,2,01,A01
201100045454,0,07,000,00,2,2,01,A01
201100045454,0,34,000,00,2,1,01,B01
201100045455,0,32,000,00,2,6,01,B01
201100045455,0,07,000,00,2,2,16,A01
201100045456,0,07,000,00,1,1,01,A01
201100045457,0,07,000,00,2,2,04,B01
201100045457,0,14,000,00,2,1,01,A01
201100045458,0,07,000,00,2,8,24,B01
201100045458,0,07,000,01,0,2,17,A01
201100045459,0,10,000,00,1,4,04,A01
201100045460,0,07,000,00,1,1,01,A01
201100045461,2,32,000,00,2,2,01,B01
201100045461,0,07,000,00,2,4,09,A01
201100045462,0,07,000,00,1,1,01,A01
201100045463,0,07,000,00,2,8,15,A01
201100045463,0,32,000,00,2,7,17,B01
201100045464,0,07,000,00,2,7,01,B01
201100045464,0,33,000,00,2,1,18,A01
201100045465,0,33,000,00,2,8,01,B01
201100045465,0,07,000,00,2,7,12,A01
201100045466,0,07,000,00,2,3,01,B01
201100045466,0,30,000,00,2,2,17,A01
201100045467,0,07,000,00,2,3,24,A01
201100045467,0,01,000,01,0,1,01,B01
201100045468,0,10,000,00,1,4,04,A01
201100045469,0,30,000,00,2,3,01,B01
201100045469,0,37,002,00,2,3,17,A01
201100045470,0,07,000,00,1,2,01,A01
201100045471,0,07,000,00,1,1,08,A01
201100045472,0,10,000,00,1,2,16,A01
201100045473,0,07,000,00,2,3,19,A01
201100045473,0,34,000,00,2,2,01,B01
201100045474,0,01,000,00,2,2,01,B01
201100045474,0,30,000,00,2,3,01,A01
201100045475,0,07,000,00,1,3,15,A01
201100045476,0,32,000,00,5,2,01,A01
201100045477,0,01,000,00,2,8,01,B01
201100045477,1,07,000,00,2,3,15,A01
201100045478,0,10,000,00,2,6,01,C01
201100045478,0,33,000,00,2,1,02,A01
201100045478,0,07,000,00,2,4,15,B01
201100045479,0,07,000,00,2,5,01,B01
201100045479,0,07,000,00,2,8,18,A01
201100045480,0,07,000,00,2,7,01,B01
201100045480,0,07,000,00,2,1,01,A01
201100045481,0,10,000,00,2,3,01,A01
201100045481,0,01,000,00,2,7,01,B01
201100045482,0,07,000,00,2,3,15,B01
201100045482,0,32,000,00,2,7,17,A01
201100045483,0,07,000,00,2,3,10,A01
201100045483,0,33,000,00,2,1,01,B01
201100045484,0,07,000,00,1,2,01,A01
201100045485,2,07,000,00,2,2,01,A01
201100045485,0,07,000,00,2,3,01,C01
201100045485,0,07,000,00,2,9,01,B01
201100045486,0,07,000,00,1,3,15,A01
201100045487,0,07,000,00,2,3,13,A01
201100045487,0,32,000,00,2,2,03,B01
201100045488,0,07,000,00,2,3,01,B01
201100045488,0,30,000,00,2,1,01,A01
201100045489,0,33,000,00,2,2,17,A01
201100045489,0,10,000,00,2,3,15,B01
201100045490,0,07,000,00,2,3,22,A01
201100045490,0,33,000,00,2,1,17,B01
201100045490,0,07,000,00,2,5,23,C01
201100045491,0,07,000,00,1,3,15,A01
201100045492,0,07,000,00,2,1,01,B01
201100045492,0,30,000,00,2,2,01,A01
201100045493,0,30,000,00,2,1,01,B01
201100045493,0,07,000,00,2,3,15,A01
201100045494,0,34,000,00,1,1,03,A01