Num_Acc,senc,catv,occutc,obs,obsm,choc,manv,num_veh
201100045495,0,32,000,00,2,9,01,A01
201100045495,0,07,000,00,2,2,01,B01
201100045496,0,07,000,00,2,1,02,A01
201100045496,0,10,000,00,2,4,23,B01
201100045496,0,07,000,00,2,4,23,C01
201100045496,0,33,000,00,2,4,23,D01
201100045497,0,07,000,00,2,3,11,A01
201100045497,0,31,000,00,2,2,01,B01
201100045498,0,07,000,00,2,1,01,A01
201100045498,0,07,000,06,2,9,15,B01
201100045499,0,32,000,00,2,8,15,A01
201100045499,0,33,000,00,2,7,01,B01
201100045500,0,07,000,00,2,1,09,A01
201100045500,0,30,000,00,2,2,01,B01
201100045501,0,10,000,00,2,1,02,A01
201100045501,0,07,000,00,2,4,01,B01
201100045502,0,30,000,00,2,1,02,A01
201100045502,0,07,000,00,2,5,15,B01
201100045503,0,07,000,00,2,3,01,A01
201100045503,0,10,000,00,2,2,15,B01
201100045504,0,07,000,00,2,2,20,A01
201100045504,0,33,000,00,2,8,01,B01
201100045505,0,10,000,00,1,6,04,A01
201100045506,1,07,000,00,1,1,01,Z01
201100045507,0,01,000,00,2,8,15,A01
201100045507,0,30,000,00,2,1,01,B01
201100045508,0,30,000,00,2,1,18,A01
201100045508,0,33,000,00,2,7,16,B01
201100045509,0,07,000,00,2,2,15,A01
201100045509,0,33,000,00,2,3,01,B01
201100045510,0,07,000,01,1,1,01,A01
201100045510,0,07,000,00,2,4,23,B01
201100045511,0,10,000,00,1,3,01,A01
201100045512,0,07,000,00,9,2,22,A01
201100045512,0,01,000,01,0,3,01,B01
201100045513,0,30,000,00,2,1,01,A01
201100045513,0,10,000,00,2,3,15,B01
201100045514,0,10,000,00,2,6,23,A01
201100045514,0,33,000,01,2,2,09,B01
201100045515,0,01,000,00,2,7,01,B01
201100045515,1,07,000,00,2,0,15,Z01
201100045516,0,30,000,00,2,1,01,A01
201100045516,0,07,000,00,2,4,23,B01
201100045517,0,99,000,00,2,1,05,A01
201100045517,0,07,000,00,2,1,01,B01
201100045518,0,07,000,00,2,3,19,A01
201100045518,0,30,000,00,2,1,01,B01
201100045519,0,07,000,00,9,1,15,A01
201100045519,0,01,000,00,2,3,01,B01
201100045520,0,30,000,00,2,1,17,A01
201100045520,0,07,000,00,2,3,15,B01
201100045521,0,07,000,00,2,3,15,A01
201100045521,0,31,000,00,2,2,17,B01
201100045522,0,07,000,00,1,2,01,A01
201100045523,0,33,000,00,2,1,17,A01
201100045523,0,07,000,00,2,3,15,B01
201100045524,0,07,000,00,1,2,01,A01
201100045525,0,33,000,00,2,4,23,A01
201100045525,0,07,000,00,2,1,02,B01
201100045526,2,10,000,00,1,7,01,A01
201100045527,0,01,000,01,0,1,01,B01
201100045528,0,02,000,01,2,2,18,A01
201100045528,0,07,000,00,2,3,24,B01
201100045528,0,07,000,00,2,5,01,C01
201100045529,0,07,000,00,2,3,15,A01
201100045529,0,31,000,00,2,8,01,B01
201100045530,0,30,000,00,2,1,21,A01
201100045530,0,07,000,00,2,1,01,B01
201100045531,0,31,000,00,2,1,01,A01
201100045531,0,07,000,00,2,5,15,B01
201100045532,0,30,000,00,2,1,17,A01
201100045532,0,10,000,00,2,3,15,B01
201100045533,0,07,000,00,1,2,15,A01
201100045534,0,07,000,00,2,1,01,B01
201100045534,0,30,000,00,2,2,01,A01
201100045535,0,07,000,00,2,8,15,A01
201100045535,0,30,000,00,2,1,17,B01
201100045536,0,33,000,00,2,9,01,A01
201100045536,0,07,000,00,2,8,23,B01
201100045536,0,07,000,00,2,7,23,C01
201100045536,0,07,000,00,2,8,23,D01
201100045537,0,07,000,00,2,3,13,A01
201100045537,0,07,000,00,2,3,01,B01
201100045538,0,07,000,00,1,2,01,A01
201100045539,0,30,000,00,2,1,17,A01
201100045539,0,10,000,00,2,8,15,B01
201100045540,0,07,000,00,1,3,01,A01
201100045541,0,07,000,00,2,1,02,A01
201100045541,0,07,000,00,2,4,23,B01
201100045542,0,33,000,00,2,3,01,B01
201100045542,0,07,000,00,2,5,12,A01
201100045543,0,07,000,00,2,8,01,B01
201100045543,0,32,000,00,2,7,03,A01
201100045544,0,30,000,00,2,1,02,A01
201100045544,0,07,000,00,2,4,01,B01
201100045545,0,10,000,00,1,8,04,A01
201100045546,0,10,000,00,2,8,11,A01
201100045546,0,33,000,00,2,7,01,B01
201100045547,0,31,000,00,2,5,01,B01
201100045547,0,07,000,00,2,3,16,A01
201100045548,0,34,000,00,2,8,01,B01
201100045548,0,07,000,00,2,1,15,A01
201100045549,0,33,000,00,1,1,01,A01
201100045550,0,07,000,00,1,3,15,A01
201100045551,0,07,000,00,2,1,02,A01
201100045551,0,10,000,00,2,4,23,B01
201100045552,1,07,000,00,0,1,14,Z01
201100045552,0,31,000,00,2,4,23,B01
201100045553,0,07,000,00,1,1,15,A01
201100045554,0,07,000,00,2,8,01,B01
201100045554,0,07,000,00,2,1,20,C01
201100045554,0,32,000,00,2,3,05,A01
201100045555,0,34,000,00,2,1,02,A01
201100045555,0,07,000,00,2,4,01,B01
201100045556,0,07,000,00,2,4,23,C01
201100045556,0,07,000,00,2,1,02,A01
201100045556,0,07,000,00,2,4,02,B01
201100045557,0,01,000,00,2,3,19,A01
201100045557,0,07,000,00,9,2,01,B01
201100045558,0,07,000,00,2,8,01,B01
201100045558,0,07,000,00,2,1,01,A01
201100045559,0,07,000,00,2,2,01,B01
201100045559,0,07,000,00,2,8,16,A01
201100045560,0,99,000,00,2,1,19,A01
201100045560,0,07,000,00,2,5,01,B01
201100045561,0,07,000,00,2,1,02,A01
201100045561,0,10,000,00,2,4,01,B01
201100045562,0,10,000,00,1,3,01,A01
201100045563,1,07,000,00,1,1,01,A01
201100045564,0,10,000,00,2,3,16,A01
201100045564,0,07,000,00,2,3,01,B01
201100045565,0,07,000,00,2,3,01,B01
201100045565,0,07,000,00,2,2,15,A01
201100045566,0,10,000,00,2,6,15,B01
201100045566,0,33,000,00,2,1,01,A01
201100045567,0,10,000,00,2,9,01,A01
201100045567,0,37,010,00,2,3,01,B01
201100045567,0,07,000,00,2,3,01,C01
201100045568,0,07,000,00,2,1,02,A01
201100045568,0,07,000,00,2,4,23,B01
201100045569,0,07,000,00,2,2,15,A01
201100045569,0,01,000,00,2,8,01,B01
201100045570,0,33,000,00,1,1,01,A01
201100045571,0,10,000,00,2,1,02,A01
201100045571,0,32,000,00,2,4,01,B01
201100045572,0,07,000,00,2,1,15,A01
201100045572,0,33,000,00,2,8,01,B01
201100045573,0,07,000,00,2,1,02,A01
201100045573,0,07,000,00,2,4,01,B01
201100045574,0,33,000,00,2,7,01,A01
201100045574,0,10,000,00,2,3,01,B01
201100045575,0,07,000,00,2,2,15,A01
201100045575,0,32,000,00,2,1,01,B01
201100045576,0,07,000,00,2,2,15,A01
201100045576,0,33,000,00,2,3,01,B01
201100045577,0,33,000,00,2,1,01,A01
201100045577,0,07,000,00,2,5,15,B01
201100045578,0,07,000,00,1,1,01,A01
201100045579,0,10,000,00,1,1,16,A01
201100045580,0,07,000,00,1,2,01,A01
201100045581,0,07,000,00,2,2,12,A01
201100045581,0,34,000,00,2,8,01,B01
201100045582,0,07,000,00,2,3,15,A01
201100045582,0,32,000,00,2,6,01,B01
201100045583,0,07,000,00,2,2,01,A01
201100045583,0,07,000,00,2,1,01,B01
201100045584,0,07,000,00,2,1,02,A01
201100045584,0,07,000,00,2,4,01,B01
201100045585,0,07,000,00,1,3,01,A01
201100045586,0,07,000,00,1,2,01,A01
201100045587,0,07,000,00,2,2,09,A01
201100045587,0,07,000,00,2,9,01,B01
201100045588,0,34,000,00,2,7,15,A01
201100045588,0,37,010,00,2,1,01,B01
201100045589,0,07,000,00,2,7,15,A01
201100045589,0,07,000,00,2,1,01,B01
201100045590,0,02,000,00,2,3,15,A01
201100045590,0,07,000,00,2,1,01,B01
201100045591,0,07,000,00,9,3,10,A01
201100045591,0,01,000,00,2,1,01,B01
201100045592,0,07,000,00,1,2,01,A01
201100045593,0,01,000,00,2,8,15,B01
201100045593,0,07,000,00,9,1,01,A01
201100045594,0,30,000,00,2,3,09,A01
201100045594,0,34,000,00,2,2,01,B01
201100045595,0,33,000,00,2,3,01,A01
201100045595,1,07,000,00,2,2,15,B01
201100045596,0,07,000,00,1,2,01,A01
201100045597,0,33,000,00,1,1,01,A01
201100045598,0,32,000,00,2,1,17,B01
201100045598,0,07,000,00,2,8,21,A01
201100045599,0,07,000,00,1,3,15,A01
201100045600,0,07,000,00,1,2,15,A01
201100045601,0,37,001,00,1,2,01,A01
201100045602,0,07,000,00,1,2,01,A01
201100045603,0,37,001,00,1,5,07,A01
201100045604,0,07,000,00,1,1,15,A01
201100045605,0,10,000,00,1,4,04,A01
201100045606,0,07,000,00,1,3,01,A01
201100045607,0,07,000,00,2,3,10,A01
201100045607,0,07,000,00,2,2,02,B01
201100045608,0,07,000,00,2,3,09,A01
201100045608,0,30,000,00,2,7,01,B01
201100045609,0,07,000,00,0,8,10,A01
201100045609,0,30,000,00,2,1,17,B01
201100045610,0,10,000,00,2,5,09,A01
201100045610,0,32,000,00,2,1,01,B01
201100045611,0,33,000,00,1,1,01,A01
201100045612,0,10,000,00,1,2,15,A01
201100045613,0,07,000,09,2,2,01,A01
201100045613,0,07,000,09,2,3,01,B01
201100045614,0,10,000,00,1,1,15,A01
201100045615,0,07,000,00,2,3,11,A01
201100045615,0,02,000,00,2,7,01,B01
201100045616,0,01,000,00,1,1,01,A01
201100045617,0,02,000,00,2,1,02,A01
201100045617,0,07,000,00,2,4,01,B01
201100045618,0,07,000,00,1,1,01,A01
201100045619,0,31,000,00,2,4,12,B01
201100045619,0,07,000,00,2,1,01,A01
201100045620,0,37,006,00,2,1,01,B01
201100045620,0,01,000,00,2,8,09,A01
201100045621,0,10,000,00,1,2,09,A01
201100045622,0,07,000,00,1,1,09,A01
201100045623,0,07,000,00,2,2,16,A01
201100045623,0,33,000,00,2,1,01,B01
201100045624,0,31,000,00,1,1,09,A01
201100045625,0,07,000,00,2,1,01,B01
201100045625,0,07,000,00,2,8,01,A01
201100045626,0,31,000,00,1,1,01,A01
201100045627,0,37,035,00,1,1,01,A01
201100045628,0,10,000,00,1,4,04,A01
201100045629,0,07,000,00,1,1,01,A01
201100045630,0,30,000,00,2,1,01,A01
201100045630,0,13,000,00,2,1,01,B01
201100045631,0,10,000,00,2,3,01,B01
201100045631,0,30,000,00,2,1,16,A01
201100045632,0,07,000,00,2,1,01,A01
201100045632,0,02,000,00,2,8,09,B01
201100045633,0,07,000,00,1,1,16,A01
201100045634,0,34,000,00,2,1,01,B01
201100045634,0,01,000,00,2,8,19,A01
201100045635,0,07,000,00,2,4,01,B01
201100045635,0,30,000,00,2,1,02,A01
201100045636,0,07,000,08,0,1,09,A01
201100045637,0,30,000,00,1,1,01,A01
201100045638,0,32,000,00,2,1,01,B01
201100045638,0,07,000,00,2,3,15,A01
201100045639,0,07,000,00,2,5,01,A01
201100045639,0,33,000,00,2,1,09,B01
201100045640,0,07,000,00,2,8,22,A01
201100045640,0,01,000,01,2,1,01,B01
201100045641,0,07,000,00,2,8,09,B01
201100045641,0,33,000,00,2,2,01,A01
201100045642,0,07,000,00,2,5,09,A01
201100045642,0,02,000,00,2,1,09,B01
201100045643,0,07,000,00,2,7,01,B01
201100045643,0,07,000,00,1,9,04,A01
201100045643,0,07,000,00,2,1,23,C01
201100045644,0,30,000,00,2,1,01,A01
201100045644,0,07,000,00,2,3,09,B01
201100045645,0,07,000,00,2,1,01,A01
201100045645,0,07,000,00,2,3,01,B01
201100045646,0,07,000,15,2,2,15,A01
201100045646,0,07,000,00,2,1,01,B01
201100045647,0,33,000,00,2,3,18,B01
201100045647,0,07,000,00,2,6,01,C01
201100045647,0,07,000,00,2,2,22,A01
201100045648,0,33,000,00,2,1,02,A01
201100045648,0,07,000,00,2,4,01,B01
201100045649,0,07,000,00,1,1,01,A01
201100045650,0,07,000,00,1,1,09,A01
201100045651,0,07,000,00,1,4,04,A01
201100045652,0,07,000,00,0,4,23,B01
201100045652,0,07,000,00,2,1,02,A01
201100045653,0,30,000,00,2,1,01,A01
201100045653,0,07,000,00,2,4,23,B01
201100045654,0,07,000,00,2,1,01,A01
201100045654,0,07,000,00,2,3,16,B01
201100045655,0,01,000,00,2,1,01,B01
201100045655,0,07,000,00,2,8,15,A01
201100045656,0,33,000,00,2,1,17,A01
201100045656,0,07,000,00,2,3,10,B01
201100045657,0,07,000,00,2,3,15,A01
201100045657,0,32,000,00,2,1,01,B01
201100045658,0,32,000,00,2,1,17,A01
201100045658,0,07,000,00,2,8,15,B01
201100045659,0,10,000,00,2,1,14,A01
201100045659,0,07,000,00,2,5,01,B01
201100045660,0,07,000,00,2,6,10,A01
201100045660,0,33,000,00,2,1,01,B01
201100045661,0,07,000,00,1,3,01,A01
201100045662,0,31,000,00,2,3,15,B01
201100045662,0,07,000,00,2,2,14,A01
201100045663,0,07,000,00,2,2,01,A01
201100045663,0,02,000,00,2,8,16,B01
201100045664,0,07,000,00,2,1,01,A01
201100045664,0,01,000,00,2,6,15,B01
201100045665,0,13,000,00,2,8,23,B01
201100045665,0,17,000,14,2,7,17,A01
201100045666,0,07,000,00,2,4,15,A01
201100045666,0,07,000,00,2,3,21,B01
201100045667,0,07,000,00,2,8,22,A01
201100045667,0,01,000,00,2,1,21,B01
201100045668,0,07,000,00,2,8,22,A01
201100045668,0,15,000,00,2,1,01,B01
201100045669,0,07,000,00,1,1,01,A01
201100045670,0,33,000,00,2,8,01,B01
201100045670,0,07,000,00,2,1,15,A01
201100045671,0,32,000,00,2,1,01,A01
201100045671,0,07,000,00,2,2,15,B01
201100045672,0,30,000,00,2,1,17,A01
201100045672,0,07,000,00,2,8,15,B01
201100045673,0,07,000,00,2,4,23,B01
201100045673,0,14,000,01,2,1,02,A01
201100045674,0,07,000,00,1,2,16,A01
201100045675,0,07,000,00,1,1,01,A01
201100045676,0,07,000,00,2,1,01,B01
201100045676,0,07,000,00,2,8,09,A01
201100045677,0,07,000,00,2,6,22,A01
201100045677,0,33,000,00,2,7,03,B01
201100045677,0,07,000,00,2,2,23,C01
201100045678,0,30,000,00,2,1,02,A01
201100045678,0,07,000,00,2,4,23,B01
201100045679,0,32,000,00,1,1,01,A01
201100045680,1,07,000,00,2,2,17,Z01
201100045680,0,32,000,00,2,6,01,B01
201100045681,0,07,000,00,1,1,01,A01
201100045682,0,30,000,00,1,1,18,A01
201100045683,0,30,000,00,2,7,17,A01
201100045683,0,07,000,00,2,3,06,B01
201100045684,0,32,000,00,2,1,02,A01
201100045684,0,07,000,00,2,4,01,B01
201100045685,0,07,000,00,2,1,02,A01
201100045685,0,07,000,00,2,4,23,B01
201100045686,0,33,000,00,2,1,01,B01
201100045686,0,07,000,00,2,8,10,A01
201100045687,0,07,000,00,2,1,13,A01
201100045687,0,07,000,00,2,1,01,B01
201100045688,0,07,000,00,1,4,04,A01
201100045689,0,02,000,00,1,1,17,A01
201100045690,0,37,001,00,2,1,07,A01
201100045690,0,07,000,00,2,6,23,B01
201100045691,0,07,000,00,1,1,01,A01
201100045692,0,07,000,00,2,3,15,A01
201100045692,0,31,000,00,2,8,01,B01
201100045693,0,30,000,00,2,1,02,A01
201100045693,0,07,000,00,2,4,23,B01
201100045694,0,07,000,00,2,7,15,A01
201100045694,0,33,000,00,2,1,01,B01
201100045695,0,33,000,00,2,2,01,B01
201100045695,0,07,000,00,2,3,20,A01
201100045696,0,31,000,00,1,1,16,A01
201100045697,0,30,000,00,2,7,15,A01
201100045697,0,10,000,00,2,8,15,B01
201100045698,0,07,000,00,2,1,15,A01
201100045698,0,32,000,00,2,8,01,B01
201100045699,0,33,000,00,2,1,02,A01
201100045699,0,07,000,00,2,5,01,B01
201100045700,0,10,000,00,2,7,12,A01
201100045700,0,30,000,00,2,8,18,B01
201100045701,0,07,000,00,2,1,02,A01
201100045701,0,07,000,00,2,4,02,B01
201100045701,0,07,000,00,2,4,02,C01
201100045702,0,07,000,00,2,3,19,A01
201100045702,0,02,000,00,2,6,01,B01
201100045703,0,07,000,00,2,2,16,A01
201100045703,0,33,000,00,0,1,01,B01
201100045704,0,07,000,00,2,2,01,B01
201100045704,0,07,000,00,2,3,15,A01
201100045705,0,07,000,00,2,8,05,A01
201100045705,0,30,000,00,2,1,01,B01
201100045706,0,07,000,00,2,1,01,B01
201100045706,0,07,000,00,2,2,15,A01
201100045707,0,07,000,00,2,2,16,A01
201100045707,0,02,000,00,2,4,16,B01
201100045708,0,07,000,00,2,8,22,A01
201100045708,0,01,000,01,2,1,01,B01
201100045709,0,07,000,00,1,1,17,A01
201100045710,0,07,000,00,2,7,12,A01
201100045710,0,32,000,00,2,8,01,B01
201100045711,0,07,000,00,1,2,01,A01
201100045712,0,07,000,00,1,1,16,A01
201100045713,0,30,000,00,1,1,01,A01
201100045714,0,07,000,00,2,3,10,A01
201100045714,0,34,000,00,2,3,17,B01
201100045715,0,33,000,00,2,1,17,A01
201100045715,0,07,000,00,2,1,09,B01
201100045716,0,33,000,00,2,8,17,A01
201100045716,0,07,000,00,2,2,01,B01
201100045717,0,33,000,00,2,1,17,A01
201100045717,0,07,000,00,2,2,15,B01
201100045718,0,07,000,00,2,2,15,A01
201100045718,0,33,000,15,2,1,01,B01
201100045719,0,30,000,00,2,1,17,A01
201100045719,0,07,000,00,2,3,01,B01
201100045720,0,34,000,00,2,8,01,A01
201100045720,0,07,000,00,2,5,01,B01
201100045721,0,07,000,00,2,8,22,A01
201100045721,0,01,000,00,2,1,01,B01
201100045722,0,07,000,00,2,2,15,A01
201100045722,0,34,000,00,2,8,09,B01
201100045723,0,34,000,00,2,2,17,A01
201100045723,0,07,000,00,2,8,15,B01
201100045724,0,07,000,00,2,3,16,B01
201100045724,0,02,000,00,2,2,01,A01
201100045725,0,33,000,01,0,5,01,A01
201100045725,0,07,000,00,0,0,15,B01
201100045726,0,07,000,00,2,3,10,A01
201100045726,0,34,000,00,2,2,01,B01
201100045727,0,33,000,00,2,7,01,A01
201100045727,0,07,000,00,2,7,09,B01
201100045728,0,17,000,00,1,3,16,A01
201100045729,0,30,000,00,1,1,01,A01
201100045730,0,07,000,00,2,3,09,B01
201100045730,0,07,000,00,2,2,15,A01
201100045731,0,02,000,00,2,1,01,B01
201100045731,0,07,000,00,2,8,01,A01
201100045732,0,07,000,00,1,4,04,A01
201100045733,0,01,000,00,2,3,01,B01
201100045733,0,33,000,00,2,1,09,A01
201100045734,0,02,000,00,2,1,15,A01
201100045734,0,10,000,00,2,3,16,B01
201100045735,0,30,000,00,2,1,02,A01
201100045735,0,07,000,00,2,5,01,B01
201100045736,0,33,000,00,2,1,17,A01
201100045736,0,07,000,00,2,8,01,B01
201100045737,0,07,000,00,2,3,01,A01
201100045737,0,33,000,00,2,2,17,B01
201100045738,0,01,000,00,2,1,02,A01
201100045738,0,07,000,00,2,4,01,B01
201100045739,0,02,000,00,2,7,17,A01
201100045739,0,07,000,00,2,3,15,B01
201100045740,0,07,000,00,2,3,01,A01
201100045740,0,01,000,00,2,1,02,B01
201100045741,0,07,000,00,1,2,01,A01
201100045742,0,33,000,14,0,1,01,A01
201100045743,0,02,000,00,1,1,01,A01
201100045744,0,07,000,00,2,1,01,A01
201100045744,0,02,000,00,2,3,01,B01
201100045745,0,30,000,00,2,7,02,A01
201100045745,0,07,000,00,2,6,01,B01
201100045746,0,07,000,00,2,2,16,A01
201100045746,0,07,000,00,2,3,01,B01
201100045747,0,02,000,00,2,1,02,A01
201100045747,0,07,000,00,2,6,01,B01
201100045748,0,07,000,00,1,4,04,A01
201100045749,0,07,000,00,2,1,02,A01
201100045749,0,07,000,00,2,4,01,C01
201100045750,0,10,000,00,2,1,02,A01
201100045750,0,10,000,00,2,5,01,B01
201100045751,0,10,000,00,1,0,09,A01
201100045752,0,07,000,00,1,1,17,A01
201100045753,0,30,000,00,1,1,01,A01
201100045754,0,07,000,00,2,4,01,B01
201100045754,0,07,000,00,2,1,02,A01
201100045755,0,30,000,00,2,1,01,B01
201100045755,0,07,000,00,2,7,15,A01
201100045756,0,33,000,00,1,1,01,A01
201100045757,0,31,000,00,2,1,01,B01
201100045757,0,07,000,00,2,5,10,A01
201100045758,0,07,000,00,1,1,09,A01
201100045759,0,30,000,08,2,1,17,A01
201100045759,0,07,000,00,2,3,15,B01
201100045760,0,07,000,00,1,6,04,A01
201100045761,0,07,000,00,2,3,01,A01
201100045761,0,01,000,00,2,2,01,B01
201100045762,0,10,000,00,1,1,01,A01
201100045763,0,01,000,00,2,8,02,B01
201100045763,0,07,000,00,0,7,02,A01
201100045764,0,07,000,00,1,3,01,A01
201100045765,0,07,000,00,0,4,02,B01
201100045765,0,32,000,00,2,4,02,C01
201100045765,0,10,000,00,2,1,02,A01
201100045766,0,07,000,00,2,1,01,A01
201100045766,0,07,000,00,2,4,02,B01
201100045766,0,07,000,00,2,3,23,C01
201100045767,0,07,000,00,1,1,01,A01
201100045768,0,02,000,00,2,1,05,B01
201100045768,0,07,000,00,2,3,10,A01
201100045769,0,07,000,00,2,1,02,A01
201100045769,0,07,000,01,2,3,00,D01
201100045769,0,07,000,00,2,4,23,C01
201100045769,0,07,000,01,0,4,23,B01
201100045770,0,07,000,00,1,2,01,A01
201100045771,0,07,000,14,0,1,02,A01
201100045771,0,20,000,00,2,4,24,B01
201100045772,0,33,000,00,2,1,17,A01
201100045772,0,07,000,00,2,8,15,B01
201100045773,0,07,000,00,1,1,01,A01
201100045774,0,07,000,00,2,2,09,A01
201100045774,0,31,000,00,2,3,17,B01
201100045775,0,30,000,00,1,1,01,A01
201100045776,0,10,000,00,2,3,01,B01
201100045776,0,30,000,00,2,1,15,A01
201100045777,0,02,000,00,2,7,01,A01
201100045777,0,02,000,00,2,8,01,B01
201100045778,0,07,000,00,2,2,01,A01
201100045778,0,01,000,00,2,0,19,B01
201100045779,0,10,000,00,1,1,01,A01
201100045780,0,33,000,00,2,1,02,B01
201100045780,0,10,000,00,2,8,15,A01
201100045781,0,07,000,00,2,6,11,B01
201100045781,0,02,000,00,2,2,01,A01
201100045782,0,07,000,00,2,6,01,B01
201100045782,0,07,000,00,2,1,01,C01
201100045782,0,07,000,00,2,1,13,A01
201100045783,1,07,000,00,0,0,15,Z01
201100045783,0,32,000,00,0,0,17,B01
201100045784,0,33,000,00,2,1,01,A01
201100045784,0,07,000,00,2,8,19,B01
201100045785,0,07,000,00,2,7,01,B01
201100045785,0,07,000,16,2,3,09,A01
201100045786,0,31,000,00,0,8,01,B01
201100045786,1,07,000,00,0,8,13,Z01
201100045787,0,07,000,00,1,4,04,A01
201100045788,0,07,000,00,2,5,01,B01
201100045788,0,07,000,01,2,1,01,A01
201100045789,0,31,000,00,2,7,01,B01
201100045789,0,07,000,00,2,3,10,A01
201100045790,0,01,000,00,2,1,01,A01
201100045790,0,07,000,00,2,4,04,B01
201100045791,0,33,000,00,2,4,01,B01
201100045791,1,07,000,00,2,1,02,Z01
201100045792,0,07,000,00,2,2,15,A01
201100045792,0,33,000,00,2,1,01,B01
201100045793,0,01,000,00,2,8,19,B01
201100045793,0,07,000,00,2,2,01,A01
201100045794,0,07,000,09,0,1,01,A01
201100045795,0,10,000,00,2,6,01,A01
201100045795,0,31,000,00,2,7,01,B01
201100045796,0,07,000,00,1,2,16,A01
201100045797,0,33,000,00,0,8,21,A01
201100045797,0,01,000,00,0,0,19,B01
201100045798,0,32,000,00,1,1,01,A01
201100045799,0,33,000,01,0,0,01,Z01
201100045800,0,07,000,00,2,3,10,A01
201100045800,0,07,000,00,2,1,02,B01
201100045801,0,07,000,14,0,1,02,A01
201100045801,0,07,000,14,0,4,23,B01
201100045801,0,07,000,00,0,4,23,C01
201100045802,0,07,000,00,2,8,01,B01
201100045802,0,07,000,00,2,1,15,A01
201100045803,0,07,000,00,2,1,01,A01
201100045803,0,07,000,00,2,3,15,B01
201100045804,0,07,000,00,1,2,01,A01
201100045805,0,07,000,00,1,1,01,A01
201100045806,0,30,000,00,2,1,18,A01
201100045806,0,07,000,00,2,2,01,B01
201100045807,0,07,000,00,1,1,01,A01
201100045808,0,07,000,00,2,1,09,A01
201100045808,0,37,001,00,2,4,01,B01
201100045809,0,07,000,00,2,3,18,A01
201100045809,0,33,000,00,2,7,01,B01
201100045810,0,33,000,00,2,5,15,A01
201100045810,0,07,000,00,2,3,11,B01
201100045811,0,33,000,00,2,1,02,A01
201100045811,0,07,000,00,2,6,01,B01
201100045812,0,07,000,00,1,4,04,A01
201100045813,0,07,000,00,2,3,15,A01
201100045813,0,07,000,14,2,1,01,B01
201100045814,0,07,000,00,1,4,20,A01
201100045815,0,30,000,08,2,4,02,A01
201100045815,1,07,000,00,2,1,10,Z01
201100045816,0,02,000,00,2,2,17,A01
201100045816,0,07,000,00,2,3,15,B01
201100045817,0,07,000,00,2,1,16,A01
201100045817,0,01,000,00,2,8,19,B01
201100045818,0,07,000,00,1,3,01,A01
201100045819,0,32,000,00,1,1,01,A01
201100045820,0,07,000,00,2,2,15,A01
201100045820,0,07,000,00,2,3,01,B01
201100045821,0,07,000,00,2,1,02,A01
201100045821,0,07,000,00,2,4,01,B01
201100045822,0,33,000,00,2,5,01,A01
201100045822,0,07,000,00,2,1,01,B01
201100045823,0,07,000,00,1,4,04,A01
201100045824,0,07,000,00,2,1,02,A01
201100045824,0,07,000,00,2,4,01,B01
201100045825,0,33,000,00,2,1,01,B01
201100045825,0,07,000,00,2,5,05,A01
201100045826,0,34,000,00,2,8,17,A01
201100045826,0,34,000,00,2,3,15,B01
201100045827,0,07,000,00,2,6,02,B01
201100045827,0,34,000,14,2,0,17,A01
201100045828,0,07,000,00,1,2,16,A01
201100045829,0,07,000,00,1,3,01,A01
201100045830,0,07,000,00,1,1,01,A01
201100045831,0,07,000,00,2,1,01,B01
201100045831,0,07,000,00,2,8,01,A01
201100045832,0,07,000,00,1,1,01,A01
201100045833,0,07,000,08,2,3,01,A01
201100045833,0,07,000,00,2,1,01,B01
201100045834,0,33,000,00,2,1,18,A01
201100045834,0,07,000,00,2,7,15,B01
201100045835,0,31,000,00,1,1,01,A01
201100045836,0,07,000,00,1,1,01,A01
201100045837,0,07,000,00,2,8,01,C01
201100045837,0,10,000,00,2,3,13,A01
201100045837,0,07,000,00,2,3,01,B01
201100045838,0,31,000,00,2,1,01,A01
201100045838,0,10,000,00,2,1,23,B01
201100045839,0,07,000,00,2,2,09,A01
201100045839,0,33,000,00,2,8,01,B01
201100045840,0,07,000,00,2,1,01,B01
201100045840,0,07,000,00,2,1,05,A01
201100045841,0,07,000,00,1,2,01,A01
201100045842,0,07,000,00,2,3,15,Z01
201100045842,0,33,000,00,2,1,01,B01
201100045843,0,07,000,00,1,4,04,A01
201100045844,0,33,000,00,1,1,01,A01
201100045845,0,32,000,00,2,1,17,A01
201100045845,0,07,000,00,2,3,15,B01
201100045846,0,07,000,00,2,6,01,B01
201100045846,0,31,000,00,2,7,02,A01
201100045847,0,10,000,00,1,7,01,A01
201100045848,0,10,000,00,2,1,01,A01
201100045848,0,07,000,08,2,5,01,B01
201100045849,0,07,000,00,2,1,01,A01
201100045849,0,07,000,00,2,4,01,B01
201100045850,0,07,000,00,1,1,01,A01
201100045851,0,31,000,00,2,2,17,A01
201100045851,0,07,000,00,2,3,13,B01
201100045852,0,07,000,00,1,1,01,Z01
201100045853,0,07,000,00,2,1,15,A01
201100045853,0,33,000,00,2,1,01,B01
201100045854,0,07,000,00,2,1,02,A01
201100045854,0,07,000,00,2,4,01,B01
201100045855,0,10,000,00,2,3,22,A01
201100045855,0,33,000,00,2,7,17,B01
201100045856,0,33,000,00,1,1,16,A01
201100045857,0,07,000,00,2,3,15,B01
201100045857,0,32,000,00,2,1,01,A01