Num_Acc,senc,catv,occutc,obs,obsm,choc,manv,num_veh
201100045858,0,07,000,00,1,3,01,A01
201100045859,0,07,000,00,1,2,01,A01
201100045860,0,31,000,00,2,1,01,A01
201100045860,0,07,000,00,2,8,01,B01
201100045861,0,07,000,00,2,1,02,A01
201100045861,0,07,000,00,2,4,01,B01
201100045862,0,30,000,00,2,1,01,A01
201100045862,0,07,000,00,2,2,01,B01
201100045863,0,33,000,00,2,1,01,A01
201100045863,0,07,000,00,2,4,01,B01
201100045864,0,07,000,00,2,1,02,A01
201100045864,0,07,000,00,2,4,01,B01
201100045865,0,33,000,00,2,7,17,B01
201100045865,0,99,000,00,2,3,15,A01
201100045866,0,33,000,00,2,1,01,A01
201100045866,0,07,000,00,2,3,01,B01
201100045867,0,33,000,01,1,8,01,A01
201100045867,0,07,000,00,2,7,23,B01
201100045868,0,07,000,00,2,6,15,A01
201100045868,0,33,000,00,2,1,17,B01
201100045869,0,07,000,00,1,3,15,A01
201100045870,0,32,000,00,2,8,01,B01
201100045870,0,07,000,00,2,5,19,A01
201100045871,0,07,000,00,1,3,01,A01
201100045872,0,33,000,00,2,7,01,B01
201100045872,0,10,000,00,2,8,17,A01
201100045873,0,32,000,00,2,8,01,B01
201100045873,0,07,000,00,2,5,01,A01
201100045874,0,10,000,00,2,3,15,B01
201100045874,0,33,000,00,2,1,17,A01
201100045875,0,30,000,00,2,1,01,A01
201100045875,0,07,000,00,2,6,01,B01
201100045876,0,07,000,00,2,1,01,A01
201100045876,0,07,000,00,2,2,15,B01
201100045877,0,07,000,00,2,3,01,B01
201100045877,0,33,000,00,2,1,17,A01
201100045878,0,07,000,00,2,1,01,B01
201100045878,0,10,000,00,2,2,01,A01
201100045879,0,10,000,00,2,8,01,B01
201100045879,0,07,000,00,2,1,01,A01
201100045880,0,32,000,00,2,1,01,A01
201100045880,0,07,000,00,2,7,01,B01
201100045881,0,07,000,00,2,1,01,A01
201100045881,0,07,000,00,2,7,01,B01
201100045882,0,10,000,00,2,6,01,B01
201100045882,0,33,000,00,2,1,02,A01
201100045883,0,32,000,01,0,1,01,A01
201100045884,0,10,000,00,2,5,10,A01
201100045884,0,31,000,00,2,1,01,B01
201100045885,0,07,000,00,2,1,02,A01
201100045885,0,07,000,00,2,4,01,B01
201100045886,0,07,000,00,2,3,01,A01
201100045886,0,07,000,00,2,1,01,B01
201100045887,0,01,000,00,1,1,17,A01
201100045888,0,31,000,00,2,1,02,A01
201100045888,0,10,000,00,2,6,20,B01
201100045889,0,07,000,10,0,2,01,A01
201100045890,0,07,000,00,2,3,01,A01
201100045890,0,01,000,00,2,8,01,B01
201100045891,1,07,000,00,2,3,15,Z01
201100045891,0,33,000,00,2,1,15,B01
201100045892,0,07,000,00,2,1,01,A01
201100045892,0,07,000,00,2,6,01,B01
201100045893,0,33,000,00,2,1,17,A01
201100045893,0,07,000,00,2,3,01,B01
201100045894,0,33,000,00,2,2,17,A01
201100045894,0,07,000,00,2,6,15,B01
201100045895,0,07,000,00,2,3,09,A01
201100045895,0,31,000,00,2,1,17,B01
201100045896,0,31,000,00,2,1,01,A01
201100045896,0,07,000,00,2,3,01,B01
201100045897,0,07,000,00,1,1,01,A01
201100045898,0,10,000,00,1,4,04,A01
201100045899,0,01,000,00,1,1,01,A01
201100045900,0,33,000,00,2,7,17,A01
201100045900,0,07,000,00,2,3,15,B01
201100045901,0,32,000,00,2,1,02,A01
201100045901,0,07,000,00,2,4,01,B01
201100045902,0,07,000,00,1,3,01,A01
201100045903,0,07,000,00,1,2,16,A01
201100045904,0,07,000,00,2,3,20,A01
201100045904,0,32,000,00,2,7,01,B01
201100045905,0,33,000,00,2,8,01,A01
201100045905,0,37,001,00,2,3,15,B01
201100045906,0,07,000,00,1,2,01,A01
201100045907,0,07,000,00,2,1,02,A01
201100045907,0,07,000,00,2,4,23,B01
201100045908,0,07,000,00,2,3,09,A01
201100045908,0,33,000,00,2,1,01,B01
201100045909,0,07,000,00,2,1,15,A01
201100045909,0,30,000,00,2,1,01,B01
201100045910,0,07,000,00,2,6,16,A01
201100045910,0,14,000,00,2,2,16,B01
201100045911,0,07,000,00,1,3,01,A01
201100045912,0,07,000,00,1,1,15,A01
201100045913,0,07,000,01,0,2,16,A01
201100045914,0,07,000,00,2,2,02,A01
201100045914,0,07,000,00,2,4,01,B01
201100045914,0,07,000,00,2,1,02,C01
201100045915,0,07,000,00,2,3,01,B01
201100045915,0,07,000,00,2,1,01,A01
201100045916,0,07,000,00,1,3,16,A01
201100045916,0,01,000,00,2,1,01,B01
201100045917,0,07,000,00,1,3,01,A01
201100045918,0,07,000,00,2,6,04,A01
201100045918,0,07,000,00,2,5,04,B01
201100045919,0,32,000,00,2,1,01,A01
201100045919,0,07,000,00,2,8,16,B01
201100045920,0,07,000,00,2,3,15,A01
201100045920,0,33,000,00,2,1,17,B01
201100045921,0,07,000,00,1,3,15,A01
201100045922,0,33,000,00,2,1,18,A01
201100045922,0,07,000,00,2,2,15,B01
201100045923,0,01,000,00,2,8,01,B01
201100045923,0,07,000,00,2,7,14,A01
201100045924,0,30,000,00,1,1,01,A01
201100045925,0,07,000,00,1,3,01,A01
201100045926,0,07,000,00,2,3,15,A01
201100045926,0,07,000,00,2,7,17,B01
201100045927,0,07,000,00,2,2,15,B01
201100045927,0,30,000,00,2,7,17,A01
201100045928,0,07,000,00,1,2,16,A01
201100045929,0,33,000,00,2,1,01,A01
201100045929,0,07,000,00,2,7,15,B01
201100045930,0,07,000,00,1,1,15,A01
201100045931,0,32,000,00,2,1,01,B01
201100045931,0,07,000,00,2,3,16,A01
201100045932,0,07,000,00,2,3,01,B01
201100045932,0,07,000,00,2,3,15,A01
201100045933,0,30,000,00,2,2,01,A01
201100045933,0,07,000,00,2,3,16,B01
201100045934,0,33,000,02,0,1,01,A01
201100045935,0,30,000,01,0,1,01,A01
201100045936,0,30,000,00,2,8,01,B01
201100045936,0,10,000,00,2,7,17,A01
201100045937,0,07,000,00,2,7,19,A01
201100045937,0,07,000,00,2,1,01,B01
201100045938,0,07,000,00,2,7,15,A01
201100045938,0,30,000,00,2,1,01,B01
201100045939,0,07,000,00,1,3,17,A01
201100045940,0,07,000,00,2,2,01,B01
201100045940,0,07,000,00,2,8,10,A01
201100045941,0,07,000,00,2,3,01,B01
201100045941,0,33,000,00,2,3,01,A01
201100045942,0,33,000,01,2,7,01,B01
201100045942,0,07,000,00,2,1,16,A01
201100045943,0,31,000,00,2,1,17,A01
201100045943,0,07,000,00,2,6,01,C01
201100045943,0,07,000,00,2,3,15,B01
201100045944,0,07,000,00,2,2,17,A01
201100045944,0,07,000,00,2,3,15,B01
201100045945,0,33,000,00,2,8,01,B01
201100045945,0,07,000,00,2,2,15,A01
201100045946,0,07,000,00,2,1,02,A01
201100045946,0,31,000,00,2,4,23,B01
201100045947,0,07,000,00,2,3,15,B01
201100045947,0,07,000,00,2,1,01,A01
201100045948,0,07,000,08,2,3,15,A01
201100045948,0,07,000,08,2,1,17,B01
201100045949,0,14,000,01,0,7,01,A01
201100045950,0,30,000,00,2,8,01,A01
201100045950,0,14,000,00,2,7,01,B01
201100045951,0,07,000,00,1,3,01,A01
201100045952,0,14,000,00,1,2,01,A01
201100045953,0,32,000,00,2,5,12,B01
201100045953,0,07,000,00,2,1,02,A01
201100045954,0,07,000,00,1,3,15,A01
201100045955,0,30,000,00,2,8,01,B01
201100045955,0,07,000,00,2,3,01,A01
201100045956,0,30,000,00,1,1,01,A01
201100045957,0,07,000,00,2,5,15,A01
201100045957,0,31,000,00,2,1,01,B01
201100045958,0,32,000,00,2,8,01,A01
201100045958,1,07,000,00,2,1,01,Z01
201100045959,0,34,000,00,2,1,17,A01
201100045959,0,10,000,00,2,3,15,B01
201100045960,0,33,000,00,1,1,17,A01
201100045961,0,07,000,00,2,1,01,B01
201100045961,0,07,000,14,2,7,01,A01
201100045962,0,07,000,00,2,6,01,B01
201100045962,0,30,000,00,2,1,01,A01
201100045963,0,07,000,00,2,1,01,A01
201100045963,0,07,000,00,2,4,02,B01
201100045964,0,32,000,00,2,1,02,A01
201100045964,0,07,000,00,2,6,01,B01
201100045965,0,32,000,00,2,7,01,A01
201100045965,0,07,000,00,2,3,01,B01
201100045966,0,32,000,00,1,1,01,A01
201100045967,0,33,000,00,2,7,01,B01
201100045967,0,07,000,00,2,3,13,A01
201100045968,0,07,000,00,2,3,24,A01
201100045968,0,14,000,00,2,7,01,B01
201100045969,0,07,000,01,2,4,01,B01
201100045969,0,14,000,00,2,1,02,A01
201100045970,0,37,001,00,1,2,01,A01
201100045971,0,07,000,00,2,8,01,B01
201100045971,0,30,000,00,2,1,15,A01
201100045972,0,32,000,00,1,1,01,A01
201100045973,0,07,000,00,2,2,15,A01
201100045973,0,32,000,00,2,1,01,B01
201100045974,0,07,000,00,2,3,01,B01
201100045974,0,02,000,00,2,1,01,A01
201100045975,0,07,000,00,2,4,23,B01
201100045976,0,07,000,00,2,3,01,B01
201100045976,0,01,000,00,2,7,16,A01
201100045977,0,31,000,00,2,1,18,A01
201100045977,0,10,000,00,2,2,16,B01
201100045978,0,17,000,00,1,8,16,A01
201100045979,0,02,000,00,2,4,02,B01
201100045980,0,02,000,00,1,1,01,A01
201100045981,0,30,000,00,2,1,01,A01
201100045981,0,07,000,00,2,1,01,B01
201100045982,0,33,000,00,2,1,17,B01
201100045982,0,07,000,00,2,3,15,A01
201100045983,0,07,000,00,2,7,23,A01
201100045983,0,01,000,00,2,1,18,B01
201100045984,0,31,000,00,2,1,18,A01
201100045984,0,07,000,00,2,2,15,B01
201100045985,0,32,000,00,2,1,01,A01
201100045985,0,07,000,00,2,3,09,B01
201100045986,0,07,000,00,1,1,01,A01
201100045987,0,07,000,00,2,1,02,A01
201100045987,0,07,000,00,2,4,01,B01
201100045988,0,33,000,00,2,1,17,A01
201100045988,0,07,000,00,2,3,10,B01
201100045989,0,07,000,00,1,1,01,A01
201100045990,0,07,000,00,2,2,15,A01
201100045990,0,32,000,00,2,1,01,B01
201100045991,0,07,000,00,2,5,20,A01
201100045991,0,33,000,00,2,1,01,B01
201100045992,0,07,000,00,2,2,15,A01
201100045992,0,32,000,00,2,1,01,B01
201100045993,0,10,000,08,1,2,20,A01
201100045994,0,07,000,00,2,7,16,A01
201100045994,0,02,000,00,2,3,18,B01
201100045995,0,30,000,00,1,1,01,Z01
201100045996,0,07,000,00,2,3,01,A01
201100045996,0,30,000,00,2,2,01,B01
201100045997,0,10,000,00,1,4,04,Z01
201100045998,0,33,000,00,2,1,01,B01
201100045998,0,07,000,00,2,1,01,C01
201100045998,0,10,000,00,2,9,15,A01
201100045999,0,07,000,00,2,4,17,A01
201100045999,1,38,001,00,2,0,00,Z01
201100046000,0,03,000,00,2,8,15,A01
201100046000,0,31,000,00,2,7,17,B01
201100046001,0,31,000,01,2,9,02,B01
201100046001,0,10,000,00,2,5,16,A01
201100046002,0,02,000,00,2,1,01,A01
201100046002,0,07,000,00,2,8,01,B01
201100046003,0,07,000,00,1,2,01,A01
201100046004,0,10,000,00,2,1,01,A01
201100046004,0,07,000,00,2,4,23,B01
201100046005,0,07,000,00,2,4,04,A01
201100046005,0,32,000,00,2,1,17,B01
201100046006,0,07,000,00,1,1,01,A01
201100046007,0,07,000,00,1,7,01,A01
201100046008,0,07,000,00,1,8,01,A01
201100046009,0,10,000,00,2,1,01,B01
201100046009,0,07,000,00,2,7,14,A01
201100046010,0,32,000,00,1,8,01,A01
201100046011,0,30,000,00,2,6,23,A01
201100046011,0,33,000,00,2,3,01,B01
201100046012,0,02,000,00,2,7,03,A01
201100046012,0,07,000,00,2,8,01,B01
201100046013,0,33,000,00,1,2,01,A01
201100046014,0,17,000,00,1,3,16,A01
201100046015,1,30,000,00,1,1,01,Z01
201100046016,0,07,000,01,1,4,04,A01
201100046017,0,30,000,01,1,1,01,A01
201100046017,0,07,000,00,2,6,23,B01
201100046018,0,07,000,00,2,8,11,A01
201100046018,0,32,000,00,2,7,01,B01
201100046019,0,01,000,00,1,1,13,A01
201100046020,0,34,000,00,9,2,01,A01
201100046020,0,01,000,00,2,6,11,B01
201100046021,0,99,000,00,1,6,15,A01
201100046022,0,07,000,00,2,3,15,A01
201100046022,0,34,000,00,2,2,17,B01
201100046023,0,07,000,00,1,1,17,A01
201100046024,0,32,000,00,2,1,17,A01
201100046024,0,10,000,00,2,2,15,B01
201100046025,0,33,000,00,1,1,01,A01
201100046026,2,07,000,00,2,1,02,A01
201100046026,0,10,000,00,2,4,23,B01
201100046027,0,30,000,00,2,1,01,A01
201100046027,0,07,000,00,2,3,09,B01
201100046028,0,07,000,00,2,3,15,A01
201100046028,0,34,000,00,2,1,01,B01
201100046029,0,07,000,00,1,2,01,A01
201100046030,0,07,000,00,2,1,02,A01
201100046030,0,07,000,00,2,4,01,B01
201100046031,0,34,000,00,2,1,01,A01
201100046031,0,07,000,00,2,5,01,B01
201100046032,0,07,000,00,2,1,02,A01
201100046032,0,02,000,00,2,4,23,B01
201100046032,0,07,000,00,2,4,23,C01
201100046033,0,31,000,00,2,1,01,B01
201100046033,0,07,000,00,2,1,15,A01
201100046034,0,33,000,00,2,7,01,A01
201100046034,0,07,000,00,2,3,15,B01
201100046035,0,07,000,00,1,5,17,A01
201100046036,0,33,000,01,2,1,01,B01
201100046036,0,07,000,00,2,7,15,A01
201100046037,0,10,000,00,2,5,23,B01
201100046037,0,02,000,00,2,1,01,A01
201100046038,0,07,000,00,1,1,15,A01
201100046039,0,07,000,00,1,1,01,A01
201100046040,0,34,000,00,1,1,01,A01
201100046041,0,31,000,00,1,1,01,A01
201100046042,0,02,000,00,2,7,01,A01
201100046042,0,07,000,00,2,8,15,B01
201100046043,0,07,000,00,1,7,01,A01
201100046044,0,33,000,00,2,1,01,A01
201100046044,0,07,000,00,2,5,16,B01
201100046045,0,07,000,00,1,1,01,A01
201100046046,0,10,000,00,1,1,01,A01
201100046047,0,07,000,00,2,3,11,B01
201100046047,0,02,000,00,2,1,01,A01
201100046048,0,30,000,00,2,1,01,B01
201100046048,0,07,000,00,2,3,09,A01
201100046049,0,07,000,00,1,1,11,A01
201100046050,0,10,000,00,2,4,01,A01
201100046050,0,07,000,00,2,1,02,C01
201100046050,0,07,000,00,2,4,02,B01
201100046051,0,07,000,00,2,4,02,B01
201100046051,0,07,000,00,2,4,02,C01
201100046051,0,07,000,00,2,1,02,A01
201100046052,0,07,000,00,2,5,11,A01
201100046052,0,34,000,00,2,1,02,B01
201100046053,0,07,000,00,1,1,11,A01
201100046054,0,10,000,15,2,3,11,A01
201100046054,0,07,000,00,2,5,01,B01
201100046055,0,07,000,00,2,4,02,B01
201100046055,0,07,000,00,2,4,01,D01
201100046055,0,07,000,00,2,4,02,C01
201100046055,0,07,000,00,2,1,02,A01
201100046056,0,32,000,00,2,8,15,A01
201100046056,0,07,000,00,2,1,17,B01
201100046057,0,07,000,00,2,3,01,B01
201100046057,0,02,000,00,2,1,01,A01
201100046058,0,14,000,00,2,3,11,A01
201100046058,0,07,000,00,2,7,01,B01
201100046059,0,01,000,00,2,7,02,B01
201100046059,0,07,000,00,2,1,09,A01
201100046060,0,07,000,09,2,2,09,A01
201100046060,0,07,000,00,2,3,02,B01
201100046061,0,07,000,00,1,1,09,A01
201100046062,0,07,000,00,2,5,01,B01
201100046062,0,34,000,00,2,1,02,A01
201100046063,0,07,000,00,1,1,15,A01
201100046064,0,07,000,00,2,1,01,A01
201100046064,0,07,000,00,2,5,09,B01
201100046065,0,07,000,00,1,1,02,A01
201100046066,0,07,000,00,1,1,02,A01
201100046067,0,07,000,00,2,3,15,A01
201100046067,0,34,000,00,2,1,02,B01
201100046068,0,07,000,00,2,1,15,A01
201100046068,0,34,000,01,2,1,02,B01
201100046069,0,32,000,00,2,8,02,B01
201100046069,0,07,000,00,2,1,15,A01
201100046070,0,01,000,00,2,1,02,A01
201100046070,0,07,000,00,2,4,02,B01
201100046071,0,07,000,00,2,1,01,A01
201100046071,0,07,000,00,2,4,20,B01
201100046072,0,34,000,11,2,5,01,A01
201100046072,0,07,000,00,2,1,02,B01
201100046073,0,01,000,00,2,2,15,A01
201100046073,0,30,000,00,2,1,01,B01
201100046074,0,32,000,00,2,2,01,A01
201100046074,0,07,000,01,2,3,01,B01
201100046075,0,07,000,00,1,1,01,A01
201100046076,0,07,000,00,1,1,01,A01
201100046077,0,07,000,00,2,1,01,B01
201100046077,0,02,000,00,2,1,17,A01
201100046078,0,30,000,00,2,1,17,A01
201100046078,0,07,000,00,2,1,01,B01
201100046079,0,10,000,00,2,1,01,A01
201100046079,0,02,000,00,2,4,01,B01
201100046080,0,07,000,00,4,3,13,A01
201100046080,0,31,000,00,2,2,01,B01
201100046081,0,07,000,00,1,1,01,A01
201100046082,0,30,000,00,2,1,02,A01
201100046082,0,10,000,00,2,5,15,B01
201100046083,0,07,000,00,1,3,01,A01
201100046084,0,07,000,00,2,3,15,A01
201100046084,0,31,000,00,2,1,17,B01
201100046085,0,34,000,00,2,3,01,A01
201100046085,0,07,000,00,2,2,12,B01
201100046086,0,07,000,00,1,2,01,A01
201100046087,0,07,000,00,1,2,15,A01
201100046088,0,15,000,00,2,5,04,A01
201100046088,0,07,000,00,2,2,17,B01
201100046089,0,07,000,00,2,3,15,A01
201100046089,0,30,000,00,2,2,01,B01
201100046090,0,07,000,00,1,1,01,A01
201100046091,0,07,000,00,2,1,15,A01
201100046091,0,07,000,00,2,8,02,B01
201100046092,0,30,000,00,2,1,01,A01
201100046092,0,07,000,00,2,1,01,B01
201100046093,0,07,000,00,2,3,01,B01
201100046093,0,07,000,00,2,2,15,A01
201100046094,0,07,000,00,2,1,15,A01
201100046094,0,30,000,00,2,1,01,B01
201100046095,1,07,000,00,2,1,00,A01
201100046095,0,30,000,00,2,1,01,B01
201100046096,0,07,000,00,2,4,01,A01
201100046096,0,33,000,00,2,1,02,B01
201100046097,0,30,000,00,2,7,01,A01
201100046097,0,07,000,00,2,8,11,B01
201100046098,0,30,000,00,2,1,17,A01
201100046098,0,07,000,00,2,1,01,B01
201100046099,0,07,000,00,1,2,01,A01
201100046100,2,30,000,00,1,0,01,A01
201100046101,0,07,000,00,0,0,09,A01
201100046101,0,32,000,00,0,7,21,B01
201100046102,0,07,000,00,0,8,02,B01
201100046102,0,32,000,00,0,2,02,A01
201100046103,0,07,000,00,2,4,02,B01
201100046103,0,07,000,00,2,1,02,A01
201100046103,0,07,000,00,0,4,02,C01
201100046104,0,07,000,00,1,1,00,A01
201100046105,0,07,000,00,2,8,09,A01
201100046105,0,30,000,00,2,1,00,B01
201100046106,0,33,000,00,2,1,02,A01
201100046106,0,37,055,00,2,3,01,B01
201100046106,0,07,000,00,2,4,01,C01
201100046107,0,02,000,00,1,1,01,A01
201100046108,2,07,000,00,2,3,01,A01
201100046108,0,01,000,00,2,3,01,B01
201100046109,0,07,000,00,2,1,02,A01
201100046109,0,01,000,00,2,4,01,B01
201100046110,0,02,000,00,2,1,01,B01
201100046110,0,10,000,00,2,1,05,A01
201100046111,0,07,000,00,2,3,16,A01
201100046111,0,02,000,00,2,1,13,B01
201100046112,0,07,000,01,1,2,01,A01
201100046113,0,10,000,00,2,2,01,B01
201100046113,0,10,000,00,2,3,01,A01
201100046114,0,33,000,00,2,1,17,A01
201100046114,0,07,000,00,2,3,15,B01
201100046115,0,07,000,01,2,1,01,B01
201100046115,0,07,000,00,2,2,09,A01
201100046116,0,07,000,00,1,1,16,A01
201100046117,0,07,000,04,0,1,01,A01
201100046118,0,30,000,00,2,1,01,B01
201100046118,0,07,000,00,2,2,15,A01
201100046119,0,07,000,00,2,7,15,A01
201100046119,0,02,000,00,2,1,01,B01
201100046120,0,07,000,00,2,3,15,A01
201100046120,0,02,000,00,2,1,17,B01
201100046121,0,31,000,00,2,7,01,B01
201100046121,0,33,000,00,2,3,13,A01
201100046122,0,32,000,00,2,2,17,B01
201100046122,0,07,000,00,2,3,15,A01
201100046123,0,31,000,00,1,1,01,A01
201100046124,0,30,000,00,0,2,19,A01
201100046125,0,07,000,00,1,6,04,A01
201100046126,0,07,000,00,1,5,04,A01
201100046127,0,10,000,00,1,3,21,A01
201100046127,0,07,000,00,2,1,01,B01
201100046128,0,07,000,00,2,2,15,A01
201100046128,0,32,000,00,2,3,01,B01
201100046129,0,07,000,00,1,2,01,A01
201100046130,0,33,000,00,2,1,02,A01
201100046130,0,07,000,00,2,6,01,B01
201100046131,0,07,000,00,1,6,20,A01
201100046132,0,07,000,00,2,1,15,A01
201100046132,0,33,000,00,2,8,01,B01
201100046133,0,33,000,00,2,7,01,B01
201100046133,0,07,000,00,2,8,15,A01
201100046134,0,33,000,00,2,1,01,A01
201100046134,0,07,000,00,2,4,15,B01
201100046135,0,02,000,00,2,1,09,A01
201100046135,0,01,000,00,2,4,01,B01
201100046136,0,07,000,00,1,1,01,A01
201100046137,0,07,000,00,2,1,02,A01
201100046137,0,07,000,00,2,4,16,B01
201100046138,0,13,000,00,2,2,02,A01
201100046138,0,01,000,00,2,4,01,B01
201100046139,1,99,000,00,1,1,15,Z01
201100046140,0,07,000,00,2,4,01,A01
201100046140,0,02,000,00,2,1,02,B01
201100046141,0,30,000,00,0,1,21,A01
201100046142,0,33,000,14,0,8,01,A01
201100046142,0,07,000,00,0,4,01,B01
201100046143,0,31,000,00,2,1,01,A01
201100046143,0,07,000,00,2,2,15,B01
201100046144,0,33,000,01,2,8,01,A01
201100046144,0,07,000,00,2,7,14,B01
201100046145,0,07,000,00,2,5,00,C01
201100046145,0,31,000,00,2,0,00,A01
201100046145,0,07,000,00,2,8,00,B01
201100046146,0,01,000,01,0,7,01,B01
201100046146,0,07,000,00,2,8,24,A01
201100046147,0,07,000,00,2,2,15,A01
201100046147,0,01,000,00,2,1,01,B01
201100046148,0,07,000,00,2,1,15,B01
201100046148,0,01,000,00,2,7,05,A01
201100046149,0,07,000,00,2,3,17,B01
201100046149,0,07,000,00,2,6,18,C01
201100046149,0,31,000,01,2,9,17,A01
201100046150,0,37,004,00,1,1,01,A01
201100046151,0,07,000,00,2,3,15,B01
201100046151,0,02,000,00,2,7,01,A01
201100046152,0,07,000,00,1,4,04,A01
201100046153,0,07,000,00,1,2,01,A01
201100046154,0,31,000,00,2,3,01,A01
201100046154,0,07,000,00,2,7,16,B01
201100046155,0,01,000,00,2,2,15,B01
201100046155,0,07,000,00,2,1,01,A01
201100046156,0,07,000,00,2,4,01,B01
201100046156,0,07,000,00,2,1,02,A01
201100046157,0,30,000,00,1,7,17,A01
201100046158,0,07,000,00,2,3,10,A01
201100046158,0,33,000,00,2,7,01,B01
201100046159,0,31,000,00,2,1,02,A01
201100046159,0,07,000,00,2,4,01,B01
201100046160,0,33,000,00,2,6,01,B01
201100046160,0,07,000,00,2,2,19,A01
201100046161,0,07,000,00,2,8,01,B01
201100046161,0,02,000,00,2,1,13,A01
201100046162,0,07,000,00,2,7,00,A01
201100046162,0,01,000,00,2,7,00,B01
201100046163,0,07,000,15,0,1,21,A01
201100046164,0,07,000,00,2,3,13,B01
201100046164,0,31,000,00,2,7,03,A01
201100046165,0,07,000,00,2,3,15,A01
201100046165,0,33,000,00,2,9,01,B01
201100046166,0,07,000,00,2,3,01,A01
201100046166,1,31,000,00,2,1,15,Z01
201100046167,0,07,000,00,1,1,15,A01
201100046168,0,07,000,00,2,4,01,B01
201100046168,0,31,000,00,2,1,02,A01
201100046169,0,07,000,00,2,1,15,A01
201100046169,0,33,000,00,2,1,01,B01
201100046170,0,37,008,00,1,2,01,A01
201100046171,0,07,000,00,2,8,24,A01
201100046171,0,01,000,00,2,7,01,B01
201100046172,0,07,000,00,1,1,15,A01
201100046173,0,07,000,00,2,3,23,A01
201100046173,0,33,000,00,2,7,01,B01
201100046174,0,02,000,00,2,1,01,A01
201100046174,0,07,000,00,2,2,15,B01
201100046175,0,02,000,00,2,8,01,A01
201100046176,0,33,000,00,2,1,01,A01
201100046176,0,10,000,00,2,7,01,B01
201100046177,0,10,000,00,1,1,16,A01
201100046178,0,10,000,00,2,1,02,A01
201100046178,0,07,000,00,2,4,01,B01
201100046179,0,07,000,00,2,2,15,A01
201100046179,0,01,000,00,2,3,16,B01
201100046180,0,32,000,00,2,8,07,A01
201100046180,0,07,000,00,2,7,16,B01
201100046181,0,34,000,00,2,1,21,A01
201100046181,0,07,000,00,2,5,15,B01
201100046181,0,07,000,00,2,1,01,C01
201100046182,0,32,000,00,2,3,19,B01
201100046182,0,99,000,00,2,2,19,A01
201100046183,0,33,000,00,2,6,01,A01
201100046183,0,33,000,00,2,3,02,B01
201100046184,0,07,000,00,2,7,00,B01
201100046184,0,07,000,00,2,7,00,A01
201100046185,0,07,000,00,1,1,01,A01
201100046186,0,07,000,00,2,8,09,A01
201100046186,0,07,000,00,2,2,01,B01
201100046187,0,07,000,00,2,3,01,A01
201100046187,0,02,000,00,2,2,03,B01
201100046188,0,33,000,00,5,8,01,A01
201100046189,0,10,000,00,2,3,15,A01
201100046189,0,33,000,00,2,1,17,B01
201100046190,0,99,000,00,2,2,02,A01
201100046190,0,07,000,00,2,5,01,B01
201100046191,0,07,000,00,2,1,02,A01
201100046191,0,07,000,00,2,4,01,B01
201100046192,0,07,000,00,2,8,14,A01
201100046192,0,32,000,00,2,8,03,B01
201100046193,0,07,000,01,0,9,01,A01
201100046194,0,30,000,00,0,7,01,A01
201100046195,0,32,000,00,2,4,23,A01
201100046195,0,32,000,14,2,1,02,B01
201100046196,0,33,000,00,2,5,17,A01
201100046196,0,07,000,00,2,8,15,B01
201100046197,0,07,000,00,2,8,01,A01
201100046197,0,32,000,00,1,1,01,B01
201100046198,0,30,000,00,2,3,18,A01
201100046198,0,07,000,00,2,2,16,B01
201100046199,0,30,000,00,2,3,09,A01
201100046199,0,07,000,00,2,5,16,B01
201100046200,0,07,000,09,2,9,01,A01
201100046200,0,07,000,00,2,1,01,B01
201100046201,0,01,000,00,2,8,01,B01
201100046201,0,07,000,00,2,3,15,A01
201100046202,0,15,000,00,2,1,02,A01
201100046202,0,10,000,00,2,4,01,B01
201100046203,0,07,000,00,2,1,02,A01
201100046203,0,07,000,00,2,4,02,B01
201100046203,0,07,000,00,2,4,01,C01
201100046204,0,32,000,00,2,3,01,B01
201100046204,0,07,000,00,2,1,15,A01
201100046205,0,30,000,00,2,7,14,A01
201100046205,1,33,000,00,2,7,18,Z01
201100046206,0,30,000,00,2,7,19,A01
201100046206,1,07,000,00,2,1,01,Z01
201100046207,0,07,000,00,2,3,18,A01
201100046207,0,07,000,00,2,4,01,B01
201100046208,0,33,000,00,2,1,01,A01
201100046208,0,07,000,00,2,6,15,B01
201100046209,0,15,000,00,2,4,23,A01
201100046209,0,31,000,01,2,1,01,B01
201100046210,0,07,000,00,2,7,15,A01
201100046210,0,30,000,00,2,1,19,B01
201100046211,0,10,000,00,2,7,16,A01
201100046211,0,32,000,00,2,8,01,B01
201100046212,0,31,000,00,2,1,02,A01
201100046212,0,07,000,00,2,5,01,B01
201100046213,0,07,000,00,1,1,01,A01
201100046214,0,07,000,00,1,1,01,A01
201100046215,0,07,000,01,0,1,01,A01
201100046216,0,07,000,00,2,1,02,A01
201100046216,0,02,000,00,2,4,01,B01
201100046217,0,33,000,00,2,3,01,B01
201100046217,0,10,000,00,2,0,04,A01
201100046218,0,33,000,00,2,6,17,B01
201100046218,0,07,000,00,2,5,02,A01
201100046219,0,07,000,00,2,3,01,B01
201100046219,0,10,000,00,2,3,15,A01
201100046220,1,30,000,00,1,0,01,Z01
201100046221,0,07,000,00,2,6,10,A01
201100046221,0,33,000,00,2,1,17,B01
201100046222,0,10,000,00,2,4,01,B01
201100046222,0,32,000,00,2,3,01,A01