Num_Acc,senc,catv,occutc,obs,obsm,choc,manv,num_veh
201100046223,0,10,000,00,2,1,02,A01
201100046223,0,07,000,00,2,4,02,B01
201100046224,0,07,000,00,2,4,01,A01
201100046224,0,02,000,00,2,2,01,B01
201100046225,0,33,000,00,0,0,01,A01
201100046226,0,07,000,04,0,1,01,A01
201100046227,0,07,000,09,0,2,01,A01
201100046228,0,07,000,00,1,1,01,Z01
201100046229,0,33,000,00,2,2,17,A01
201100046229,0,07,000,00,2,1,09,B01
201100046230,0,07,000,00,2,1,10,A01
201100046230,0,01,000,00,2,8,01,B01
201100046231,0,07,000,00,2,8,15,A01
201100046231,0,33,000,00,2,2,17,B01
201100046232,0,07,000,00,2,2,01,A01
201100046232,0,07,000,00,2,1,01,B01
201100046233,0,10,000,00,2,5,01,B01
201100046233,0,30,000,00,2,1,01,A01
201100046234,0,99,000,00,2,3,01,A01
201100046234,0,07,000,00,2,7,23,B01
201100046235,0,30,000,00,1,1,17,A01
201100046236,0,07,000,00,1,1,15,A01
201100046237,0,07,000,00,1,6,20,A01
201100046238,0,07,000,00,1,1,01,A01
201100046239,0,10,000,04,0,1,01,A01
201100046240,0,30,000,00,2,4,01,B01
201100046240,0,07,000,00,2,1,02,A01
201100046241,0,33,000,00,1,1,01,A01
201100046242,0,30,000,00,2,1,05,A01
201100046242,0,07,000,00,2,1,01,B01
201100046243,0,02,000,00,2,1,18,A01
201100046243,0,07,000,00,2,5,16,B01
201100046244,0,07,000,00,2,7,15,A01
201100046244,0,30,000,00,2,1,01,B01
201100046245,0,07,000,01,0,1,01,A01
201100046246,0,10,000,00,1,4,04,A01
201100046247,0,30,000,00,2,1,01,A01
201100046247,0,07,000,00,2,6,01,B01
201100046248,0,30,000,00,2,7,01,A01
201100046248,0,10,000,00,2,1,01,B01
201100046249,0,07,000,00,2,2,05,A01
201100046249,0,33,000,00,2,1,01,B01
201100046250,0,20,000,00,1,2,16,A01
201100046251,0,33,000,00,2,2,17,A01
201100046251,0,07,000,00,2,8,15,Z01
201100046252,0,30,000,00,2,1,05,A01
201100046252,0,07,000,00,2,3,01,B01
201100046253,0,07,000,00,2,2,15,A01
201100046253,0,31,000,00,2,1,01,B01
201100046254,0,32,000,00,1,1,17,A01
201100046255,0,34,000,00,1,1,17,A01
201100046256,0,07,000,00,2,2,15,A01
201100046256,0,32,000,00,2,3,01,B01
201100046257,0,30,000,00,2,1,01,A01
201100046257,0,07,000,00,2,7,15,B01
201100046258,0,07,000,00,2,6,21,A01
201100046258,0,32,000,00,2,2,17,B01
201100046259,0,32,000,00,2,1,17,A01
201100046259,0,07,000,00,2,8,15,B01
201100046260,0,07,000,00,2,1,01,A01
201100046260,0,30,000,00,2,8,01,B01
201100046261,0,31,000,00,2,3,03,A01
201100046261,0,14,000,00,2,5,01,B01
201100046262,0,01,000,00,2,8,15,A01
201100046262,0,07,000,00,2,1,01,B01
201100046263,0,07,000,00,2,6,01,B01
201100046263,0,30,000,00,2,2,02,A01
201100046264,0,07,000,00,2,2,15,A01
201100046264,0,33,000,00,2,1,17,B01
201100046265,0,07,000,01,2,2,02,A01
201100046265,0,07,000,16,2,6,01,B01
201100046266,0,07,000,00,1,5,15,A01
201100046267,0,34,000,00,2,2,17,A01
201100046267,0,10,000,00,2,2,15,B01
201100046268,0,07,000,00,1,1,15,A01
201100046269,0,30,000,04,2,8,18,A01
201100046269,0,07,000,00,2,2,01,B01
201100046270,0,07,000,00,2,1,01,A01
201100046270,0,13,000,00,2,4,01,B01
201100046271,0,07,000,00,2,1,01,B01
201100046271,0,30,000,00,2,1,05,A01
201100046272,0,07,000,00,1,1,01,A01
201100046273,0,32,000,00,2,7,01,A01
201100046273,0,10,000,00,2,1,16,B01
201100046274,0,07,000,00,1,7,01,A01
201100046275,0,07,000,00,2,4,01,C01
201100046275,0,07,000,00,2,1,02,A01
201100046275,0,07,000,00,2,4,02,B01
201100046276,0,33,000,01,1,1,01,A01
201100046277,0,30,000,00,2,1,02,A01
201100046277,0,07,000,00,2,4,01,B01
201100046278,0,07,000,00,1,1,09,A01
201100046279,0,32,000,00,2,1,17,A01
201100046279,0,07,000,00,2,6,15,B01
201100046280,1,30,000,,1,,,A01
201100046281,0,07,000,00,1,1,01,A01
201100046282,0,07,000,00,1,1,01,A01
201100046283,0,30,000,01,0,8,17,A01
201100046284,0,07,000,00,2,7,01,A01
201100046284,0,07,000,00,2,1,01,B01
201100046285,0,32,000,00,2,1,01,B01
201100046285,0,07,000,00,2,5,15,A01
201100046286,0,33,000,00,2,1,01,B01
201100046286,0,07,000,00,2,7,10,A01
201100046287,0,07,000,00,2,4,01,B01
201100046287,0,32,000,00,2,1,02,A01
201100046288,0,33,000,00,2,1,21,B01
201100046288,0,07,000,00,2,2,15,A01
201100046289,0,07,000,00,1,3,01,A01
201100046290,0,32,000,00,2,1,01,A01
201100046290,0,07,000,00,2,6,15,B01
201100046291,0,07,000,12,2,2,21,A01
201100046292,0,03,000,12,0,2,14,A01
201100046293,0,07,000,15,2,3,13,A01
201100046293,0,10,000,12,2,3,15,B01
201100046294,0,07,000,00,2,3,20,B01
201100046294,0,07,000,00,2,6,04,A01
201100046295,0,07,000,00,2,6,01,B01
201100046295,0,30,000,00,2,1,02,A01
201100046296,0,07,000,00,2,1,01,A01
201100046296,0,07,000,00,2,2,01,B01
201100046297,0,30,000,00,2,8,18,A01
201100046297,0,07,000,00,2,2,16,B01
201100046298,0,07,000,04,2,8,09,A01
201100046298,0,17,000,00,2,7,01,B01
201100046299,0,30,000,00,2,1,02,A01
201100046299,0,07,000,00,2,5,01,B01
201100046300,0,01,000,00,2,8,01,B01
201100046300,0,07,000,00,2,1,17,A01
201100046301,0,07,000,00,2,3,01,B01
201100046301,0,01,000,00,2,7,12,A01
201100046302,0,07,000,00,2,3,15,B01
201100046302,0,07,000,00,2,2,21,A01
201100046303,0,34,000,00,2,1,16,A01
201100046303,0,14,000,00,2,2,01,B01
201100046304,0,07,000,01,0,1,01,A01
201100046304,0,07,000,00,2,4,24,B01
201100046305,0,30,000,00,2,2,18,A01
201100046305,0,31,000,00,2,7,16,B01
201100046306,0,34,000,00,2,2,01,A01
201100046306,0,07,000,00,2,5,01,B01
201100046307,0,07,000,00,2,1,01,B01
201100046307,0,07,000,00,2,2,15,A01
201100046308,0,07,000,15,0,8,15,A01
201100046309,0,07,000,00,2,3,15,A01
201100046309,0,02,000,00,2,8,17,B01
201100046310,0,07,000,08,2,7,01,A01
201100046310,0,07,000,00,2,1,01,B01
201100046311,0,07,000,00,2,1,15,A01
201100046311,0,34,000,00,2,1,01,B01
201100046312,0,07,000,01,2,3,13,A01
201100046312,0,07,000,00,2,2,01,B01
201100046313,0,07,000,14,2,1,02,A01
201100046313,0,10,000,00,2,6,23,B01
201100046314,0,07,000,00,2,2,01,A01
201100046314,0,07,000,00,2,6,20,B01
201100046315,0,31,000,00,2,1,01,A01
201100046315,0,07,000,00,2,2,01,B01
201100046316,0,10,000,00,2,3,15,A01
201100046316,0,07,000,00,2,3,01,B01
201100046317,0,07,000,00,2,1,02,A01
201100046317,0,34,000,00,2,4,01,B01
201100046318,0,07,000,00,2,1,15,A01
201100046318,0,07,000,00,2,8,01,B01
201100046319,0,07,000,00,9,7,01,A01
201100046319,0,01,000,00,2,1,15,B01
201100046320,0,34,000,00,2,3,18,A01
201100046320,0,07,000,00,2,7,16,B01
201100046321,0,07,000,14,2,1,02,A01
201100046321,0,07,000,14,2,4,02,B01
201100046321,0,07,000,00,2,4,01,C01
201100046322,0,07,000,00,1,1,01,A01
201100046323,0,33,000,08,2,7,01,B01
201100046323,0,07,000,08,2,1,19,A01
201100046324,0,34,000,00,1,1,01,A01
201100046325,0,07,000,04,2,1,06,A01
201100046325,0,37,001,00,2,1,01,B01
201100046326,0,30,000,00,2,1,01,A01
201100046326,0,07,000,00,2,3,15,B01
201100046327,0,33,000,00,2,3,01,A01
201100046327,0,10,000,00,2,7,16,B01
201100046328,0,07,000,00,2,1,01,B01
201100046328,0,30,000,00,2,2,01,A01
201100046329,0,07,000,01,0,2,14,A01
201100046330,0,32,000,01,0,1,01,B01
201100046331,0,07,000,00,2,6,10,A01
201100046331,0,30,000,00,2,1,01,B01
201100046332,0,30,000,00,2,1,01,A01
201100046332,0,07,000,00,2,6,01,B01
201100046333,0,07,000,01,0,3,21,A01
201100046334,0,07,000,00,1,2,01,A01
201100046335,0,10,000,00,1,1,01,A01
201100046336,0,34,000,00,1,3,01,A01
201100046337,0,07,000,00,2,3,01,A01
201100046337,0,07,000,00,2,3,23,B01
201100046338,0,01,000,01,0,2,14,A01
201100046338,0,10,000,00,9,3,22,B01
201100046339,0,07,000,00,1,3,01,A01
201100046340,0,07,000,00,1,3,15,A01
201100046341,0,15,000,00,2,1,21,B01
201100046341,0,10,000,00,2,3,15,A01
201100046342,0,07,000,00,1,2,09,A01
201100046343,0,07,000,00,1,1,01,A01
201100046344,0,07,000,00,1,1,01,A01
201100046345,0,07,000,00,2,8,23,B01
201100046345,0,31,000,00,2,7,17,A01
201100046346,0,07,000,00,1,1,01,A01
201100046347,0,07,000,00,2,2,15,A01
201100046347,0,07,000,00,2,2,01,B01
201100046348,0,07,000,00,1,1,01,A01
201100046349,0,33,000,00,2,2,17,A01
201100046349,0,07,000,00,2,3,11,B01
201100046350,0,10,000,00,2,7,01,B01
201100046350,0,37,006,00,2,3,01,A01
201100046351,0,07,000,00,2,8,10,A01
201100046351,0,33,000,00,2,1,01,B01
201100046352,0,07,000,00,0,0,01,A01
201100046352,0,02,000,15,0,7,21,B01
201100046353,0,32,000,00,1,2,17,A01
201100046354,0,02,000,00,2,6,23,B01
201100046354,0,07,000,00,2,2,02,A01
201100046355,0,01,000,16,0,0,01,A01
201100046356,0,07,000,00,2,3,01,A01
201100046356,0,02,000,00,2,6,01,B01
201100046357,0,07,000,00,2,6,01,B01
201100046357,0,30,000,00,2,2,17,A01
201100046358,0,07,000,00,2,1,01,B01
201100046358,0,02,000,00,2,3,01,A01
201100046359,0,07,000,00,1,3,01,A01
201100046360,0,30,000,00,2,1,11,A01
201100046360,0,07,000,00,2,6,23,B01
201100046361,0,07,000,00,2,2,01,A01
201100046361,0,07,000,00,2,3,16,B01
201100046362,0,07,000,00,1,1,01,A01
201100046363,0,33,000,00,2,7,17,B01
201100046363,0,07,000,00,2,1,09,A01
201100046364,0,07,000,00,1,3,04,A01
201100046365,0,07,000,00,9,2,16,A01
201100046365,0,01,000,00,2,1,18,B01
201100046366,0,32,000,00,2,2,02,B01
201100046366,0,07,000,00,9,3,15,A01
201100046367,0,30,000,00,0,7,15,A01
201100046368,0,32,000,00,2,1,18,B01
201100046368,0,07,000,00,2,7,01,A01
201100046369,0,07,000,00,1,2,01,A01
201100046370,0,10,000,00,2,6,20,B01
201100046370,0,32,000,00,2,1,02,A01
201100046371,0,07,000,00,2,1,15,A01
201100046371,0,07,000,00,2,1,01,B01
201100046372,0,07,000,00,2,1,01,B01
201100046372,0,07,000,00,2,7,09,A01
201100046373,0,32,000,00,2,1,01,B01
201100046373,0,07,000,00,2,3,09,A01
201100046374,0,32,000,00,2,4,01,B01
201100046374,0,07,000,00,2,1,02,A01
201100046375,0,30,000,11,0,1,06,A01
201100046376,0,07,000,00,9,5,01,A01
201100046376,0,01,000,00,2,1,19,B01
201100046377,0,07,000,00,2,7,15,A01
201100046377,0,30,000,00,2,1,01,B01
201100046378,0,33,000,00,2,1,02,A01
201100046378,0,07,000,00,2,4,01,B01
201100046379,0,07,000,00,2,3,01,A01
201100046379,0,07,000,00,2,1,24,B01
201100046379,0,07,000,00,2,4,24,C01
201100046380,0,07,000,00,1,1,01,A01
201100046381,0,31,000,00,2,1,02,A01
201100046381,0,07,000,00,2,4,01,B01
201100046382,0,07,000,01,0,2,01,A01
201100046382,0,07,000,00,0,6,24,B01
201100046382,0,07,000,00,2,6,01,C01
201100046383,0,31,000,00,2,2,17,A01
201100046383,0,01,000,00,2,8,15,B01
201100046384,0,07,000,00,2,1,01,A01
201100046384,0,01,000,00,0,1,01,B01
201100046385,0,07,000,00,2,7,17,A01
201100046385,0,01,000,00,2,3,17,B01
201100046386,0,07,000,00,2,3,01,A01
201100046386,0,07,000,00,2,4,14,B01
201100046387,0,32,000,00,1,2,01,A01
201100046388,0,07,000,00,2,4,14,A01
201100046388,0,32,000,00,2,1,01,B01
201100046389,0,02,000,00,2,3,18,A01
201100046389,0,07,000,00,2,7,22,B01
201100046390,0,02,000,00,2,2,01,A01
201100046390,0,07,000,00,2,3,15,B01
201100046391,0,31,000,00,2,2,17,A01
201100046391,0,07,000,00,2,3,15,B01
201100046392,0,07,000,00,2,1,16,A01
201100046392,0,07,000,00,2,5,01,B01
201100046393,0,07,000,00,2,3,09,A01
201100046393,0,34,000,00,2,1,01,B01
201100046394,0,07,000,00,2,1,02,A01
201100046394,0,07,000,00,2,4,01,B01
201100046395,0,30,000,01,0,7,01,A01
201100046396,0,10,000,00,2,1,15,A01
201100046396,0,07,000,00,2,8,01,B01
201100046397,0,02,000,00,2,1,03,A01
201100046397,0,07,000,00,2,6,15,B01
201100046398,0,07,000,00,1,2,16,A01
201100046399,0,30,000,11,0,1,01,A01
201100046400,0,01,000,00,1,1,01,A01
201100046401,0,07,000,00,2,1,02,A01
201100046401,0,10,000,00,2,4,23,B01
201100046402,0,33,000,00,1,1,03,A01
201100046403,0,30,000,00,1,2,01,A01
201100046404,0,33,000,00,2,3,06,A01
201100046404,0,30,000,00,2,1,17,B01
201100046405,0,33,000,00,2,3,02,A01
201100046405,1,30,000,00,2,0,00,Z01
201100046406,0,01,000,00,2,1,02,A01
201100046406,0,10,000,00,9,4,01,B01
201100046407,0,02,000,00,1,1,01,A01
201100046408,0,34,000,01,2,1,01,A01
201100046408,0,07,000,00,2,1,09,B01
201100046409,0,32,000,00,1,1,01,A01
201100046410,0,33,000,00,2,1,01,A01
201100046410,0,07,000,00,2,8,16,B01
201100046411,1,10,000,00,1,0,15,Z01
201100046412,0,33,000,00,2,3,07,A01
201100046412,0,07,000,00,2,2,16,B01
201100046412,0,07,000,00,2,4,23,C01
201100046413,0,07,000,00,2,2,15,A01
201100046413,0,33,000,00,2,1,01,B01
201100046414,0,07,000,00,2,6,01,B01
201100046414,0,33,000,00,2,7,17,A01
201100046414,0,07,000,00,2,1,01,C01
201100046415,0,34,000,00,2,1,01,B01
201100046415,0,07,000,00,2,2,15,A01
201100046416,0,02,000,00,1,3,17,A01
201100046417,0,07,000,00,1,2,01,A01
201100046418,1,07,000,00,2,1,01,Z01
201100046418,0,07,000,15,2,7,01,A01
201100046419,0,07,000,00,2,7,12,B01
201100046419,0,33,000,00,2,3,02,A01
201100046420,0,14,000,00,2,7,16,B01
201100046420,0,30,000,00,2,1,00,A01
201100046421,0,07,000,00,1,6,04,A01
201100046422,0,30,000,00,1,1,20,A01
201100046423,0,33,000,00,2,1,02,A01
201100046423,0,07,000,00,2,4,01,B01
201100046424,0,07,000,00,1,1,01,A01
201100046425,0,30,000,00,2,1,01,A01
201100046425,0,07,000,00,2,7,01,B01
201100046426,0,07,000,00,2,8,01,B01
201100046426,0,07,000,00,2,2,01,A01
201100046427,0,37,016,00,2,8,01,A01
201100046427,0,07,000,00,2,2,01,B01
201100046428,0,07,000,00,2,8,22,A01
201100046428,0,32,000,00,2,1,01,B01
201100046429,0,07,000,00,2,1,06,A01
201100046429,0,07,000,00,2,6,01,B01
201100046430,0,30,000,00,9,1,01,A01
201100046430,0,37,002,00,9,7,01,B01
201100046431,0,32,000,00,2,7,18,A01
201100046431,0,07,000,00,2,1,09,B01
201100046431,0,07,000,00,2,7,01,C01
201100046431,0,07,000,00,2,5,01,D01
201100046432,0,34,000,01,0,1,21,A01
201100046433,0,01,000,00,2,1,01,B01
201100046433,0,14,000,00,2,7,22,A01
201100046434,0,30,000,00,2,3,18,A01
201100046434,0,37,001,00,2,5,12,B01
201100046435,0,32,000,00,1,1,00,A01
201100046436,0,07,000,00,1,2,01,A01
201100046437,0,30,000,00,2,1,17,B01
201100046437,0,07,000,00,2,3,15,A01
201100046438,0,07,000,00,1,7,01,A01
201100046439,0,07,000,00,1,1,01,A01
201100046440,0,01,000,00,2,1,01,B01
201100046440,0,07,000,00,2,8,22,A01
201100046441,0,10,000,00,1,4,04,A01
201100046442,0,07,000,00,2,8,23,B01
201100046442,1,07,000,00,2,2,02,Z01
201100046443,0,07,000,00,1,1,01,A01
201100046444,0,07,000,00,1,1,01,A01
201100046445,0,33,000,00,1,2,01,A01
201100046446,0,32,000,00,2,1,01,B01
201100046446,0,07,000,00,2,2,01,A01
201100046447,0,30,000,00,1,7,01,A01
201100046448,0,30,000,00,2,7,17,A01
201100046448,0,30,000,00,2,8,24,B01
201100046449,0,10,000,00,2,1,02,A01
201100046449,0,07,000,00,2,4,01,B01
201100046450,1,01,000,00,1,1,01,A01
201100046451,0,07,000,00,2,2,15,A01
201100046451,0,33,000,00,2,3,01,B01
201100046452,0,01,000,00,1,7,19,A01
201100046453,0,07,000,00,1,1,01,A01
201100046454,0,02,000,00,1,1,03,A01
201100046455,0,07,000,01,0,8,01,A01
201100046456,0,07,000,00,2,1,01,A01
201100046456,0,31,000,00,2,3,01,B01
201100046457,0,10,000,00,1,1,01,A01
201100046458,0,07,000,00,1,1,01,A01
201100046459,0,07,000,00,2,8,01,B01
201100046459,0,07,000,00,2,1,01,A01
201100046460,0,30,000,00,1,1,01,A01
201100046461,0,07,000,00,2,3,01,A01
201100046461,0,07,000,00,2,2,01,B01
201100046462,0,34,000,00,1,2,01,A01
201100046463,0,07,000,00,2,1,01,A01
201100046463,0,01,000,00,2,8,01,B01
201100046464,0,07,000,00,9,8,22,A01
201100046464,0,01,000,00,9,1,01,B01
201100046465,0,07,000,00,2,7,14,A01
201100046465,0,33,000,00,2,1,18,B01
201100046466,0,07,000,01,1,1,21,A01
201100046467,0,30,000,00,2,1,01,B01
201100046467,0,07,000,00,9,8,01,A01
201100046468,0,07,000,00,1,7,01,A01
201100046469,0,07,000,01,1,4,04,A01
201100046470,0,07,000,00,1,1,01,A01
201100046471,0,37,001,01,1,7,01,A01
201100046472,0,07,000,00,2,2,01,A01
201100046472,0,30,000,00,2,1,01,B01
201100046473,0,33,000,00,2,1,17,B01
201100046473,0,07,000,00,2,1,15,A01
201100046474,0,33,000,00,1,1,01,A01
201100046475,0,07,000,00,1,8,01,A01
201100046476,0,07,000,00,2,2,01,A01
201100046476,0,37,001,00,2,6,01,B01
201100046477,0,07,000,00,2,4,23,B01
201100046477,0,31,000,00,2,7,21,A01
201100046478,0,07,000,00,2,8,22,A01
201100046478,0,01,000,00,2,1,01,B01
201100046479,0,10,000,00,1,4,20,A01
201100046480,0,32,000,00,2,1,01,A01
201100046480,0,07,000,00,2,3,01,B01
201100046481,0,33,000,00,2,7,15,A01
201100046481,0,07,000,00,2,3,16,B01
201100046482,0,07,000,00,2,2,01,A01
201100046482,0,30,000,00,2,7,01,B01
201100046483,0,31,000,00,2,1,02,A01
201100046483,0,07,000,00,2,4,01,B01
201100046484,0,07,000,01,2,4,21,B01
201100046484,0,07,000,00,2,4,02,C01
201100046484,0,07,000,00,2,1,19,A01
201100046485,0,07,000,08,2,2,01,A01
201100046485,0,33,000,00,2,3,01,B01
201100046486,0,30,000,01,0,1,01,A01
201100046487,0,34,000,00,2,7,17,A01
201100046487,0,07,000,00,2,8,15,B01
201100046488,0,30,000,00,1,1,01,A01
201100046489,0,07,000,01,0,2,01,A01
201100046490,0,03,000,00,2,2,01,A01
201100046490,0,30,000,00,2,1,01,B01
201100046491,0,07,000,00,1,1,01,A01
201100046492,0,07,000,00,2,1,02,A01
201100046492,0,33,000,00,2,4,01,B01
201100046493,0,07,000,00,2,8,22,A01
201100046493,0,34,000,01,0,1,01,B01
201100046494,0,07,000,00,2,3,22,A01
201100046494,0,01,000,01,0,1,01,B01
201100046495,0,07,000,00,1,3,15,A01
201100046496,0,07,000,00,1,2,01,A01
201100046497,0,32,000,00,2,3,01,A01
201100046497,0,32,000,00,2,2,01,B01
201100046498,0,31,000,00,2,7,17,A01
201100046498,0,30,000,00,2,3,01,B01
201100046499,0,07,000,00,1,1,01,A01
201100046500,0,07,000,00,2,2,01,A01
201100046500,0,02,000,00,2,1,01,B01
201100046501,0,07,000,00,2,1,01,A01
201100046501,0,31,000,00,2,7,01,B01
201100046502,0,07,000,00,1,0,11,A01
201100046503,0,01,000,00,1,1,01,A01
201100046504,0,07,000,00,2,7,09,A01
201100046504,0,34,000,00,2,1,01,B01
201100046505,0,10,000,00,1,4,04,A01
201100046506,0,02,000,00,2,1,02,A01
201100046506,0,07,000,00,2,4,01,B01
201100046507,0,34,000,00,2,2,01,A01
201100046507,0,07,000,00,2,3,01,B01
201100046508,0,07,000,00,2,1,00,A01
201100046508,0,30,000,00,2,8,00,B01
201100046509,0,07,000,00,1,4,04,A01
201100046510,0,07,000,00,1,3,22,A01
201100046511,0,02,000,08,2,1,18,B01
201100046511,0,07,000,00,2,7,01,A01
201100046512,0,07,000,00,1,7,16,A01
201100046513,0,07,000,00,2,1,09,A01
201100046513,0,34,000,00,0,4,21,B01
201100046514,0,31,000,00,2,0,02,A01
201100046514,0,07,000,00,2,2,12,B01
201100046515,0,33,000,00,2,1,01,B01
201100046515,0,07,000,00,2,3,15,A01
201100046516,0,32,000,00,0,8,01,A01
201100046517,0,32,000,00,2,9,17,B01
201100046517,0,07,000,00,0,0,15,A01
201100046518,0,07,000,00,1,1,01,A01
201100046519,2,07,000,00,2,8,11,Z01
201100046519,0,33,000,00,2,7,17,B01
201100046520,0,07,000,00,2,1,13,A01
201100046520,0,30,000,00,2,1,01,B01
201100046521,0,33,000,00,2,7,01,B01
201100046521,0,07,000,00,2,1,09,A01
201100046522,0,07,000,09,0,1,01,A01
201100046523,0,03,000,02,0,4,04,A01
201100046524,0,30,000,00,2,1,02,B01
201100046524,0,07,000,00,2,6,01,A01
201100046525,0,32,000,00,2,7,00,A01
201100046525,0,07,000,00,2,0,15,B01
201100046526,0,33,000,00,2,7,17,B01
201100046526,0,14,000,00,2,8,17,A01
201100046527,0,07,000,00,1,1,01,A01
201100046528,0,07,000,00,1,1,15,A01
201100046529,0,07,000,00,2,1,02,A01
201100046529,0,07,000,00,2,4,01,B01
201100046530,0,07,000,14,0,1,01,A01
201100046531,0,07,000,00,1,5,16,A01
201100046532,0,07,000,00,2,3,09,A01
201100046532,0,32,000,00,2,1,17,B01
201100046533,0,02,000,00,1,1,15,A01
201100046534,0,07,000,00,1,1,01,A01
201100046535,0,07,000,11,0,1,01,A01
201100046536,0,07,000,00,1,1,01,A01
201100046537,0,32,000,00,2,1,17,B01
201100046537,0,07,000,00,2,3,09,A01
201100046538,0,30,000,01,0,1,01,A01
201100046539,1,07,000,00,1,1,01,Z01
201100046540,0,07,000,00,2,1,01,A01
201100046540,0,07,000,00,2,1,01,B01
201100046541,0,07,000,00,2,1,01,A01
201100046541,0,07,000,00,2,1,01,B01
201100046542,0,07,000,00,2,0,00,A01
201100046542,0,07,000,00,2,1,01,B01
201100046543,0,33,000,00,2,7,17,A01
201100046543,0,07,000,00,2,4,15,B01
201100046544,0,07,000,00,1,7,01,A01
201100046545,0,01,000,00,2,1,01,A01
201100046545,0,07,000,00,2,4,15,B01
201100046546,0,07,000,00,1,4,04,A01
201100046547,0,07,000,02,0,7,01,A01
201100046548,0,30,000,00,0,8,01,A01
201100046549,0,07,000,00,1,1,01,A01
201100046550,0,01,000,00,2,8,05,A01
201100046550,0,07,000,00,2,8,09,B01
201100046551,0,07,000,01,0,8,01,A01
201100046552,0,07,000,02,0,1,01,A01
201100046553,0,30,000,00,0,7,01,A01
201100046554,0,07,000,00,1,1,01,A01
201100046555,0,07,000,03,0,2,01,A01
201100046556,0,07,000,00,2,3,09,A01
201100046556,0,32,000,00,2,1,01,B01
201100046557,0,07,000,00,2,3,13,A01
201100046557,0,32,000,00,2,1,01,B01
201100046558,0,32,000,00,2,1,02,A01
201100046558,0,07,000,00,2,4,01,B01
201100046559,0,33,000,00,2,1,17,A01
201100046559,0,07,000,00,2,6,15,B01
201100046560,0,01,000,00,0,7,01,A01
201100046561,0,07,000,00,1,1,01,A01
201100046562,0,33,000,00,2,1,01,B01
201100046562,0,07,000,00,2,5,16,A01
201100046563,0,30,000,00,0,8,01,A01
201100046564,0,10,000,00,2,3,15,B01
201100046564,0,02,000,00,2,1,17,A01
201100046565,0,07,000,00,1,1,01,A01
201100046566,0,07,000,00,1,1,01,A01
201100046567,0,07,000,00,2,8,15,A01
201100046567,0,31,000,00,2,1,17,B01
201100046568,0,31,000,00,1,1,01,A01
201100046569,0,33,000,00,1,1,01,A01
201100046570,0,07,000,00,2,5,15,B01
201100046570,0,31,000,00,2,1,01,A01
201100046571,0,31,000,00,1,1,01,A01
201100046572,0,07,000,00,1,2,01,A01
201100046573,0,33,000,00,2,3,01,A01
201100046573,0,07,000,00,2,3,15,B01
201100046574,0,07,000,00,2,8,09,B01
201100046574,0,31,000,00,2,1,01,A01
201100046575,0,07,000,00,2,7,09,A01
201100046575,0,07,000,00,2,1,01,B01
201100046576,0,31,000,00,0,7,18,B01
201100046576,1,10,000,00,0,0,01,Z01
201100046577,0,07,000,00,2,1,01,B01
201100046577,0,07,000,00,2,3,01,A01
201100046578,0,37,001,00,1,2,01,A01
201100046579,0,31,000,00,1,2,01,A01
201100046580,0,10,000,00,2,2,14,A01
201100046580,0,30,000,00,2,1,18,B01
201100046581,0,07,000,01,0,2,01,A01
201100046582,0,07,000,00,2,1,02,A01
201100046582,0,33,000,00,2,4,01,B01
201100046583,0,07,000,00,1,1,07,A01
201100046584,0,02,000,00,2,1,01,A01
201100046584,0,07,000,00,2,6,10,B01
201100046585,0,31,000,00,2,1,01,A01
201100046585,0,07,000,00,2,8,19,B01
201100046586,0,07,000,00,1,2,01,A01
201100046587,0,02,000,00,2,1,01,A01
201100046587,0,07,000,00,2,3,01,B01
201100046588,0,31,000,00,2,4,01,A01
201100046588,0,07,000,00,2,1,02,B01
201100046589,0,07,000,00,2,8,23,A01
201100046589,0,30,000,00,2,9,10,B01
201100046589,0,33,000,00,2,1,01,C01
201100046590,0,37,001,00,1,1,01,A01
201100046591,0,31,000,00,1,5,17,A01
201100046592,0,07,000,00,2,3,15,B01
201100046592,0,30,000,00,2,1,17,A01
201100046593,0,07,000,00,2,3,20,B01
201100046593,0,31,000,00,2,1,18,A01
201100046594,0,07,000,00,2,4,01,B01
201100046594,0,10,000,00,2,1,02,A01
201100046595,0,10,000,00,2,1,02,A01
201100046595,0,34,000,00,2,4,23,B01
201100046596,0,30,000,00,2,2,17,A01
201100046596,0,07,000,00,2,3,15,B01
201100046597,0,31,000,01,2,2,01,A01
201100046597,0,07,000,00,2,6,11,B01
201100046598,0,07,000,00,2,8,10,A01
201100046598,0,33,000,14,2,1,01,B01
201100046599,0,10,000,00,2,3,02,A01
201100046599,0,07,000,00,2,4,02,B01
201100046599,0,07,000,00,2,4,01,C01
201100046600,0,07,000,00,2,2,01,A01
201100046600,0,10,000,00,2,3,01,B01
201100046601,0,33,000,00,2,2,01,B01
201100046601,0,07,000,00,2,3,09,A01
201100046602,0,01,000,00,1,1,01,B01
201100046603,0,10,000,00,2,8,01,A01
201100046603,0,07,000,00,2,1,01,B01
201100046604,0,07,000,00,1,2,01,A01
201100046605,0,33,000,00,1,1,01,A01
201100046606,0,33,000,00,2,1,02,B01
201100046606,0,07,000,00,2,5,15,A01
201100046606,0,07,000,00,2,4,01,C01
201100046607,0,30,000,00,2,1,01,A01
201100046607,0,07,000,00,2,3,16,B01
201100046608,0,10,000,00,2,2,01,A01
201100046608,0,07,000,00,2,4,15,B01