Num_Acc,senc,catv,occutc,obs,obsm,choc,manv,num_veh
201100046609,0,07,000,00,2,3,15,A01
201100046609,0,31,000,00,2,1,01,B01
201100046610,0,07,000,02,0,1,01,A01
201100046611,0,33,000,00,2,1,01,A01
201100046611,0,07,000,00,2,7,15,B01
201100046612,0,32,000,00,2,2,17,A01
201100046612,0,07,000,00,2,3,17,B01
201100046613,0,30,000,00,1,1,01,A01
201100046614,0,07,000,00,1,7,01,A01
201100046615,0,07,000,00,2,3,01,B01
201100046615,0,07,000,00,2,2,05,A01
201100046616,0,30,000,00,2,8,01,B01
201100046616,0,07,000,00,2,1,15,A01
201100046617,0,32,000,00,2,2,17,A01
201100046617,0,07,000,00,2,3,15,B01
201100046618,0,32,000,00,2,1,01,B01
201100046618,0,07,000,00,2,7,15,A01
201100046619,0,07,000,00,2,2,16,A01
201100046619,0,01,000,00,2,1,19,B01
201100046620,0,07,000,00,2,1,17,A01
201100046620,0,10,000,00,2,4,01,B01
201100046621,0,31,000,00,2,1,01,B01
201100046621,0,07,000,00,2,7,10,A01
201100046622,0,32,000,16,0,1,01,A01
201100046623,0,32,000,00,2,2,17,A01
201100046623,0,07,000,00,2,3,15,B01
201100046624,0,07,000,00,1,3,01,A01
201100046625,0,01,000,00,2,1,17,B01
201100046625,0,07,000,00,2,8,10,A01
201100046626,0,30,000,00,2,5,01,B01
201100046626,0,07,000,00,2,3,02,A01
201100046627,0,07,000,00,2,2,15,B01
201100046627,0,32,000,00,2,3,01,A01
201100046628,0,07,000,00,2,2,17,A01
201100046628,0,01,000,00,2,1,01,B01
201100046629,0,07,000,00,2,2,02,A01
201100046629,0,02,000,00,2,2,02,B01
201100046630,0,07,000,00,1,2,01,A01
201100046631,0,33,000,00,1,1,21,A01
201100046632,0,07,000,04,0,1,15,A01
201100046633,0,07,000,00,2,1,02,A01
201100046633,0,14,000,00,2,4,01,B01
201100046634,0,07,000,00,2,3,13,A01
201100046634,0,07,000,00,2,2,01,B01
201100046635,0,07,000,06,0,1,01,A01
201100046636,0,07,000,00,2,1,02,A01
201100046636,0,07,000,00,2,4,01,B01
201100046637,0,07,000,00,2,3,01,B01
201100046637,0,07,000,00,2,8,01,A01
201100046638,0,07,000,00,2,6,04,A01
201100046638,0,33,000,00,2,7,01,B01
201100046639,0,07,000,01,0,2,14,A01
201100046640,0,07,000,00,2,5,10,A01
201100046640,0,07,000,00,2,2,01,B01
201100046641,0,34,000,00,2,1,17,A01
201100046641,0,07,000,00,2,8,15,B01
201100046642,0,07,000,00,1,2,18,A01
201100046643,0,34,000,00,2,1,17,A01
201100046643,0,07,000,00,2,8,15,B01
201100046644,0,07,000,00,1,4,04,A01
201100046645,0,07,000,00,2,8,15,B01
201100046645,0,07,000,00,2,3,01,A01
201100046646,0,07,000,00,1,1,01,A01
201100046647,0,02,000,00,2,1,01,A01
201100046647,1,07,000,00,2,0,15,Z01
201100046648,0,30,000,00,2,1,01,A01
201100046648,0,30,000,00,2,1,01,B01
201100046649,0,07,000,00,2,1,09,B01
201100046649,0,33,000,00,2,1,09,A01
201100046650,0,33,000,00,2,1,01,A01
201100046650,0,07,000,00,2,1,01,B01
201100046651,0,07,000,00,1,2,01,A01
201100046652,0,07,000,00,2,1,01,B01
201100046652,0,07,000,00,2,1,15,A01
201100046653,0,07,000,00,2,8,13,A01
201100046653,0,33,000,00,2,7,17,B01
201100046654,0,07,000,00,2,7,15,A01
201100046654,0,30,000,00,2,1,01,B01
201100046655,0,07,000,00,2,8,23,A01
201100046655,0,01,000,00,2,1,17,B01
201100046656,0,07,000,00,2,8,15,A01
201100046656,0,33,000,00,2,1,03,B01
201100046657,0,07,000,00,2,1,02,A01
201100046657,0,31,000,00,2,4,01,B01
201100046658,0,33,000,00,2,1,07,A01
201100046658,0,10,000,00,2,3,09,B01
201100046659,0,10,000,01,2,1,02,A01
201100046659,0,07,000,00,2,4,23,B01
201100046659,0,07,000,00,2,4,23,C01
201100046660,0,07,000,02,0,8,14,A01
201100046661,0,02,000,00,2,1,01,A01
201100046661,0,07,000,00,2,3,01,B01
201100046662,0,30,000,00,2,1,01,A01
201100046662,0,07,000,00,2,7,19,B01
201100046663,0,32,000,00,2,1,02,A01
201100046663,0,31,000,00,2,4,01,B01
201100046664,0,07,000,00,2,3,01,A01
201100046664,0,07,000,00,2,4,15,B01
201100046665,0,07,000,00,2,2,15,A01
201100046665,0,02,000,00,2,1,01,B01
201100046666,0,07,000,00,1,2,16,A01
201100046667,0,02,000,00,0,7,01,A01
201100046667,1,07,000,00,0,0,17,Z01
201100046668,0,07,000,00,2,2,20,A01
201100046668,0,32,000,00,2,1,07,B01
201100046669,0,07,000,00,2,2,15,A01
201100046669,0,33,000,00,2,1,01,B01
201100046670,0,07,000,00,2,1,02,A01
201100046670,0,07,000,00,2,4,01,B01
201100046671,0,10,000,00,2,5,01,B01
201100046671,0,07,000,13,2,1,01,A01
201100046672,0,32,000,11,0,7,01,A01
201100046673,0,07,000,00,2,7,14,A01
201100046673,0,32,000,00,2,3,18,B01
201100046674,0,07,000,00,2,1,19,A01
201100046674,0,33,000,00,2,7,01,B01
201100046675,0,07,000,00,2,2,09,A01
201100046675,0,33,000,00,2,1,01,B01
201100046676,0,02,000,00,2,2,15,A01
201100046676,0,07,000,00,2,8,13,B01
201100046677,1,02,000,00,1,1,07,Z01
201100046678,0,07,000,00,2,3,15,A01
201100046678,0,10,000,00,2,2,01,B01
201100046679,0,07,000,00,1,2,01,A01
201100046680,0,07,000,00,2,2,09,A01
201100046680,0,07,000,00,2,1,01,B01
201100046681,0,33,000,00,1,1,01,A01
201100046682,0,01,000,00,0,1,01,A01
201100046683,0,07,000,00,2,1,02,A01
201100046683,0,07,000,01,2,5,01,B01
201100046684,0,34,000,00,2,1,01,C01
201100046684,0,07,000,00,2,8,09,A01
201100046685,0,30,000,00,2,7,17,A01
201100046685,0,07,000,00,2,8,01,B01
201100046686,0,37,033,00,1,2,14,A01
201100046687,0,34,000,00,2,1,01,B01
201100046687,0,07,000,00,2,2,15,A01
201100046688,0,34,000,00,2,1,02,A01
201100046688,0,07,000,00,2,3,15,B01
201100046688,0,07,000,00,2,3,02,C01
201100046689,0,07,000,00,1,1,01,A01
201100046690,0,07,000,00,1,0,00,A01
201100046691,0,07,000,00,1,1,16,A01
201100046692,0,07,000,04,0,1,01,A01
201100046693,0,30,000,00,2,3,01,A01
201100046693,0,07,000,00,2,2,15,B01
201100046694,0,07,000,00,1,3,01,A01
201100046695,0,07,000,00,1,1,15,A01
201100046696,0,32,000,00,2,1,01,B01
201100046696,0,07,000,00,2,2,15,A01
201100046697,1,07,000,00,1,0,01,Z01
201100046698,0,02,000,00,2,1,01,B01
201100046698,0,07,000,00,2,2,15,A01
201100046699,0,33,000,00,2,1,02,A01
201100046699,0,07,000,00,2,4,01,B01
201100046700,0,07,000,00,2,8,01,B01
201100046700,0,07,000,00,2,1,01,A01
201100046701,0,14,000,00,2,5,17,A01
201100046701,0,32,000,00,2,1,03,B01
201100046702,0,31,000,00,2,1,01,A01
201100046702,0,07,000,00,2,8,15,B01
201100046703,1,07,000,00,2,0,01,Z01
201100046703,0,30,000,00,2,7,01,B01
201100046704,0,07,000,00,1,2,01,A01
201100046705,0,07,000,00,1,1,01,A01
201100046705,0,07,000,00,1,1,01,B01
201100046706,0,37,001,00,1,5,01,A01
201100046707,0,02,000,00,2,7,01,B01
201100046707,0,07,000,00,2,3,01,A01
201100046708,0,30,000,08,0,8,01,A01
201100046709,0,07,000,00,2,7,10,B01
201100046709,0,32,000,00,2,1,01,A01
201100046710,0,33,000,00,0,8,01,A01
201100046711,0,07,000,06,0,1,16,B01
201100046711,0,07,000,00,0,0,15,A01
201100046712,0,33,000,00,2,1,01,B01
201100046712,0,07,000,00,2,6,10,A01
201100046713,0,07,000,00,1,8,01,A01
201100046714,0,07,000,00,1,2,15,A01
201100046715,0,31,000,00,2,6,21,B01
201100046715,0,07,000,00,2,5,04,A01
201100046716,0,38,001,00,1,1,16,A01
201100046716,0,10,000,00,1,1,16,B01
201100046717,0,30,000,00,2,2,01,A01
201100046717,0,07,000,00,2,6,09,B01
201100046718,0,30,000,00,2,1,02,A01
201100046718,0,07,000,00,2,4,23,B01
201100046719,0,33,000,00,0,7,01,A01
201100046720,1,32,000,00,1,1,01,Z01
201100046721,0,07,000,00,1,4,04,A01
201100046722,0,14,000,00,2,1,02,A01
201100046722,0,07,000,00,2,4,01,B01
201100046723,0,07,000,00,2,2,15,C01
201100046723,0,07,000,00,2,4,01,B01
201100046723,0,07,000,00,2,1,02,A01
201100046724,0,07,000,00,2,2,01,B01
201100046724,0,07,000,00,2,8,11,A01
201100046725,0,30,000,00,2,2,17,B01
201100046725,0,07,000,00,2,3,01,A01
201100046726,0,07,000,00,2,1,02,A01
201100046726,0,07,000,00,2,4,23,B01
201100046727,0,31,000,00,2,1,17,B01
201100046727,0,07,000,00,2,1,01,A01
201100046728,1,30,000,00,1,1,01,Z01
201100046729,0,07,000,00,2,1,18,A01
201100046729,0,07,000,00,2,6,15,B01
201100046730,0,33,000,00,2,8,01,B01
201100046730,0,07,000,00,2,2,01,A01
201100046731,0,07,000,00,2,3,01,B01
201100046731,0,07,000,00,2,2,01,A01
201100046732,0,07,000,00,2,1,02,A01
201100046732,0,30,000,00,2,4,15,B01
201100046733,0,14,000,00,2,2,01,B01
201100046733,0,07,000,00,2,3,01,A01
201100046734,0,31,000,00,1,1,01,Z01
201100046735,0,33,000,00,2,1,01,B01
201100046735,0,07,000,00,2,2,10,A01
201100046736,0,36,000,02,0,2,01,A01
201100046737,0,07,000,00,1,1,01,A01
201100046738,0,33,000,08,0,1,01,A01
201100046739,0,07,000,00,1,1,01,Z01
201100046740,0,30,000,00,2,1,01,A01
201100046740,0,07,000,00,2,7,16,B01
201100046741,0,30,000,14,0,2,01,A01
201100046742,0,32,000,00,2,8,21,B01
201100046742,0,07,000,00,2,2,23,A01
201100046743,0,07,000,08,0,1,01,A01
201100046744,0,07,000,00,1,1,16,A01
201100046744,0,01,000,00,2,2,19,B01
201100046745,0,07,000,00,2,3,01,A01
201100046745,0,01,000,00,2,1,01,B01
201100046746,0,30,000,00,0,1,01,A01
201100046747,0,07,000,12,0,3,16,A01
201100046748,0,07,000,00,2,1,01,B01
201100046748,0,07,000,00,2,3,10,A01
201100046749,0,07,000,00,1,1,15,A01
201100046750,0,07,000,00,0,0,01,C01
201100046750,0,07,000,00,2,6,01,B01
201100046750,0,37,001,00,2,3,02,A01
201100046751,0,07,000,00,2,3,01,A01
201100046751,0,07,000,00,2,3,01,B01
201100046752,0,07,000,00,2,1,09,A01
201100046752,0,30,000,00,2,7,01,B01
201100046753,0,07,000,00,1,1,15,A01
201100046754,0,37,001,00,2,2,15,A01
201100046754,0,30,000,00,2,1,15,B01
201100046755,0,07,000,00,2,7,01,B01
201100046755,0,33,000,00,2,1,01,A01
201100046756,0,34,000,00,2,1,01,A01
201100046756,0,07,000,00,2,7,15,B01
201100046757,0,33,000,16,0,8,01,A01
201100046758,0,07,000,00,2,2,16,A01
201100046758,0,31,000,00,2,3,18,B01
201100046759,0,07,000,00,2,3,01,B01
201100046759,0,30,000,00,2,1,01,A01
201100046760,1,07,000,00,2,0,00,Z01
201100046760,0,33,000,00,2,0,01,A01
201100046760,0,07,000,00,2,3,01,C01
201100046760,0,07,000,00,2,4,01,E01
201100046760,0,07,000,00,2,7,01,B01
201100046761,0,30,000,00,2,1,02,A01
201100046761,0,37,001,00,2,5,01,B01
201100046762,0,07,000,00,2,1,01,A01
201100046762,0,07,000,00,2,6,16,B01
201100046763,0,07,000,00,2,5,01,B01
201100046763,0,30,000,00,2,1,01,A01
201100046764,0,30,000,00,2,1,01,A01
201100046764,0,07,000,00,2,6,01,B01
201100046765,0,07,000,00,2,2,14,A01
201100046765,0,34,000,00,2,8,01,B01
201100046766,1,30,000,00,1,1,01,Z01
201100046767,0,07,000,00,2,3,15,A01
201100046767,0,32,000,00,2,1,17,B01
201100046768,0,32,000,00,2,2,01,A01
201100046768,0,07,000,00,2,8,15,B01
201100046769,0,07,000,00,1,2,01,A01
201100046770,0,10,000,00,2,2,01,A01
201100046770,0,32,000,00,2,6,09,B01
201100046771,0,07,000,00,2,6,11,A01
201100046771,0,02,000,00,2,2,17,B01
201100046772,0,30,000,00,0,8,01,A01
201100046773,0,07,000,00,2,1,01,B01
201100046773,0,07,000,00,2,8,01,A01
201100046774,0,07,000,00,0,0,09,A01
201100046774,0,33,000,08,0,2,01,B01
201100046775,0,33,000,11,1,1,01,A01
201100046776,0,07,000,00,2,4,02,B01
201100046776,0,07,000,00,2,4,01,C01
201100046776,0,07,000,00,2,1,02,A01
201100046777,0,07,000,00,2,1,02,A01
201100046777,0,10,000,00,2,4,01,B01
201100046778,0,15,000,00,0,0,17,A01
201100046778,0,30,000,00,0,8,17,B01
201100046779,0,07,000,00,1,2,01,A01
201100046780,0,10,000,00,2,1,02,A01
201100046780,0,32,000,00,2,4,01,B01
201100046781,0,31,000,00,1,1,01,A01
201100046782,0,32,000,00,2,1,01,B01
201100046782,0,07,000,00,2,2,01,A01
201100046783,0,30,000,00,2,8,01,A01
201100046783,0,32,000,00,2,1,01,B01
201100046784,0,02,000,00,2,3,18,A01
201100046784,0,07,000,00,2,5,01,B01
201100046785,0,07,000,12,0,1,01,A01
201100046786,0,07,000,00,2,4,01,A01
201100046786,0,31,000,00,2,1,02,B01
201100046787,0,32,000,00,2,1,14,A01
201100046787,0,07,000,00,2,7,01,B01
201100046788,0,30,000,00,0,8,15,A01
201100046789,0,07,000,00,2,3,16,A01
201100046789,0,07,000,00,2,2,01,B01
201100046790,0,07,000,00,2,1,02,A01
201100046790,0,07,000,00,2,4,02,B01
201100046790,0,07,000,00,2,4,01,C01
201100046791,0,30,000,00,2,1,02,A01
201100046791,0,07,000,00,2,4,01,B01
201100046792,0,10,000,00,1,1,15,A01
201100046793,0,07,000,00,2,7,15,A01
201100046793,0,32,000,00,2,1,01,B01
201100046794,0,37,001,00,1,3,01,A01
201100046795,0,07,000,01,0,8,01,A01
201100046796,0,07,000,00,2,1,02,A01
201100046796,0,07,000,00,2,4,01,B01
201100046797,0,33,000,00,2,9,03,A01
201100046797,0,07,000,00,2,7,01,B01
201100046797,0,07,000,00,2,6,01,C01
201100046798,0,37,001,00,1,7,01,A01
201100046799,0,37,007,00,2,1,01,A01
201100046799,0,07,000,00,2,7,01,B01
201100046800,0,07,000,01,1,3,16,A01
201100046801,0,02,000,00,2,7,17,A01
201100046801,0,07,000,00,2,3,15,B01
201100046802,0,33,000,00,0,8,01,A01
201100046803,0,33,000,00,1,2,01,A01
201100046804,0,07,000,00,2,3,15,A01
201100046804,0,07,000,00,2,2,17,B01
201100046805,0,07,000,00,1,5,01,A01
201100046806,0,10,000,00,2,7,16,B01
201100046806,0,02,000,00,2,1,01,A01
201100046807,0,30,000,00,0,1,00,A01
201100046808,0,15,000,00,1,3,20,A01
201100046809,0,02,000,00,1,1,01,A01
201100046810,0,07,000,00,2,1,13,A01
201100046810,0,33,000,14,2,8,01,B01
201100046811,0,07,000,00,1,3,15,A01
201100046812,0,07,000,00,1,3,01,A01
201100046813,0,07,000,00,9,0,17,A01
201100046813,0,01,000,00,2,3,01,B02
201100046814,0,30,000,00,0,0,00,A01
201100046814,0,07,000,00,0,0,15,B01
201100046815,0,07,000,00,1,1,15,A01
201100046816,0,07,000,00,2,4,02,C01
201100046816,0,10,000,00,2,1,02,A01
201100046816,0,07,000,00,2,4,02,B01
201100046817,0,07,000,00,1,1,16,A01
201100046818,0,07,000,00,1,2,01,A01
201100046819,0,33,000,00,2,1,01,B01
201100046819,0,07,000,00,2,3,01,A01
201100046820,0,07,000,00,1,1,01,A01
201100046821,0,07,000,00,2,1,01,A01
201100046821,0,02,000,00,2,3,01,B01
201100046822,0,31,000,00,2,1,01,B01
201100046822,0,07,000,00,2,2,01,A01
201100046823,0,37,001,01,2,7,16,A01
201100046823,0,37,001,00,2,6,24,B01
201100046824,0,07,000,00,1,1,16,A01
201100046825,0,07,000,00,2,2,16,A01
201100046825,0,01,000,00,2,8,01,B01
201100046826,0,01,000,00,2,1,01,B01
201100046826,0,07,000,00,2,8,22,A01
201100046827,0,32,000,01,2,1,17,B01
201100046827,0,07,000,00,2,3,15,A01
201100046828,0,34,000,00,2,9,01,B01
201100046828,0,07,000,00,2,5,12,A01
201100046829,0,30,000,00,2,2,01,B01
201100046829,0,07,000,00,2,3,11,A01
201100046830,0,07,000,08,0,1,00,A01
201100046831,0,07,000,00,1,1,00,A01
201100046832,0,07,000,00,2,1,15,A01
201100046832,0,33,000,00,2,1,01,B01
201100046833,0,33,000,00,2,4,01,A01
201100046833,0,07,000,00,2,3,01,B01
201100046833,0,07,000,00,2,3,01,C01
201100046834,0,10,000,00,2,4,01,B01
201100046834,0,07,000,00,2,1,02,A01
201100046835,0,07,000,00,0,3,15,A01
201100046835,0,30,000,00,2,1,01,B01
201100046836,0,01,000,00,1,1,01,A01
201100046837,0,07,000,00,2,7,01,A01
201100046837,0,30,000,00,2,8,18,B01
201100046838,0,01,000,00,2,4,19,A01
201100046838,0,37,001,00,2,2,16,B01
201100046839,0,02,000,00,2,4,01,B01
201100046839,0,07,000,00,2,1,02,A01
201100046840,0,07,000,00,2,3,01,B01
201100046840,0,07,000,02,2,9,17,A01
201100046841,0,32,000,00,2,4,01,B01
201100046841,0,34,000,00,2,1,02,A01
201100046842,0,10,000,00,1,4,01,A01
201100046843,0,30,000,00,2,7,01,A01
201100046843,0,07,000,00,2,8,15,B01
201100046844,0,07,000,00,2,1,02,A01
201100046844,0,07,000,00,2,4,01,B01
201100046845,0,07,000,00,2,1,02,A01
201100046845,0,02,000,00,2,4,01,B01
201100046846,0,07,000,00,2,3,01,A01
201100046846,0,07,000,00,2,6,01,B01
201100046847,0,07,000,00,2,4,23,B01
201100046847,1,07,000,00,2,1,02,A01
201100046848,0,07,000,00,2,3,01,B01
201100046848,0,31,000,00,2,9,09,A01
201100046849,0,07,000,00,2,1,02,A01
201100046849,0,33,000,00,2,4,01,B01
201100046850,0,30,000,00,0,1,01,A01
201100046851,0,32,000,00,2,1,02,A01
201100046851,1,99,000,00,2,4,01,Z01
201100046852,0,30,000,00,2,1,02,A01
201100046852,0,07,000,00,2,4,01,B01
201100046853,0,30,000,00,2,2,01,A01
201100046853,0,01,000,00,2,1,18,B01
201100046854,0,07,000,00,1,2,01,A01
201100046855,0,34,000,00,2,9,02,B01
201100046855,0,10,000,00,2,4,15,A01
201100046856,0,10,000,00,1,1,01,A01
201100046857,0,07,000,10,0,1,01,A01
201100046858,0,07,000,00,1,1,01,A01
201100046859,0,07,000,00,2,2,16,A01
201100046859,0,01,000,00,2,1,01,B01
201100046860,0,07,000,00,1,1,01,A01
201100046861,0,07,000,00,2,2,01,A01
201100046861,0,02,000,00,2,1,01,B01
201100046862,0,07,000,00,2,7,01,B01
201100046862,0,30,000,00,2,1,18,A01
201100046863,0,30,000,00,2,1,01,A01
201100046863,0,07,000,00,2,2,22,B01
201100046864,0,30,000,00,2,8,01,B01
201100046864,0,07,000,00,2,7,12,A01
201100046865,0,07,000,00,2,8,01,B01
201100046865,0,30,000,00,2,1,17,A01
201100046866,0,07,000,00,2,2,01,A01
201100046866,0,30,000,00,2,1,16,B01
201100046867,0,30,000,00,2,1,02,A01
201100046867,0,07,000,00,2,4,01,B01
201100046868,0,10,000,00,1,1,00,A01
201100046869,0,07,000,01,0,1,00,A01
201100046870,0,30,000,01,0,0,00,A01
201100046871,0,07,000,00,2,1,01,B01
201100046871,0,07,000,00,0,0,01,C01
201100046871,0,33,000,00,2,1,17,A01
201100046872,0,33,000,00,1,6,00,A01
201100046873,0,30,000,00,2,1,00,A01
201100046873,0,07,000,00,2,3,00,B01
201100046874,0,30,000,00,9,1,00,A01
201100046875,0,07,000,00,2,1,02,A01
201100046875,0,07,000,00,2,4,02,B01
201100046876,0,33,000,00,2,4,02,B01
201100046876,0,10,000,00,2,1,02,A01
201100046877,0,30,000,00,2,9,17,A01
201100046877,0,07,000,00,2,8,15,B01
201100046878,0,07,000,00,0,4,04,A01
201100046878,0,10,000,00,2,3,01,B01
201100046879,0,01,000,00,9,1,00,A01
201100046880,0,31,000,00,2,3,02,A01
201100046880,1,07,000,00,2,0,17,Z01
201100046881,0,07,000,00,2,1,13,A01
201100046881,0,07,000,00,2,6,01,B01
201100046881,0,07,000,00,2,1,21,E01
201100046881,0,07,000,00,2,1,02,C01
201100046881,0,07,000,00,2,5,01,D01
201100046882,0,07,000,00,2,8,01,A01
201100046882,0,02,000,00,2,8,01,B01
201100046883,1,37,000,00,1,8,01,A01
201100046884,0,35,000,00,9,9,01,A01
201100046885,0,32,000,03,2,9,01,A01
201100046885,1,10,000,00,0,0,00,Z01
201100046886,0,07,000,00,2,3,20,A01
201100046886,0,31,000,00,2,1,21,B01
201100046887,0,30,000,00,2,1,00,A01
201100046887,0,07,000,00,0,6,00,B01
201100046888,0,07,000,14,0,1,13,A01
201100046889,0,07,000,00,1,1,01,A01
201100046890,0,07,000,00,1,2,01,A01
201100046891,0,01,000,00,2,4,01,A01
201100046891,0,37,001,00,2,1,02,B01
201100046892,0,32,000,00,2,1,17,A01
201100046892,0,07,000,00,2,3,23,B01
201100046893,0,07,000,00,2,3,10,A01
201100046893,0,30,000,00,2,8,01,B01
201100046894,0,07,000,00,2,1,02,A01
201100046894,0,33,000,00,2,4,02,B01
201100046894,0,07,000,00,2,4,02,C01
201100046895,0,07,000,00,2,1,15,A01
201100046895,0,33,000,00,2,1,01,B01
201100046896,0,07,000,00,1,4,04,A01
201100046897,0,07,000,00,2,7,01,B01
201100046897,0,34,000,00,2,1,01,A01
201100046898,0,07,000,00,0,0,09,A01
201100046898,0,02,000,01,2,1,14,B01
201100046899,0,07,000,00,2,4,01,A01
201100046899,0,33,000,00,2,1,02,B01
201100046900,0,07,000,00,2,3,01,B01
201100046900,0,07,000,00,2,2,01,A01
201100046901,0,07,000,00,2,3,01,A01
201100046901,0,30,000,00,2,7,17,B01
201100046902,0,07,000,01,0,1,01,A01
201100046903,0,02,000,00,2,2,02,A01
201100046903,0,07,000,00,2,5,20,B01
201100046904,0,07,000,00,2,9,04,A01
201100046905,0,07,000,00,2,3,15,A01
201100046905,0,02,000,00,2,9,11,B01
201100046906,0,07,000,00,0,9,01,A01
201100046907,0,07,000,00,2,1,02,A01
201100046907,0,31,000,00,2,4,01,B01
201100046908,0,03,000,00,2,4,01,A01
201100046908,0,33,000,00,2,1,02,B01
201100046909,0,01,000,00,2,4,01,A01
201100046909,1,03,000,00,2,2,02,Z01
201100046910,0,33,000,00,2,1,02,A01
201100046910,0,07,000,00,2,4,01,B01
201100046911,0,07,000,00,1,2,01,A01
201100046912,0,10,000,00,1,1,01,A01
201100046913,0,02,000,00,2,7,15,A01
201100046913,0,07,000,00,2,8,15,B01
201100046914,0,07,000,00,2,1,02,A01
201100046914,0,31,000,00,1,4,01,B01
201100046915,0,31,000,00,0,8,01,A01
201100046916,0,31,000,00,2,1,03,A01
201100046916,0,30,000,00,2,1,03,B01
201100046917,0,07,000,00,2,5,14,A01
201100046917,0,02,000,00,2,9,01,B01
201100046918,0,31,000,00,2,2,17,A01
201100046918,0,07,000,00,2,3,01,B01
201100046918,0,07,000,00,2,2,01,C01
201100046919,0,07,000,00,1,1,01,A01
201100046920,0,33,000,00,2,9,02,B01
201100046920,0,07,000,00,2,5,14,A01
201100046921,0,32,000,00,2,1,02,A01
201100046921,0,07,000,00,2,4,01,B01
201100046922,0,07,000,00,1,5,01,A01
201100046923,0,07,000,00,2,3,01,A01
201100046923,0,33,000,00,2,7,17,B01
201100046924,0,02,000,00,2,8,01,A01
201100046924,0,07,000,00,2,9,17,B01
201100046925,0,07,000,00,1,6,01,A01
201100046926,0,30,000,00,1,1,01,A01
201100046927,0,07,000,00,2,5,15,B01
201100046927,0,01,000,00,2,1,01,A01
201100046928,0,07,000,00,2,7,15,A01
201100046928,0,34,000,00,2,1,01,B01
201100046929,0,33,000,00,2,1,01,B01
201100046929,0,07,000,00,2,3,01,A01
201100046930,0,07,000,00,1,4,04,A01
201100046931,0,07,000,00,2,3,15,A01
201100046931,0,30,000,00,2,1,17,B01
201100046932,0,01,000,00,1,1,02,A01
201100046933,0,03,000,00,1,5,01,A01
201100046934,0,31,000,00,0,0,01,B01
201100046934,0,07,000,00,2,0,10,A01
201100046935,0,10,000,00,2,2,12,A01
201100046935,0,33,000,00,2,8,01,B01
201100046936,0,01,000,00,2,0,00,B01
201100046936,0,07,000,00,2,2,00,A01
201100046937,0,07,000,00,1,3,00,A01
201100046938,0,02,000,00,0,0,01,A01
201100046939,0,07,000,00,2,3,00,A01
201100046939,0,01,000,00,2,9,00,B01
201100046940,0,07,000,00,2,3,00,A01
201100046940,0,32,000,00,2,2,00,B01
201100046941,0,07,000,00,9,1,00,A01
201100046942,0,07,000,00,2,1,00,B01
201100046942,0,33,000,00,2,3,09,A01
201100046943,0,30,000,00,9,1,01,A01
201100046944,0,07,000,00,1,0,01,A01
201100046945,0,10,000,00,1,0,04,A01
201100046946,0,07,000,00,1,2,01,A01
201100046947,0,07,000,00,1,4,04,A01
201100046948,0,31,000,00,0,3,01,A01
201100046949,0,07,000,00,2,2,15,A01
201100046949,0,34,000,00,2,1,01,B01
201100046950,0,07,000,00,1,2,01,A01
201100046951,0,10,000,00,1,5,16,A01
201100046952,0,07,000,00,1,1,16,A01
201100046953,0,33,000,04,0,8,11,A01
201100046954,0,30,000,01,0,8,01,B01
201100046955,0,07,000,00,1,3,16,A01
201100046956,0,07,000,00,2,8,09,A01
201100046956,0,30,000,00,2,2,01,B01
201100046957,0,30,000,00,2,4,01,A01
201100046957,0,30,000,00,2,1,02,B01
201100046958,0,33,000,00,0,8,01,B01
201100046958,0,07,000,00,0,0,12,A01
201100046959,0,33,000,16,0,8,01,A01
201100046960,0,07,000,00,1,2,16,A01
201100046961,1,30,000,00,1,1,01,Z01
201100046962,0,07,000,00,2,1,15,A01
201100046962,0,31,000,00,2,3,01,B01
201100046963,0,07,000,00,1,3,16,A01
201100046964,0,07,000,00,2,3,11,A01
201100046964,0,07,000,09,2,1,17,B01
201100046965,0,10,000,00,2,3,01,A01
201100046965,0,33,000,00,2,2,01,B01
201100046966,0,07,000,15,0,3,10,A01
201100046967,0,32,000,00,2,2,01,A01
201100046967,0,33,000,00,2,4,13,B01
201100046968,0,20,000,00,2,8,22,A01
201100046968,0,32,000,08,2,5,17,B01
201100046969,0,07,000,00,2,8,09,A01
201100046969,0,01,000,00,2,1,01,B01
201100046970,0,07,000,00,2,3,20,B01
201100046970,0,33,000,00,2,1,01,A01
201100046971,0,30,000,00,2,1,01,B01
201100046971,0,07,000,00,2,3,15,A01
201100046972,0,07,000,00,2,6,11,A01
201100046972,0,31,000,00,2,7,01,B01
201100046973,0,32,000,00,2,2,01,A01
201100046973,0,07,000,00,2,6,01,B01
201100046974,0,07,000,00,2,2,16,B01
201100046974,0,34,000,00,2,2,02,A01
201100046975,0,07,000,00,2,1,01,A01
201100046975,0,07,000,00,2,2,15,B01
201100046976,0,07,000,00,2,1,10,A01
201100046976,0,33,000,00,2,8,01,B01
201100046977,0,10,000,00,2,8,11,A01
201100046977,0,33,000,00,9,1,01,B01
201100046978,0,07,000,00,2,4,01,B01
201100046978,0,07,000,00,2,1,11,A01
201100046979,0,07,000,00,2,1,02,A01
201100046979,0,07,000,00,2,4,01,B01
201100046980,0,07,000,00,2,3,01,E01
201100046980,0,10,000,00,2,5,14,A01
201100046980,0,33,000,00,2,1,01,B01
201100046980,0,07,000,00,2,2,14,D01