Num_Acc,senc,catv,occutc,obs,obsm,choc,manv,num_veh
201100047344,0,07,000,00,2,2,01,A01
201100047344,0,33,000,00,2,3,18,B01
201100047345,0,30,000,00,2,1,17,A01
201100047345,0,07,000,00,2,8,23,B01
201100047346,0,07,000,01,0,2,01,A01
201100047347,0,07,000,14,0,1,01,A01
201100047348,0,07,000,00,2,3,01,A01
201100047348,0,30,000,00,2,2,01,B01
201100047349,0,30,000,12,0,2,01,A01
201100047350,0,02,000,00,2,1,02,A01
201100047350,0,07,000,00,2,4,01,B01
201100047351,0,07,000,00,0,5,02,B01
201100047351,0,33,000,00,2,1,02,A01
201100047352,0,31,000,00,5,1,01,B01
201100047353,0,07,000,00,1,1,00,B01
201100047354,0,07,000,00,2,7,15,A01
201100047354,0,33,000,00,2,1,01,B01
201100047355,0,03,000,06,0,0,01,A01
201100047356,0,30,000,00,0,4,02,B01
201100047356,0,07,000,01,2,1,02,A01
201100047357,0,10,000,00,1,8,01,A01
201100047358,0,07,000,00,2,4,01,B01
201100047358,0,07,000,00,2,4,01,C01
201100047358,0,07,000,00,2,1,01,A01
201100047359,0,34,000,14,1,1,01,A01
201100047360,0,07,000,00,2,8,10,A01
201100047360,0,32,000,00,2,1,01,B01
201100047361,0,30,000,00,2,1,01,A01
201100047361,0,07,000,00,2,3,01,B01
201100047362,0,32,000,00,2,0,01,B01
201100047362,0,07,000,00,2,0,15,A01
201100047363,0,07,000,00,2,8,10,A01
201100047363,0,32,000,00,2,1,01,B01
201100047364,0,33,000,00,2,7,17,A01
201100047364,0,15,000,00,2,8,01,B01
201100047365,0,32,000,00,2,2,01,B01
201100047365,0,07,000,00,2,3,09,A01
201100047366,0,07,000,00,2,3,10,A01
201100047366,0,02,000,00,2,1,02,B01
201100047367,1,07,000,00,1,1,15,Z01
201100047368,0,07,000,00,1,1,15,A01
201100047369,0,30,000,11,0,8,01,A01
201100047370,0,30,000,01,2,1,21,C01
201100047371,0,33,000,00,2,1,01,B01
201100047371,0,07,000,00,2,4,16,A01
201100047372,0,32,000,00,1,2,18,Z01
201100047373,0,01,000,00,2,4,01,A01
201100047373,1,07,000,00,2,1,02,Z01
201100047374,0,32,000,08,0,1,15,A01
201100047375,0,30,000,00,2,2,15,B01
201100047375,0,01,000,00,2,1,01,A01
201100047376,0,07,000,00,1,2,01,A01
201100047377,0,07,000,00,2,2,15,A01
201100047377,0,33,000,00,2,1,01,B01
201100047378,0,07,000,00,1,1,15,A01
201100047379,0,02,000,01,0,1,15,A01
201100047380,0,02,000,00,1,1,01,A01
201100047381,0,07,000,00,2,6,10,A01
201100047381,0,33,000,00,2,1,01,B01
201100047382,0,07,000,00,2,1,01,A01
201100047382,0,07,000,00,2,3,01,B01
201100047383,0,33,000,00,2,1,17,A01
201100047383,0,07,000,00,2,6,15,B01
201100047384,0,30,000,01,0,1,01,B01
201100047384,0,13,000,00,2,6,24,A01
201100047385,0,02,000,00,2,1,01,B01
201100047385,0,07,000,00,2,2,17,A01
201100047386,0,10,000,00,2,3,15,A01
201100047386,0,33,000,00,2,1,17,B01
201100047387,0,07,000,00,2,4,01,B01
201100047387,0,37,001,00,2,1,02,A01
201100047388,0,07,000,01,1,2,01,A01
201100047389,0,07,000,00,1,3,01,A01
201100047390,0,07,000,00,1,7,01,Z01
201100047391,0,10,000,00,1,2,15,A01
201100047392,0,07,000,00,2,3,16,A01
201100047392,0,30,000,00,2,1,01,B01
201100047393,0,07,000,00,2,8,01,A01
201100047393,0,07,000,00,2,1,01,B01
201100047394,0,30,000,01,0,1,01,A01
201100047395,0,34,000,00,2,1,01,B01
201100047395,0,07,000,00,2,6,22,A01
201100047396,0,30,000,00,2,7,17,A01
201100047396,0,07,000,00,2,8,01,B01
201100047397,0,07,000,00,2,8,13,A01
201100047397,0,33,000,00,2,7,17,B01
201100047398,0,07,000,00,1,1,01,A01
201100047399,1,07,000,00,1,1,01,Z01
201100047400,0,07,000,00,2,2,01,A01
201100047400,0,34,000,00,2,8,01,B01
201100047401,0,07,000,00,1,2,16,A01
201100047402,0,32,000,00,2,7,01,A01
201100047402,0,10,000,00,2,1,15,B01
201100047403,0,07,000,09,0,1,11,A01
201100047404,1,02,000,01,0,1,01,Z01
201100047405,0,07,000,00,2,7,10,A01
201100047405,0,33,000,00,2,1,02,B01
201100047406,0,07,000,00,0,0,04,A01
201100047406,0,32,000,00,0,7,21,B01
201100047407,0,30,000,00,2,7,01,A01
201100047407,0,07,000,00,2,1,01,B01
201100047408,0,01,000,02,0,1,01,A01
201100047409,0,07,000,00,1,1,15,A01
201100047410,0,31,000,14,0,7,01,A01
201100047411,0,34,000,00,1,1,01,A01
201100047412,0,30,000,15,0,1,01,A01
201100047413,0,32,000,00,1,1,01,A01
201100047414,2,07,000,01,2,1,05,A01
201100047414,0,10,000,00,2,1,01,B01
201100047415,0,32,000,14,0,1,06,A01
201100047416,0,07,000,00,9,2,22,A01
201100047416,0,33,000,00,2,1,18,B01
201100047417,0,02,000,00,0,7,21,A01
201100047418,0,33,000,00,2,8,01,B01
201100047418,0,07,000,00,2,1,01,A01
201100047419,0,02,000,11,0,1,01,A01
201100047420,0,01,000,00,2,1,19,A01
201100047420,0,07,000,00,2,3,15,B01
201100047421,0,07,000,00,2,8,20,A01
201100047421,0,32,000,00,2,1,01,B01
201100047422,0,07,000,00,1,1,15,A01
201100047423,0,07,000,00,1,7,01,A01
201100047424,0,30,000,00,2,1,01,B01
201100047424,0,07,000,00,2,3,01,A01
201100047425,0,07,000,00,2,8,15,A01
201100047425,0,31,000,00,2,7,17,B01
201100047426,0,34,000,00,0,8,01,A01
201100047427,0,31,000,00,2,1,17,A01
201100047427,0,07,000,00,2,8,15,B01
201100047428,1,99,000,00,1,0,00,Z01
201100047429,0,07,000,00,2,8,15,A01
201100047429,0,31,000,00,2,1,17,B01
201100047430,0,02,000,00,2,3,16,B01
201100047430,0,30,000,00,2,2,01,A01
201100047431,0,30,000,00,0,8,15,A01
201100047432,0,07,000,15,0,2,09,A01
201100047432,0,07,000,00,2,1,01,B01
201100047433,0,07,000,00,1,2,01,A01
201100047434,1,07,000,00,1,1,01,A01
201100047435,0,07,000,00,1,1,01,A01
201100047436,0,07,000,00,1,1,01,A01
201100047437,0,32,000,00,2,1,02,A01
201100047437,0,07,000,00,2,5,01,B01
201100047438,0,07,000,00,2,2,17,B01
201100047438,0,07,000,00,2,8,10,A01
201100047439,0,07,000,00,2,4,01,A01
201100047439,0,07,000,00,2,1,02,B01
201100047440,0,32,000,00,2,1,01,B01
201100047440,0,07,000,00,2,1,11,A01
201100047441,0,07,000,00,2,2,01,A01
201100047441,0,32,000,00,2,1,01,B01
201100047442,0,07,000,00,2,3,11,A01
201100047442,0,31,000,00,2,7,01,B01
201100047443,1,99,000,00,1,1,01,A01
201100047444,0,07,000,00,2,1,02,A01
201100047444,0,07,000,00,2,4,01,B01
201100047444,0,07,000,00,2,4,01,C01
201100047445,0,34,000,00,1,1,21,A01
201100047445,0,07,000,00,2,3,21,B01
201100047446,0,07,000,00,1,3,01,A01
201100047447,0,07,000,00,2,1,02,A01
201100047447,0,10,000,00,2,4,02,B01
201100047447,0,10,000,00,2,3,02,C01
201100047447,0,07,000,00,2,4,01,D01
201100047448,1,03,000,00,1,1,01,A01
201100047449,0,07,000,00,2,4,02,B01
201100047449,0,07,000,00,2,1,02,A01
201100047450,0,07,000,00,2,2,02,A01
201100047450,0,10,000,00,0,8,10,B01
201100047451,0,07,000,00,2,8,01,B01
201100047451,0,07,000,00,2,1,05,A01
201100047452,0,07,000,00,2,3,11,A01
201100047452,0,33,000,14,2,7,17,B01
201100047453,0,07,000,00,2,0,01,A01
201100047453,0,32,000,00,2,3,01,B01
201100047454,0,13,000,00,2,1,01,B01
201100047454,0,07,000,15,2,8,01,A01
201100047455,0,33,000,00,9,8,01,A01
201100047456,0,32,000,00,2,3,12,A01
201100047456,0,07,000,00,2,5,02,B01
201100047456,0,07,000,00,2,4,01,T01
201100047457,0,31,000,00,2,1,14,B01
201100047457,0,07,000,00,2,8,01,A01
201100047458,0,33,000,00,2,1,11,A01
201100047458,0,07,000,00,2,4,01,B01
201100047459,0,32,000,00,0,7,16,A01
201100047460,0,07,000,00,2,4,01,B01
201100047460,0,07,000,00,2,1,02,A01
201100047461,0,32,000,00,0,8,16,A01
201100047462,0,32,000,00,2,8,01,B01
201100047462,0,07,000,00,2,1,01,A01
201100047463,0,32,000,15,0,2,01,A01
201100047464,0,07,000,08,2,1,01,B01
201100047464,1,07,000,,,,,A01
201100047465,0,34,000,00,2,1,01,B01
201100047465,0,07,000,00,2,3,01,A01
201100047466,0,01,000,00,0,1,01,A01
201100047467,0,07,000,00,2,2,01,B01
201100047467,0,30,000,00,2,1,13,A01
201100047468,0,07,000,00,2,1,02,A01
201100047468,0,07,000,00,2,4,23,B01
201100047469,0,30,000,00,2,1,02,A01
201100047469,0,07,000,00,2,4,23,B01
201100047470,0,07,000,00,2,3,02,A01
201100047470,0,07,000,00,2,1,02,B01
201100047471,0,07,000,00,2,1,02,A01
201100047471,0,33,000,00,2,4,23,B01
201100047472,0,07,000,00,2,1,02,A01
201100047472,0,07,000,00,2,4,23,B01
201100047472,0,10,000,00,2,4,23,C01
201100047473,0,07,000,04,0,1,01,A01
201100047474,0,07,000,00,2,1,02,A01
201100047474,0,32,000,00,2,4,01,B01
201100047475,0,07,000,03,0,2,01,A01
201100047476,0,07,000,11,0,1,01,A01
201100047477,0,37,001,01,0,3,09,A01
201100047478,0,33,000,00,0,1,01,A01
201100047479,0,34,000,00,0,7,01,A01
201100047480,0,07,000,00,1,1,12,A01
201100047481,0,07,000,14,2,1,02,A01
201100047481,0,07,000,00,2,4,23,B01
201100047482,0,30,000,00,0,3,01,A01
201100047483,0,07,000,00,2,5,02,B01
201100047483,0,32,000,00,2,1,01,A01
201100047484,0,07,000,00,1,1,02,A01
201100047485,0,07,000,01,2,1,01,D01
201100047485,0,07,000,00,2,4,02,B01
201100047485,0,07,000,00,2,1,02,E01
201100047485,0,07,000,00,2,1,02,C01
201100047485,0,07,000,00,0,0,16,A01
201100047486,0,07,000,12,0,9,01,A01
201100047487,0,37,001,00,2,8,01,C01
201100047487,0,07,000,00,2,2,17,A01
201100047487,0,07,000,00,2,2,01,B01
201100047488,0,07,000,00,1,1,01,A01
201100047489,0,07,000,00,1,1,15,A01
201100047490,0,07,000,00,1,1,01,A01
201100047491,0,07,000,00,2,4,01,B01
201100047491,0,07,000,00,2,1,02,A01
201100047492,0,07,000,00,2,4,01,A01
201100047492,0,07,000,00,2,4,20,B01
201100047493,0,07,000,00,1,2,01,A01
201100047494,0,07,000,00,2,4,23,C01
201100047494,0,07,000,00,2,1,02,A01
201100047494,0,10,000,00,2,4,23,B01
201100047495,0,30,000,00,1,1,17,A01
201100047495,0,07,000,00,2,3,01,B01
201100047496,0,33,000,00,2,3,01,B01
201100047496,0,30,000,00,2,2,01,A01
201100047497,0,07,000,01,1,2,01,A01
201100047498,0,13,000,00,0,4,17,B01
201100047498,0,99,000,00,2,1,10,A01
201100047499,0,07,000,00,1,2,01,A01
201100047500,1,07,000,00,0,2,23,Z01
201100047500,0,33,000,00,2,1,18,B01
201100047501,0,10,000,00,2,1,02,A01
201100047501,0,07,000,00,0,4,01,B01
201100047502,0,07,000,00,0,1,01,B01
201100047502,0,10,000,00,1,1,09,A01
201100047503,0,07,000,00,2,3,10,A01
201100047503,0,30,000,00,2,8,01,B01
201100047504,0,07,000,00,1,4,01,A01
201100047505,0,32,000,00,0,2,10,A01
201100047506,0,07,000,15,0,7,01,A01
201100047507,1,30,000,00,1,1,01,Z01
201100047508,0,07,000,00,2,3,01,B01
201100047508,0,07,000,01,2,1,11,A01
201100047509,0,32,000,00,1,1,01,A01
201100047510,0,07,000,00,2,1,09,A01
201100047510,0,30,000,00,2,1,03,B01
201100047511,0,10,000,00,1,7,01,A01
201100047512,0,32,000,00,1,7,01,A01
201100047513,0,31,000,00,2,1,17,B01
201100047513,0,07,000,01,0,3,11,A01
201100047514,0,01,000,00,2,1,01,A01
201100047514,0,07,000,00,2,1,13,B01
201100047515,0,07,000,00,1,8,01,A01
201100047516,0,07,000,00,2,3,01,B01
201100047516,0,07,000,00,2,1,05,A01
201100047516,0,10,000,00,2,8,01,C01
201100047517,0,07,000,00,1,2,01,A01
201100047518,0,07,000,00,2,7,15,A01
201100047518,0,07,000,00,2,1,01,B01
201100047519,0,30,000,00,1,2,01,A01
201100047520,0,10,000,00,1,2,01,A01
201100047521,0,07,000,00,2,8,10,A01
201100047521,0,33,000,00,2,2,01,B01
201100047522,0,07,000,00,1,1,15,A01
201100047523,0,07,000,00,1,3,01,A01
201100047524,0,07,000,00,1,3,01,A01
201100047525,0,07,000,00,1,2,01,A01
201100047526,0,07,000,00,1,1,01,A01
201100047527,0,07,000,00,2,1,02,A01
201100047527,0,07,000,00,2,4,23,B01
201100047527,0,07,000,00,2,4,23,C01
201100047528,0,07,000,00,9,6,15,A01
201100047528,0,33,000,00,2,9,02,B01
201100047529,0,07,000,00,1,3,01,A01
201100047530,0,07,000,00,2,2,15,A01
201100047530,0,31,000,00,2,3,01,B01
201100047531,0,34,000,00,1,1,01,A01
201100047532,0,07,000,00,1,1,01,A01
201100047533,0,07,000,00,2,1,02,A01
201100047533,0,07,000,00,2,4,01,B01
201100047534,0,07,000,00,1,2,01,A01
201100047535,0,02,000,00,2,1,01,A01
201100047535,0,07,000,00,2,3,09,B01
201100047536,0,07,000,00,2,8,01,A01
201100047536,0,15,000,00,2,1,01,B01
201100047536,1,07,000,00,2,7,03,A02
201100047537,0,07,000,00,2,3,13,A01
201100047537,0,07,000,00,2,3,01,B01
201100047538,0,07,000,00,1,1,05,A01
201100047539,0,07,000,00,1,7,01,A01
201100047540,0,07,000,00,1,7,01,A01
201100047541,0,07,000,00,2,7,17,A01
201100047541,0,07,000,00,2,8,22,B01
201100047542,0,30,000,00,2,1,05,B01
201100047542,0,10,000,00,2,3,01,A01
201100047543,0,07,000,00,2,2,05,A01
201100047543,0,10,000,00,2,1,01,B01
201100047544,0,07,000,00,1,2,01,A01
201100047545,0,07,000,00,2,2,15,A01
201100047545,0,07,000,00,2,3,01,B01
201100047546,1,10,000,00,1,1,01,A01
201100047547,0,10,000,00,2,2,09,A01
201100047547,0,34,000,00,2,8,01,B01
201100047548,0,07,000,00,1,7,15,A01
201100047549,0,07,000,00,1,1,01,A01
201100047550,0,37,060,00,2,2,01,A01
201100047550,0,07,000,00,2,7,15,B01
201100047551,0,07,000,00,2,8,22,A01
201100047551,0,01,000,01,2,1,01,B01
201100047552,0,07,000,00,2,1,02,A01
201100047552,0,07,000,00,2,4,01,B01
201100047553,0,07,000,00,2,4,04,A01
201100047553,0,07,000,00,2,1,23,B01
201100047553,0,07,000,00,2,1,01,C01
201100047554,0,07,000,00,2,7,15,A01
201100047554,0,07,000,00,2,1,01,B01
201100047555,0,34,000,00,1,1,01,A01
201100047556,0,07,000,00,1,1,01,A01
201100047557,1,99,000,00,1,1,01,Z01
201100047558,0,07,000,01,0,0,01,A01
201100047559,0,07,000,00,2,2,10,A01
201100047559,0,07,000,00,2,1,01,B01
201100047560,0,07,000,00,1,2,01,A01
201100047561,0,07,000,00,1,2,01,A01
201100047562,0,07,000,00,1,1,01,A01
201100047562,0,30,000,00,2,8,01,B01
201100047563,0,30,000,00,2,1,02,A01
201100047563,0,07,000,00,2,6,23,B01
201100047564,0,07,000,00,2,1,01,B01
201100047564,0,99,000,00,2,7,01,A01
201100047565,0,99,000,00,1,2,01,A01
201100047566,0,10,000,12,2,1,01,A01
201100047566,0,07,000,01,2,1,01,B01
201100047567,0,07,000,00,2,8,01,A01
201100047567,0,07,000,00,2,1,01,B01
201100047568,0,30,000,16,2,8,21,A01
201100047568,0,10,000,00,2,8,01,B01
201100047569,0,07,000,00,2,3,10,A01
201100047569,0,07,000,00,2,2,01,B01
201100047570,0,07,000,00,1,1,15,A01
201100047571,0,34,000,00,2,7,01,A01
201100047571,0,10,000,00,2,3,01,B01
201100047572,0,33,000,00,2,1,17,A01
201100047572,0,07,000,00,2,3,01,B01
201100047573,0,32,000,14,0,1,21,A01
201100047574,0,33,000,00,2,1,14,A01
201100047574,0,07,000,00,2,3,02,B01
201100047575,0,30,000,00,2,3,01,A01
201100047575,0,07,000,00,2,3,11,B01
201100047576,0,30,000,00,2,1,01,B01
201100047576,1,07,000,00,2,1,05,Z01
201100047577,0,10,000,01,0,2,19,A01
201100047577,0,10,000,00,0,1,02,B01
201100047578,0,02,000,00,0,8,21,A01
201100047578,0,07,000,00,0,0,20,B01
201100047579,0,07,000,00,9,3,15,A01
201100047579,0,01,000,00,2,2,19,B01
201100047580,0,33,000,01,0,1,18,A01
201100047580,0,07,000,00,2,7,22,B01
201100047581,0,01,000,00,1,1,02,A01
201100047582,0,07,000,00,1,3,01,A01
201100047583,0,07,000,00,2,1,02,A01
201100047583,0,10,000,00,2,4,02,B01
201100047583,0,10,000,00,2,4,01,C01
201100047584,0,07,000,00,1,2,01,A01
201100047585,0,33,000,00,2,2,01,A01
201100047585,0,07,000,00,2,2,10,B01
201100047586,0,07,000,00,2,8,23,B01
201100047586,0,07,000,00,2,3,23,C01
201100047586,0,07,000,00,2,1,15,A01
201100047587,0,07,000,00,1,1,15,A01
201100047588,0,10,000,00,1,4,01,A01
201100047589,0,07,000,00,2,1,09,A01
201100047589,0,15,000,00,2,4,01,B01
201100047590,0,30,000,00,2,7,21,A01
201100047590,0,10,000,00,2,5,01,B01
201100047591,0,07,000,00,2,1,02,A01
201100047591,0,07,000,00,2,4,02,B01
201100047591,0,13,000,00,2,4,02,C01
201100047591,0,07,000,00,2,4,01,D01
201100047592,0,07,000,00,1,1,01,A01
201100047593,0,07,000,01,2,1,01,A01
201100047593,0,14,000,00,2,1,01,B01
201100047594,0,07,000,00,2,7,01,B01
201100047594,0,07,000,00,2,1,05,A01
201100047595,0,33,000,00,2,7,01,B01
201100047595,0,34,000,00,2,7,01,C01
201100047595,0,07,000,00,2,1,15,A01
201100047596,0,34,000,00,2,2,17,A01
201100047596,0,14,000,00,2,3,11,B01
201100047597,0,07,000,00,2,2,10,A01
201100047597,0,01,000,00,2,8,01,B01
201100047598,1,30,000,00,1,1,01,Z01
201100047599,0,07,000,00,0,2,01,A01
201100047599,0,32,000,00,2,1,01,B01
201100047600,0,07,000,00,1,1,01,A01
201100047601,0,14,000,00,1,2,16,A01
201100047602,0,10,000,00,2,5,04,A01
201100047602,0,07,000,00,2,3,02,B01
201100047603,0,07,000,00,1,4,20,A01
201100047604,0,07,000,00,2,3,10,A01
201100047604,0,30,000,00,2,7,05,B01
201100047605,0,10,000,00,2,4,10,A01
201100047605,0,02,000,00,2,1,01,B01
201100047606,1,07,000,00,2,3,11,A01
201100047606,0,07,000,00,2,2,01,B01
201100047606,0,07,000,00,2,4,01,C01
201100047606,0,07,000,00,2,6,01,D01
201100047606,0,07,000,00,2,8,01,E01
201100047606,0,07,000,00,2,5,01,F02
201100047607,0,07,000,00,2,3,09,A01
201100047607,0,37,001,00,2,2,21,B01
201100047608,0,30,000,00,2,1,01,B01
201100047608,0,07,000,00,2,7,01,A01
201100047609,0,07,000,00,2,3,01,C01
201100047609,1,07,000,00,2,3,15,A01
201100047609,0,30,000,00,2,7,17,B01
201100047610,0,07,000,00,1,1,01,A01
201100047611,1,33,000,00,1,1,01,Z01
201100047612,0,07,000,00,2,7,15,A01
201100047612,0,31,000,00,2,9,01,B01
201100047613,0,07,000,00,2,1,02,A01
201100047613,0,07,000,00,2,4,02,B01
201100047613,0,07,000,00,2,4,01,C01
201100047614,0,07,000,00,2,5,16,A01
201100047614,0,10,000,00,2,1,02,B01
201100047615,0,07,000,01,1,2,01,A01
201100047615,0,07,000,00,2,3,22,B01
201100047616,0,34,000,00,2,1,21,A01
201100047616,0,07,000,00,2,3,15,B01
201100047617,0,30,000,00,2,8,18,A01
201100047617,0,07,000,00,2,5,01,B01
201100047618,0,07,000,15,2,3,09,A01
201100047618,0,34,000,00,2,1,01,B01
201100047619,0,30,000,00,2,1,13,A01
201100047619,0,07,000,00,2,1,09,B01
201100047620,0,07,000,00,2,1,01,B01
201100047620,2,07,000,00,2,1,17,Z01
201100047621,0,07,000,00,1,1,01,A01
201100047622,1,07,000,00,1,4,04,Z01
201100047623,0,07,000,00,1,2,01,A01
201100047624,0,07,000,00,2,1,03,A01
201100047624,0,32,000,00,2,7,05,B01
201100047625,1,30,000,00,1,1,00,Z01
201100047626,0,07,000,04,0,1,01,A01
201100047627,0,07,000,00,2,1,02,A01
201100047627,0,07,000,00,0,4,00,B01
201100047628,0,07,000,01,2,1,01,A01
201100047628,0,10,000,00,2,6,15,B01
201100047629,0,07,000,00,0,2,09,A01
201100047629,0,32,000,00,2,1,01,B01
201100047630,0,07,000,01,0,2,01,A01
201100047631,0,37,002,00,2,0,21,B01
201100047631,0,10,000,00,0,0,01,A01
201100047632,0,10,000,02,0,8,01,A01
201100047633,0,07,000,00,1,2,17,A01
201100047634,0,07,000,00,2,3,09,B01
201100047634,0,01,000,00,2,1,09,A01
201100047635,0,07,000,00,1,2,01,A01
201100047636,0,37,050,00,1,7,01,A01
201100047637,0,31,000,00,2,1,17,B01
201100047637,0,07,000,00,2,3,15,A01
201100047638,0,07,000,00,2,3,01,A01
201100047638,0,07,000,00,2,2,15,B01
201100047639,0,07,000,00,1,2,01,A01
201100047640,0,07,000,00,2,1,13,A01
201100047640,0,33,000,00,2,8,21,B01
201100047641,0,07,000,00,2,1,01,B01
201100047641,0,07,000,00,2,8,10,A01
201100047642,0,07,000,00,1,1,00,A01
201100047643,0,07,000,00,1,1,01,A01
201100047644,0,07,000,00,2,2,20,A01
201100047644,0,34,000,07,0,6,00,B01
201100047645,0,01,000,00,2,2,01,B01
201100047645,0,07,000,00,9,1,01,A01
201100047646,1,10,000,00,2,1,03,B01
201100047646,0,07,000,00,0,4,02,A01
201100047647,1,30,000,00,1,1,01,A01
201100047648,0,07,000,00,1,1,01,A01
201100047649,0,07,000,00,2,2,15,A01
201100047649,0,07,000,15,2,3,01,B01
201100047650,0,07,000,00,2,4,15,A01
201100047650,0,07,000,00,2,1,17,B01
201100047651,1,10,000,00,2,1,01,Z01
201100047651,0,07,000,00,2,7,02,A01
201100047652,0,07,000,00,1,2,00,A01
201100047653,0,07,000,00,2,1,01,B01
201100047653,0,07,000,00,2,4,06,A01
201100047654,0,07,000,01,1,1,00,A01
201100047655,0,15,000,00,1,1,01,A01
201100047656,2,02,000,12,0,0,06,A01
201100047656,0,07,000,00,0,0,00,B01
201100047657,0,07,000,00,2,6,01,B01
201100047657,0,37,010,00,2,3,16,A01
201100047658,0,31,000,00,1,3,01,A01
201100047659,1,07,000,00,1,1,01,Z01
201100047660,0,07,000,00,1,2,01,A01
201100047661,0,30,000,00,2,1,01,A01
201100047661,0,07,000,00,0,2,01,B01
201100047662,0,07,000,00,0,0,00,C01
201100047662,1,07,000,00,0,0,00,A01
201100047662,0,33,000,00,0,0,00,B01
201100047663,2,07,000,09,0,1,01,A01
201100047664,0,07,000,00,1,1,01,A01
201100047665,0,07,000,00,1,5,04,A01
201100047666,0,07,000,00,2,2,15,A01
201100047666,0,07,000,00,2,1,01,B01
201100047667,0,07,000,00,1,1,01,A01
201100047668,0,37,008,00,1,2,01,A01
201100047669,0,07,000,01,0,2,01,A01
201100047670,0,02,000,00,0,1,19,A01
201100047670,0,13,000,00,0,7,01,B01
201100047671,1,99,000,08,0,0,01,A01
201100047672,0,07,000,00,1,3,21,A01
201100047673,0,07,000,00,2,1,01,A01
201100047673,0,07,000,00,2,1,13,B01
201100047674,0,07,000,00,2,2,01,A01
201100047674,0,01,000,00,2,3,13,B01
201100047675,0,07,000,00,9,8,22,A01
201100047675,0,01,000,01,0,1,01,Y01
201100047676,0,07,000,00,2,2,01,A01
201100047676,0,07,000,00,2,5,01,C01
201100047676,0,13,000,00,2,6,02,B01
201100047677,0,07,000,00,2,3,15,A01
201100047677,0,01,000,00,2,8,19,B01
201100047678,0,32,000,00,2,1,17,B01
201100047678,0,07,000,00,2,3,15,A01
201100047679,0,07,000,00,2,6,15,A01
201100047679,0,33,000,00,2,1,17,B01
201100047680,0,33,000,01,0,1,02,B01
201100047680,0,10,000,00,2,6,23,A01
201100047681,0,07,000,00,0,7,01,B01
201100047681,0,07,000,00,2,1,01,A01
201100047682,0,07,000,00,1,2,01,A01
201100047683,0,07,000,00,0,0,00,A01
201100047683,0,07,000,00,0,0,00,B01
201100047684,0,07,000,08,0,1,00,A01
201100047685,1,07,000,00,1,3,01,A01
201100047686,0,10,000,00,0,2,01,A01
201100047687,0,07,000,00,1,3,01,A01
201100047688,0,07,000,00,2,4,01,B01
201100047688,0,10,000,00,2,1,02,A01
201100047688,0,07,000,00,0,4,01,C01
201100047689,0,07,000,00,2,2,01,A01
201100047689,0,01,000,00,0,4,01,B01
201100047690,1,30,000,00,1,1,01,Z01
201100047691,0,07,000,00,2,2,01,A01
201100047691,2,07,000,00,2,3,11,B01
201100047692,1,07,000,00,1,1,01,A01
201100047693,0,30,000,00,2,1,01,B01
201100047693,0,07,000,00,2,3,15,A01
201100047694,0,13,000,00,1,1,01,A01
201100047695,0,07,000,00,1,3,01,A01
201100047696,0,07,000,00,2,3,01,A01
201100047696,0,37,001,00,2,2,01,B01
201100047697,0,33,000,00,2,1,01,B01
201100047697,0,07,000,00,2,5,15,A01
201100047698,0,07,000,00,2,7,01,A01
201100047698,0,33,000,00,2,1,01,B01
201100047699,0,07,000,00,2,8,01,A01
201100047699,0,32,000,00,2,1,17,B01
201100047700,0,32,000,00,2,8,01,A01
201100047700,0,07,000,00,2,1,15,B01
201100047701,1,10,000,00,2,4,01,A01
201100047701,0,30,000,00,2,1,02,B01
201100047702,0,07,000,00,1,3,01,A01
201100047703,0,07,000,00,2,3,01,A01
201100047703,0,07,000,14,0,3,17,B01
201100047703,1,07,000,00,2,1,17,C01
201100047704,0,07,000,00,0,1,05,A01
201100047704,0,07,000,00,0,1,01,B01
201100047705,0,32,000,00,2,1,02,A01
201100047705,0,01,000,00,2,6,01,B01
201100047706,0,13,000,00,1,4,04,A01
201100047707,0,07,000,00,1,1,01,A01
201100047708,0,07,000,00,2,1,02,A01
201100047708,0,07,000,16,2,6,01,B01
201100047709,1,30,000,00,2,1,17,A01
201100047709,0,07,000,00,2,8,15,B01
201100047710,0,34,000,00,1,1,01,A01
201100047711,0,34,000,00,0,2,01,A01
201100047712,0,07,000,00,2,3,11,A01
201100047712,0,33,000,00,2,2,01,B01
201100047713,0,30,000,00,2,1,01,A01
201100047713,0,13,000,00,2,3,12,B01
201100047713,0,13,000,00,2,3,02,C01
201100047714,0,07,000,00,2,3,15,A01
201100047714,0,33,000,00,2,1,17,B01
201100047715,0,07,000,00,2,3,10,A01
201100047715,0,33,000,00,2,1,01,B01
201100047716,0,07,000,00,0,2,00,A01
201100047716,0,07,000,00,2,3,01,B01
201100047717,0,16,000,00,2,2,16,A01
201100047717,0,01,000,00,2,1,01,B01
201100047718,0,07,000,00,2,3,02,B01
201100047718,0,07,000,00,2,1,16,A01
201100047719,0,07,000,00,2,2,09,A01
201100047719,0,33,000,00,2,1,01,B01
201100047720,0,07,000,00,1,3,01,A01
201100047721,0,10,000,00,2,3,10,A01
201100047721,0,30,000,00,2,1,17,B01
201100047722,0,07,000,00,1,2,01,A01
201100047723,0,07,000,00,2,1,02,A01
201100047723,0,07,000,00,2,4,01,B01
201100047724,0,07,000,15,2,2,01,A01
201100047724,0,07,000,00,0,4,23,C01
201100047725,1,99,000,00,1,1,01,A01
201100047726,0,07,000,00,0,3,01,A01