Num_Acc,senc,catv,occutc,obs,obsm,choc,manv,num_veh
201100048499,0,07,000,00,1,2,01,A01
201100048500,0,07,000,00,2,2,01,A01
201100048500,0,07,000,00,2,3,01,B01
201100048501,0,07,000,00,2,3,15,A01
201100048501,0,30,000,00,2,2,01,B01
201100048502,0,07,000,00,2,2,17,A01
201100048502,0,30,000,00,2,3,02,B01
201100048503,0,07,000,00,1,2,01,A01
201100048504,0,10,000,00,2,2,15,A01
201100048504,0,33,000,00,2,1,01,B01
201100048505,0,07,000,00,2,1,15,A01
201100048505,0,31,000,00,2,8,01,B01
201100048506,0,30,000,00,0,7,01,A01
201100048507,0,07,000,00,2,7,16,A01
201100048507,0,33,000,00,2,7,18,B01
201100048508,0,02,000,00,2,2,17,A01
201100048508,0,07,000,00,2,3,15,B01
201100048509,0,07,000,00,1,1,01,A01
201100048510,0,07,000,00,1,1,01,A01
201100048511,0,34,000,00,2,1,01,A01
201100048511,0,10,000,00,2,8,10,B01
201100048512,0,99,000,06,2,3,01,A01
201100048512,0,07,000,00,2,4,01,B01
201100048512,0,07,000,00,2,4,01,C01
201100048513,0,30,000,00,2,7,01,B01
201100048513,0,07,000,00,2,3,09,A01
201100048514,0,07,000,00,2,7,12,A01
201100048514,0,07,000,00,0,8,01,B01
201100048515,0,07,000,00,2,5,12,A01
201100048515,0,30,000,00,2,3,01,B01
201100048516,1,30,000,00,1,1,01,Z01
201100048517,0,34,000,01,2,3,17,A01
201100048517,0,07,000,00,2,3,15,B01
201100048518,0,07,000,06,2,1,01,A01
201100048518,0,07,000,00,2,3,16,B01
201100048519,0,07,000,00,2,1,02,A01
201100048519,0,32,000,00,2,4,01,B01
201100048520,0,07,000,15,2,6,11,A01
201100048520,0,07,000,00,2,2,01,B01
201100048520,0,07,000,00,9,3,01,C01
201100048521,0,07,000,01,0,2,01,A01
201100048522,0,31,000,00,2,1,02,A01
201100048522,0,07,000,00,2,6,13,B01
201100048523,0,07,000,00,2,3,09,A01
201100048523,0,32,000,00,2,7,01,B01
201100048524,0,07,000,00,2,1,01,A01
201100048524,0,07,000,00,2,1,01,B01
201100048525,0,10,000,00,2,8,10,A01
201100048525,0,30,000,00,2,1,17,B01
201100048526,0,07,000,00,2,3,05,A01
201100048526,0,07,000,00,0,3,01,B01
201100048527,0,33,000,00,2,8,01,B01
201100048527,0,07,000,00,2,1,15,A01
201100048528,0,07,000,00,2,3,15,A01
201100048528,0,34,000,00,2,1,02,B01
201100048529,0,07,000,01,1,3,00,A01
201100048530,0,01,000,00,9,2,00,B01
201100048530,0,33,000,00,2,1,00,A01
201100048531,0,07,000,00,2,1,11,B01
201100048531,0,34,000,00,2,7,02,A01
201100048532,0,07,000,00,2,2,02,A01
201100048532,0,30,000,00,2,3,09,B01
201100048533,0,07,000,00,2,4,01,B01
201100048533,0,07,000,00,2,1,02,A01
201100048534,0,07,000,09,0,1,15,A01
201100048535,0,30,000,00,2,1,02,A01
201100048535,0,07,000,00,2,6,01,B01
201100048536,0,02,000,08,0,1,01,A01
201100048537,0,07,000,00,1,2,01,A01
201100048538,0,07,000,15,0,8,01,A01
201100048539,0,07,000,00,2,7,01,A01
201100048539,0,07,000,00,2,1,01,B01
201100048540,0,02,000,00,0,1,17,A01
201100048540,0,07,000,00,2,2,01,B01
201100048541,0,07,000,00,1,2,01,A01
201100048542,0,07,000,00,1,1,01,A01
201100048543,0,30,000,00,2,1,05,A01
201100048543,0,07,000,00,2,1,01,B01
201100048544,0,07,000,00,1,2,01,A01
201100048545,0,01,000,00,2,7,19,A01
201100048545,0,07,000,00,2,1,01,B01
201100048546,0,07,000,00,2,7,01,B01
201100048546,0,30,000,00,2,1,01,A01
201100048547,0,07,000,00,2,2,09,A01
201100048547,0,32,000,00,2,1,19,B01
201100048548,0,30,000,00,2,1,19,A01
201100048548,0,07,000,00,2,8,01,B01
201100048549,0,07,000,00,2,1,10,A01
201100048549,0,34,000,00,2,7,01,B01
201100048550,0,07,000,02,0,3,06,A01
201100048551,0,07,000,00,2,1,01,A01
201100048551,0,07,000,00,2,2,01,B01
201100048552,0,33,000,00,2,2,02,A01
201100048552,0,31,000,00,2,1,01,C01
201100048552,0,07,000,00,2,3,01,D01
201100048552,0,07,000,00,2,2,15,B01
201100048553,0,10,000,00,1,3,01,A01
201100048554,0,10,000,00,2,5,01,B01
201100048554,0,10,000,00,2,1,01,A01
201100048555,0,07,000,00,2,3,02,A01
201100048555,0,07,000,00,2,5,02,B01
201100048556,0,07,000,00,2,1,01,B01
201100048556,0,30,000,00,2,7,15,A01
201100048557,0,07,000,00,1,2,17,A01
201100048557,0,07,000,00,0,0,23,B01
201100048558,0,10,000,14,2,1,02,A01
201100048558,0,10,000,14,2,4,23,B01
201100048558,0,10,000,00,2,4,23,C01
201100048559,0,07,000,01,0,2,14,A01
201100048560,0,07,000,00,1,5,04,A01
201100048561,0,07,000,00,1,3,01,A01
201100048562,0,07,000,00,2,1,02,A01
201100048562,0,07,000,00,0,4,23,B01
201100048563,0,07,000,10,2,2,00,A01
201100048563,0,07,000,01,2,3,00,B01
201100048564,0,13,000,00,2,1,01,B01
201100048564,0,13,000,09,2,7,19,A01
201100048565,0,07,000,00,1,1,01,A01
201100048566,0,13,000,00,2,0,00,A01
201100048566,0,13,000,00,0,0,00,B01
201100048567,0,07,000,00,1,8,02,A01
201100048568,0,07,000,00,1,3,01,A01
201100048569,0,07,000,09,0,3,01,A01
201100048570,0,37,001,00,1,7,01,B01
201100048571,0,30,000,00,2,1,01,B01
201100048571,0,07,000,00,2,5,15,A01
201100048572,0,07,000,00,1,4,04,A01
201100048573,0,37,001,00,1,5,01,A01
201100048574,0,30,000,00,2,1,01,A01
201100048574,0,07,000,00,2,6,10,B01
201100048575,0,37,005,00,1,2,01,A01
201100048576,0,37,001,00,1,1,15,A01
201100048577,0,07,000,00,2,1,01,B01
201100048577,0,32,000,00,2,3,05,A01
201100048578,0,07,000,00,2,2,01,B01
201100048578,0,07,000,00,2,1,09,A01
201100048579,0,07,000,00,2,1,01,A01
201100048579,0,07,000,00,2,4,01,B01
201100048580,0,07,000,00,1,1,01,A01
201100048581,0,30,000,00,0,6,15,B01
201100048581,0,07,000,00,0,6,15,A01
201100048582,1,07,000,00,1,1,01,A01
201100048583,0,30,000,00,0,1,01,B01
201100048583,0,07,000,00,0,5,15,A01
201100048584,0,33,000,00,1,1,01,A01
201100048585,0,32,000,00,2,1,17,B01
201100048585,0,07,000,00,2,8,15,A01
201100048586,0,33,000,00,2,1,02,A01
201100048586,0,07,000,00,2,4,01,B01
201100048587,0,07,000,00,1,3,01,A01
201100048588,0,07,000,00,1,6,04,A01
201100048589,0,07,000,00,2,3,15,B01
201100048589,0,30,000,00,2,1,01,A01
201100048590,1,33,000,00,1,8,01,A01
201100048591,0,02,000,00,2,1,01,A01
201100048591,0,07,000,00,2,2,01,B01
201100048592,0,10,000,00,2,5,20,A01
201100048592,0,32,000,00,2,1,01,B01
201100048593,0,07,000,00,1,1,01,A01
201100048594,0,07,000,00,1,1,01,A01
201100048595,0,34,000,00,0,7,01,A01
201100048595,0,07,000,00,0,1,01,B01
201100048596,0,33,000,00,2,7,17,B01
201100048596,0,07,000,00,0,3,11,A01
201100048597,0,07,000,00,2,3,09,B01
201100048597,0,07,000,00,2,2,01,A01
201100048598,0,33,000,00,2,2,01,A01
201100048598,0,07,000,00,2,8,10,B01
201100048599,0,07,000,00,2,2,01,A01
201100048599,0,01,000,00,2,2,05,B01
201100048600,0,07,000,08,0,2,01,A01
201100048601,0,07,000,00,2,8,11,A01
201100048601,0,31,000,00,2,8,01,B01
201100048602,1,07,000,00,1,1,01,A01
201100048603,0,07,000,00,1,6,04,A01
201100048604,0,07,000,00,2,3,01,A01
201100048604,0,30,000,00,2,1,17,B01
201100048605,0,07,000,00,1,3,01,A01
201100048606,0,07,000,00,1,1,01,A01
201100048607,0,32,000,00,1,1,01,A01
201100048608,0,07,000,00,1,1,01,A01
201100048609,0,37,003,00,2,2,01,A01
201100048609,0,07,000,00,2,3,15,B01
201100048610,0,07,000,00,1,1,01,A01
201100048611,0,01,000,01,0,1,01,A01
201100048612,0,02,000,14,0,1,06,A01
201100048613,0,10,000,00,2,7,01,B01
201100048613,0,30,000,00,2,2,09,A01
201100048614,0,07,000,15,2,1,01,A01
201100048614,0,30,000,00,2,7,01,B01
201100048615,0,07,000,00,0,4,04,A01
201100048615,0,30,000,00,2,1,02,B01
201100048616,1,10,000,00,0,5,05,A01
201100048617,0,07,000,00,2,1,15,A01
201100048617,0,07,000,00,2,3,01,B01
201100048618,0,07,000,01,0,1,21,A01
201100048619,0,07,000,00,2,1,02,A01
201100048619,0,07,000,00,2,1,01,B01
201100048619,0,07,000,00,2,4,01,C01
201100048620,0,03,000,00,2,2,15,A01
201100048620,0,07,000,00,2,1,01,B01
201100048621,0,07,000,00,1,1,01,A01
201100048622,0,07,000,01,0,2,13,A01
201100048623,0,07,000,00,1,1,01,A01
201100048624,0,07,000,15,0,1,01,A01
201100048625,0,30,000,00,2,2,03,A01
201100048625,0,07,000,00,2,3,01,B01
201100048626,0,07,000,00,1,7,01,A01
201100048627,0,07,000,00,2,3,10,A01
201100048627,0,32,000,00,2,1,02,B01
201100048628,0,01,000,00,0,8,11,A01
201100048628,0,30,000,00,2,2,17,B01
201100048629,0,07,000,00,1,1,01,A01
201100048630,0,32,000,00,1,1,01,A01
201100048631,0,32,000,00,2,1,01,B01
201100048631,1,07,000,00,2,3,01,A01
201100048632,2,07,000,00,2,3,10,A01
201100048632,0,33,000,00,2,2,21,B01
201100048633,0,33,000,00,2,1,01,A01
201100048633,0,07,000,00,2,6,15,B01
201100048634,0,07,000,00,2,4,16,A01
201100048634,0,33,000,00,2,1,19,B01
201100048635,0,10,000,00,1,7,17,A01
201100048636,0,33,000,00,2,2,01,A01
201100048636,0,10,000,00,2,8,10,B01
201100048637,0,10,000,00,1,7,01,A01
201100048638,0,07,000,00,2,1,01,A01
201100048638,0,01,000,00,2,7,01,B01
201100048639,0,34,000,00,0,6,01,A01
201100048639,0,13,000,00,0,2,15,B01
201100048640,0,30,000,00,1,1,01,A01
201100048641,0,07,000,00,2,7,15,A01
201100048641,0,07,000,00,2,2,01,B01
201100048642,0,07,000,00,1,1,01,A01
201100048643,0,07,000,00,1,2,01,A01
201100048644,0,07,000,00,2,7,01,A01
201100048644,0,32,000,00,2,1,01,B01
201100048645,0,07,000,03,2,2,01,A01
201100048645,0,07,000,00,2,1,01,B01
201100048646,0,33,000,00,2,9,17,B01
201100048646,0,07,000,00,2,8,15,A01
201100048647,0,07,000,00,2,3,02,A01
201100048647,0,01,000,00,2,7,19,B01
201100048648,0,01,000,00,1,8,01,A01
201100048649,0,02,000,00,2,2,13,A01
201100048649,1,03,000,00,2,8,01,B01
201100048650,0,31,000,00,0,8,01,A01
201100048651,0,07,000,00,2,4,04,A01
201100048651,0,30,000,00,2,7,01,B01
201100048652,0,07,000,00,1,1,15,A01
201100048653,0,07,000,00,2,4,04,A01
201100048653,0,02,000,00,2,1,01,B01
201100048654,0,10,000,00,1,4,04,A01
201100048655,0,34,000,00,1,1,01,A01
201100048656,0,10,000,00,1,3,01,A01
201100048657,0,07,000,00,1,1,01,A01
201100048658,0,32,000,00,2,2,17,A01
201100048658,0,07,000,00,2,6,15,B01
201100048659,0,10,000,00,2,3,10,A01
201100048659,0,34,000,00,2,4,02,B01
201100048660,0,07,000,00,2,3,20,A01
201100048660,0,33,000,00,2,2,01,B01
201100048661,0,34,000,00,0,8,01,A01
201100048661,1,07,000,00,0,0,00,B01
201100048662,0,33,000,00,0,0,02,A01
201100048663,0,07,000,00,1,2,00,A01
201100048664,0,07,000,00,1,1,15,A01
201100048665,0,07,000,01,0,2,01,A01
201100048666,0,07,000,00,2,3,10,A01
201100048666,0,02,000,00,2,2,01,B01
201100048667,0,07,000,00,1,1,21,A01
201100048668,0,07,000,00,2,1,02,A01
201100048668,0,31,000,15,2,4,01,B01
201100048669,0,07,000,00,0,2,01,A01
201100048670,0,01,000,00,1,1,01,A01
201100048671,1,07,000,00,1,1,01,A01
201100048672,2,07,000,08,0,1,00,A01
201100048673,0,07,000,00,2,1,01,A01
201100048673,0,02,000,00,2,1,01,B01
201100048674,0,07,000,00,1,6,01,A01
201100048675,2,07,000,04,0,2,01,A01
201100048676,0,07,000,00,0,8,10,A01
201100048676,0,30,000,00,2,1,10,B01
201100048677,0,07,000,01,0,2,00,A01
201100048678,0,02,000,00,2,1,00,B01
201100048678,0,07,000,00,0,2,00,A01
201100048679,0,01,000,00,2,1,01,Y01
201100048679,0,07,000,00,2,1,09,A01
201100048680,0,33,000,00,2,7,02,B01
201100048680,0,07,000,00,0,1,09,A01
201100048681,0,02,000,00,2,0,01,A01
201100048681,0,01,000,00,2,0,01,B01
201100048682,0,02,000,00,2,1,01,A01
201100048682,0,07,000,00,0,3,15,B01
201100048683,0,07,000,00,2,7,15,A01
201100048683,0,02,000,00,2,1,01,B01
201100048684,0,02,000,00,2,1,01,B01
201100048684,0,07,000,00,2,2,01,A01
201100048685,0,07,000,00,2,5,01,A01
201100048685,0,07,000,00,2,1,01,B01
201100048686,1,07,000,00,1,1,01,A01
201100048687,0,02,000,00,2,1,01,B01
201100048687,0,07,000,00,2,2,01,A01
201100048688,0,07,000,00,2,6,01,A01
201100048688,0,07,000,00,2,2,01,B01
201100048689,0,30,000,00,2,1,00,A01
201100048689,0,07,000,00,0,3,15,B01
201100048690,0,07,000,00,1,1,01,B01
201100048691,0,34,000,00,0,3,00,A01
201100048691,0,07,000,00,0,7,02,B01
201100048692,0,34,000,00,1,1,01,B01
201100048693,0,30,000,00,2,1,01,A01
201100048693,0,07,000,00,2,6,09,B01
201100048694,0,07,000,00,2,7,01,A01
201100048694,0,07,000,00,2,1,01,B01
201100048695,0,07,000,00,9,3,15,A01
201100048695,0,01,000,00,2,1,01,B01
201100048696,0,07,000,01,0,3,11,A01
201100048696,0,32,000,00,0,9,02,B01
201100048696,0,07,000,01,0,3,11,C01
201100048697,0,07,000,00,1,1,01,A01
201100048698,2,07,000,01,1,1,05,A01
201100048699,0,30,000,12,0,2,01,A01
201100048700,0,07,000,08,2,2,01,A01
201100048700,0,07,000,00,2,1,01,B01
201100048701,0,07,000,00,2,1,01,A01
201100048701,0,07,000,00,2,3,01,B01
201100048702,0,33,000,00,2,1,02,A01
201100048702,0,07,000,00,2,6,01,B01
201100048703,0,07,000,00,0,0,20,A01
201100048703,0,32,000,00,0,8,01,B01
201100048704,0,10,000,14,0,1,02,A01
201100048704,0,02,000,00,2,4,23,B01
201100048705,0,07,000,00,1,3,16,A01
201100048706,0,07,000,00,1,3,01,A01
201100048707,0,10,000,00,2,4,02,B01
201100048707,0,07,000,00,2,3,02,A01
201100048708,0,07,000,00,2,3,15,B01
201100048708,0,33,000,00,2,2,15,A01
201100048709,0,10,000,00,0,1,02,B01
201100048709,0,10,000,00,0,4,01,A01
201100048710,0,10,000,00,0,6,02,C01
201100048710,0,07,000,00,2,4,01,B01
201100048710,0,14,000,00,2,1,02,A01
201100048711,0,32,000,00,0,1,01,A01
201100048711,1,07,000,00,2,1,11,Z01
201100048712,0,07,000,00,2,2,01,A01
201100048712,0,07,000,00,2,3,01,B01
201100048713,0,02,000,00,2,1,01,B01
201100048713,0,07,000,00,2,7,15,A01
201100048714,0,07,000,00,0,1,14,A01
201100048715,0,07,000,00,1,3,01,A01
201100048716,0,07,000,02,0,1,21,A01
201100048717,0,33,000,08,2,1,01,B01
201100048717,0,07,000,00,2,2,15,A01
201100048718,0,07,000,00,2,1,01,A01
201100048718,0,07,000,00,2,8,16,B01
201100048719,0,07,000,00,2,2,15,A01
201100048719,0,30,000,00,2,1,01,B01
201100048720,0,07,000,00,1,2,16,A01
201100048721,0,07,000,00,2,6,01,A01
201100048721,0,07,000,00,2,2,01,B01
201100048722,0,07,000,00,2,2,15,A01
201100048722,0,33,000,00,2,1,01,B01
201100048723,0,07,000,00,2,2,20,A01
201100048723,0,30,000,00,2,1,21,B01
201100048724,0,07,000,00,2,1,02,A01
201100048724,0,07,000,00,2,4,02,B01
201100048724,0,07,000,00,2,4,01,C01
201100048725,0,34,000,00,0,7,01,A01
201100048726,0,07,000,00,2,3,01,A01
201100048726,0,37,001,00,2,2,01,B01
201100048727,0,07,000,00,2,5,01,A01
201100048727,0,20,000,00,2,1,02,B01
201100048728,0,07,000,00,1,1,01,A01
201100048729,0,07,000,00,2,1,02,A01
201100048729,0,07,000,00,2,4,01,B01
201100048730,0,37,006,00,2,3,01,B01
201100048730,0,07,000,00,2,1,01,A01
201100048731,0,30,000,00,1,7,01,A01
201100048732,0,31,000,00,0,7,15,A01
201100048733,0,07,000,00,2,7,01,A01
201100048733,0,07,000,00,2,1,01,B01
201100048734,0,07,000,00,1,2,17,A01
201100048735,0,07,000,04,0,3,21,A01
201100048736,0,07,000,01,2,3,01,A01
201100048736,0,07,000,00,2,1,01,B01
201100048737,0,07,000,00,2,5,12,A01
201100048737,0,37,003,00,2,3,01,B01
201100048738,0,07,000,00,0,1,02,A01
201100048738,0,07,000,00,0,4,23,B01
201100048739,0,33,000,00,2,1,01,A01
201100048739,0,07,000,00,2,7,15,B01
201100048740,0,07,000,01,2,7,01,A01
201100048740,0,01,000,00,2,1,19,B02
201100048741,0,07,000,00,1,3,01,A01
201100048742,0,07,000,00,2,2,15,A01
201100048742,0,33,000,00,2,1,01,B01
201100048743,0,07,000,00,2,8,01,B01
201100048743,0,07,000,00,2,2,01,A01
201100048744,0,10,000,00,1,3,01,A01
201100048745,0,33,000,00,2,9,21,A01
201100048745,0,07,000,00,2,1,16,B01
201100048745,0,07,000,00,2,3,01,C01
201100048746,0,07,000,00,2,2,15,A01
201100048746,0,33,000,00,2,1,01,B01
201100048747,0,07,000,00,2,3,01,A01
201100048747,0,37,004,00,2,3,01,B01
201100048748,2,07,000,00,2,7,17,A01
201100048748,0,30,000,00,2,3,12,B01
201100048749,0,07,000,00,0,0,19,A01
201100048749,0,33,000,00,2,0,21,B01
201100048750,0,07,000,00,1,2,01,A01
201100048751,0,07,000,00,1,1,01,A01
201100048752,0,07,000,00,2,1,02,A01
201100048752,0,07,000,00,2,4,01,B01
201100048753,0,07,000,00,1,3,01,A01
201100048754,1,07,000,00,1,1,17,A01
201100048755,0,07,000,00,2,7,15,A01
201100048755,0,33,000,00,2,1,01,B01
201100048756,0,07,000,00,1,8,01,A01
201100048757,0,03,000,00,1,1,01,A01
201100048758,0,07,000,00,0,5,04,A01
201100048758,0,01,000,00,0,8,01,B01
201100048759,0,07,000,15,0,1,12,A01
201100048760,0,07,000,00,1,7,01,A01
201100048761,0,07,000,00,2,1,02,A01
201100048761,0,07,000,00,0,4,23,B01
201100048762,0,10,000,00,0,3,01,B01
201100048762,0,10,000,00,2,2,01,A01
201100048763,0,10,000,01,0,2,01,A01
201100048764,0,07,000,00,2,2,15,A01
201100048764,0,07,000,00,2,1,01,B01
201100048765,0,07,000,00,2,1,01,A01
201100048765,0,07,000,00,2,3,01,B01
201100048766,0,07,000,00,2,3,01,A01
201100048766,0,07,000,00,2,2,01,B01
201100048767,0,31,000,00,2,1,03,A01
201100048767,0,07,000,00,0,5,01,B01
201100048768,0,07,000,00,2,1,13,A01
201100048768,0,10,000,00,2,1,01,B01
201100048769,0,07,000,00,2,2,20,A01
201100048769,0,07,000,00,2,1,01,B01
201100048770,0,07,000,00,2,3,10,A01
201100048770,0,30,000,00,2,2,02,B01
201100048771,0,99,000,11,2,5,01,A01
201100048771,0,02,000,00,2,1,01,B01
201100048772,0,07,000,04,0,8,17,A01
201100048773,0,33,000,01,0,1,21,A01
201100048774,0,07,000,00,2,8,01,B01
201100048774,0,07,000,00,2,1,19,A01
201100048775,0,07,000,00,2,2,02,A01
201100048775,0,07,000,00,2,5,01,B01
201100048776,0,07,000,05,2,4,01,A01
201100048776,0,07,000,12,2,8,02,B01
201100048777,0,07,000,00,2,3,15,A01
201100048777,0,33,000,00,2,1,11,B01
201100048778,0,07,000,00,1,1,01,A01
201100048779,0,07,000,00,2,2,09,A01
201100048779,0,02,000,00,2,6,01,B01
201100048780,0,33,000,00,2,1,01,A01
201100048780,0,07,000,00,2,8,11,B01
201100048781,0,07,000,00,1,2,01,A01
201100048782,0,34,000,00,2,5,17,A01
201100048782,0,07,000,00,2,3,15,B01
201100048783,0,02,000,00,2,3,01,B01
201100048783,1,07,000,,,,01,Z01
201100048784,0,07,000,00,2,1,13,A01
201100048784,0,07,000,00,2,1,01,B01
201100048785,0,34,000,00,2,1,21,A01
201100048785,0,07,000,00,2,1,15,B01
201100048786,0,10,000,00,2,3,05,A01
201100048786,0,30,000,00,2,1,01,B01
201100048787,0,07,000,00,0,6,11,A01
201100048787,0,34,000,00,2,1,01,B01
201100048788,0,07,000,00,1,2,01,A01
201100048789,0,33,000,00,2,1,17,A01
201100048789,0,07,000,00,2,8,01,B01
201100048790,0,32,000,00,2,1,01,A01
201100048790,1,10,000,00,2,0,00,Z01
201100048791,0,10,000,00,2,1,02,A01
201100048791,0,07,000,00,2,4,01,B01
201100048792,0,07,000,00,1,2,01,A01
201100048793,0,07,000,01,2,6,15,A01
201100048793,0,33,000,00,2,1,01,B01
201100048793,0,07,000,00,0,0,22,C01
201100048794,0,07,000,06,0,2,01,A01
201100048795,0,07,000,00,0,4,01,A01
201100048795,0,02,000,00,2,1,02,B01
201100048796,0,99,000,00,2,2,01,A01
201100048796,0,07,000,00,2,1,09,B01
201100048797,0,37,015,00,0,0,01,A01
201100048797,1,07,000,00,0,0,15,Z01
201100048798,0,02,000,00,2,1,17,A01
201100048798,0,07,000,00,9,4,15,B01
201100048799,0,20,000,00,2,7,15,A01
201100048799,0,33,000,00,2,1,01,B01
201100048800,0,07,000,01,0,1,01,A01
201100048801,0,07,000,02,0,1,21,A01
201100048801,0,07,000,00,0,0,15,B01
201100048802,0,07,000,01,2,1,02,A01
201100048802,0,07,000,01,2,4,02,B01
201100048802,0,07,000,00,2,4,02,C01
201100048803,0,07,000,00,2,1,01,B01
201100048803,0,30,000,00,2,3,09,A01
201100048804,0,07,000,00,2,1,01,A01
201100048804,0,07,000,00,2,4,20,B01
201100048804,0,07,000,00,2,5,24,C01
201100048805,0,07,000,16,0,0,21,A01
201100048806,0,07,000,00,2,3,09,A01
201100048806,0,07,000,00,2,2,10,B01
201100048807,0,07,000,00,1,3,01,A01
201100048808,0,07,000,00,1,3,15,A01
201100048809,1,07,000,00,1,1,01,Z01
201100048810,0,07,000,00,1,1,01,A01
201100048811,1,07,000,00,1,1,01,Z01
201100048812,0,07,000,00,0,3,09,A01
201100048812,0,07,000,00,2,2,01,B01
201100048813,0,07,000,00,2,2,15,A01
201100048813,0,10,000,00,2,2,01,B01
201100048814,0,07,000,00,1,2,11,A01
201100048815,0,31,000,00,0,8,01,A01
201100048816,0,07,000,12,2,2,03,A01
201100048816,0,31,000,00,0,8,03,B01
201100048817,0,07,000,00,2,3,00,A01
201100048818,0,07,000,00,2,1,11,A01
201100048818,0,07,000,00,2,1,01,B01
201100048819,0,07,000,00,1,3,01,A01
201100048820,0,33,000,00,0,8,01,A01
201100048820,0,07,000,03,0,1,21,B01
201100048820,0,07,000,00,2,8,21,C01
201100048821,0,01,000,00,2,1,01,B01
201100048821,0,07,000,00,9,3,01,A01
201100048822,0,07,000,00,1,4,04,A01
201100048823,0,34,000,00,1,1,01,A01
201100048824,0,07,000,00,2,6,10,B01
201100048824,0,34,000,00,2,1,01,A01
201100048825,0,99,000,00,0,1,01,B01
201100048825,0,01,000,00,0,7,01,A01
201100048826,0,07,000,00,1,2,01,A01
201100048827,0,30,000,00,2,3,01,B01
201100048827,0,07,000,00,2,2,01,A01
201100048828,1,30,000,00,1,6,17,Z01
201100048829,0,07,000,09,2,1,01,A01
201100048829,0,07,000,00,2,8,01,B01
201100048830,0,07,000,00,2,1,01,B01
201100048830,0,31,000,00,2,7,01,A01
201100048831,0,07,000,00,1,7,01,A01
201100048832,0,33,000,00,2,3,01,B01
201100048832,0,07,000,00,2,2,01,A01
201100048833,0,07,000,00,1,2,01,A01
201100048834,0,10,000,00,1,4,04,A01
201100048835,0,07,000,00,2,5,01,A01
201100048835,0,07,000,00,2,3,01,B01
201100048836,0,07,000,00,1,3,15,A01
201100048837,0,10,000,00,1,3,01,A01
201100048838,0,07,000,00,2,7,22,A01
201100048838,0,01,000,00,2,1,01,B02
201100048839,0,07,000,00,2,3,01,A01
201100048839,0,02,000,00,2,7,01,B01
201100048840,0,10,000,00,2,3,20,B01
201100048840,0,33,000,00,2,2,02,A01
201100048841,0,07,000,00,2,1,01,A01
201100048841,0,01,000,00,2,7,17,B01
201100048842,0,07,000,00,1,1,15,A01
201100048843,0,07,000,00,1,1,01,A01
201100048844,0,07,000,00,1,3,01,A01
201100048845,0,37,001,00,1,2,01,A01
201100048846,0,32,000,00,2,1,01,B01
201100048846,0,07,000,00,2,3,10,A01
201100048847,0,07,000,00,2,8,01,A01
201100048847,0,02,000,00,2,2,17,B01
201100048848,0,07,000,00,1,1,01,A01
201100048849,0,33,000,00,0,1,01,A01
201100048850,0,10,000,01,1,7,01,A01
201100048851,0,07,000,00,2,2,01,A01
201100048851,0,10,000,00,2,8,16,B01
201100048852,0,07,000,00,2,2,09,A01
201100048852,0,34,000,00,2,1,01,B01
201100048853,0,33,000,00,1,5,01,A01
201100048854,0,33,000,00,2,1,01,B01
201100048854,0,07,000,00,9,3,09,A01
201100048855,0,07,000,00,2,3,01,A01
201100048855,0,02,000,00,2,1,08,B01
201100048856,0,07,000,00,2,8,01,B01
201100048856,0,02,000,01,2,2,13,A01
201100048857,0,34,000,00,2,1,17,B01
201100048857,0,07,000,00,2,3,15,A01
201100048858,1,30,000,00,1,1,01,A01
201100048859,0,32,000,00,2,1,17,A01
201100048859,0,13,000,00,2,3,20,B01
201100048860,0,10,000,00,2,6,13,A01
201100048860,0,34,000,00,2,7,17,B01
201100048861,0,02,000,00,2,7,01,A01
201100048861,0,10,000,00,2,1,01,B01
201100048862,0,07,000,00,1,7,01,B01
201100048862,1,32,000,00,2,1,01,A01
201100048863,0,07,000,00,2,7,01,A01
201100048863,0,01,000,00,2,1,01,B01
201100048864,0,99,000,00,5,1,01,A01
201100048865,0,07,000,00,1,1,01,A01
201100048866,0,07,000,00,2,2,16,A01
201100048866,0,33,000,00,2,3,18,B01
201100048867,0,07,000,00,1,1,01,A01
201100048868,0,07,000,01,0,2,01,A01
201100048869,0,30,000,00,2,5,01,B01
201100048869,0,07,000,00,2,1,01,A01
201100048870,0,32,000,00,1,1,05,A01
201100048871,0,07,000,00,1,2,17,A01
201100048871,0,37,002,00,2,6,01,B01
201100048872,0,07,000,00,2,3,01,A01
201100048873,1,07,000,00,1,1,01,Z01
201100048874,0,32,000,00,2,1,01,A01
201100048874,0,07,000,00,2,1,15,B01
201100048875,0,30,000,00,1,1,01,A01
201100048876,0,32,000,01,0,0,18,A01
201100048876,0,07,000,00,0,0,01,B01
201100048877,0,07,000,00,2,3,15,A01
201100048877,0,31,000,00,2,8,01,B01
201100048878,0,07,000,00,2,1,15,A01
201100048878,0,30,000,00,2,1,01,B01
201100048879,0,07,000,00,2,2,17,A01
201100048879,0,01,000,00,0,8,01,B01
201100048880,0,32,000,00,2,1,01,A01
201100048880,0,01,000,00,2,5,01,B01
201100048881,0,07,000,00,1,1,15,A01
201100048882,0,10,000,01,0,2,01,A01
201100048883,0,07,000,00,0,3,09,A01
201100048883,0,33,000,00,2,9,01,B01
201100048884,0,32,000,00,2,3,09,A01
201100048884,0,07,000,00,2,2,17,B01
201100048885,0,07,000,00,0,0,04,A01
201100048885,0,33,000,00,2,8,21,B01