Num_Acc,senc,catv,occutc,obs,obsm,choc,manv,num_veh
201100048886,0,07,000,00,2,3,15,A01
201100048886,0,30,000,00,2,1,01,B01
201100048887,0,14,000,00,2,5,01,A01
201100048887,0,07,000,00,2,1,09,B01
201100048888,0,07,000,00,2,7,15,A01
201100048888,0,33,000,00,2,9,01,B01
201100048889,0,07,000,00,1,2,17,A01
201100048890,0,07,000,00,1,3,01,A01
201100048891,0,32,000,00,1,7,01,A01
201100048892,0,07,000,00,1,8,01,A01
201100048893,0,07,000,00,1,2,01,A01
201100048894,0,07,000,00,1,1,01,A01
201100048895,0,07,000,00,1,1,01,A01
201100048896,0,07,000,00,2,1,01,A01
201100048896,0,07,000,00,2,1,13,B01
201100048897,0,32,000,00,1,2,21,A01
201100048898,0,07,000,00,2,2,01,B01
201100048898,0,07,000,00,2,3,16,A01
201100048899,0,34,000,00,2,4,01,B01
201100048899,0,34,000,00,2,1,02,C01
201100048899,0,07,000,00,0,0,15,A01
201100048900,0,07,000,00,1,3,01,A01
201100048901,0,33,000,00,2,8,01,B01
201100048901,0,07,000,00,2,1,01,A01
201100048902,0,07,000,00,2,3,01,B01
201100048902,0,07,000,00,2,2,01,A01
201100048903,0,07,000,00,2,2,15,A01
201100048903,0,30,000,00,2,1,01,B01
201100048904,0,33,000,12,0,6,12,A01
201100048904,0,07,000,00,2,2,01,B01
201100048905,0,07,000,00,1,2,01,A01
201100048906,0,33,000,00,2,1,17,A01
201100048906,0,07,000,00,2,8,19,B01
201100048907,1,07,000,00,1,1,01,A01
201100048908,0,13,000,00,2,2,16,A01
201100048908,0,31,000,00,2,1,14,B01
201100048909,0,10,000,00,2,7,12,A01
201100048909,0,33,000,00,2,8,01,B01
201100048909,0,07,000,00,2,7,01,C01
201100048910,0,07,000,00,0,1,00,A01
201100048910,0,07,000,00,0,3,01,B01
201100048910,0,10,000,00,0,0,00,C01
201100048911,2,30,000,00,1,1,01,A01
201100048912,0,07,000,00,1,2,01,A01
201100048913,0,07,000,00,2,1,01,A01
201100048913,0,07,000,00,2,3,01,B01
201100048914,0,07,000,00,2,3,19,A01
201100048914,0,07,000,00,2,3,19,B01
201100048915,0,07,000,00,1,1,12,A01
201100048916,0,32,000,00,0,7,21,B01
201100048917,0,10,000,00,2,1,01,A01
201100048917,0,07,000,00,2,8,15,B01
201100048918,0,07,000,00,1,8,01,A01
201100048919,0,07,000,00,0,4,01,A01
201100048919,0,30,000,00,0,1,02,B01
201100048920,0,07,000,02,0,1,01,A01
201100048921,0,33,000,00,1,2,18,A01
201100048922,0,10,000,00,2,2,09,A01
201100048922,0,32,000,00,2,7,01,B01
201100048922,0,07,000,00,2,1,01,C01
201100048923,1,30,000,00,1,1,01,Z01
201100048924,0,02,000,00,1,3,01,A01
201100048925,0,07,000,00,0,3,01,B01
201100048925,0,34,000,00,0,1,19,A01
201100048926,1,07,000,00,0,0,00,A01
201100048926,0,07,000,00,2,3,02,B01
201100048927,1,07,000,00,1,2,15,A01
201100048928,0,07,000,00,2,3,02,B01
201100048928,0,02,000,00,2,7,02,A01
201100048929,0,07,000,00,0,8,15,A01
201100048929,0,33,000,00,2,1,17,B01
201100048930,0,07,000,00,1,2,16,A01
201100048931,0,14,000,00,2,3,15,A01
201100048931,0,32,000,00,2,7,17,B01
201100048932,0,07,000,00,2,1,01,B01
201100048932,0,07,000,00,2,7,01,A01
201100048933,0,07,000,00,1,6,04,A01
201100048934,0,30,000,01,0,6,01,A01
201100048935,0,02,000,00,2,1,01,A01
201100048935,0,30,000,00,2,3,01,B01
201100048936,1,30,000,00,9,1,05,A01
201100048936,0,01,000,00,2,7,19,B01
201100048937,0,07,000,00,2,7,01,A01
201100048937,0,33,000,00,2,1,01,B01
201100048938,1,07,000,00,1,1,01,A01
201100048939,0,07,000,09,0,1,21,A01
201100048940,0,02,000,01,1,1,01,A01
201100048941,0,07,000,00,0,0,15,B01
201100048941,0,32,000,11,2,1,21,A01
201100048942,1,03,000,00,1,0,00,Z01
201100048943,0,10,000,00,1,2,01,A01
201100048944,0,34,000,00,2,7,01,B01
201100048944,0,07,000,00,2,8,09,A01
201100048945,0,07,000,00,2,3,13,A01
201100048945,0,30,000,00,2,2,17,B01
201100048946,0,34,000,02,2,1,21,B01
201100048947,0,07,000,00,2,2,10,A01
201100048947,0,34,000,00,2,3,01,B01
201100048948,0,07,000,00,2,3,11,A01
201100048948,0,07,000,00,2,2,17,B01
201100048949,0,07,000,00,2,2,01,A01
201100048949,0,01,000,00,2,7,01,B01
201100048950,0,10,000,08,1,2,01,A01
201100048951,0,30,000,00,2,7,01,A01
201100048951,0,07,000,00,2,1,15,B01
201100048952,1,30,000,00,2,1,01,Z01
201100048953,0,33,000,00,2,2,09,A01
201100048953,0,07,000,00,2,1,01,B01
201100048954,0,07,000,00,2,4,04,A01
201100048954,0,07,000,00,2,3,23,B01
201100048955,0,07,000,00,1,1,01,A01
201100048956,0,07,000,00,2,2,15,A01
201100048956,0,33,000,00,2,8,17,B01
201100048957,0,07,000,08,0,1,07,A01
201100048958,0,07,000,00,2,2,02,A01
201100048958,0,33,000,00,2,6,01,B01
201100048959,0,07,000,00,2,3,13,A01
201100048959,0,30,000,00,2,2,13,B01
201100048960,0,07,000,00,2,4,04,A01
201100048960,0,33,000,00,2,2,02,B01
201100048961,0,01,000,00,2,1,01,B01
201100048961,0,07,000,00,2,1,01,A01
201100048962,0,10,000,00,2,6,16,A01
201100048962,0,31,000,00,2,2,01,B01
201100048963,0,07,000,00,2,1,01,B01
201100048963,0,07,000,00,2,3,05,A01
201100048964,0,07,000,00,2,5,04,A01
201100048964,0,33,000,00,2,1,18,B01
201100048965,2,07,000,00,2,1,01,A01
201100048965,0,07,000,00,0,1,01,B01
201100048966,0,07,000,00,2,2,01,A01
201100048966,0,32,000,00,2,6,01,B01
201100048967,0,07,000,00,1,8,01,A01
201100048968,0,07,000,00,2,2,09,A01
201100048968,0,01,000,00,2,4,01,B01
201100048969,0,10,000,00,2,3,15,A01
201100048969,0,30,000,00,2,2,17,B01
201100048970,0,13,000,00,1,2,01,A01
201100048971,0,07,000,00,2,3,00,A01
201100048971,0,07,000,00,2,3,00,B01
201100048972,0,32,000,00,0,8,02,B01
201100048972,0,07,000,00,2,8,18,A01
201100048973,0,07,000,00,1,3,15,A01
201100048974,0,07,000,00,2,6,10,A01
201100048974,0,33,000,00,2,1,01,B01
201100048975,0,02,000,00,0,1,00,A01
201100048975,0,31,000,00,0,1,00,B01
201100048976,0,07,000,00,0,5,23,A01
201100048976,0,32,000,00,0,1,00,B01
201100048977,0,07,000,00,2,3,10,A01
201100048977,0,32,000,00,2,1,17,B01
201100048978,0,32,000,00,2,1,01,A01
201100048978,0,07,000,00,2,3,23,B01
201100048979,0,02,000,00,2,1,02,A01
201100048979,0,07,000,00,2,5,01,B01
201100048980,0,07,000,00,1,2,01,A01
201100048981,0,33,000,00,1,1,01,A01
201100048982,0,07,000,00,2,1,01,A01
201100048982,0,07,000,00,0,3,15,B01
201100048983,0,07,000,00,2,1,01,A01
201100048983,0,07,000,00,2,3,01,B01
201100048984,0,07,000,00,2,1,01,B01
201100048984,0,07,000,02,2,3,09,A01
201100048985,0,07,000,00,2,2,01,B01
201100048985,0,07,000,00,2,3,11,A01
201100048985,0,07,000,00,2,1,23,C01
201100048986,0,07,000,00,1,1,01,A01
201100048987,0,07,000,00,2,2,15,A01
201100048987,0,32,000,00,2,1,02,B01
201100048988,0,07,000,02,0,1,01,A01
201100048989,0,07,000,00,1,1,01,A01
201100048990,0,37,030,00,2,2,01,A01
201100048990,0,07,000,00,2,3,16,B01
201100048991,0,07,000,00,2,1,02,Z01
201100048991,0,07,000,00,2,4,23,A01
201100048991,0,10,000,00,0,4,02,B01
201100048992,1,07,000,00,2,1,01,Z01
201100048992,0,34,000,00,2,2,15,B01
201100048993,0,10,000,00,2,7,01,B01
201100048993,0,02,000,12,2,3,09,A01
201100048994,0,07,000,00,2,7,01,A01
201100048994,0,07,000,00,2,1,01,B01
201100048995,0,07,000,00,1,4,04,A01
201100048996,0,07,000,00,2,1,15,A01
201100048996,0,07,000,00,2,3,01,B01
201100048997,0,30,000,00,2,1,01,A01
201100048997,1,07,000,00,2,4,23,Z01
201100048998,0,34,000,00,2,1,01,B01
201100048998,0,07,000,00,2,5,15,A01
201100048999,0,07,000,00,2,7,15,A01
201100048999,0,34,000,00,2,1,01,B01
201100049000,0,07,000,00,2,1,01,A01
201100049000,0,01,000,00,2,8,01,B01
201100049001,0,14,000,00,2,2,01,A01
201100049001,0,10,000,00,2,8,01,B01
201100049002,1,07,000,00,1,1,01,Z01
201100049003,0,07,000,00,2,5,12,A01
201100049003,0,33,000,00,2,3,01,B01
201100049004,0,07,000,00,2,5,07,A01
201100049004,0,37,001,00,2,3,07,B01
201100049005,0,01,000,00,2,0,02,A01
201100049006,0,01,000,00,2,3,13,A01
201100049006,0,07,000,00,0,3,01,B01
201100049007,0,07,000,00,1,6,01,A01
201100049008,0,07,000,00,2,1,01,B01
201100049008,2,07,000,00,2,9,15,A01
201100049009,0,07,000,00,2,1,01,A01
201100049009,0,07,000,00,2,4,01,B01
201100049009,0,07,000,00,0,4,01,C01
201100049010,0,07,000,00,2,3,20,A01
201100049010,0,01,000,00,2,1,01,B01
201100049011,0,07,000,00,2,5,23,A01
201100049011,0,32,000,00,2,1,02,B01
201100049011,1,10,000,00,2,3,02,Z01
201100049012,0,33,000,00,2,1,02,A01
201100049012,0,07,000,00,2,4,01,B01
201100049013,0,32,000,00,2,1,02,A01
201100049013,0,07,000,00,2,4,01,B01
201100049014,0,01,000,00,2,4,01,A01
201100049014,1,07,000,00,2,1,02,Z01
201100049015,0,07,000,00,1,5,21,A01
201100049016,0,33,000,00,2,1,17,A01
201100049016,0,07,000,00,2,8,09,B01
201100049017,0,07,000,00,2,2,01,B01
201100049017,0,02,000,00,0,7,19,A01
201100049018,0,07,000,14,2,1,01,A01
201100049018,0,07,000,14,0,4,01,B01
201100049018,0,07,000,00,2,4,01,C01
201100049019,0,07,000,00,1,1,01,A01
201100049020,0,34,000,01,2,3,01,A01
201100049020,0,10,000,00,2,2,01,B01
201100049021,0,03,000,00,2,2,01,A01
201100049021,0,07,000,09,2,6,01,B01
201100049022,0,07,000,00,2,3,15,A01
201100049022,0,33,000,00,2,1,01,B01
201100049023,0,07,000,08,2,8,01,A01
201100049023,0,07,000,00,2,3,15,B01
201100049024,0,07,000,00,2,3,03,A01
201100049024,0,07,000,08,2,1,01,B01
201100049025,0,07,000,11,0,2,01,A01
201100049026,0,07,000,00,2,1,01,B01
201100049026,0,30,000,00,2,1,05,A01
201100049027,0,37,001,00,2,3,01,B01
201100049027,0,07,000,00,2,5,16,A01
201100049028,0,07,000,00,1,2,01,A01
201100049029,0,32,000,00,2,1,17,A01
201100049029,0,10,000,00,2,3,15,B01
201100049030,0,07,000,00,1,3,15,A01
201100049031,0,07,000,00,2,6,13,A01
201100049031,0,07,000,14,2,2,01,B01
201100049032,0,31,000,15,2,1,01,A01
201100049032,0,31,000,15,2,5,01,B01
201100049033,0,07,000,00,2,2,12,A01
201100049033,0,10,000,00,2,6,01,B01
201100049034,0,07,000,00,1,3,01,A01
201100049035,0,07,000,14,2,1,02,A01
201100049035,0,07,000,00,2,4,01,B01
201100049036,0,07,000,00,1,2,01,A01
201100049037,0,07,000,00,9,2,15,B01
201100049037,0,01,000,00,2,3,01,A01
201100049038,0,07,000,00,9,2,16,A01
201100049039,0,07,000,00,1,1,01,A01
201100049040,0,07,000,00,1,1,01,A01
201100049041,0,07,000,00,1,0,00,A01
201100049042,0,37,000,14,2,1,02,B01
201100049042,0,07,000,00,2,7,06,A01
201100049043,0,07,000,15,2,7,15,A01
201100049043,0,07,000,00,2,1,01,B01
201100049044,0,07,000,00,2,3,09,B01
201100049044,0,99,000,00,2,2,01,A01
201100049045,0,02,000,00,2,3,01,B01
201100049045,0,07,000,00,2,1,15,A01
201100049046,0,07,000,00,2,1,01,B01
201100049046,0,07,000,00,2,2,01,A01
201100049047,0,07,000,00,2,1,01,A01
201100049047,0,36,000,00,2,6,15,B01
201100049048,0,07,000,00,1,3,01,A01
201100049049,0,07,000,00,2,7,09,A01
201100049049,0,07,000,00,2,8,01,B01
201100049050,0,34,000,09,0,3,01,A01
201100049051,0,07,000,00,1,2,01,A01
201100049052,0,37,001,00,1,3,07,A01
201100049053,0,99,000,00,1,2,01,A01
201100049054,0,02,000,00,2,1,01,A01
201100049054,0,02,000,00,2,8,01,B01
201100049055,0,07,000,00,2,7,01,B01
201100049055,0,34,000,00,2,1,11,A01
201100049056,0,30,000,00,0,8,01,A01
201100049057,0,37,001,00,2,2,01,B01
201100049057,0,13,000,00,2,1,01,A01
201100049058,0,07,000,00,2,2,09,A01
201100049058,0,01,000,00,2,2,16,B01
201100049059,0,07,000,00,1,3,01,A01
201100049060,0,03,000,07,0,3,01,A01
201100049061,0,37,030,14,2,1,01,B01
201100049061,0,07,000,14,2,7,01,A01
201100049062,0,30,000,00,2,2,17,A01
201100049062,0,10,000,00,2,8,15,B01
201100049063,0,35,000,00,1,1,01,X01
201100049064,0,07,000,00,2,1,02,A01
201100049064,0,01,000,00,2,4,01,B01
201100049065,0,07,000,02,0,3,01,A01
201100049066,0,07,000,00,2,9,12,A01
201100049066,0,15,000,00,2,3,01,B01
201100049067,0,37,051,00,1,5,01,A01
201100049068,0,07,000,00,1,2,01,A01
201100049069,1,07,000,00,2,0,11,A01
201100049069,0,33,000,00,2,8,21,B01
201100049070,0,07,000,00,2,2,01,B01
201100049070,0,07,000,00,2,1,16,A01
201100049071,0,07,000,00,2,3,01,B01
201100049071,0,07,000,00,2,2,01,A01
201100049072,0,07,000,00,2,7,01,B01
201100049072,0,07,000,00,2,1,01,A01
201100049073,0,07,000,00,1,2,16,A01
201100049074,0,10,000,01,0,2,01,A01
201100049075,0,37,050,00,0,2,01,A01
201100049076,0,07,000,00,2,3,15,A01
201100049076,0,33,000,00,2,6,01,B01
201100049077,0,07,000,00,2,1,01,A01
201100049077,0,10,000,00,0,8,01,B02
201100049078,0,07,000,00,2,2,01,A01
201100049078,0,07,000,00,2,3,01,B01
201100049079,0,01,000,00,2,3,01,B01
201100049079,1,07,000,00,2,1,01,Z01
201100049080,0,07,000,00,2,2,15,A01
201100049080,0,02,000,00,2,1,01,B01
201100049081,0,07,000,00,2,5,01,A01
201100049081,0,07,000,00,2,3,02,B01
201100049082,0,30,000,00,0,7,01,A01
201100049083,0,07,000,01,1,1,01,A01
201100049084,0,31,000,00,2,1,01,A01
201100049084,0,07,000,00,2,8,15,B01
201100049085,0,07,000,00,2,3,11,A01
201100049085,0,33,000,04,2,7,01,B01
201100049086,0,10,000,00,2,2,15,A01
201100049086,0,07,000,00,2,1,01,B01
201100049087,0,30,000,00,2,7,17,A01
201100049087,0,07,000,00,2,1,15,B01
201100049088,0,07,000,00,1,2,01,A01
201100049089,0,33,000,00,1,2,03,A01
201100049090,0,33,000,00,2,3,13,A01
201100049090,0,07,000,00,2,2,01,B01
201100049091,0,34,000,00,1,1,01,A01
201100049092,1,07,000,00,2,1,02,A01
201100049092,0,07,000,00,2,4,01,B01
201100049093,1,07,000,00,2,8,15,A01
201100049093,0,34,000,00,2,7,01,B01
201100049094,0,07,000,00,2,1,15,A01
201100049094,0,07,000,00,0,8,01,B01
201100049095,0,07,000,00,0,0,23,A01
201100049095,0,01,000,00,2,2,21,B01
201100049096,0,30,000,00,0,2,01,A01
201100049097,0,10,000,01,0,9,14,A01
201100049098,0,07,000,00,1,8,15,A01
201100049099,0,07,000,00,2,1,02,A01
201100049099,0,07,000,00,2,4,23,B01
201100049100,0,07,000,00,2,1,02,A01
201100049100,0,14,000,00,2,4,23,B01
201100049101,0,07,000,00,2,2,01,A01
201100049101,0,01,000,00,2,1,18,B01
201100049102,0,30,000,00,0,3,01,A01
201100049103,0,07,000,04,0,2,01,A01
201100049104,0,01,000,00,2,1,01,A01
201100049104,0,07,000,00,2,2,01,B01
201100049105,0,33,000,00,2,1,01,A01
201100049105,0,07,000,00,2,8,15,B01
201100049106,0,07,000,00,2,2,09,A01
201100049106,0,33,000,00,2,3,21,B01
201100049107,0,10,000,00,2,1,02,A01
201100049107,0,07,000,00,2,4,01,B01
201100049108,2,34,000,00,2,1,01,A01
201100049108,0,07,000,00,2,3,01,B01
201100049109,0,07,000,00,2,7,15,A01
201100049109,0,07,000,00,2,1,01,B01
201100049110,0,07,000,00,2,6,09,B01
201100049110,0,07,000,00,2,2,02,A01
201100049111,0,30,000,00,0,7,01,A01
201100049112,0,07,000,00,1,3,15,A01
201100049113,2,07,000,00,2,0,00,A01
201100049113,0,30,000,00,2,8,01,B02
201100049114,0,07,000,01,0,1,01,A01
201100049115,0,07,000,00,2,2,15,A01
201100049115,0,30,000,00,0,1,02,B01
201100049116,0,07,000,00,2,2,02,A01
201100049116,0,10,000,00,2,6,01,B01
201100049117,0,33,000,00,2,1,01,A01
201100049117,0,01,000,00,2,7,01,B01
201100049118,1,07,000,00,2,2,01,A01
201100049118,0,07,000,00,2,6,01,B01
201100049119,0,33,000,00,2,1,01,A01
201100049119,0,01,000,00,2,5,19,B01
201100049120,0,37,001,00,2,0,00,B01
201100049120,0,07,000,13,0,3,11,A01
201100049121,0,07,000,00,2,8,00,Y01
201100049121,0,07,000,00,1,1,01,A01
201100049122,0,07,000,00,2,3,15,A01
201100049122,0,30,000,00,0,7,02,B01
201100049123,0,07,000,00,2,8,02,B01
201100049123,0,07,000,00,2,1,02,A01
201100049124,0,07,000,00,2,1,02,A01
201100049124,0,07,000,00,2,4,02,B01
201100049125,0,33,000,00,2,2,17,A01
201100049125,0,07,000,00,2,3,15,B01
201100049126,0,07,000,00,1,1,01,B01
201100049127,0,32,000,00,2,1,01,A01
201100049127,0,07,000,00,2,2,01,B01
201100049128,0,32,000,00,2,3,02,B01
201100049128,0,07,000,00,2,1,15,A01
201100049129,0,07,000,12,0,1,01,A01
201100049130,0,07,000,00,2,1,01,B01
201100049130,2,07,000,00,2,1,05,A01
201100049131,0,07,000,00,2,2,15,A01
201100049131,0,30,000,00,2,1,01,B01
201100049132,0,07,000,00,2,4,02,A01
201100049132,0,07,000,00,2,1,02,B01
201100049133,2,07,000,00,2,1,01,B01
201100049133,0,07,000,00,2,2,16,A01
201100049134,0,30,000,00,1,1,01,A01
201100049135,0,34,000,01,0,7,01,A01
201100049136,1,07,000,00,2,1,02,A01
201100049136,0,02,000,00,2,6,15,B01
201100049137,0,07,000,04,0,1,01,A01
201100049138,0,32,000,15,2,9,02,A01
201100049138,0,15,000,00,2,2,02,B01
201100049139,0,07,000,00,2,1,15,A01
201100049139,0,33,000,00,2,1,01,B01
201100049140,0,07,000,00,2,6,19,A01
201100049140,0,32,000,00,2,5,01,B01
201100049141,0,07,000,00,2,7,15,A01
201100049141,0,31,000,00,2,1,07,Z01
201100049142,0,33,000,00,2,1,17,A01
201100049142,0,07,000,00,2,2,15,B01
201100049143,0,07,000,00,2,1,01,A01
201100049143,0,07,000,00,2,3,06,B01
201100049144,0,02,000,00,2,7,01,A01
201100049144,0,10,000,00,2,8,13,B01
201100049145,0,07,000,00,2,8,09,A01
201100049145,0,07,000,00,2,2,01,B01
201100049146,0,01,000,06,0,2,01,A01
201100049147,0,32,000,00,1,1,01,A01
201100049148,0,07,000,00,2,7,15,A01
201100049148,0,10,000,00,2,1,01,B01
201100049149,0,10,000,00,1,6,01,A01
201100049150,0,07,000,00,9,2,07,A01
201100049150,0,01,000,00,2,1,05,B01
201100049151,0,07,000,00,2,7,15,A01
201100049151,0,33,000,00,2,1,01,B01
201100049152,0,01,000,01,0,1,01,A01
201100049153,0,07,000,00,1,1,01,A01
201100049154,0,10,000,00,2,1,01,A01
201100049154,0,14,000,00,2,7,01,B01
201100049155,0,07,000,00,2,1,01,A01
201100049155,0,02,000,00,2,7,16,B01
201100049156,0,07,000,00,2,1,01,A01
201100049156,0,07,000,00,2,4,01,B01
201100049156,0,07,000,00,2,4,01,C01
201100049156,0,07,000,00,2,4,01,D01
201100049157,0,32,000,00,1,1,01,A01
201100049158,0,07,000,00,2,7,15,A01
201100049158,0,33,000,00,2,1,01,B01
201100049159,0,07,000,07,0,4,01,A01
201100049159,0,07,000,01,2,1,02,B01
201100049160,0,07,000,00,1,4,04,A01
201100049161,0,07,000,00,2,3,09,A01
201100049161,0,07,000,00,2,2,01,B01
201100049162,0,30,000,12,0,5,01,A01
201100049163,0,37,002,00,2,3,01,B01
201100049163,0,10,000,00,2,2,09,A01
201100049164,0,07,000,00,1,2,01,A01
201100049165,1,07,000,00,2,2,12,A01
201100049165,0,02,000,00,2,1,18,B01
201100049166,1,99,000,00,1,3,01,A01
201100049167,0,33,000,00,2,1,01,B01
201100049167,0,07,000,00,2,3,01,A01
201100049168,0,40,001,00,1,2,01,A01
201100049169,0,07,000,00,2,3,01,B01
201100049169,0,07,000,00,2,2,01,A01
201100049170,0,01,000,00,2,1,02,A01
201100049170,0,10,000,00,0,6,01,B01
201100049171,0,07,000,00,2,7,16,A01
201100049171,0,30,000,00,2,8,16,B01
201100049172,0,07,000,00,1,2,01,A01
201100049173,0,30,000,00,0,1,01,A01
201100049174,0,07,000,00,2,1,02,A01
201100049174,0,07,000,00,0,6,01,B01
201100049174,0,13,000,00,0,5,01,C01
201100049175,0,07,000,02,0,3,01,A01
201100049176,0,30,000,14,0,8,07,A01
201100049177,0,14,000,00,2,3,10,B01
201100049177,0,33,000,00,2,1,01,A01
201100049178,0,07,000,00,2,1,01,A01
201100049178,0,37,001,00,2,2,02,C01
201100049178,0,40,001,00,2,2,01,B01
201100049179,0,07,000,00,2,3,10,A01
201100049179,0,30,000,00,2,1,01,B01
201100049180,0,07,000,00,1,3,01,A01
201100049181,0,07,000,00,2,4,01,A01
201100049181,0,07,000,00,2,1,02,B01
201100049182,0,07,000,00,1,1,01,A01
201100049183,0,07,000,00,2,4,02,A01
201100049183,0,07,000,00,2,1,02,B01
201100049183,0,07,000,00,2,4,01,C01
201100049184,0,07,000,00,2,7,01,B01
201100049184,0,07,000,00,2,2,01,A01
201100049185,2,07,000,00,2,1,02,A01
201100049185,0,07,000,00,0,4,23,B01
201100049186,0,07,000,11,0,1,13,A01
201100049187,0,07,000,00,2,4,01,B01
201100049187,0,32,000,00,2,1,01,A01
201100049188,0,30,000,00,2,1,01,B01
201100049188,0,07,000,00,2,2,15,A01
201100049189,0,07,000,00,0,0,00,B01
201100049189,0,07,000,00,0,0,00,A01
201100049189,0,07,000,00,2,0,00,C01
201100049189,0,07,000,00,0,0,00,D01
201100049190,0,07,000,00,1,3,11,A01
201100049191,0,07,000,00,2,3,22,A01
201100049191,0,30,000,01,2,2,18,C01
201100049191,0,07,000,00,2,7,01,B01
201100049192,0,07,000,00,2,3,01,B01
201100049192,2,07,000,00,2,1,05,A01
201100049193,0,07,000,00,2,6,01,B01
201100049193,0,07,000,00,2,2,02,A01
201100049194,2,32,000,00,0,2,01,A01
201100049195,0,34,000,12,2,1,09,A01
201100049196,0,07,000,00,0,4,02,C01
201100049196,0,34,000,00,2,1,00,A01
201100049196,0,07,000,00,2,2,03,B01
201100049197,0,07,000,00,0,4,01,B01
201100049197,0,32,000,00,2,2,02,A01
201100049198,0,07,000,00,2,3,01,C01
201100049198,0,07,000,00,2,3,15,B01
201100049198,0,34,000,00,2,4,01,A01
201100049199,0,07,000,00,2,1,09,A01
201100049199,0,32,000,00,2,2,01,B01
201100049200,0,10,000,00,2,1,02,B01
201100049200,0,07,000,00,2,4,01,A01
201100049201,0,07,000,00,1,1,01,A01
201100049202,0,07,000,00,2,5,15,B01
201100049202,0,33,000,00,2,1,05,A01
201100049203,0,07,000,00,2,3,15,A01
201100049203,0,30,000,00,2,1,17,B01
201100049204,0,10,000,00,2,5,09,A01
201100049204,0,30,000,00,2,1,21,B01
201100049205,0,30,000,01,0,1,01,A01
201100049206,0,34,000,00,2,2,17,A01
201100049206,0,07,000,00,2,3,01,B01
201100049207,0,07,000,00,1,7,01,A01
201100049208,0,07,000,00,2,1,02,A01
201100049208,0,37,001,00,2,4,01,B01
201100049209,0,07,000,00,2,8,10,A01
201100049209,0,32,000,00,2,1,01,B01
201100049210,0,07,000,00,1,1,01,A01
201100049211,0,07,000,00,2,3,15,A01
201100049211,0,34,000,00,2,9,23,B01
201100049211,0,07,000,00,2,3,23,C01
201100049212,0,07,000,03,0,1,01,A01
201100049213,0,30,000,00,0,7,01,A01
201100049214,0,33,000,00,0,1,01,A01
201100049215,0,07,000,00,1,4,04,A01
201100049216,0,07,000,00,2,5,10,A01
201100049216,0,33,000,00,2,1,01,B01
201100049217,0,07,000,00,2,3,10,A01
201100049217,0,32,000,00,2,1,02,B01
201100049218,0,07,000,00,2,2,02,A01
201100049218,0,10,000,00,2,6,02,B01
201100049219,0,07,000,00,2,2,01,B01
201100049219,0,02,000,00,2,4,01,A01
201100049220,0,07,000,01,0,2,01,A01
201100049221,0,07,000,00,2,8,15,A01
201100049221,0,32,000,00,2,7,17,B01
201100049222,0,07,000,01,0,2,01,A01
201100049223,0,07,000,00,1,1,16,A01
201100049224,0,07,000,00,1,1,01,A01
201100049225,0,07,000,00,2,1,01,A01
201100049225,0,02,000,00,2,8,01,B01
201100049226,0,07,000,00,2,1,02,A01
201100049226,0,07,000,00,2,4,01,B01
201100049227,1,14,000,00,1,1,01,Z01
201100049228,0,32,000,01,2,1,18,A01
201100049228,0,07,000,00,2,5,16,B01
201100049229,0,32,000,00,2,8,21,A01
201100049229,0,07,000,00,2,8,13,B01
201100049230,0,30,000,00,1,1,01,A01
201100049231,0,07,000,00,2,1,15,A01
201100049231,0,02,000,00,2,8,01,B01
201100049232,0,07,000,00,1,3,01,A01
201100049233,0,02,000,00,1,1,18,A01
201100049234,0,07,000,15,2,1,01,A01
201100049234,0,07,000,00,2,3,01,B01
201100049235,0,31,000,00,2,1,21,A01
201100049235,0,07,000,00,2,3,15,B01
201100049236,0,33,000,00,2,8,02,A01
201100049236,1,07,000,00,2,8,15,B01
201100049237,0,32,000,08,0,7,01,A01
201100049238,0,07,000,00,2,7,22,A01
201100049238,0,30,000,01,2,3,18,B01
201100049239,0,07,000,00,2,1,02,A01
201100049239,0,07,000,00,0,4,01,B01
201100049240,0,07,000,00,0,7,16,A01
201100049240,0,02,000,00,0,8,16,B01
201100049241,0,07,000,00,2,3,09,B01
201100049241,0,32,000,00,0,2,01,A01
201100049242,0,33,000,00,0,8,01,A01
201100049243,0,07,000,00,1,2,01,A01
201100049244,0,07,000,00,2,1,02,A01
201100049244,0,07,000,00,0,4,01,B01
201100049245,0,14,000,00,1,1,01,A01
201100049246,0,07,000,00,2,2,12,A01
201100049246,0,32,000,00,0,6,01,B01
201100049247,0,30,000,00,2,1,12,A01
201100049247,0,07,000,00,2,3,01,B01
201100049248,0,07,000,00,2,4,04,A01
201100049248,0,02,000,00,2,1,01,B01
201100049249,0,07,000,00,1,2,01,A01
201100049250,0,07,000,00,2,2,10,A01
201100049250,0,07,000,00,2,6,01,B01
201100049251,0,07,000,00,2,1,09,A01
201100049251,0,32,000,00,2,1,01,B01
201100049252,0,07,000,00,2,1,02,A01
201100049252,0,07,000,00,2,4,01,B01
201100049253,0,31,000,00,2,1,17,A01
201100049253,0,07,000,00,2,3,15,B01
201100049254,0,07,000,00,1,1,01,A01
201100049255,0,07,000,00,2,3,02,A01
201100049255,0,07,000,00,2,6,01,B01
201100049256,0,07,000,00,2,2,21,A01
201100049256,0,07,000,00,2,7,01,B01
201100049257,1,32,000,00,1,1,01,Z01
201100049258,1,07,000,00,1,1,01,Z01
201100049259,0,07,000,00,2,3,15,A01