Num_Acc,senc,catv,occutc,obs,obsm,choc,manv,num_veh
201100049259,0,32,000,00,2,1,02,B01
201100049260,0,07,000,00,2,8,10,A01
201100049260,2,07,000,00,2,1,01,Z01
201100049261,0,07,000,00,1,1,01,A01
201100049262,0,10,000,00,2,7,15,A01
201100049262,0,32,000,00,2,1,02,B01
201100049263,0,10,000,00,1,3,01,A01
201100049264,0,13,000,00,1,8,01,Y01
201100049265,0,02,000,00,0,1,01,A01
201100049265,0,07,000,00,0,2,01,B01
201100049266,0,07,000,06,0,1,01,A01
201100049267,0,07,000,00,2,1,01,B01
201100049267,0,10,000,00,2,3,15,A01
201100049268,0,15,000,00,2,3,01,A01
201100049268,0,31,000,00,2,8,15,B01
201100049269,0,07,000,15,1,2,15,A01
201100049270,0,32,000,00,1,1,01,A01
201100049271,0,07,000,00,1,1,01,A01
201100049272,0,02,000,00,0,1,01,B01
201100049272,0,07,000,00,0,3,19,A01
201100049273,0,07,000,08,1,9,10,A01
201100049274,0,30,000,00,0,7,02,A01
201100049274,0,07,000,00,0,3,02,B01
201100049275,0,07,000,00,1,2,01,A01
201100049276,0,01,000,,,,,A01
201100049277,0,07,000,00,0,3,15,A01
201100049277,0,02,000,00,2,1,13,B01
201100049278,0,07,000,00,1,2,16,A01
201100049279,0,01,000,00,1,7,00,A01
201100049280,0,07,000,00,1,7,15,A01
201100049281,0,07,000,00,0,7,15,A01
201100049281,0,07,000,00,0,2,16,B01
201100049282,0,07,000,00,2,2,00,A01
201100049282,0,10,000,01,2,3,00,B01
201100049283,0,07,000,00,2,1,11,A01
201100049283,0,07,000,00,2,3,01,B01
201100049284,0,07,000,01,0,0,00,E01
201100049284,0,07,000,00,2,1,00,B01
201100049284,0,07,000,00,2,8,00,C01
201100049284,0,07,000,00,2,1,00,A01
201100049285,0,07,000,00,2,1,01,B01
201100049285,0,07,000,02,2,5,15,A01
201100049286,0,07,000,00,2,2,01,A01
201100049286,0,01,000,00,0,8,01,B01
201100049287,0,30,000,00,2,2,01,B01
201100049287,0,07,000,00,2,1,15,A01
201100049288,0,07,000,15,0,7,01,A01
201100049289,0,07,000,02,0,1,00,A01
201100049290,0,02,000,00,2,1,02,A01
201100049290,0,07,000,00,2,3,19,B01
201100049291,0,10,000,00,2,8,22,A01
201100049291,0,01,000,00,2,1,01,B01
201100049292,0,10,000,00,2,3,01,A01
201100049292,0,10,000,00,2,1,01,B01
201100049293,0,32,000,00,2,1,21,B01
201100049293,0,07,000,00,2,2,05,A01
201100049294,0,10,000,00,2,1,02,A01
201100049294,0,07,000,00,2,4,01,B01
201100049295,0,07,000,00,1,2,01,A01
201100049296,0,07,000,00,2,2,09,A01
201100049296,0,33,000,00,2,1,01,B01
201100049297,1,10,000,00,2,1,01,A01
201100049297,0,07,000,00,2,8,01,B01
201100049298,0,33,000,00,2,7,17,B01
201100049298,0,07,000,00,2,8,15,A01
201100049299,0,34,000,00,2,7,01,A01
201100049299,0,07,000,00,2,3,15,B01
201100049300,0,07,000,00,2,1,09,B01
201100049300,0,01,000,00,2,7,01,A01
201100049301,0,13,000,00,2,3,01,A01
201100049301,0,07,000,00,2,1,01,B01
201100049302,0,07,000,00,2,8,01,A01
201100049302,0,07,000,00,2,1,01,B01
201100049303,0,07,000,00,2,2,21,A01
201100049303,0,07,000,00,2,4,23,C01
201100049303,0,07,000,01,2,4,02,B01
201100049304,0,07,000,00,2,3,02,A01
201100049304,0,33,000,00,2,5,01,B01
201100049305,0,07,000,08,0,1,01,A01
201100049306,0,07,000,00,0,4,01,A01
201100049306,0,10,000,00,2,1,02,B01
201100049307,0,07,000,01,1,1,15,A01
201100049308,0,07,000,00,1,3,01,A01
201100049309,0,07,000,06,1,2,01,A01
201100049310,0,10,000,00,1,1,01,A01
201100049311,0,07,000,00,1,2,09,A01
201100049312,0,07,000,00,2,7,01,B01
201100049312,0,07,000,00,2,1,01,A01
201100049313,0,07,000,00,2,6,10,A01
201100049313,0,07,000,00,2,2,02,B01
201100049314,0,07,000,00,1,1,01,A01
201100049315,0,07,000,00,2,1,21,A01
201100049315,0,33,000,00,2,1,01,B01
201100049316,0,07,000,00,2,8,01,B01
201100049316,0,07,000,00,2,1,01,A01
201100049317,0,07,000,00,2,2,02,A01
201100049317,0,07,000,00,0,6,01,B01
201100049318,0,07,000,00,2,7,09,B01
201100049318,0,07,000,00,2,1,01,A01
201100049319,0,07,000,00,1,1,16,A01
201100049320,0,07,000,00,2,1,01,A01
201100049320,0,07,000,00,2,6,19,B01
201100049321,0,07,000,00,2,7,14,A01
201100049321,0,33,000,00,2,1,13,B01
201100049322,0,07,000,00,1,3,01,A01
201100049323,0,07,000,00,2,3,13,A01
201100049323,0,30,000,00,2,2,01,B01
201100049324,0,07,000,09,2,1,01,A01
201100049324,0,07,000,00,2,2,01,B01
201100049325,0,02,000,00,0,8,01,B01
201100049325,0,07,000,00,2,3,01,A01
201100049326,0,30,000,00,2,1,01,A01
201100049326,0,07,000,00,2,5,23,B01
201100049327,0,30,000,00,2,7,17,A01
201100049327,0,10,000,00,2,8,01,B01
201100049328,0,07,000,00,2,2,01,B01
201100049328,0,07,000,00,2,3,01,A01
201100049329,0,07,000,00,2,2,15,A01
201100049329,0,33,000,00,2,1,01,B01
201100049330,0,33,000,00,2,1,14,A01
201100049330,0,07,000,00,2,3,15,B01
201100049331,0,01,000,00,2,7,17,A01
201100049331,0,07,000,00,9,8,01,B01
201100049332,0,02,000,03,0,8,01,A01
201100049333,0,07,000,01,0,8,01,A01
201100049334,0,07,000,00,0,0,01,A01
201100049334,0,32,000,00,0,6,01,B01
201100049335,0,10,000,00,1,1,01,A01
201100049336,0,07,000,06,0,1,01,A01
201100049336,0,07,000,06,0,1,01,B01
201100049337,0,01,000,00,2,1,01,B01
201100049337,1,07,000,00,0,3,09,A01
201100049338,0,07,000,00,2,2,01,A01
201100049338,0,07,000,00,2,3,01,B01
201100049339,0,07,000,00,2,3,15,A01
201100049339,0,02,000,00,2,7,17,B01
201100049340,0,10,000,00,2,1,02,A01
201100049340,0,07,000,00,0,4,01,B01
201100049341,1,10,000,00,1,1,01,A01
201100049342,0,07,000,12,0,2,01,A01
201100049343,0,07,000,00,2,4,01,A01
201100049343,1,07,000,00,2,1,02,B01
201100049344,0,02,000,00,0,3,01,A01
201100049345,0,07,000,00,2,1,02,A01
201100049345,0,07,000,00,2,4,23,B01
201100049346,0,07,000,01,1,5,04,A01
201100049347,0,07,000,01,0,2,15,A01
201100049348,0,32,000,00,0,8,01,A01
201100049349,0,07,000,00,2,1,02,A01
201100049349,0,07,000,00,2,4,01,B01
201100049350,0,33,000,01,0,1,16,A01
201100049351,0,07,000,14,0,2,01,A01
201100049352,0,07,000,00,0,5,15,A01
201100049352,0,30,000,00,2,1,01,B01
201100049353,0,07,000,00,2,3,13,A01
201100049353,0,02,000,00,2,7,01,B01
201100049354,0,31,000,00,2,1,01,A01
201100049354,0,07,000,00,2,3,01,B01
201100049355,0,07,000,00,2,1,15,A01
201100049355,0,33,000,00,2,5,02,B01
201100049356,0,10,000,00,1,6,20,A01
201100049357,0,07,000,15,0,2,01,A01
201100049358,0,07,000,00,2,1,10,A01
201100049358,0,33,000,00,2,6,21,B01
201100049359,0,07,000,00,2,1,09,A01
201100049359,0,34,000,00,2,2,17,B01
201100049360,0,07,000,00,2,1,02,A01
201100049360,0,07,000,00,2,3,02,B01
201100049361,0,07,000,00,2,2,09,A01
201100049361,0,31,000,00,2,3,01,B01
201100049362,0,30,000,00,2,1,02,B01
201100049362,0,07,000,00,2,1,15,A01
201100049363,0,07,000,00,2,3,15,A01
201100049363,0,33,000,00,2,1,01,B01
201100049364,0,07,000,00,1,2,16,A01
201100049365,1,07,000,00,1,0,00,Z01
201100049366,0,07,000,00,2,3,01,B01
201100049366,0,07,000,00,2,3,13,A01
201100049367,0,33,000,00,0,0,01,B01
201100049367,0,10,000,00,2,0,01,A01
201100049368,0,07,000,00,1,1,01,A01
201100049369,0,07,000,00,2,1,01,B01
201100049369,0,13,000,00,2,8,10,A01
201100049370,0,07,000,08,0,1,16,A01
201100049371,0,07,000,09,0,1,16,A01
201100049372,0,07,000,00,2,2,16,A01
201100049372,0,32,000,00,2,1,18,B01
201100049373,0,07,000,00,1,1,01,A01
201100049374,0,07,000,00,1,1,01,A01
201100049375,0,01,000,00,2,1,02,A01
201100049375,0,07,000,00,2,4,01,B01
201100049376,0,07,000,00,2,4,01,B01
201100049376,0,07,000,00,2,1,02,A01
201100049377,0,07,000,00,1,1,01,A01
201100049378,0,07,000,00,2,3,01,B01
201100049378,0,07,000,00,2,1,01,A01
201100049379,0,30,000,00,2,1,01,A01
201100049379,0,07,000,00,2,5,01,B01
201100049380,0,07,000,00,2,8,01,A01
201100049380,0,30,000,00,2,1,01,B01
201100049381,0,10,000,00,1,8,01,A01
201100049382,1,30,000,00,1,1,01,A01
201100049383,0,37,001,00,1,7,20,A01
201100049384,0,07,000,00,2,2,15,A01
201100049384,0,30,000,00,2,1,01,B01
201100049385,0,07,000,00,1,2,01,A01
201100049386,0,01,000,00,2,1,01,A01
201100049386,0,13,000,00,2,7,24,B01
201100049386,0,07,000,00,2,4,01,C01
201100049387,0,13,000,00,2,1,02,A01
201100049387,0,07,000,00,2,4,01,B01
201100049388,0,07,000,00,2,7,14,A01
201100049388,0,30,000,00,2,8,01,B01
201100049389,0,02,000,00,2,1,02,A01
201100049389,0,07,000,00,2,4,01,B01
201100049390,0,07,000,00,2,1,15,A01
201100049390,0,30,000,00,2,8,01,B01
201100049391,0,07,000,00,2,1,15,A01
201100049391,0,07,000,00,2,8,01,B01
201100049392,0,32,000,10,0,1,01,A01
201100049393,0,07,000,00,2,1,09,A01
201100049393,0,31,000,00,2,4,02,B01
201100049393,0,07,000,00,2,4,01,C01
201100049394,0,07,000,00,2,1,02,A01
201100049394,0,07,000,00,2,4,01,B01
201100049395,0,07,000,00,2,8,13,A01
201100049395,0,32,000,00,2,2,03,B01
201100049396,0,32,000,03,0,1,01,A01
201100049397,0,33,000,09,0,1,01,A01
201100049398,0,10,000,00,2,1,01,A01
201100049398,0,32,000,00,2,1,01,B01
201100049399,1,07,000,00,1,1,05,A01
201100049400,0,07,000,00,1,1,01,A01
201100049401,0,38,001,00,1,1,14,A01
201100049402,0,07,000,00,1,1,01,A01
201100049403,0,07,000,00,2,3,01,A01
201100049403,0,02,000,00,2,1,01,B01
201100049404,0,07,000,00,2,1,02,A01
201100049404,0,07,000,00,2,4,01,B01
201100049405,0,07,000,00,2,4,01,A01
201100049405,0,07,000,00,2,1,01,B01
201100049405,0,07,000,00,2,1,02,C01
201100049406,0,07,000,00,2,1,16,A01
201100049406,0,01,000,00,2,4,01,B01
201100049407,0,07,000,00,2,1,01,A01
201100049407,0,07,000,00,2,1,01,B01
201100049408,0,07,000,00,2,2,01,A01
201100049408,0,07,000,00,2,1,00,B01
201100049409,0,07,000,00,1,1,15,A01
201100049410,0,07,000,00,2,1,01,A01
201100049410,0,07,000,00,2,1,01,B01
201100049411,0,03,000,00,2,1,01,B01
201100049411,0,10,000,00,2,1,17,A01
201100049412,0,07,000,00,1,1,15,A01
201100049413,0,07,000,00,2,6,10,A01
201100049413,0,30,000,00,2,1,01,B01
201100049414,0,07,000,00,2,7,17,B01
201100049414,0,07,000,00,2,8,11,A01
201100049415,0,07,000,00,1,1,01,A01
201100049416,0,37,003,00,1,5,01,A01
201100049417,0,07,000,01,2,4,02,C01
201100049417,2,07,000,01,2,1,02,Z01
201100049417,0,07,000,01,2,6,01,B01
201100049418,0,07,000,00,2,6,01,A01
201100049418,0,07,000,00,2,5,01,B01
201100049419,0,07,000,00,2,5,12,A01
201100049419,0,37,001,00,2,3,07,B01
201100049420,0,07,000,00,2,8,01,B01
201100049420,0,33,000,00,2,1,01,A01
201100049421,0,15,000,00,2,3,01,B01
201100049421,0,10,000,00,2,2,05,A01
201100049422,0,32,000,00,2,7,03,A01
201100049422,0,07,000,00,2,3,13,B01
201100049423,0,07,000,00,2,1,15,A01
201100049423,0,07,000,08,2,8,01,B01
201100049424,0,14,000,00,1,2,01,A01
201100049425,0,07,000,00,2,2,14,A01
201100049425,0,31,000,00,2,3,01,B01
201100049426,0,07,000,00,2,4,01,B01
201100049426,0,07,000,00,2,1,02,A01
201100049427,2,07,000,00,1,1,01,Z01
201100049428,0,34,000,00,2,1,01,B01
201100049428,0,07,000,00,2,8,10,A01
201100049429,0,07,000,00,2,4,01,C01
201100049429,0,07,000,00,2,9,02,B01
201100049429,0,07,000,00,2,1,02,A01
201100049429,0,07,000,00,2,8,23,D01
201100049430,0,07,000,00,2,1,01,A01
201100049430,0,07,000,00,2,8,01,B01
201100049431,0,33,000,00,2,1,01,B01
201100049431,0,10,000,00,2,2,09,A01
201100049432,0,07,000,00,2,1,01,B01
201100049432,0,07,000,00,2,7,15,A01
201100049433,0,15,000,00,2,1,01,A01
201100049433,0,02,000,00,2,7,09,B01
201100049434,1,07,000,00,0,0,00,A01
201100049434,2,30,000,00,0,0,00,B01
201100049435,0,07,000,00,0,4,23,B01
201100049435,0,07,000,00,2,1,02,A01
201100049435,0,07,000,00,0,4,23,C01
201100049436,0,07,000,02,0,6,01,A01
201100049437,0,07,000,00,0,0,00,A01
201100049438,0,34,000,00,1,1,01,A01
201100049439,0,07,000,00,0,4,01,C01
201100049439,0,07,000,00,2,4,01,B01
201100049439,0,07,000,00,0,1,21,A01
201100049440,1,07,000,00,1,1,01,Z01
201100049441,1,99,000,00,2,1,02,Z01
201100049441,0,07,000,00,2,4,01,B01
201100049442,0,07,000,09,0,3,05,C01
201100049442,0,07,000,09,2,1,01,A01
201100049442,0,07,000,00,2,8,01,B01
201100049443,0,37,001,00,1,1,01,A01
201100049444,0,33,000,00,2,8,01,A01
201100049444,0,07,000,00,2,2,12,B01
201100049445,1,07,000,00,1,1,01,Z01
201100049446,0,07,000,00,1,2,01,A01
201100049447,0,07,000,00,2,8,15,A01
201100049447,0,34,000,12,2,7,17,B01
201100049448,0,07,000,00,1,1,01,A01
201100049449,0,07,000,00,2,1,01,B01
201100049449,0,07,000,08,2,1,01,A01
201100049450,2,30,000,00,2,1,21,A01
201100049450,0,07,000,00,2,2,01,B01
201100049451,0,10,000,,2,3,10,A01
201100049451,2,33,000,01,1,1,01,B01
201100049452,0,07,000,00,2,1,01,B01
201100049452,0,07,000,00,2,5,01,A01
201100049453,0,10,000,00,1,1,01,A01
201100049454,0,10,000,00,2,8,22,A01
201100049454,0,37,002,00,2,7,17,B01
201100049455,0,07,000,00,2,1,13,A01
201100049455,0,07,000,01,0,4,24,C01
201100049455,0,32,000,00,2,8,01,B01
201100049456,0,07,000,00,2,4,01,C01
201100049456,0,07,000,00,2,4,01,B01
201100049456,0,07,000,00,2,1,02,A01
201100049457,1,07,000,00,0,0,13,Z01
201100049457,0,33,000,00,0,7,21,B01
201100049458,0,32,000,00,2,5,01,A01
201100049458,0,07,000,00,2,8,16,B01
201100049459,0,30,000,00,2,1,01,B01
201100049459,0,07,000,00,2,2,12,A01
201100049460,0,07,000,00,1,3,01,A01
201100049461,0,07,000,08,0,1,01,A01
201100049462,0,07,000,00,2,1,02,A01
201100049462,0,07,000,00,2,4,02,B01
201100049462,0,07,000,00,2,4,01,C01
201100049463,0,07,000,00,2,2,01,A01
201100049463,0,07,000,00,2,5,15,B01
201100049464,0,10,000,00,2,8,10,A01
201100049464,0,07,000,00,2,1,02,B01
201100049465,0,07,000,00,1,2,01,A01
201100049466,0,07,000,00,1,1,01,A01
201100049467,0,32,000,16,0,1,01,A01
201100049468,1,07,000,00,1,1,01,Z01
201100049469,0,37,001,00,1,1,01,A01
201100049470,1,31,000,00,1,0,13,Z01
201100049471,0,10,000,00,1,1,01,A01
201100049472,0,13,000,00,2,2,16,A01
201100049472,0,32,000,00,2,1,18,B01
201100049473,0,07,000,00,1,3,01,A01
201100049474,0,34,000,00,2,8,01,B01
201100049474,2,07,000,00,2,3,09,A01
201100049475,0,01,000,00,2,4,03,A01
201100049475,0,07,000,00,2,1,01,B01
201100049476,0,30,000,00,1,1,01,A01
201100049477,0,07,000,00,2,2,01,A01
201100049477,0,07,000,00,2,1,01,B01
201100049478,0,07,000,00,2,1,01,B01
201100049478,0,07,000,00,2,3,01,A01
201100049479,1,07,000,00,1,0,01,Z01
201100049480,0,07,000,07,0,1,01,A01
201100049481,0,03,000,01,0,2,01,A01
201100049482,0,07,000,00,1,3,01,A01
201100049483,0,07,000,00,2,1,02,A01
201100049483,0,07,000,00,2,6,01,B01
201100049484,0,07,000,00,1,3,01,A01
201100049485,0,07,000,00,2,7,01,B01
201100049485,0,07,000,00,2,3,09,A01
201100049486,0,07,000,12,2,1,01,A01
201100049486,0,07,000,00,2,1,01,B01
201100049487,1,07,000,00,1,4,04,Z01
201100049488,0,07,000,00,2,1,01,A01
201100049488,0,13,000,00,2,6,23,B01
201100049489,0,07,000,00,1,1,01,A01
201100049490,0,07,000,00,1,1,01,A01
201100049491,0,07,000,00,2,2,05,A01
201100049491,0,07,000,00,2,1,01,B01
201100049492,0,07,000,00,1,7,01,A01
201100049493,0,10,000,00,0,3,00,A01
201100049493,0,07,000,00,0,3,00,B01
201100049494,0,07,000,06,2,1,06,A01
201100049494,0,07,000,00,2,1,01,B01
201100049495,0,07,000,00,2,1,00,A01
201100049495,0,07,000,00,0,9,00,B01
201100049496,0,07,000,00,0,0,00,A01
201100049496,0,07,000,00,0,0,00,B01
201100049497,0,07,000,00,2,7,15,A01
201100049497,0,07,000,00,2,1,01,B01
201100049498,0,07,000,00,2,5,12,A01
201100049498,0,31,000,00,2,1,01,B01
201100049499,0,07,000,02,0,9,01,A01
201100049500,0,07,000,00,2,4,01,A01
201100049500,0,07,000,00,2,1,02,B01
201100049501,0,07,000,00,2,7,15,A01
201100049501,0,07,000,00,2,1,01,B01
201100049502,0,07,000,00,1,3,01,A01
201100049503,0,07,000,00,0,3,01,A01
201100049503,0,99,000,00,2,1,01,B01
201100049504,0,07,000,00,2,2,12,A01
201100049504,0,07,000,00,2,6,01,B01
201100049505,0,07,000,00,2,4,01,B01
201100049505,0,07,000,00,2,1,02,A01
201100049506,0,07,000,00,2,3,15,A01
201100049506,0,31,000,00,2,7,17,B01
201100049507,0,07,000,00,1,1,01,A01
201100049508,0,31,000,00,2,2,17,A01
201100049508,0,07,000,00,2,3,15,B01
201100049509,0,07,000,00,2,6,10,A01
201100049509,0,07,000,00,2,1,01,B01
201100049510,0,07,000,00,2,1,01,A01
201100049510,0,07,000,00,2,2,12,B01
201100049511,0,30,000,00,2,2,01,A01
201100049511,0,10,000,00,0,3,01,B01
201100049512,0,02,000,00,2,3,10,A01
201100049512,0,07,000,00,2,1,01,B01
201100049513,0,07,000,00,1,7,01,A01
201100049514,0,07,000,00,1,8,07,A01
201100049515,0,07,000,00,2,1,05,A01
201100049515,0,07,000,00,2,3,10,B01
201100049516,0,10,000,00,2,3,15,A01
201100049516,0,07,000,00,2,1,01,B01
201100049517,0,07,000,00,1,1,01,A01
201100049518,0,10,000,00,2,8,01,A01
201100049518,0,10,000,00,2,1,01,B01
201100049519,0,07,000,00,2,5,12,A01
201100049519,0,37,005,00,0,1,01,B01
201100049520,0,07,000,00,0,1,01,A01
201100049520,0,07,000,00,0,1,01,B01
201100049521,0,07,000,00,0,3,15,A01
201100049521,0,31,000,00,0,2,17,B01
201100049522,0,31,000,00,2,8,23,B01
201100049522,0,07,000,00,2,8,23,C01
201100049522,1,07,000,00,2,2,16,Z01
201100049523,0,07,000,00,2,6,11,A01
201100049523,0,30,000,00,2,8,01,B01
201100049523,0,30,000,00,2,8,01,C01
201100049524,0,07,000,00,1,2,01,A01
201100049525,0,33,000,08,0,8,01,A01
201100049526,0,07,000,00,2,1,01,A01
201100049526,0,07,000,00,2,3,16,B01
201100049527,0,07,000,00,2,4,01,A01
201100049527,0,07,000,00,2,1,02,B01
201100049528,0,07,000,00,2,1,01,A01
201100049528,0,20,000,00,2,3,01,B01
201100049529,0,07,000,00,2,3,01,A01
201100049529,0,07,000,00,2,7,17,B01
201100049530,0,34,000,00,2,8,01,A01
201100049530,0,07,000,00,2,2,12,B01
201100049531,0,34,000,00,2,1,01,A01
201100049531,0,07,000,00,2,2,01,B01
201100049532,0,01,000,00,2,4,01,A01
201100049532,0,07,000,00,2,1,21,B01
201100049533,0,07,000,00,2,1,01,A01
201100049533,0,99,000,00,1,4,01,B01
201100049534,0,07,000,00,1,1,01,A01
201100049535,0,30,000,00,2,7,03,B01
201100049535,0,07,000,00,2,1,09,A01
201100049536,0,07,000,00,2,3,01,A01
201100049536,0,34,000,00,2,1,01,B01
201100049537,0,30,000,00,1,1,01,A01
201100049538,0,07,000,00,1,1,01,A01
201100049539,0,31,000,00,2,1,21,A01
201100049539,0,07,000,00,0,6,01,B01
201100049540,0,07,000,00,2,3,01,A01
201100049540,0,07,000,00,2,3,01,B01
201100049541,0,07,000,00,1,3,07,A01
201100049542,0,07,000,00,2,1,02,A01
201100049542,0,07,000,00,2,4,01,B01
201100049543,0,07,000,00,1,1,16,A01
201100049544,1,07,000,00,1,1,01,Z01
201100049545,0,34,000,00,2,1,01,A01
201100049545,0,07,000,00,2,2,01,B01
201100049546,0,33,000,00,2,3,01,A01
201100049546,0,01,000,00,2,2,01,B01
201100049547,0,07,000,00,1,2,01,A01
201100049548,0,33,000,00,2,2,01,A01
201100049548,0,07,000,00,2,6,01,B01
201100049549,0,32,000,00,2,1,02,B01
201100049549,0,07,000,00,2,0,00,A01
201100049550,0,33,000,00,2,2,17,A01
201100049550,0,07,000,00,2,3,01,B01
201100049551,0,07,000,00,2,1,01,A01
201100049551,0,07,000,00,2,3,01,B01
201100049552,0,32,000,00,2,1,01,A01
201100049552,0,07,000,00,2,6,01,B01
201100049552,0,07,000,00,2,7,01,C01
201100049553,0,07,000,00,2,3,01,B01
201100049553,0,07,000,00,2,1,01,A01
201100049554,0,02,000,00,0,7,01,B01
201100049554,1,07,000,00,0,0,17,Z01
201100049555,0,32,000,00,2,1,05,A01
201100049555,0,07,000,00,2,3,10,B01
201100049556,0,07,000,00,2,6,13,A01
201100049556,0,14,000,00,2,2,15,B01
201100049557,0,07,000,00,1,1,01,A01
201100049558,0,07,000,00,2,3,01,B01
201100049558,0,07,000,00,2,2,01,A01
201100049559,0,07,000,00,2,1,02,A01
201100049559,0,07,000,00,2,4,01,B01
201100049560,1,30,000,00,2,1,15,A01
201100049560,0,01,000,00,2,1,01,B01
201100049561,0,07,000,00,2,5,02,A01
201100049561,0,32,000,00,2,3,03,B01
201100049562,0,30,000,00,1,7,14,A01
201100049563,0,37,001,00,9,2,01,B01
201100049563,0,01,000,00,2,1,01,A01
201100049564,0,07,000,00,0,6,04,A01
201100049564,0,33,000,00,0,1,21,B01
201100049565,1,30,000,00,0,0,00,A01
201100049566,0,02,000,00,2,1,01,A01
201100049566,0,07,000,00,0,8,22,B01
201100049567,2,07,000,00,2,1,02,A01
201100049567,0,07,000,00,2,4,02,B01
201100049567,0,07,000,00,0,4,02,C01
201100049568,0,07,000,00,2,1,01,B01
201100049568,0,07,000,00,0,7,01,A01
201100049569,0,02,000,00,1,1,01,A01
201100049570,0,07,000,00,1,4,04,A01
201100049571,0,07,000,00,2,8,01,A01
201100049571,0,10,000,00,2,7,14,B01
201100049572,0,07,000,00,2,1,00,B01
201100049572,0,07,000,00,2,5,01,A01
201100049573,0,07,000,01,0,2,02,A01
201100049573,0,07,000,00,1,4,01,B01
201100049574,0,07,000,00,1,1,01,A01
201100049575,0,30,000,00,0,3,01,A01
201100049575,0,07,000,00,0,2,01,B01
201100049576,0,07,000,09,0,3,01,A01
201100049577,0,07,000,00,0,4,01,A01
201100049577,0,07,000,00,0,1,02,B01
201100049578,0,34,000,00,2,1,01,A01
201100049578,0,07,000,00,2,6,01,B01
201100049579,0,07,000,00,2,2,01,B01
201100049579,0,14,000,00,2,8,01,C01
201100049579,1,07,000,00,2,3,09,Z01
201100049580,0,07,000,09,0,1,01,A01
201100049581,0,07,000,00,2,3,09,A01
201100049581,0,30,000,00,2,1,01,B01
201100049582,0,37,001,02,0,3,13,A01
201100049583,0,10,000,00,0,0,00,A01
201100049583,0,10,000,00,0,0,00,B01
201100049584,0,33,000,00,0,6,11,A01
201100049584,0,10,000,00,0,1,02,B01
201100049585,0,07,000,00,2,1,02,A01
201100049585,0,07,000,00,2,9,01,B01
201100049585,0,33,000,00,2,4,01,C01
201100049586,0,07,000,00,2,2,16,A01
201100049586,0,01,000,00,0,3,01,B01
201100049587,2,30,000,01,0,1,01,A01
201100049588,0,30,000,00,2,1,02,A01
201100049588,0,10,000,00,2,6,02,B01
201100049588,0,15,000,00,2,1,01,C01
201100049589,0,02,000,00,2,1,17,B01
201100049589,1,07,000,00,1,8,22,Z01
201100049590,0,07,000,08,2,7,01,B01
201100049590,0,07,000,00,2,1,01,A01
201100049591,0,07,000,00,2,1,02,A01
201100049591,0,07,000,00,0,6,01,B01
201100049592,0,07,000,00,1,2,01,A01
201100049593,0,99,000,00,0,4,04,A01
201100049594,0,07,000,14,0,3,01,A01
201100049595,0,07,000,00,2,1,01,A01
201100049595,0,07,000,00,2,3,01,B01
201100049596,0,10,000,00,1,1,01,A01
201100049597,0,32,000,00,1,2,01,A01
201100049598,0,01,000,00,1,1,01,A01
201100049599,0,30,000,00,2,3,01,B01
201100049599,0,07,000,00,2,8,01,C01
201100049599,1,99,000,00,0,0,01,Z01
201100049600,0,07,000,00,1,1,01,A01
201100049601,0,33,000,00,2,2,21,A01
201100049601,0,07,000,00,2,3,15,B01
201100049602,0,37,001,00,1,1,01,A01
201100049603,2,07,000,00,1,1,01,Z01
201100049604,0,07,000,00,2,3,10,A01
201100049604,0,07,000,00,2,7,01,B01
201100049605,0,32,000,00,2,8,09,A01
201100049605,0,07,000,00,2,1,01,B01
201100049606,0,07,000,00,2,5,16,A01
201100049606,0,32,000,00,2,2,01,B01
201100049607,0,07,000,00,2,2,01,A01
201100049607,0,33,000,00,2,3,01,B01
201100049608,0,07,000,00,2,1,15,A01
201100049608,0,07,000,00,2,3,01,B01
201100049609,0,07,000,00,2,7,01,A01
201100049609,0,07,000,00,2,1,01,B01
201100049610,0,07,000,00,1,1,01,A01
201100049611,0,07,000,00,2,3,10,A01
201100049611,0,07,000,00,2,2,01,B01
201100049612,0,33,000,00,2,1,01,A01
201100049612,0,07,000,00,2,8,01,B01
201100049613,2,33,000,00,1,1,01,A01
201100049614,0,07,000,00,1,2,01,A01
201100049615,0,07,000,00,2,4,01,B01
201100049615,0,07,000,00,2,4,01,C01
201100049615,0,07,000,00,2,1,02,Z01
201100049616,0,07,000,00,2,7,01,A01
201100049616,0,01,000,00,2,3,01,B01
201100049617,2,07,000,00,1,1,17,A01
201100049618,0,33,000,00,2,1,01,A01
201100049618,0,07,000,00,2,3,01,B01
201100049619,0,07,000,00,2,1,01,B01
201100049619,2,07,000,00,2,1,05,Z01
201100049620,1,07,000,00,1,2,01,A01
201100049621,0,10,000,00,2,7,12,A01
201100049621,0,30,000,00,2,8,01,B01
201100049622,0,07,000,00,0,2,01,A01
201100049622,1,02,000,00,0,1,01,Z01
201100049623,0,07,000,00,1,3,01,A01
201100049624,0,07,000,00,2,3,10,A01
201100049624,0,32,000,00,2,1,17,B01
201100049625,1,07,000,00,1,1,01,Z01
201100049626,0,99,000,00,2,1,01,A01
201100049626,0,07,000,00,2,8,01,B01
201100049627,0,07,000,00,2,8,01,A01
201100049627,0,33,000,00,2,9,17,B01
201100049628,0,07,000,00,1,8,01,A01
201100049629,0,07,000,00,1,1,01,A01
201100049630,0,07,000,00,1,1,01,A01
201100049631,0,30,000,00,2,7,01,A01
201100049631,0,07,000,00,2,2,01,B01