Num_Acc,senc,catv,occutc,obs,obsm,choc,manv,num_veh
201100050012,0,07,000,00,0,4,01,C01
201100050012,0,16,000,00,0,4,01,D01
201100050012,0,07,000,00,2,4,01,B01
201100050012,0,07,000,14,2,1,01,A01
201100050013,0,02,000,00,2,1,01,A01
201100050013,0,07,000,00,2,3,01,B01
201100050014,0,07,000,00,1,1,01,A01
201100050015,0,33,000,00,0,1,03,A01
201100050015,0,07,000,00,0,5,01,B01
201100050016,0,07,000,00,2,1,15,A01
201100050016,0,07,000,00,2,1,01,B01
201100050017,0,32,000,00,2,7,17,B01
201100050017,0,13,000,00,2,8,15,A01
201100050018,0,07,000,00,0,2,15,B01
201100050018,0,33,000,00,2,1,01,A01
201100050019,0,33,000,08,0,2,01,A01
201100050020,0,07,000,00,2,7,17,A01
201100050020,0,01,000,00,2,8,23,B01
201100050021,0,30,000,00,0,4,23,B01
201100050021,0,07,000,00,2,1,02,A01
201100050022,0,01,000,00,1,1,01,A01
201100050023,0,07,000,00,2,2,16,A01
201100050023,0,01,000,00,2,7,19,B01
201100050024,0,07,000,00,2,4,01,B01
201100050024,0,07,000,00,2,1,02,A01
201100050025,0,30,000,00,2,3,18,B01
201100050025,0,07,000,00,2,5,01,A01
201100050026,0,10,000,00,1,2,01,A01
201100050027,0,33,000,00,2,1,02,A01
201100050027,0,07,000,00,2,6,01,B01
201100050028,0,07,000,00,1,8,01,A01
201100050029,0,33,000,00,2,1,01,B01
201100050029,0,07,000,00,2,2,10,A01
201100050030,0,37,001,00,1,2,01,A01
201100050031,0,07,000,00,0,0,18,B01
201100050031,0,33,000,00,0,8,23,A01
201100050032,0,07,000,11,0,3,01,A01
201100050033,0,33,000,00,2,8,01,A01
201100050033,1,07,000,00,0,3,15,Z01
201100050034,0,07,000,00,1,3,01,A01
201100050035,0,07,000,00,1,3,01,A01
201100050036,0,07,000,00,2,2,01,A01
201100050036,0,01,000,00,2,1,01,B01
201100050037,0,07,000,00,2,1,13,A01
201100050037,0,07,000,01,2,1,01,B01
201100050038,0,07,000,00,2,2,15,A01
201100050038,0,02,000,00,2,3,01,B01
201100050039,0,10,000,00,1,1,01,A01
201100050040,0,07,000,00,2,7,17,A01
201100050040,0,07,000,03,2,8,01,B01
201100050041,0,32,000,00,2,1,01,A01
201100050041,0,07,000,00,2,3,15,B01
201100050042,0,07,000,00,2,3,09,A01
201100050042,0,32,000,00,2,2,03,B01
201100050043,0,30,000,00,2,1,01,A01
201100050043,0,07,000,00,2,3,01,B01
201100050044,0,07,000,01,0,1,13,A01
201100050045,0,07,000,00,2,5,01,B01
201100050045,0,30,000,00,2,1,02,A01
201100050046,0,32,000,00,0,7,01,A01
201100050047,0,37,005,00,2,2,01,B01
201100050047,0,07,000,12,2,8,09,A01
201100050048,0,07,000,00,2,1,01,B01
201100050048,0,03,000,00,2,7,01,A01
201100050049,0,31,000,00,1,1,01,A01
201100050050,0,07,000,00,2,2,15,A01
201100050050,0,33,000,00,2,3,17,B01
201100050051,0,07,000,00,2,6,09,A01
201100050051,0,33,000,00,2,1,21,B01
201100050052,0,07,000,00,2,2,01,A01
201100050052,0,07,000,00,2,4,23,D01
201100050052,0,01,000,00,2,4,23,C01
201100050052,0,07,000,00,2,4,23,B01
201100050053,0,32,000,01,0,8,21,A01
201100050054,0,07,000,00,0,1,13,A01
201100050054,0,07,000,00,0,1,01,B01
201100050055,0,07,000,09,0,1,01,A01
201100050056,0,07,000,00,2,8,10,A01
201100050056,0,32,000,00,2,1,01,B01
201100050057,0,32,000,16,0,8,01,A01
201100050058,0,02,000,16,0,0,01,A01
201100050059,0,07,000,00,2,1,01,B01
201100050059,0,10,000,00,2,1,02,C01
201100050059,0,07,000,00,2,1,05,A01
201100050060,0,37,055,00,0,0,01,B01
201100050060,0,32,000,00,0,7,17,A01
201100050061,0,07,000,00,2,5,01,B01
201100050061,0,07,000,00,2,3,01,A01
201100050062,0,07,000,00,2,4,01,B01
201100050062,0,30,000,00,2,1,02,A01
201100050063,0,15,000,00,2,3,00,A01
201100050063,0,07,000,00,2,7,01,B01
201100050064,0,07,000,00,2,6,01,B01
201100050064,0,31,000,00,2,1,02,A01
201100050065,0,07,000,00,0,2,15,A01
201100050065,0,07,000,00,2,3,01,B01
201100050066,0,07,000,00,2,1,02,A01
201100050066,0,07,000,00,2,4,23,B01
201100050067,0,07,000,00,2,3,01,A01
201100050067,0,07,000,00,2,7,15,B01
201100050068,0,33,000,00,1,1,01,A01
201100050069,0,07,000,00,2,9,01,A01
201100050069,0,07,000,00,2,8,01,B01
201100050069,0,10,000,00,0,2,01,C01
201100050069,0,07,000,00,2,1,01,D01
201100050070,0,07,000,00,2,1,09,A01
201100050070,0,30,000,00,2,8,02,B01
201100050071,0,07,000,01,0,1,01,A01
201100050072,0,31,000,00,2,1,01,A01
201100050072,0,07,000,00,2,8,01,C01
201100050072,0,07,000,00,2,2,15,B01
201100050073,0,07,000,00,2,7,12,A01
201100050073,0,32,000,12,2,8,01,B01
201100050074,0,07,000,00,2,2,16,A01
201100050074,0,37,001,00,2,1,01,B01
201100050075,0,07,000,00,2,1,02,A01
201100050075,0,07,000,00,2,9,02,B01
201100050075,0,07,000,00,2,4,02,C01
201100050076,0,10,000,00,2,1,02,A01
201100050076,0,10,000,00,2,9,02,B01
201100050076,0,07,000,00,0,4,01,C01
201100050077,0,33,000,00,2,7,03,A01
201100050078,0,07,000,00,2,8,10,A01
201100050078,0,02,000,00,2,1,02,B01
201100050079,0,33,000,00,2,7,15,B01
201100050079,0,07,000,00,2,3,01,A01
201100050080,0,33,000,12,0,1,01,A01
201100050081,0,07,000,00,2,2,15,A01
201100050081,0,31,000,00,2,1,01,B01
201100050082,0,07,000,00,2,1,02,A01
201100050082,0,33,000,00,2,4,01,B01
201100050083,0,07,000,00,2,3,15,A01
201100050083,0,32,000,00,2,1,01,B01
201100050084,0,07,000,00,2,1,01,B01
201100050084,0,07,000,00,2,1,15,A01
201100050085,0,07,000,00,2,4,23,B01
201100050085,0,10,000,00,2,1,16,A01
201100050086,0,07,000,00,2,2,10,A01
201100050086,0,34,000,00,2,1,01,B01
201100050087,0,10,000,00,2,1,01,B01
201100050087,0,07,000,00,2,1,01,A01
201100050088,0,30,000,00,2,1,01,A01
201100050088,0,07,000,00,2,2,01,B01
201100050089,0,07,000,00,2,1,02,A01
201100050089,0,07,000,00,2,6,23,B01
201100050090,0,07,000,00,2,8,01,B01
201100050090,0,07,000,00,2,3,09,A01
201100050091,0,07,000,00,1,1,01,A01
201100050092,0,07,000,00,2,3,01,B01
201100050092,0,07,000,00,2,1,15,A01
201100050093,0,31,000,00,1,8,01,A01
201100050094,0,07,000,00,1,3,01,A01
201100050095,1,07,000,00,1,2,01,Z01
201100050096,0,37,001,00,2,2,01,A01
201100050096,0,07,000,00,2,3,16,B01
201100050097,0,07,000,15,2,4,01,B01
201100050097,0,10,000,00,2,2,01,A01
201100050098,0,07,000,00,2,2,15,A01
201100050098,0,31,000,00,2,1,17,B01
201100050099,0,03,000,00,2,4,01,B01
201100050099,0,07,000,00,2,1,02,A01
201100050100,0,33,000,00,2,1,01,B01
201100050100,0,07,000,00,2,6,01,A01
201100050101,0,33,000,00,2,2,17,B01
201100050101,0,07,000,00,2,8,13,A01
201100050102,0,10,000,00,1,4,04,A01
201100050103,0,07,000,00,1,3,01,A01
201100050104,0,33,000,00,2,1,01,B01
201100050104,0,07,000,00,2,5,15,A01
201100050105,0,07,000,00,2,5,01,B01
201100050105,0,07,000,00,2,3,11,A01
201100050106,0,07,000,00,2,3,10,A01
201100050106,0,33,000,00,2,7,01,B01
201100050107,0,07,000,00,2,1,01,A01
201100050107,0,07,000,00,2,3,01,B01
201100050108,0,30,000,00,2,1,17,B01
201100050108,0,07,000,00,2,3,09,A01
201100050109,0,07,000,00,1,2,01,A01
201100050110,0,07,000,00,1,1,01,A01
201100050111,0,07,000,00,1,3,01,A01
201100050112,0,32,000,00,1,1,17,A01
201100050113,0,07,000,00,2,3,15,A01
201100050113,0,33,000,00,2,2,01,B01
201100050114,0,07,000,00,2,3,10,A01
201100050114,0,33,000,00,2,1,17,B01
201100050115,0,07,000,00,2,1,01,A01
201100050115,0,33,000,00,2,1,01,B01
201100050116,0,10,000,00,0,0,01,B01
201100050116,0,07,000,08,0,1,21,A01
201100050117,0,07,000,02,0,1,01,A01
201100050118,0,07,000,00,1,1,01,A01
201100050119,1,30,000,00,1,1,01,A01
201100050120,0,07,000,00,2,1,01,B01
201100050120,0,07,000,00,2,2,01,A01
201100050121,0,07,000,00,2,3,10,B01
201100050121,0,33,000,00,2,1,21,A01
201100050122,0,02,000,00,1,1,01,A01
201100050123,0,16,000,00,2,8,15,B01
201100050123,0,07,000,00,2,2,17,A01
201100050124,0,07,000,00,0,0,20,A01
201100050124,0,33,000,00,0,7,01,B01
201100050125,0,10,000,00,1,2,15,A01
201100050126,0,30,000,00,1,1,01,A01
201100050127,0,33,000,00,2,1,01,B01
201100050127,0,07,000,00,2,8,20,A01
201100050128,0,07,000,00,2,1,01,A01
201100050128,0,07,000,00,2,4,23,B01
201100050129,0,07,000,00,1,3,09,A01
201100050130,0,33,000,00,2,2,17,A01
201100050130,0,07,000,00,2,3,15,B01
201100050131,0,07,000,00,1,1,15,A01
201100050132,0,07,000,00,1,7,01,A01
201100050133,0,30,000,01,0,2,01,A01
201100050134,0,07,000,00,2,1,12,A01
201100050134,0,07,000,00,2,4,02,B01
201100050134,0,07,000,00,2,4,23,C01
201100050135,0,32,000,01,0,1,18,B01
201100050135,0,07,000,00,2,2,24,A01
201100050136,0,07,000,00,2,3,09,A01
201100050136,0,07,000,00,2,5,01,B01
201100050137,0,02,000,00,0,8,03,A01
201100050137,1,07,000,00,2,7,01,Z01
201100050138,0,07,000,00,2,1,01,B01
201100050138,0,07,000,00,2,3,01,A01
201100050139,0,07,000,00,2,5,15,A01
201100050139,0,33,000,00,2,1,02,B01
201100050140,0,30,000,00,2,3,09,A01
201100050140,0,07,000,00,2,1,01,B01
201100050141,0,07,000,00,2,4,23,B01
201100050141,0,07,000,00,2,4,23,D01
201100050141,0,07,000,00,2,4,23,C01
201100050141,0,07,000,00,2,1,02,A01
201100050142,0,07,000,00,2,2,10,A01
201100050142,0,33,000,00,2,1,17,B01
201100050143,0,07,000,00,2,1,02,A01
201100050143,0,33,000,00,2,4,01,B01
201100050144,0,07,000,00,1,5,01,A01
201100050145,0,07,000,00,2,2,01,B01
201100050145,0,99,000,00,2,1,05,A01
201100050146,0,07,000,00,2,1,02,A01
201100050146,0,07,000,00,0,4,01,B01
201100050147,0,07,000,00,2,4,01,A01
201100050147,0,34,000,00,2,1,02,B01
201100050148,0,07,000,00,2,3,09,A01
201100050148,0,02,000,00,2,2,01,B01
201100050149,0,33,000,00,2,1,01,A01
201100050149,0,37,001,00,2,2,01,B01
201100050150,0,07,000,00,2,3,09,A01
201100050150,0,30,000,00,2,2,01,B01
201100050151,0,30,000,16,0,0,01,A01
201100050152,0,07,000,00,2,2,01,B01
201100050152,0,30,000,00,2,3,09,A01
201100050153,0,07,000,00,2,1,09,A01
201100050153,0,33,000,00,0,7,01,B01
201100050154,0,07,000,00,2,4,09,A01
201100050154,0,37,035,00,2,1,02,B01
201100050155,0,07,000,00,1,1,09,A01
201100050156,0,07,000,00,2,3,11,A01
201100050156,0,30,000,00,2,1,01,B01
201100050157,0,07,000,00,0,3,02,B01
201100050157,0,07,000,00,2,4,01,A01
201100050158,0,10,000,00,2,7,01,B01
201100050158,0,33,000,00,2,8,09,A01
201100050159,0,07,000,00,2,1,01,B01
201100050159,0,07,000,00,2,7,01,A01
201100050160,0,33,000,00,2,1,21,A01
201100050160,0,33,000,00,2,1,01,B01
201100050161,0,30,000,00,1,1,08,A01
201100050162,0,07,000,00,2,3,01,B01
201100050162,0,33,000,00,2,1,17,A01
201100050163,0,32,000,12,2,1,13,A01
201100050163,0,10,000,00,2,1,01,B01
201100050164,0,07,000,00,2,6,01,B01
201100050164,0,07,000,00,2,1,01,A01
201100050165,0,07,000,00,2,3,09,A01
201100050165,0,01,000,00,2,1,01,B01
201100050166,0,10,000,00,2,2,12,A01
201100050166,0,01,000,00,2,8,01,B01
201100050167,0,07,000,00,2,3,02,A01
201100050167,0,07,000,00,2,4,01,B01
201100050168,0,10,000,00,2,1,01,A01
201100050168,0,07,000,00,2,4,23,B01
201100050169,0,02,000,00,1,0,01,A01
201100050170,1,99,000,00,2,0,01,A01
201100050170,0,07,000,00,2,3,15,B01
201100050171,0,33,000,00,1,1,01,A01
201100050172,0,07,000,00,2,1,01,A01
201100050172,0,07,000,00,2,3,01,B01
201100050173,0,10,000,00,1,3,13,A01
201100050173,0,33,000,00,2,3,17,B01
201100050174,0,30,000,00,2,0,01,B01
201100050174,1,07,000,00,2,0,15,Z01
201100050175,0,07,000,00,2,3,15,A01
201100050175,0,01,000,00,2,1,17,B01
201100050176,0,07,000,00,2,6,04,A01
201100050176,0,33,000,00,2,1,01,B01
201100050177,0,07,000,00,1,2,01,A01
201100050178,0,33,000,00,2,1,02,A01
201100050178,0,10,000,00,2,4,01,B01
201100050179,0,07,000,00,2,1,02,A01
201100050179,0,07,000,00,2,4,23,B01
201100050179,0,33,000,00,2,5,01,A02
201100050180,0,07,000,00,2,3,10,A01
201100050180,0,30,000,00,2,2,02,B01
201100050181,0,34,000,01,0,1,11,A01
201100050181,0,38,002,00,2,4,23,B01
201100050182,0,07,000,00,2,1,01,A01
201100050182,0,33,000,00,2,0,01,B01
201100050183,0,34,000,00,2,7,01,B01
201100050183,1,07,000,00,2,3,09,Z01
201100050184,0,10,000,00,2,2,01,A01
201100050184,0,30,000,00,2,1,01,B01
201100050185,0,10,000,00,2,5,15,A01
201100050185,0,30,000,00,2,1,01,B01
201100050186,0,30,000,00,2,7,01,B01
201100050186,0,07,000,00,2,1,09,A01
201100050187,0,01,000,00,1,1,01,A01
201100050188,0,07,000,00,2,3,02,A01
201100050188,0,30,000,00,2,5,01,B01
201100050189,0,07,000,00,2,3,01,A01
201100050189,0,07,000,00,2,3,23,B01
201100050189,0,14,000,00,2,3,01,C01
201100050190,0,07,000,00,1,1,01,A01
201100050191,0,10,000,00,1,2,01,A01
201100050192,2,07,000,00,2,1,05,A01
201100050192,0,07,000,00,2,3,01,B01
201100050193,0,30,000,00,2,1,01,A01
201100050193,0,07,000,00,2,6,15,B01
201100050194,0,07,000,00,2,3,01,A01
201100050194,0,07,000,00,2,1,01,B01
201100050195,0,07,000,04,0,2,01,A01
201100050196,0,13,000,00,1,4,20,A01
201100050197,0,07,000,00,2,3,15,A01
201100050197,0,34,000,00,2,1,17,B01
201100050198,0,07,000,00,1,1,01,A01
201100050199,0,07,000,00,2,0,05,A01
201100050199,0,33,000,00,2,7,01,B01
201100050200,0,07,000,00,2,3,22,B01
201100050200,1,07,000,01,0,2,01,Z01
201100050201,0,07,000,00,2,1,01,B01
201100050201,0,33,000,00,2,3,17,A01
201100050202,0,30,000,00,2,1,01,B01
201100050202,0,07,000,00,2,2,01,A01
201100050203,0,07,000,00,2,5,01,A01
201100050203,0,32,000,00,2,1,01,B01
201100050204,0,10,000,00,2,8,01,B01
201100050204,0,37,060,00,2,2,01,A01
201100050205,0,07,000,00,2,4,04,A01
201100050206,0,07,000,00,1,2,01,A01
201100050207,0,33,000,00,2,1,17,A01
201100050207,0,07,000,00,2,1,01,B01
201100050208,0,07,000,00,2,3,20,B01
201100050208,0,02,000,00,2,1,01,A01
201100050209,0,07,000,00,2,3,01,A01
201100050209,2,30,000,00,2,0,05,B01
201100050210,0,07,000,00,2,1,01,B01
201100050210,0,10,000,00,2,3,13,A01
201100050211,0,07,000,00,2,1,01,A01
201100050211,0,07,000,00,2,2,01,B01
201100050212,0,07,000,00,1,2,01,A01
201100050213,0,10,000,00,2,1,02,A01
201100050213,0,37,095,00,2,4,23,B01
201100050214,0,34,000,03,0,3,01,A01
201100050215,0,07,000,00,2,3,15,A01
201100050215,0,31,000,00,2,7,17,B01
201100050216,0,33,000,00,2,2,02,B01
201100050216,0,07,000,00,2,3,10,A01
201100050217,0,07,000,00,0,0,15,B01
201100050217,0,33,000,00,0,7,01,A01
201100050218,0,34,000,08,0,1,01,A01
201100050219,0,33,000,00,2,1,01,A01
201100050219,0,07,000,00,2,1,16,B01
201100050220,0,07,000,00,1,1,16,A01
201100050221,0,07,000,00,1,3,15,A01
201100050222,0,32,000,00,2,1,01,B01
201100050222,0,07,000,00,0,3,10,A01
201100050223,0,32,000,00,2,2,01,A01
201100050223,0,07,000,00,2,3,09,B01
201100050224,0,07,000,00,1,3,01,A01
201100050225,0,33,000,00,0,7,01,A01
201100050226,0,07,000,00,2,3,15,A01
201100050226,0,33,000,00,2,1,01,B01
201100050227,0,07,000,00,1,1,01,A01
201100050228,0,07,000,00,0,2,10,A01
201100050228,0,32,000,00,2,8,01,B01
201100050229,1,07,000,00,2,2,01,A01
201100050229,0,02,000,00,2,6,01,B01
201100050230,0,02,000,00,1,2,01,A01
201100050231,0,02,000,00,2,3,01,B01
201100050231,0,07,000,00,2,4,09,A01
201100050232,0,07,000,00,2,2,15,A01
201100050232,0,30,000,00,2,1,01,B01
201100050233,0,33,000,07,2,2,01,B01
201100050233,0,07,000,00,2,6,11,A01
201100050234,0,33,000,00,2,1,01,B01
201100050234,0,07,000,00,2,5,10,A01
201100050235,0,07,000,14,0,1,01,A01
201100050236,0,07,000,00,1,3,01,A01
201100050237,0,33,000,00,0,3,15,A01
201100050238,0,07,000,15,0,3,00,A01
201100050239,0,33,000,04,0,3,16,A01
201100050240,0,07,000,00,2,1,02,A01
201100050240,0,01,000,00,2,4,02,B01
201100050240,0,07,000,00,2,4,23,D01
201100050240,0,10,000,00,2,4,23,C01
201100050241,0,10,000,01,0,5,21,A01
201100050242,0,07,000,04,0,1,01,A01
201100050243,0,33,000,16,0,7,21,A01
201100050244,0,07,000,00,1,1,15,A01
201100050245,0,07,000,00,1,1,15,A01
201100050246,0,37,001,00,2,3,17,A01
201100050246,0,32,000,00,2,1,01,B01
201100050247,0,30,000,00,1,2,01,A01
201100050248,0,01,000,00,2,3,19,B01
201100050248,0,07,000,00,2,3,01,A01
201100050249,0,01,000,00,1,1,01,A01
201100050250,0,07,000,00,1,2,02,A01
201100050251,0,07,000,00,2,7,15,A01
201100050251,0,32,000,00,2,1,00,B01
201100050252,0,07,000,00,2,1,01,B01
201100050252,0,07,000,00,2,3,01,A01
201100050253,0,34,000,00,2,3,02,A01
201100050253,0,07,000,00,0,4,01,B01
201100050254,0,07,000,00,2,2,02,A01
201100050254,0,07,000,00,2,6,02,B01
201100050255,0,33,000,00,2,3,21,B01
201100050255,0,07,000,00,2,5,15,A01
201100050256,0,02,000,00,2,3,11,A01
201100050256,0,07,000,00,2,2,01,B01
201100050257,0,32,000,00,2,1,13,A01
201100050257,0,07,000,00,0,1,01,B01
201100050258,0,10,000,00,2,5,16,A01
201100050258,0,01,000,00,2,8,01,B01
201100050259,0,07,000,00,2,1,15,A01
201100050259,0,07,000,00,2,1,01,B01
201100050260,0,07,000,00,1,1,01,A01
201100050261,0,02,000,00,2,1,01,B01
201100050261,0,07,000,00,2,3,01,A01
201100050262,0,07,000,00,2,1,20,A01
201100050262,0,32,000,00,2,4,23,B01
201100050263,0,07,000,00,2,2,14,A01
201100050263,0,34,000,00,2,1,01,B01
201100050264,0,07,000,00,2,3,16,A01
201100050264,0,01,000,00,2,1,01,B01
201100050265,0,10,000,00,1,2,15,A01
201100050266,0,07,000,00,2,4,18,A01
201100050266,0,07,000,00,2,2,02,B01
201100050267,0,07,000,00,2,6,11,A01
201100050267,0,31,000,00,2,2,01,B01
201100050268,0,30,000,00,0,1,02,A01
201100050268,0,07,000,00,2,4,23,B01
201100050269,0,02,000,00,2,7,01,A01
201100050269,0,07,000,00,2,5,01,B01
201100050270,0,07,000,00,2,3,09,A01
201100050270,0,32,000,00,2,1,01,B01
201100050271,1,07,000,00,1,1,01,A01
201100050272,0,34,000,00,2,3,10,A01
201100050272,0,02,000,00,2,1,01,B01
201100050273,0,07,000,00,2,8,20,A01
201100050273,0,32,000,00,2,7,01,B01
201100050274,0,30,000,00,2,1,02,A01
201100050274,0,07,000,00,2,5,16,B01
201100050275,0,34,000,14,1,1,02,A01
201100050275,0,20,000,00,0,4,01,B01
201100050276,0,07,000,00,2,1,02,A01
201100050276,0,07,000,00,2,4,01,B01
201100050277,0,07,000,00,2,5,15,A01
201100050277,0,33,000,00,2,1,02,B01
201100050278,0,02,000,00,1,7,01,A01
201100050279,0,31,000,00,0,7,01,A01
201100050280,0,33,000,00,2,1,02,A01
201100050280,0,07,000,00,2,4,16,B01
201100050281,0,07,000,00,1,1,16,A01
201100050282,0,14,000,00,2,1,02,A01
201100050282,0,07,000,00,2,6,01,B01
201100050283,0,30,000,00,2,4,01,C01
201100050283,0,07,000,00,2,3,02,A01
201100050283,0,07,000,00,2,4,23,B01
201100050284,0,07,000,00,1,1,01,A01
201100050285,1,07,000,00,1,1,01,A01
201100050286,0,01,000,00,2,2,01,A01
201100050286,0,07,000,00,2,3,09,B01
201100050287,0,07,000,00,2,8,09,A01
201100050287,0,30,000,00,2,1,01,B01
201100050288,0,07,000,00,2,3,01,B01
201100050288,0,30,000,00,2,1,17,A01
201100050289,0,07,000,00,2,1,01,A01
201100050289,0,07,000,00,2,1,01,B01
201100050290,0,33,000,00,2,6,18,A01
201100050290,0,07,000,00,2,2,15,B01
201100050291,0,07,000,00,2,8,16,B01
201100050291,0,07,000,00,2,1,01,A01
201100050292,0,30,000,00,2,1,01,B01
201100050292,0,07,000,00,2,1,15,A01
201100050293,0,07,000,00,2,4,01,C01
201100050293,0,07,000,00,2,1,02,A01
201100050293,0,07,000,00,2,4,02,B01
201100050294,0,07,000,00,1,3,09,A01
201100050295,0,07,000,00,2,1,01,B01
201100050295,0,07,000,03,0,1,01,A01
201100050296,0,07,000,00,2,3,15,C01
201100050296,0,07,000,00,2,8,20,B01
201100050296,0,07,000,00,2,1,17,A01
201100050297,0,33,000,00,2,1,17,A01
201100050297,0,07,000,00,2,6,15,B01
201100050298,0,07,000,00,1,2,01,A01
201100050299,0,07,000,00,2,4,01,B01
201100050299,0,33,000,00,2,1,02,A01
201100050300,0,10,000,00,1,1,15,A01
201100050301,0,07,000,00,2,1,09,B01
201100050301,0,31,000,00,2,1,17,A01
201100050302,0,30,000,15,0,1,01,A01
201100050303,0,07,000,12,0,2,01,A01
201100050304,0,07,000,00,2,6,01,B01
201100050304,0,14,000,00,2,3,19,A01
201100050305,0,07,000,00,1,1,01,A01
201100050306,0,07,000,00,2,3,01,B01
201100050306,0,07,000,00,2,3,05,A01
201100050307,0,33,000,00,2,1,02,A01
201100050307,0,07,000,00,2,6,01,B01
201100050308,0,07,000,00,2,3,15,B01
201100050308,0,31,000,00,2,7,17,A01
201100050309,0,07,000,00,2,4,01,B01
201100050309,0,07,000,00,2,1,02,A01
201100050310,0,07,000,00,1,1,01,A01
201100050311,0,01,000,00,2,7,01,B01
201100050311,0,07,000,00,2,1,15,A01
201100050312,0,07,000,00,2,9,17,A01
201100050312,0,10,000,00,2,9,01,B01
201100050313,0,32,000,00,1,1,01,A01
201100050314,0,32,000,00,2,7,01,B01
201100050314,0,07,000,00,2,5,15,A01
201100050315,0,07,000,00,1,1,16,A01
201100050316,0,37,001,00,2,1,23,B01
201100050316,0,36,000,00,2,1,01,A01
201100050317,0,32,000,00,2,1,17,A01
201100050317,0,07,000,00,2,8,15,B01
201100050318,0,07,000,00,1,2,01,A01
201100050319,0,30,000,00,1,1,13,A01
201100050320,0,30,000,00,2,3,16,B01
201100050320,0,07,000,00,2,1,01,A01
201100050321,0,07,000,00,2,1,15,A01
201100050321,0,33,000,00,2,3,01,B01
201100050322,0,33,000,00,2,1,01,B01
201100050322,0,07,000,00,2,6,10,A01
201100050323,0,07,000,00,1,2,01,A01
201100050324,0,30,000,00,1,1,17,A01
201100050325,0,07,000,00,2,1,01,A01
201100050325,0,07,000,00,2,4,23,B01
201100050325,0,07,000,00,2,4,23,C01
201100050326,0,30,000,00,2,7,01,B01
201100050326,1,07,000,00,2,8,13,Z01
201100050327,0,10,000,00,2,4,04,A01
201100050327,0,02,000,00,2,8,16,B01
201100050328,0,02,000,00,2,1,01,B01
201100050328,0,10,000,00,2,2,01,A01
201100050329,0,07,000,00,1,7,01,A01
201100050330,0,07,000,00,2,7,01,B01
201100050330,0,07,000,00,2,1,15,A01
201100050331,0,07,000,00,2,7,01,A01
201100050331,0,30,000,00,2,1,01,B01
201100050332,0,33,000,00,2,1,02,A01
201100050332,0,07,000,00,2,4,23,B01
201100050333,0,32,000,00,2,4,23,B01
201100050333,0,07,000,00,2,1,01,A01
201100050334,0,07,000,00,2,2,06,A01
201100050334,0,07,000,00,2,1,01,B01
201100050335,0,32,000,00,2,1,17,A01
201100050335,0,37,006,00,2,8,15,B01
201100050336,0,07,000,00,2,7,17,A01
201100050336,0,30,000,00,2,6,01,B01
201100050337,0,10,000,00,2,3,02,B01
201100050337,0,07,000,00,2,8,16,A01
201100050338,0,07,000,00,1,3,01,A01
201100050339,0,10,000,00,9,1,15,A01
201100050339,0,01,000,00,2,4,15,B01
201100050340,0,07,000,00,1,2,01,A01
201100050341,0,07,000,00,2,8,01,B01
201100050341,0,07,000,00,2,1,15,A01
201100050342,0,32,000,00,2,1,17,A01
201100050342,0,07,000,00,2,3,15,B01
201100050343,0,07,000,00,2,6,15,A01
201100050343,0,33,000,00,2,1,17,B01
201100050344,0,31,000,00,2,1,01,B01
201100050344,0,07,000,00,2,4,11,A01
201100050345,0,07,000,00,2,1,01,A01
201100050345,0,07,000,00,2,4,04,B01
201100050346,0,07,000,00,2,8,09,A01
201100050346,0,07,000,00,2,1,01,B01
201100050347,0,32,000,00,2,1,02,A01
201100050347,0,10,000,00,0,4,23,B01
201100050348,0,07,000,00,1,1,01,A01
201100050349,0,07,000,00,2,1,02,A01
201100050349,0,07,000,00,0,4,01,B01
201100050350,0,07,000,00,0,8,01,B01
201100050350,0,07,000,00,2,1,01,A01
201100050351,0,07,000,00,2,1,01,A01
201100050351,0,07,000,00,2,4,01,B01
201100050352,0,07,000,00,2,3,09,A01
201100050352,0,32,000,00,2,1,01,B01
201100050353,0,07,000,00,1,1,01,A01
201100050354,0,37,001,00,2,4,23,C01
201100050354,0,14,000,00,2,1,01,A01
201100050354,0,07,000,00,2,4,23,B01
201100050355,0,07,000,00,2,3,15,A01
201100050355,0,32,000,00,2,1,01,B01
201100050356,0,07,000,00,1,1,01,A01
201100050357,0,30,000,00,2,1,01,A01
201100050357,0,07,000,00,2,8,15,B01
201100050358,0,07,000,00,2,6,15,B01
201100050358,0,07,000,00,2,3,01,A01
201100050359,0,07,000,00,2,3,01,B01
201100050359,0,07,000,00,2,1,15,A01
201100050360,2,07,000,15,0,1,01,A01
201100050361,0,01,000,00,2,1,09,A01
201100050361,0,07,000,00,2,2,01,B01
201100050362,0,07,000,00,0,5,16,B01
201100050362,0,30,000,00,2,1,02,A01
201100050363,0,37,001,00,2,1,02,A01
201100050363,0,10,000,00,2,4,01,B01
201100050364,0,07,000,00,2,1,09,A01
201100050364,0,31,000,00,2,7,01,B01
201100050365,0,33,000,00,2,8,21,A01
201100050365,0,07,000,00,2,1,15,B01
201100050366,0,07,000,00,1,1,01,A01
201100050367,0,99,000,09,2,1,01,A01
201100050367,0,07,000,00,2,2,01,B01
201100050368,0,07,000,00,1,2,01,A01
201100050369,0,07,000,00,2,3,15,A01
201100050369,0,34,000,00,2,6,01,B01
201100050370,0,01,000,00,2,1,15,A01
201100050370,0,10,000,00,2,1,16,B01