Num_Acc,senc,catv,occutc,obs,obsm,choc,manv,num_veh
201100050371,0,07,000,00,2,1,02,A01
201100050371,0,07,000,00,2,4,01,B01
201100050372,0,07,000,00,1,1,16,A01
201100050373,0,07,000,00,2,3,09,A01
201100050373,0,01,000,00,2,1,01,B01
201100050374,0,02,000,00,2,2,17,A01
201100050374,0,07,000,00,2,8,15,B01
201100050375,0,07,000,00,2,1,05,A01
201100050375,0,07,000,00,2,1,01,B01
201100050376,0,30,000,00,1,1,01,A01
201100050377,1,07,000,00,1,1,00,Z01
201100050378,0,07,000,00,2,3,15,A01
201100050378,0,33,000,00,2,1,01,B01
201100050379,0,10,000,00,2,3,11,A01
201100050379,0,33,000,00,2,9,01,B01
201100050380,0,07,000,00,2,7,01,A01
201100050380,0,07,000,00,2,3,01,B01
201100050381,0,10,000,00,2,1,15,A01
201100050381,0,02,000,00,2,1,01,B01
201100050382,0,30,000,00,2,1,05,A01
201100050382,0,07,000,00,2,3,15,B01
201100050383,0,07,000,00,2,3,15,A01
201100050383,0,32,000,00,2,1,01,B01
201100050384,0,07,000,00,2,4,01,A01
201100050384,0,07,000,00,2,4,02,B01
201100050384,0,37,001,00,2,1,02,C01
201100050385,0,07,000,00,1,1,01,A01
201100050386,0,30,000,00,2,1,01,A01
201100050386,0,07,000,00,2,8,01,B01
201100050387,0,33,000,00,1,1,01,A01
201100050388,0,07,000,00,2,1,01,A01
201100050388,0,07,000,00,2,8,01,B01
201100050389,1,07,000,00,1,1,01,Z01
201100050390,0,07,000,01,0,1,01,A01
201100050391,0,07,000,00,2,1,20,A01
201100050391,0,33,000,00,2,1,01,B01
201100050392,0,07,000,00,1,3,15,A01
201100050393,0,03,000,00,2,1,05,A01
201100050393,0,10,000,00,2,1,01,B01
201100050394,0,07,000,00,1,1,15,A01
201100050395,0,07,000,00,2,1,01,A01
201100050395,0,07,000,00,2,3,15,B01
201100050396,0,07,000,00,2,1,02,A01
201100050396,0,07,000,00,2,4,02,B01
201100050396,0,07,000,00,2,4,02,C01
201100050397,0,33,000,00,2,1,02,A01
201100050397,0,07,000,00,2,4,02,B01
201100050397,0,07,000,00,0,4,23,C01
201100050398,0,07,000,00,2,1,15,A01
201100050398,0,30,000,00,2,1,01,B01
201100050399,0,07,000,00,1,8,01,A01
201100050400,0,07,000,00,2,4,02,B01
201100050400,0,07,000,00,2,1,02,A01
201100050401,0,07,000,04,0,1,01,A01
201100050402,0,07,000,00,2,9,01,B01
201100050402,0,07,000,00,2,1,01,A01
201100050402,0,07,000,00,2,4,01,C01
201100050403,0,07,000,00,1,3,01,A01
201100050404,0,10,000,00,1,3,01,A01
201100050405,0,07,000,06,2,1,01,A01
201100050405,0,07,000,00,2,6,15,B01
201100050406,0,07,000,00,1,7,01,A01
201100050407,0,37,001,00,2,2,09,A01
201100050407,0,01,000,00,2,0,01,B01
201100050408,0,07,000,00,2,3,10,A01
201100050408,0,31,000,00,2,1,01,B01
201100050409,0,07,000,01,1,7,01,A01
201100050410,0,01,000,00,2,3,19,B01
201100050410,0,07,000,00,2,1,01,A01
201100050411,1,33,000,00,1,1,01,Z01
201100050412,0,30,000,00,2,2,17,A01
201100050412,0,07,000,00,2,6,15,B01
201100050413,0,37,006,00,0,0,21,A01
201100050414,0,34,000,00,2,7,17,A01
201100050414,0,07,000,00,2,3,15,B01
201100050415,0,07,000,00,1,3,15,A01
201100050416,0,07,000,00,1,1,15,A01
201100050417,1,07,000,00,1,1,01,Z01
201100050418,0,07,000,00,0,5,09,A01
201100050418,0,36,000,00,0,3,02,B01
201100050419,0,07,000,00,0,1,15,A01
201100050419,0,07,000,00,0,8,01,B01
201100050420,0,02,000,00,2,1,01,B01
201100050420,0,14,000,00,2,5,15,A01
201100050421,0,10,000,00,1,7,01,A01
201100050422,0,33,000,01,2,9,21,A01
201100050423,0,07,000,00,2,1,16,A01
201100050423,0,01,000,00,2,7,19,B01
201100050424,0,13,000,00,2,2,15,A01
201100050424,0,07,000,00,2,8,15,B01
201100050425,0,07,000,00,2,3,09,A01
201100050425,0,07,000,00,2,5,00,B01
201100050426,0,07,000,00,2,1,02,A01
201100050426,0,07,000,00,2,4,02,B01
201100050426,0,07,000,00,0,4,02,C01
201100050427,0,07,000,00,2,8,01,A01
201100050427,0,14,000,00,2,1,01,B01
201100050428,0,07,000,01,1,5,04,A01
201100050429,1,07,000,00,1,7,01,A01
201100050430,0,07,000,00,0,7,15,A01
201100050430,0,07,000,00,2,1,01,B01
201100050431,0,07,000,00,1,1,01,A01
201100050432,0,07,000,00,2,2,15,A01
201100050432,0,02,000,00,2,1,01,B01
201100050433,0,07,000,06,0,1,16,A01
201100050434,0,37,001,00,1,7,01,A01
201100050435,0,07,000,00,2,5,02,A01
201100050435,0,07,000,00,2,6,02,B01
201100050436,0,02,000,00,2,7,01,B01
201100050436,0,07,000,00,2,3,11,A01
201100050437,0,33,000,00,1,1,01,A01
201100050438,0,07,000,02,0,1,01,A01
201100050439,0,07,000,00,2,3,09,A01
201100050439,0,07,000,00,2,3,01,B01
201100050440,0,07,000,00,1,1,01,A01
201100050441,0,07,000,00,1,1,01,A01
201100050442,0,07,000,00,0,8,11,B01
201100050442,0,30,000,00,2,1,01,A01
201100050443,0,10,000,00,1,1,16,A01
201100050444,0,07,000,00,2,1,02,A01
201100050444,0,07,000,00,0,4,01,B01
201100050445,0,07,000,00,1,1,16,A01
201100050446,0,07,000,00,1,1,01,A01
201100050447,0,07,000,00,2,4,23,B01
201100050447,0,33,000,00,2,1,02,A01
201100050448,0,10,000,00,1,3,00,A01
201100050449,0,01,000,01,0,1,01,B01
201100050449,0,07,000,00,2,3,22,A01
201100050450,0,30,000,00,1,1,01,A01
201100050451,0,07,000,00,2,1,16,A01
201100050451,0,14,000,00,2,1,20,B01
201100050452,0,10,000,00,2,3,01,B01
201100050452,0,37,000,00,2,3,06,A01
201100050453,0,07,000,00,2,1,21,B01
201100050453,0,03,000,00,2,8,11,A01
201100050454,0,14,000,00,1,3,00,A01
201100050455,0,07,000,11,0,3,01,A01
201100050456,0,33,000,00,2,2,01,A01
201100050456,0,07,000,00,2,6,01,B01
201100050457,0,07,000,00,1,3,15,A01
201100050458,0,07,000,00,2,1,01,B01
201100050458,0,07,000,00,2,7,15,A01
201100050459,0,07,000,09,2,7,07,A01
201100050459,0,07,000,00,2,1,15,B01
201100050460,0,07,000,00,2,1,01,B01
201100050460,0,07,000,00,2,7,10,A01
201100050461,0,07,000,00,1,3,01,A01
201100050462,0,33,000,00,2,4,23,B01
201100050462,0,07,000,00,2,1,02,A01
201100050463,0,07,000,00,0,3,09,A01
201100050463,0,02,000,00,2,3,01,B01
201100050464,0,07,000,00,2,7,15,A01
201100050464,0,37,001,00,4,2,01,B01
201100050465,0,07,000,01,0,1,10,A01
201100050466,0,07,000,01,1,1,01,A01
201100050467,0,07,000,00,1,2,01,A01
201100050468,0,07,000,00,0,2,11,A01
201100050468,0,07,000,00,2,4,23,B01
201100050469,0,07,000,00,2,8,15,B01
201100050469,0,31,000,00,2,1,17,A01
201100050470,0,33,000,00,1,1,01,A01
201100050471,0,07,000,00,2,3,01,A01
201100050471,0,02,000,00,2,1,15,B01
201100050472,0,10,000,00,1,2,01,A01
201100050473,0,30,000,00,2,1,02,A01
201100050473,0,07,000,00,0,5,01,B01
201100050474,0,07,000,00,2,3,09,B01
201100050474,0,33,000,00,2,1,21,A01
201100050475,0,07,000,00,2,8,15,B01
201100050475,0,02,000,00,2,2,17,A01
201100050476,0,07,000,00,2,1,01,A01
201100050476,0,01,000,00,2,4,23,B01
201100050477,0,07,000,00,1,2,01,A01
201100050478,0,07,000,00,2,4,01,B01
201100050478,0,07,000,00,2,1,02,A01
201100050479,1,07,000,00,1,4,20,Z01
201100050480,0,07,000,00,2,1,15,A01
201100050480,0,30,000,00,2,3,16,B01
201100050481,0,33,000,00,2,2,01,B01
201100050481,0,02,000,00,2,5,09,A01
201100050482,0,32,000,00,1,1,01,A01
201100050483,0,01,000,00,2,7,19,A01
201100050483,0,07,000,00,1,1,01,B01
201100050484,0,10,000,00,0,4,02,A01
201100050484,0,07,000,00,2,1,02,B01
201100050484,1,10,000,00,2,1,02,C01
201100050485,0,33,000,00,2,1,17,A01
201100050485,0,07,000,00,2,5,13,B01
201100050486,0,02,000,00,2,8,01,B01
201100050486,0,07,000,00,2,7,01,A01
201100050487,0,07,000,00,0,0,00,B01
201100050487,1,07,000,00,0,0,00,Z01
201100050488,0,07,000,00,2,3,16,A01
201100050488,0,32,000,00,2,1,01,B01
201100050489,0,07,000,00,2,2,15,A01
201100050489,0,32,000,00,2,1,01,B01
201100050490,0,33,000,14,2,2,17,A01
201100050490,0,07,000,00,2,8,01,B01
201100050491,0,07,000,00,2,7,14,A01
201100050491,0,07,000,15,2,6,01,B01
201100050492,0,33,000,00,2,1,01,A01
201100050492,0,07,000,00,2,3,01,B01
201100050493,0,07,000,00,1,7,01,A01
201100050494,0,07,000,00,1,2,01,A01
201100050495,0,07,000,00,2,4,09,B01
201100050495,0,07,000,00,2,1,02,A01
201100050496,1,07,000,00,2,1,09,Z01
201100050496,0,07,000,00,2,2,01,A01
201100050497,0,07,000,00,2,1,02,A01
201100050497,0,07,000,00,2,4,01,B01
201100050498,0,07,000,00,2,3,09,A01
201100050498,2,07,000,00,2,1,01,Z01
201100050499,0,07,000,00,1,1,01,A01
201100050500,0,37,001,00,1,1,01,A01
201100050501,0,07,000,04,0,1,01,A01
201100050502,0,07,000,00,2,1,01,B01
201100050502,0,31,000,00,2,1,01,A01
201100050503,0,07,000,00,2,3,17,A01
201100050503,0,02,000,00,2,1,09,B01
201100050504,0,15,000,00,2,7,15,A01
201100050504,0,33,000,00,2,1,01,B01
201100050505,0,01,000,00,0,4,01,B01
201100050505,0,07,000,00,2,1,02,A01
201100050506,0,32,000,00,2,1,01,B01
201100050506,0,07,000,00,2,8,20,A01
201100050507,1,07,000,00,2,2,14,Z01
201100050507,0,07,000,00,2,3,01,A01
201100050508,0,14,000,00,2,8,01,B01
201100050508,0,07,000,00,2,7,09,A01
201100050509,0,07,000,08,0,1,14,A01
201100050510,0,31,000,00,2,4,01,B01
201100050510,0,07,000,00,2,1,02,A01
201100050511,0,07,000,00,2,1,02,A01
201100050511,0,01,000,00,2,4,01,B01
201100050512,0,07,000,00,2,6,15,A01
201100050512,0,37,002,00,2,3,01,B01
201100050513,0,07,000,00,2,4,23,B01
201100050513,0,30,000,00,2,1,06,A01
201100050514,0,07,000,00,2,6,09,A01
201100050514,0,14,000,00,2,2,17,B01
201100050515,0,33,000,04,0,8,01,A01
201100050516,1,07,000,00,2,1,01,Z01
201100050516,0,30,000,00,2,4,01,A01
201100050517,0,07,000,12,0,7,01,A01
201100050518,0,07,000,00,2,1,02,A01
201100050518,0,07,000,00,2,4,01,B01
201100050519,0,07,000,00,2,3,01,A01
201100050519,0,02,000,00,2,1,01,B01
201100050520,0,07,000,00,1,3,01,A01
201100050521,0,07,000,00,2,1,09,A01
201100050521,0,33,000,00,2,7,01,B01
201100050522,0,33,000,04,0,9,01,A01
201100050523,0,07,000,00,1,3,15,A01
201100050524,1,02,000,00,1,1,01,Z01
201100050525,0,07,000,00,2,3,16,A01
201100050525,0,02,000,00,2,8,01,B01
201100050526,0,37,002,00,2,2,01,B01
201100050526,1,07,000,00,2,3,13,Z01
201100050527,0,07,000,00,2,1,02,B01
201100050527,0,07,000,00,2,4,23,A01
201100050528,0,07,000,03,0,9,01,A01
201100050529,0,07,000,00,2,4,02,C01
201100050529,0,07,000,01,2,1,01,A01
201100050529,0,07,000,01,2,6,02,B01
201100050530,0,07,000,00,2,3,15,A01
201100050530,0,31,000,00,2,8,01,B01
201100050531,0,07,000,00,1,2,01,A01
201100050532,0,07,000,00,1,1,01,A01
201100050533,0,07,000,00,2,1,09,A01
201100050533,0,33,000,00,0,2,01,B01
201100050534,0,07,000,00,2,1,15,A01
201100050534,0,31,000,00,2,7,01,B01
201100050535,0,07,000,00,2,1,01,A01
201100050535,0,07,000,00,0,4,02,B01
201100050536,0,07,000,11,0,3,01,A01
201100050537,0,07,000,00,2,8,01,C01
201100050537,0,07,000,00,2,7,17,B01
201100050537,0,33,000,00,2,8,11,A01
201100050538,0,31,000,00,2,1,05,B01
201100050538,0,07,000,00,2,2,09,A01
201100050539,0,15,000,00,2,6,23,B01
201100050539,0,10,000,01,0,2,02,A01
201100050540,0,07,000,00,1,1,01,A01
201100050541,0,07,000,00,0,6,23,B01
201100050541,0,30,000,00,2,1,02,A01
201100050542,0,07,000,00,0,7,15,A01
201100050542,0,07,000,00,2,1,01,B01
201100050543,0,07,000,00,1,1,15,A01
201100050544,1,33,000,00,1,1,01,Z01
201100050545,0,02,000,00,2,1,17,A01
201100050545,0,07,000,00,2,1,15,B01
201100050546,0,07,000,00,2,1,01,A01
201100050546,0,07,000,00,2,2,15,B01
201100050547,0,31,000,00,0,7,01,A01
201100050548,0,31,000,00,2,1,01,A01
201100050548,0,31,000,01,2,4,20,B01
201100050549,0,07,000,00,2,1,06,A01
201100050549,0,07,000,00,0,1,01,B01
201100050550,0,07,000,00,2,2,01,B01
201100050550,0,07,000,00,2,6,01,A01
201100050551,0,30,000,00,2,1,01,A01
201100050551,0,07,000,00,2,2,01,B01
201100050552,0,30,000,00,2,4,23,B01
201100050552,0,10,000,00,2,1,02,A01
201100050553,1,07,000,00,1,1,01,Z01
201100050554,0,33,000,00,2,1,02,A01
201100050554,0,07,000,00,2,6,01,B01
201100050555,0,07,000,00,2,1,01,B01
201100050555,0,07,000,00,2,2,15,A01
201100050556,0,07,000,00,1,3,01,A01
201100050557,0,33,000,00,2,4,01,A01
201100050557,0,13,000,00,2,2,01,B01
201100050558,0,02,000,00,2,7,09,B01
201100050558,0,07,000,00,2,1,01,A01
201100050559,0,07,000,00,1,1,01,A01
201100050560,0,01,000,00,2,1,16,A01
201100050560,0,07,000,00,2,3,01,B01
201100050561,0,07,000,00,1,3,01,A01
201100050562,0,07,000,00,2,3,15,B01
201100050562,0,31,000,00,2,7,17,A01
201100050563,1,07,000,00,2,2,15,Z01
201100050563,0,02,000,00,2,1,01,A01
201100050564,0,07,000,00,2,4,01,B01
201100050564,0,14,000,00,2,1,02,A01
201100050565,0,10,000,00,2,1,02,A01
201100050565,0,07,000,00,2,4,01,B01
201100050566,0,07,000,08,0,1,14,A01
201100050567,2,30,000,00,1,1,01,A01
201100050568,0,07,000,00,0,4,01,Z01
201100050568,0,07,000,00,2,1,02,A01
201100050569,0,33,000,16,0,8,21,A01
201100050570,0,07,000,00,0,5,10,B01
201100050570,0,32,000,00,2,1,02,A01
201100050571,0,32,000,00,2,3,18,A01
201100050571,0,07,000,00,0,7,01,B01
201100050572,0,37,001,00,1,1,01,A01
201100050573,0,07,000,00,2,6,15,B01
201100050573,0,33,000,00,2,2,13,A01
201100050574,0,07,000,00,2,3,19,B01
201100050574,0,07,000,00,2,1,19,A01
201100050575,0,07,000,06,0,9,01,A01
201100050576,0,07,000,00,1,1,01,A01
201100050577,0,07,000,00,1,1,16,A01
201100050578,0,07,000,12,0,1,01,A01
201100050579,0,34,000,00,2,1,01,A01
201100050579,0,14,000,00,2,7,01,B01
201100050580,0,07,000,00,2,3,13,A01
201100050580,0,07,000,00,2,3,23,B01
201100050581,0,07,000,00,2,4,01,B01
201100050581,0,07,000,00,2,1,02,A01
201100050582,1,07,000,00,2,2,01,B01
201100050582,0,07,000,00,2,4,20,A01
201100050583,0,07,000,00,2,2,01,A01
201100050583,0,01,000,00,2,4,01,B01
201100050584,0,07,000,00,2,2,12,A01
201100050584,0,33,000,00,2,8,01,B01
201100050585,0,33,000,00,2,1,02,A01
201100050585,0,07,000,00,2,6,00,B01
201100050586,0,07,000,00,0,0,10,B01
201100050586,0,33,000,00,2,8,01,A01
201100050587,0,07,000,00,1,2,01,A01
201100050588,0,10,000,00,0,4,01,A01
201100050588,0,32,000,00,2,1,02,B01
201100050589,0,07,000,00,1,1,01,A01
201100050590,0,02,000,00,0,7,01,A01
201100050591,0,07,000,00,0,6,23,B01
201100050591,0,02,000,00,2,1,14,A01
201100050592,0,07,000,00,1,4,04,A01
201100050593,0,32,000,14,0,7,06,A01
201100050594,0,32,000,00,2,1,15,A01
201100050594,0,07,000,00,2,3,01,B01
201100050595,0,02,000,00,2,1,05,B01
201100050595,0,07,000,00,2,2,01,A01
201100050596,0,07,000,00,2,1,02,A01
201100050596,0,07,000,00,2,4,01,B01
201100050597,0,07,000,00,2,1,02,A01
201100050597,0,07,000,00,2,4,01,B01
201100050597,0,07,000,00,2,8,09,C01
201100050598,1,07,000,00,2,1,01,Z01
201100050598,0,01,000,00,2,8,19,A01
201100050599,0,07,000,00,2,1,02,A01
201100050599,0,07,000,00,2,4,23,B01
201100050600,0,33,000,00,2,7,02,A01
201100050600,0,07,000,00,2,8,23,C01
201100050600,0,07,000,00,2,8,23,B01
201100050601,0,07,000,00,2,3,09,A01
201100050601,0,30,000,00,2,1,01,B01
201100050602,0,10,000,00,1,4,04,A01
201100050603,0,02,000,01,0,1,01,A01
201100050604,0,33,000,00,2,2,02,A01
201100050604,0,07,000,00,0,4,01,B01
201100050605,0,33,000,00,2,7,14,A01
201100050606,0,10,000,00,2,1,01,A01
201100050606,0,07,000,00,2,4,01,B01
201100050607,0,14,000,00,2,7,16,A01
201100050607,0,07,000,00,2,8,18,B01
201100050608,0,07,000,00,1,7,01,A01
201100050609,0,07,000,00,2,4,23,B01
201100050609,0,07,000,00,2,1,02,A01
201100050609,0,07,000,00,0,4,23,C01
201100050610,0,07,000,00,2,1,02,A01
201100050610,0,07,000,00,2,4,01,B01
201100050611,0,01,000,00,0,7,01,A01
201100050612,0,34,000,00,2,6,01,A01
201100050612,1,30,000,00,0,1,19,Z01
201100050613,0,33,000,00,0,7,01,A01
201100050614,0,07,000,00,1,7,01,A01
201100050615,0,07,000,00,2,8,01,A01
201100050615,0,31,000,00,2,1,01,B01
201100050616,0,13,000,00,2,2,14,A01
201100050616,0,07,000,00,2,4,23,B01
201100050617,0,07,000,00,2,3,02,B01
201100050617,0,02,000,00,2,4,01,A01
201100050618,0,07,000,00,1,1,01,A01
201100050619,0,07,000,00,2,8,01,B01
201100050619,0,07,000,00,2,1,09,A01
201100050620,2,07,000,14,0,9,01,A01
201100050621,0,07,000,00,1,2,01,A01
201100050622,0,07,000,00,2,3,15,A01
201100050622,0,07,000,00,0,2,01,B01
201100050623,1,07,000,00,1,1,01,A01
201100050624,0,02,000,00,2,1,01,A01
201100050624,0,07,000,00,2,6,01,B01
201100050625,0,14,000,00,2,2,01,A01
201100050625,0,07,000,00,2,3,09,B01
201100050626,0,07,000,00,2,2,01,A01
201100050626,0,01,000,00,0,1,19,B01
201100050627,0,30,000,00,2,1,02,A01
201100050627,0,07,000,00,2,4,01,B01
201100050628,0,07,000,00,0,4,01,B01
201100050628,0,07,000,00,2,1,02,A01
201100050629,0,07,000,00,2,1,01,A01
201100050629,0,07,000,00,2,4,01,B01
201100050630,0,07,000,00,1,1,01,A01
201100050631,0,07,000,00,2,4,01,B01
201100050631,0,30,000,00,2,1,02,A01
201100050632,0,07,000,00,2,7,15,A01
201100050632,0,07,000,00,2,1,01,B01
201100050633,0,07,000,00,1,4,04,A01
201100050634,0,07,000,00,2,3,10,A01
201100050634,0,33,000,00,2,1,17,B01
201100050635,0,07,000,00,0,4,01,B01
201100050635,0,07,000,00,2,1,02,A01
201100050636,0,31,000,00,2,1,01,B01
201100050636,0,07,000,00,2,1,15,A01
201100050637,0,07,000,00,2,7,01,B01
201100050637,0,02,000,00,2,1,11,A01
201100050638,0,07,000,00,2,2,16,A01
201100050638,0,01,000,00,2,3,16,B01
201100050639,0,32,000,00,2,7,01,A01
201100050640,0,07,000,00,2,1,01,A01
201100050640,0,07,000,00,0,2,01,B01
201100050641,0,07,000,00,2,5,15,A01
201100050641,0,07,000,00,0,1,01,B01
201100050642,0,07,000,00,2,0,13,A01
201100050642,0,37,010,00,2,0,01,B01
201100050643,1,07,000,00,2,0,15,Z01
201100050643,0,30,000,00,2,8,01,A01
201100050644,0,07,000,00,2,1,02,A01
201100050644,0,07,000,00,2,5,15,B01
201100050645,0,01,000,00,2,8,01,B01
201100050645,0,07,000,00,2,2,17,A01
201100050646,0,07,000,00,2,4,04,B01
201100050646,0,07,000,00,2,1,02,A01
201100050647,0,33,000,00,2,1,02,A01
201100050647,0,07,000,00,2,4,01,B01
201100050648,0,07,000,00,2,1,02,A01
201100050648,0,31,000,00,0,4,01,B01
201100050649,0,07,000,00,2,1,02,A01
201100050649,0,07,000,00,2,4,01,B01
201100050650,0,07,000,00,2,3,20,A01
201100050650,0,31,000,00,2,2,01,B01
201100050651,0,07,000,00,2,3,01,A02
201100050651,1,07,000,00,2,1,01,Z01
201100050652,0,07,000,00,1,1,01,A01
201100050653,0,31,000,00,2,1,02,A01
201100050653,0,33,000,00,0,4,01,B01
201100050654,0,30,000,01,0,1,14,A01
201100050655,0,07,000,00,1,1,01,A01
201100050656,0,10,000,00,0,4,01,A01
201100050656,0,10,000,00,2,1,02,B01
201100050657,0,01,000,00,2,1,19,A01
201100050657,0,10,000,00,9,1,01,B01
201100050658,0,07,000,01,0,2,01,A01
201100050659,0,10,000,00,2,1,01,B01
201100050659,0,10,000,00,2,3,01,A01
201100050660,0,07,000,00,2,2,19,A01
201100050660,0,34,000,00,2,1,01,B01
201100050661,0,07,000,00,2,1,02,A01
201100050661,0,01,000,00,0,7,19,B01
201100050662,0,34,000,00,0,9,01,A01
201100050663,0,02,000,00,2,1,05,A01
201100050663,0,07,000,00,0,1,23,B01
201100050664,0,34,000,00,2,1,01,A01
201100050664,0,07,000,00,2,3,09,B01
201100050665,0,07,000,00,2,1,02,A01
201100050665,0,07,000,00,2,4,23,B01
201100050666,0,31,000,00,2,2,17,A01
201100050666,0,07,000,00,2,7,09,B01
201100050667,0,14,000,00,2,2,12,A01
201100050667,0,07,000,00,2,6,11,B01
201100050668,0,13,000,00,2,7,16,A01
201100050668,0,01,000,00,2,1,01,B01
201100050669,0,07,000,00,2,1,02,A01
201100050669,0,07,000,00,2,4,01,B01
201100050670,0,07,000,00,2,2,12,A01
201100050670,0,33,000,00,2,8,02,B01
201100050671,0,07,000,00,2,1,02,A01
201100050671,0,07,000,00,2,4,02,B01
201100050671,0,07,000,00,2,4,02,C01
201100050671,0,07,000,00,2,4,02,D01
201100050672,0,07,000,00,0,4,23,A01
201100050672,0,07,000,00,2,1,02,B01
201100050673,0,07,000,00,2,1,02,A01
201100050673,0,07,000,00,1,1,23,B01
201100050674,0,07,000,00,2,1,02,A01
201100050674,0,07,000,00,0,4,23,B01
201100050675,0,07,000,00,2,3,09,A01
201100050675,0,07,000,00,2,1,01,B01
201100050676,0,07,000,00,2,1,02,A01
201100050676,0,02,000,00,0,4,15,B01
201100050677,0,07,000,00,1,3,01,A01
201100050678,0,10,000,08,0,7,01,A01
201100050679,0,33,000,00,2,1,01,A01
201100050679,0,33,000,00,2,1,01,B01
201100050679,0,07,000,00,2,4,11,C01
201100050680,0,33,000,00,2,1,17,A01
201100050680,0,07,000,00,2,3,15,B01
201100050681,0,31,000,00,2,1,02,A01
201100050681,0,07,000,00,0,4,01,B01
201100050682,0,13,000,06,0,1,14,A01
201100050683,0,33,000,00,2,8,18,A01
201100050683,0,07,000,00,2,7,01,B01
201100050684,0,07,000,08,0,9,15,A01
201100050685,0,99,000,00,2,1,21,A01
201100050685,0,07,000,00,2,2,01,B01
201100050686,0,07,000,14,0,1,01,A01
201100050687,0,07,000,00,2,1,02,A01
201100050687,0,07,000,00,2,4,01,B01
201100050688,0,02,000,00,0,1,02,A01
201100050688,0,07,000,00,0,4,01,B01
201100050689,0,07,000,00,2,6,13,A01
201100050689,0,30,000,00,2,3,01,B01
201100050690,1,07,000,00,1,2,01,Z01
201100050691,0,31,000,00,9,0,01,B01
201100050691,0,33,000,00,0,0,01,A01
201100050692,0,07,000,00,0,1,02,A01
201100050692,0,33,000,00,2,4,23,A02
201100050693,0,07,000,00,2,1,15,A01
201100050693,0,30,000,00,2,8,01,B01
201100050694,0,07,000,00,2,4,00,B01
201100050694,0,07,000,00,2,1,02,A01
201100050695,0,07,000,00,2,1,01,A01
201100050695,0,07,000,00,2,4,02,B01
201100050696,0,07,000,00,1,4,04,A01
201100050697,0,07,000,00,2,6,11,A01
201100050697,0,33,000,00,2,2,01,B01
201100050698,0,07,000,00,1,1,01,A01
201100050699,0,10,000,00,0,4,00,B01
201100050699,0,07,000,00,2,1,09,A01
201100050700,0,07,000,00,2,1,02,B01
201100050700,0,07,000,00,2,8,09,A01
201100050701,0,13,000,00,1,1,15,A01
201100050702,0,32,000,00,2,1,01,B01
201100050702,0,07,000,00,2,3,15,A01
201100050703,0,07,000,00,0,6,13,B01
201100050703,0,10,000,00,0,0,00,A01
201100050704,0,34,000,00,0,4,02,B01
201100050704,1,07,000,00,2,1,02,Z01
201100050705,0,07,000,00,1,1,16,A01
201100050706,0,07,000,00,1,1,19,A01
201100050707,0,07,000,00,2,1,02,A01
201100050707,0,07,000,00,2,4,02,B01
201100050707,0,07,000,00,2,4,02,C01
201100050708,0,07,000,00,0,0,15,A01
201100050708,0,02,000,00,2,0,01,B01
201100050709,0,34,000,00,2,4,23,B01
201100050709,0,07,000,00,2,1,02,A01
201100050710,0,07,000,00,2,3,23,C01
201100050710,0,33,000,12,2,9,03,A01
201100050710,0,07,000,00,2,5,23,B01
201100050711,0,07,000,00,2,8,15,B01
201100050711,0,07,000,00,2,1,02,A01
201100050712,1,07,000,00,2,0,00,Z01
201100050712,0,07,000,00,2,1,00,A01
201100050713,0,07,000,00,2,2,01,A01
201100050713,0,07,000,00,2,6,16,B01
201100050714,0,30,000,00,2,1,01,B01
201100050714,0,07,000,00,2,7,15,A01
201100050715,0,30,000,00,2,8,06,A01
201100050715,0,07,000,00,2,6,15,B01
201100050716,0,37,016,00,2,2,02,B01
201100050716,0,07,000,00,2,3,20,A01
201100050717,0,07,000,00,1,1,01,A01
201100050718,0,37,020,00,2,2,01,B01
201100050718,0,07,000,01,2,3,16,A01
201100050719,0,30,000,00,1,3,01,A01
201100050720,0,32,000,00,2,7,01,B01
201100050720,0,07,000,00,2,1,09,A01
201100050721,0,07,000,00,2,6,01,B01
201100050721,0,07,000,00,2,2,16,A01
201100050722,0,07,000,00,1,3,01,A01
201100050723,0,33,000,00,1,3,01,A01
201100050724,0,07,000,00,1,2,01,A01
201100050725,0,07,000,00,1,2,01,A01
201100050726,0,35,000,00,1,2,01,A01
201100050727,0,07,000,00,2,3,17,A01
201100050727,0,07,000,00,0,8,02,C01
201100050727,0,10,000,00,2,9,16,B01
201100050728,0,07,000,01,2,2,01,A01
201100050728,0,07,000,00,2,8,16,B01
201100050729,0,32,000,00,2,1,01,A01
201100050729,0,07,000,00,2,3,01,B01
201100050730,0,10,000,00,2,3,13,A01
201100050730,0,30,000,00,2,2,17,B01
201100050731,0,33,000,00,2,8,01,B01
201100050731,0,07,000,00,2,2,12,A01
201100050732,0,07,000,00,2,1,01,B01
201100050732,0,31,000,00,2,2,12,A01
201100050733,0,07,000,00,2,8,01,A01
201100050733,0,32,000,00,2,1,01,B01
201100050734,0,07,000,00,1,3,01,A01
201100050735,0,07,000,00,2,6,13,A01
201100050735,0,33,000,00,2,2,01,B01
201100050736,0,30,000,00,2,1,01,A01
201100050736,0,33,000,01,2,2,01,B01
201100050737,0,07,000,00,2,1,01,A01
201100050737,0,33,000,00,2,3,01,B01
201100050738,0,07,000,03,2,3,01,A01
201100050738,0,31,000,00,0,4,01,B01
201100050739,0,30,000,00,2,2,02,A01
201100050739,0,07,000,00,0,4,01,B01
201100050740,0,32,000,00,2,1,02,A01