Num_Acc,senc,catv,occutc,obs,obsm,choc,manv,num_veh
201100050740,0,07,000,00,2,4,01,B01
201100050741,0,07,000,00,2,3,15,A01
201100050741,0,33,000,00,2,2,17,B01
201100050742,0,07,000,00,2,6,15,B01
201100050742,0,07,000,00,2,3,01,A01
201100050743,0,07,000,00,0,0,15,A01
201100050743,0,33,000,00,0,8,21,B01
201100050744,0,32,000,00,2,3,01,A01
201100050744,0,07,000,00,0,2,14,B01
201100050745,0,33,000,00,2,2,01,B01
201100050745,0,02,000,00,2,1,15,A01
201100050746,0,07,000,00,0,7,15,A01
201100050746,0,32,000,00,0,1,01,B01
201100050747,0,10,000,00,0,7,01,B01
201100050747,0,07,000,00,2,1,01,A01
201100050748,0,32,000,00,2,1,02,B01
201100050748,0,07,000,00,2,1,15,A01
201100050749,0,01,000,00,1,1,01,A01
201100050750,0,07,000,00,0,8,01,A01
201100050750,0,33,000,00,0,4,00,B01
201100050751,0,02,000,00,0,1,13,A01
201100050752,0,33,000,00,2,2,01,B01
201100050753,0,07,000,00,1,2,02,A01
201100050754,0,07,000,00,1,1,01,A01
201100050755,0,37,001,00,2,5,01,A01
201100050756,0,07,000,00,1,7,01,A01
201100050757,0,07,000,00,1,7,09,A01
201100050758,0,07,000,00,2,4,23,B01
201100050758,0,07,000,00,2,1,02,A01
201100050759,1,07,000,00,1,1,01,A01
201100050760,0,07,000,00,1,1,01,A01
201100050761,0,07,000,00,1,6,01,A01
201100050762,0,07,000,00,1,1,15,A01
201100050763,1,07,000,00,1,1,01,A01
201100050764,0,30,000,00,2,7,01,A01
201100050764,0,07,000,00,2,1,15,B01
201100050765,0,07,000,00,2,2,12,B01
201100050765,0,30,000,00,2,8,12,A01
201100050766,0,37,001,00,1,2,16,A01
201100050767,0,02,000,09,0,1,01,A01
201100050768,0,07,000,00,1,1,01,A01
201100050769,0,31,000,00,2,2,17,B01
201100050769,0,07,000,00,2,8,15,A01
201100050770,0,07,000,01,0,1,01,A01
201100050771,0,02,000,00,0,2,01,A01
201100050772,1,07,000,00,2,8,15,B01
201100050772,0,31,000,00,2,1,01,A01
201100050773,0,30,000,00,2,1,01,A01
201100050773,0,07,000,00,2,7,01,B01
201100050774,0,32,000,00,2,1,17,A01
201100050774,0,07,000,00,2,6,15,B01
201100050775,0,07,000,00,2,3,10,A01
201100050775,0,31,000,00,2,5,17,B01
201100050776,0,07,000,00,1,1,01,A01
201100050777,0,07,000,00,1,2,01,A01
201100050778,0,07,000,00,1,7,01,A01
201100050779,0,07,000,08,0,1,13,A01
201100050780,0,33,000,15,2,9,17,A01
201100050780,0,07,000,00,2,3,15,B01
201100050781,1,07,000,00,2,1,01,A01
201100050781,0,07,000,00,2,3,01,B01
201100050782,2,30,000,00,1,1,01,A01
201100050783,0,07,000,00,2,3,01,A01
201100050783,0,33,000,00,2,1,01,B01
201100050784,0,33,000,00,2,1,17,A01
201100050784,0,07,000,00,2,3,09,B01
201100050785,0,10,000,00,2,1,01,B01
201100050785,0,10,000,00,2,8,01,A01
201100050786,2,07,000,00,2,5,04,A01
201100050786,0,31,000,00,2,7,01,B01
201100050787,0,07,000,00,2,8,20,B01
201100050787,0,33,000,01,2,1,01,A01
201100050788,0,33,000,00,2,8,01,B01
201100050788,0,34,000,12,2,7,14,A01
201100050789,0,33,000,09,0,8,01,A01
201100050790,0,37,010,00,2,6,23,B01
201100050790,0,34,000,00,2,1,01,A01
201100050791,0,33,000,00,0,6,23,B01
201100050791,0,31,000,00,2,2,02,A01
201100050792,0,33,000,00,2,1,09,A01
201100050792,0,07,000,00,0,2,01,B01
201100050793,1,07,000,00,1,1,01,Z01
201100050794,0,07,000,00,1,2,01,A01
201100050795,0,07,000,00,1,1,10,A01
201100050796,0,07,000,00,1,3,00,A01
201100050797,0,32,000,00,0,8,19,A01
201100050798,0,02,000,10,0,1,01,A01
201100050799,0,01,000,00,2,8,01,A01
201100050799,0,07,000,00,0,5,23,B01
201100050800,0,10,000,01,0,2,01,A01
201100050801,0,33,000,00,2,1,01,B01
201100050801,0,07,000,00,2,3,10,A01
201100050802,1,30,000,00,1,1,01,Z01
201100050803,0,07,000,00,2,4,23,B01
201100050803,0,07,000,00,2,1,02,A01
201100050804,0,10,000,00,2,1,02,A01
201100050804,0,07,000,00,2,4,01,B01
201100050805,0,01,000,00,0,7,19,A01
201100050806,0,07,000,00,1,5,01,A01
201100050807,0,31,000,00,2,4,23,B01
201100050807,0,07,000,00,2,3,17,A01
201100050808,0,30,000,00,2,1,02,A01
201100050808,0,07,000,00,2,4,01,B01
201100050809,0,07,000,00,2,3,15,B01
201100050809,0,33,000,00,2,5,17,A01
201100050810,0,07,000,00,2,8,01,B01
201100050810,0,07,000,00,2,1,15,A01
201100050811,0,07,000,00,1,2,01,A01
201100050812,1,07,000,00,1,1,01,Z01
201100050813,0,07,000,00,2,3,15,A01
201100050813,0,33,000,00,2,1,01,B01
201100050814,0,07,000,00,2,3,09,A01
201100050814,0,37,001,00,2,2,01,B01
201100050815,0,32,000,00,2,1,01,A01
201100050815,0,07,000,00,2,6,16,B01
201100050816,0,07,000,00,2,6,04,A01
201100050816,0,01,000,00,2,1,01,B01
201100050817,1,10,000,00,0,1,02,Z01
201100050817,0,07,000,00,2,4,16,A01
201100050818,0,07,000,00,1,1,01,A01
201100050819,0,07,000,00,2,4,23,B01
201100050819,0,07,000,00,2,1,02,A01
201100050820,0,31,000,00,2,7,01,B01
201100050820,2,07,000,00,2,8,17,A01
201100050821,0,31,000,00,0,7,23,A01
201100050821,0,14,000,00,0,0,01,B01
201100050822,0,07,000,00,2,2,15,A01
201100050822,0,10,000,00,2,3,01,B01
201100050823,0,07,000,00,2,2,02,B01
201100050823,0,10,000,00,0,6,01,A01
201100050824,0,33,000,00,2,1,01,A01
201100050824,0,07,000,00,2,2,16,B01
201100050825,0,32,000,00,1,1,01,A01
201100050826,0,07,000,00,2,3,11,A01
201100050826,0,33,000,00,2,5,01,B01
201100050827,0,37,006,04,2,1,02,A01
201100050827,0,07,000,00,2,6,01,B01
201100050828,0,07,000,00,2,1,01,B01
201100050828,0,10,000,00,2,1,17,A01
201100050828,0,10,000,00,2,2,02,C01
201100050829,0,07,000,00,2,2,01,B01
201100050829,0,33,000,00,2,6,18,A01
201100050830,0,10,000,00,1,1,01,A01
201100050831,1,30,000,00,1,1,01,A01
201100050832,0,07,000,00,2,3,01,B01
201100050832,0,07,000,00,2,1,01,A01
201100050833,0,07,000,00,1,1,15,A01
201100050834,0,37,001,00,2,3,23,B01
201100050834,0,10,000,00,2,7,23,C01
201100050834,0,07,000,00,2,2,01,A01
201100050835,0,32,000,00,2,7,17,A01
201100050835,0,37,001,00,2,8,15,B01
201100050836,0,07,000,00,9,3,23,B01
201100050836,0,01,000,00,2,1,01,A01
201100050837,0,07,000,15,2,3,01,B01
201100050837,0,07,000,00,2,2,01,A01
201100050838,0,10,000,00,1,1,01,A01
201100050839,0,30,000,00,2,3,02,A01
201100050839,0,07,000,00,2,5,16,B01
201100050840,0,07,000,00,1,1,15,A01
201100050841,0,10,000,00,1,2,01,A01
201100050842,0,32,000,00,2,1,17,B01
201100050842,0,07,000,00,2,6,15,A01
201100050843,0,37,034,00,1,1,01,A01
201100050844,0,33,000,00,2,7,17,B01
201100050844,0,07,000,00,2,3,15,A01
201100050845,0,30,000,00,2,1,02,A01
201100050845,0,07,000,00,0,6,01,B01
201100050846,0,07,000,00,1,1,15,A01
201100050847,0,07,000,00,1,2,00,A01
201100050848,0,07,000,14,2,1,01,B01
201100050848,0,07,000,14,2,1,05,A01
201100050849,2,10,000,00,1,6,04,A01
201100050850,0,07,000,00,1,1,01,A01
201100050851,0,07,000,00,1,1,01,A01
201100050852,0,01,000,00,0,8,01,A01
201100050853,0,30,000,08,0,1,01,A01
201100050854,0,10,000,00,2,1,01,A01
201100050854,0,07,000,00,2,4,01,B01
201100050854,0,07,000,00,2,4,01,D01
201100050854,0,07,000,00,2,4,01,C01
201100050855,0,34,000,00,2,8,11,A01
201100050855,0,33,000,00,2,7,01,B01
201100050856,0,07,000,00,1,1,01,A01
201100050857,0,07,000,09,0,1,01,A01
201100050858,0,07,000,00,1,2,01,A01
201100050859,0,07,000,00,2,4,02,E01
201100050859,0,07,000,00,2,8,02,B02
201100050859,0,07,000,00,2,6,02,C01
201100050859,0,07,000,00,2,4,02,D01
201100050859,0,07,000,00,2,1,02,A01
201100050860,0,07,000,00,2,2,02,A01
201100050860,0,07,000,00,0,5,01,B01
201100050861,0,33,000,00,2,1,01,B01
201100050861,0,07,000,00,2,2,15,A01
201100050862,0,07,000,00,2,6,01,B01
201100050862,0,32,000,00,2,2,12,A01
201100050863,0,30,000,00,0,1,13,A01
201100050864,0,07,000,00,2,3,13,A01
201100050864,0,07,000,00,2,1,01,B01
201100050865,0,30,000,12,0,2,01,A01
201100050866,0,34,000,00,2,1,17,B01
201100050866,0,07,000,00,2,3,15,A01
201100050867,0,07,000,00,2,3,15,A01
201100050867,0,02,000,00,2,6,01,B01
201100050868,0,07,000,00,1,3,01,A01
201100050869,2,07,000,00,2,1,01,A01
201100050869,0,07,000,00,2,8,01,B01
201100050870,0,07,000,00,2,6,09,A01
201100050870,0,31,000,00,2,1,01,B01
201100050871,0,07,000,00,2,8,15,A01
201100050871,0,02,000,00,2,1,17,B01
201100050872,0,07,000,09,0,2,10,A01
201100050872,0,32,000,00,2,1,01,B01
201100050873,0,30,000,05,0,1,01,A01
201100050874,0,10,000,00,1,2,01,A01
201100050875,0,07,000,00,2,4,04,A01
201100050875,0,33,000,00,2,1,01,B01
201100050876,0,07,000,00,1,2,01,A01
201100050877,0,02,000,00,1,1,01,A01
201100050878,0,30,000,00,2,1,01,B01
201100050878,0,07,000,00,2,4,04,A01
201100050879,1,10,000,00,1,1,01,A01
201100050880,0,07,000,00,2,6,01,B01
201100050880,0,34,000,00,2,2,02,A01
201100050881,0,30,000,14,0,1,01,A01
201100050882,0,10,000,00,2,2,24,A01
201100050882,0,02,000,00,2,1,01,B01
201100050883,0,10,000,08,2,7,01,B01
201100050883,0,07,000,00,2,1,01,A01
201100050884,0,07,000,00,1,2,01,A01
201100050885,0,30,000,01,0,1,21,B01
201100050886,0,01,000,00,2,4,01,A01
201100050886,1,07,000,00,2,1,02,Z01
201100050887,0,34,000,00,2,1,01,A01
201100050887,0,07,000,00,0,8,01,B01
201100050888,0,33,000,00,2,8,01,B01
201100050888,2,10,000,00,2,7,14,Z01
201100050889,0,30,000,00,0,1,01,A01
201100050890,0,07,000,00,0,1,02,A01
201100050890,0,07,000,00,0,4,02,B01
201100050890,0,07,000,00,2,4,02,C01
201100050891,0,07,000,00,2,1,02,A01
201100050891,0,30,000,00,2,4,01,B01
201100050892,0,33,000,15,2,1,17,A01
201100050892,1,07,000,00,2,6,13,Z01
201100050893,0,07,000,09,0,1,01,A01
201100050894,0,07,000,00,1,2,01,A01
201100050895,0,07,000,04,4,1,01,A01
201100050896,0,07,000,00,1,1,01,A01
201100050897,1,07,000,00,2,2,01,Z01
201100050897,0,07,000,00,2,3,01,A01
201100050898,0,07,000,01,0,2,01,A01
201100050899,0,07,000,00,1,1,01,A01
201100050900,0,33,000,14,2,2,01,A01
201100050900,0,07,000,00,2,8,01,B01
201100050901,0,07,000,01,0,1,02,A01
201100050901,0,07,000,00,2,4,24,B01
201100050902,0,07,000,00,0,2,15,A01
201100050902,0,07,000,00,0,1,01,B01
201100050903,0,10,000,00,1,4,04,A01
201100050904,0,07,000,00,0,1,05,A01
201100050904,0,07,000,00,0,6,15,B01
201100050905,0,07,000,00,0,1,00,A01
201100050905,0,01,000,00,2,7,19,B01
201100050906,1,02,000,00,1,1,01,Z01
201100050907,0,30,000,00,1,1,01,A01
201100050908,0,13,000,00,2,2,17,A01
201100050908,0,13,000,00,2,6,01,B01
201100050908,0,13,000,00,2,6,15,C01
201100050909,0,32,000,00,2,1,03,A01
201100050909,0,07,000,00,0,3,15,B01
201100050910,0,07,000,00,2,3,15,A01
201100050910,0,34,000,00,0,5,17,B01
201100050911,0,07,000,00,0,3,20,A01
201100050911,0,30,000,00,2,1,01,B01
201100050912,0,07,000,00,2,2,16,A01
201100050912,0,34,000,00,2,1,02,B01
201100050913,0,02,000,00,2,8,15,A01
201100050913,0,07,000,00,2,1,01,B01
201100050914,0,07,000,00,1,3,01,A01
201100050915,0,07,000,00,2,1,01,B01
201100050915,0,07,000,00,2,3,09,A01
201100050916,0,07,000,00,1,3,01,A01
201100050917,0,07,000,01,0,9,00,A01
201100050918,0,10,000,00,2,7,01,A01
201100050918,0,31,000,00,2,1,00,B01
201100050919,0,07,000,00,2,1,15,A01
201100050919,0,32,000,00,2,7,03,B01
201100050920,0,07,000,00,1,3,01,A01
201100050921,0,07,000,00,1,3,01,A01
201100050922,0,07,000,00,1,1,01,A01
201100050923,0,07,000,08,0,3,13,A01
201100050924,0,07,000,00,2,8,09,A01
201100050924,0,07,000,00,2,1,01,B01
201100050925,0,02,000,00,2,1,02,A01
201100050925,0,07,000,00,2,4,01,B01
201100050926,0,07,000,00,2,3,22,A01
201100050926,0,01,000,,2,1,01,B02
201100050927,0,07,000,00,1,1,01,A01
201100050928,0,07,000,00,2,2,12,A01
201100050928,0,32,000,00,2,8,01,B01
201100050929,0,07,000,03,0,9,01,A01
201100050930,0,07,000,12,2,1,02,A01
201100050930,0,07,000,00,2,4,02,B01
201100050930,0,07,000,00,2,1,01,C01
201100050931,0,07,000,00,2,4,01,A01
201100050931,0,37,001,00,2,1,02,B01
201100050932,0,07,000,11,0,9,01,A01
201100050933,0,07,000,00,1,1,01,A01
201100050934,0,10,000,00,2,1,01,A01
201100050934,0,33,000,00,2,8,15,B01
201100050935,0,07,000,00,1,1,01,A01
201100050936,1,07,000,00,1,1,01,A01
201100050937,2,07,000,00,1,4,04,A01
201100050938,0,07,000,00,1,6,15,A01
201100050939,0,07,000,00,1,1,15,A01
201100050940,0,10,000,00,2,6,11,A01
201100050940,0,34,000,00,2,2,01,B01
201100050940,0,10,000,00,1,1,01,C01
201100050941,0,07,000,00,2,3,10,A01
201100050941,0,30,000,00,2,1,11,B01
201100050942,0,07,000,00,2,1,01,A01
201100050942,0,01,000,,2,3,19,B02
201100050943,0,33,000,00,2,1,01,A01
201100050943,0,07,000,00,2,3,15,B01
201100050944,0,07,000,00,1,2,15,A01
201100050945,0,31,000,00,2,1,01,A01
201100050945,0,38,001,00,2,3,01,B01
201100050946,0,07,000,01,0,2,01,A01
201100050947,0,33,000,00,0,0,00,A01
201100050948,0,02,000,00,2,3,07,A01
201100050948,0,07,000,00,2,7,01,B01
201100050949,0,07,000,00,2,7,22,B01
201100050949,0,10,000,00,1,7,01,A01
201100050950,0,07,000,00,2,1,01,B01
201100050950,0,07,000,00,2,3,15,A01
201100050951,0,07,000,00,1,1,15,A01
201100050952,0,07,000,00,2,8,01,B01
201100050952,0,02,000,00,2,7,17,A01
201100050953,0,32,000,14,0,1,01,A01
201100050953,0,02,000,00,0,0,01,B01
201100050954,0,07,000,01,0,3,15,A01
201100050954,0,30,000,00,2,1,01,B01
201100050955,0,07,000,00,1,1,00,A01
201100050956,0,07,000,00,1,4,04,A01
201100050957,0,07,000,00,2,4,00,A01
201100050957,1,07,000,00,2,1,01,B01
201100050958,0,10,000,00,2,3,19,A01
201100050959,0,07,000,00,1,4,04,A01
201100050960,1,38,000,00,0,7,02,B01
201100050961,0,07,000,00,2,3,15,A01
201100050961,0,31,000,00,2,7,01,B01
201100050962,0,07,000,00,1,1,16,A01
201100050963,0,07,000,00,2,1,02,A01
201100050963,0,32,000,00,2,4,02,B01
201100050964,0,30,000,00,2,7,01,B01
201100050964,0,07,000,00,2,2,09,A01
201100050965,0,07,000,00,0,7,03,A01
201100050965,0,02,000,00,2,1,01,B01
201100050966,0,07,000,00,2,3,01,B01
201100050966,0,07,000,00,2,2,19,A01
201100050967,0,33,000,08,0,1,01,A01
201100050968,0,33,000,00,2,1,01,B01
201100050968,0,07,000,00,2,8,10,A01
201100050969,0,03,000,08,0,1,01,A01
201100050970,0,33,000,00,0,1,01,A01
201100050971,0,07,000,00,1,3,15,A01
201100050972,0,07,000,00,1,3,15,A01
201100050973,0,07,000,00,1,1,01,A01
201100050974,0,07,000,00,1,1,01,A01
201100050975,1,07,000,00,1,1,01,A01
201100050976,0,07,000,08,0,1,01,A01
201100050977,0,07,000,00,2,1,01,B01
201100050977,0,32,000,00,2,1,01,A01
201100050978,0,07,000,00,0,9,01,A01
201100050979,0,07,000,00,2,1,01,B01
201100050979,0,07,000,00,2,7,15,A01
201100050980,0,15,000,00,2,2,01,A01
201100050980,0,30,000,00,2,3,18,B01
201100050981,0,07,000,00,2,5,01,A01
201100050981,0,07,000,00,2,2,15,B01
201100050982,0,07,000,00,1,3,01,A01
201100050983,0,07,000,00,2,1,01,B01
201100050983,0,07,000,00,2,2,15,A01
201100050984,0,20,000,04,0,1,01,A01
201100050985,0,07,000,02,2,2,03,A01
201100050985,0,07,000,00,2,3,01,B01
201100050986,0,07,000,00,2,4,01,B01
201100050986,0,07,000,00,2,1,02,A01
201100050987,0,17,000,04,0,3,01,A01
201100050988,0,07,000,00,2,2,09,A01
201100050988,0,31,000,00,2,1,01,B01
201100050989,0,07,000,02,0,9,01,A01
201100050990,0,07,000,00,1,2,01,A01
201100050991,0,07,000,00,1,3,01,A01
201100050992,0,07,000,00,2,8,01,B01
201100050992,0,30,000,00,2,3,01,A01
201100050993,0,07,000,00,2,1,15,A01
201100050993,0,07,000,00,2,3,01,B01
201100050994,0,07,000,01,0,1,20,A01
201100050995,0,37,020,00,2,1,07,B01
201100050995,0,07,000,00,2,5,10,A01
201100050996,0,02,000,00,2,1,01,A01
201100050996,0,07,000,00,2,8,20,B01
201100050997,2,02,000,00,1,1,05,A01
201100050998,0,33,000,00,0,2,17,B01
201100050998,0,07,000,00,0,3,11,A01
201100050999,0,01,000,00,2,8,09,B01
201100050999,0,07,000,00,2,2,01,A01
201100051000,0,07,000,00,2,1,18,A01
201100051000,0,07,000,00,2,7,20,B01
201100051001,0,15,000,00,2,3,01,B01
201100051001,0,07,000,00,2,1,15,A01
201100051002,0,07,000,00,1,2,01,A01
201100051003,0,15,000,00,2,7,16,B01
201100051003,0,33,000,00,2,3,01,A01
201100051004,0,07,000,00,2,3,01,B01
201100051004,0,03,000,00,2,1,15,A01
201100051005,0,07,000,00,2,6,09,A01
201100051005,0,37,001,00,2,2,01,B01
201100051006,0,07,000,00,1,2,01,A01
201100051007,0,07,000,04,0,2,01,A01
201100051008,0,17,000,00,2,1,02,A01
201100051008,0,07,000,00,2,9,02,B01
201100051008,0,07,000,00,0,4,01,C01
201100051009,0,37,001,00,1,8,07,A01
201100051010,0,07,000,00,2,2,15,A01
201100051010,0,33,000,00,2,1,01,B01
201100051011,0,07,000,00,2,2,01,B01
201100051011,0,07,000,00,2,1,01,A01
201100051012,0,07,000,00,2,4,23,C01
201100051012,0,07,000,00,2,4,23,B01
201100051012,0,07,000,00,2,1,02,A01
201100051012,0,07,000,00,2,4,23,D01
201100051013,0,07,000,09,0,3,06,A01
201100051014,0,07,000,00,1,2,01,A01
201100051015,0,07,000,00,2,3,01,C01
201100051015,0,07,000,00,2,1,01,A01
201100051015,0,07,000,00,2,1,01,B01
201100051016,0,07,000,00,2,7,01,A01
201100051016,0,07,000,00,2,3,01,B01
201100051017,0,33,000,00,0,8,01,A01
201100051018,0,07,000,00,2,6,01,C01
201100051018,0,10,000,10,0,3,06,A01
201100051018,0,33,000,00,2,2,21,B01
201100051019,0,07,000,01,0,8,01,A01
201100051020,0,07,000,00,2,1,02,A01
201100051020,0,07,000,00,2,4,23,B01
201100051021,0,07,000,01,0,1,01,A01
201100051022,0,07,000,00,1,1,16,A01
201100051023,0,07,000,00,0,1,01,A01
201100051023,0,01,000,00,2,8,19,B01
201100051024,0,07,000,00,2,1,02,A01
201100051024,0,03,000,00,2,4,02,B01
201100051024,0,10,000,00,0,4,01,C01
201100051025,0,01,000,00,2,1,01,B01
201100051025,0,07,000,00,9,5,16,A01
201100051026,0,07,000,00,2,4,02,C01
201100051026,0,10,000,00,2,1,02,A01
201100051026,0,10,000,00,2,4,02,B01
201100051026,0,07,000,00,2,4,23,D01
201100051027,0,07,000,00,2,3,09,A01
201100051027,0,07,000,00,2,7,01,B01
201100051028,0,07,000,04,2,3,01,B01
201100051028,2,07,000,00,2,2,14,A01
201100051029,0,32,000,01,2,3,01,B01
201100051029,0,07,000,00,2,1,15,A01
201100051030,0,07,000,00,2,8,23,B01
201100051030,0,07,000,00,1,1,15,A01
201100051031,0,07,000,00,1,3,01,A01
201100051032,0,07,000,00,1,3,01,A01
201100051033,0,32,000,00,1,7,21,A01
201100051034,0,02,000,00,2,8,01,A01
201100051034,0,07,000,00,2,2,01,B01
201100051035,0,33,000,00,2,4,23,B01
201100051035,0,13,000,00,2,1,02,A01
201100051036,0,07,000,00,2,1,02,A01
201100051036,0,07,000,00,1,4,01,B01
201100051037,0,30,000,00,2,3,02,A01
201100051037,0,07,000,00,0,5,01,B01
201100051038,0,07,000,00,2,4,02,D01
201100051038,0,07,000,00,2,4,02,B01
201100051038,0,07,000,00,2,1,02,A01
201100051038,0,07,000,00,2,4,02,C01
201100051038,0,07,000,00,2,4,02,E01
201100051038,0,07,000,00,0,4,02,F02
201100051039,0,07,000,09,0,3,01,A01
201100051040,0,07,000,00,0,2,01,B01
201100051040,0,07,000,00,2,1,01,A01
201100051041,0,07,000,00,0,4,01,B01
201100051041,0,07,000,00,2,1,02,A01
201100051042,0,33,000,00,2,2,02,B01
201100051042,0,10,000,00,2,8,15,A01
201100051043,0,15,000,14,0,7,01,A01
201100051044,0,07,000,00,2,8,01,B01
201100051044,0,02,000,00,2,7,17,A01
201100051045,0,07,000,00,2,2,15,A01
201100051045,0,07,000,00,2,1,01,B01
201100051046,0,07,000,00,1,1,01,A01
201100051047,0,07,000,00,2,1,01,B01
201100051047,0,07,000,00,2,7,01,A01
201100051048,0,07,000,00,2,1,01,C01
201100051048,0,34,000,00,2,1,01,B01
201100051048,0,07,000,00,2,3,15,A01
201100051049,0,10,000,00,2,2,01,A01
201100051049,0,02,000,00,2,7,01,B01
201100051050,0,07,000,00,2,3,01,B01
201100051050,0,07,000,00,2,3,06,A01
201100051051,0,07,000,00,1,3,03,A01
201100051052,0,07,000,00,1,3,01,A01
201100051053,0,07,000,00,2,3,09,A01
201100051053,0,07,000,00,2,2,01,B01
201100051054,0,07,000,04,2,1,06,B01
201100051055,0,10,000,04,2,2,12,A01
201100051055,0,31,000,04,2,8,01,B01
201100051056,0,07,000,00,2,1,09,A01
201100051056,0,01,000,00,2,0,15,B01
201100051057,0,07,000,00,2,3,01,A01
201100051057,0,07,000,00,2,1,01,B01
201100051058,0,33,000,00,2,7,01,A01
201100051059,0,07,000,12,0,2,01,A01
201100051060,0,07,000,00,2,7,17,C01
201100051060,0,32,000,00,2,8,18,A01
201100051060,0,07,000,00,2,8,13,B01
201100051061,0,07,000,00,2,4,02,B01
201100051061,0,07,000,00,0,4,02,C01
201100051061,0,07,000,00,2,1,02,A01
201100051062,0,01,000,00,2,1,01,A01
201100051062,0,15,000,00,2,4,23,B01
201100051063,0,07,000,00,1,7,01,A01
201100051064,0,07,000,00,2,2,01,A01
201100051064,0,99,000,00,2,1,16,B01
201100051065,0,33,000,00,2,2,01,B01
201100051065,0,07,000,00,2,3,09,A01
201100051066,0,07,000,00,2,1,01,B01
201100051066,0,07,000,00,2,1,15,A01
201100051067,0,07,000,00,0,1,01,B01
201100051067,0,07,000,00,0,4,12,A01
201100051068,0,07,000,08,0,1,01,A01
201100051069,0,30,000,00,2,1,01,B01
201100051069,2,07,000,00,2,3,09,A01
201100051070,0,07,000,00,2,2,01,B01
201100051070,0,07,000,00,2,1,09,A01
201100051071,0,07,000,00,2,3,01,B01
201100051071,0,07,000,00,2,8,19,A01
201100051072,0,07,000,00,2,2,15,B01
201100051072,0,30,000,00,2,1,01,A01
201100051073,0,07,000,00,2,1,01,A01
201100051073,0,10,000,00,0,7,01,B01
201100051074,0,33,000,00,0,7,21,A01
201100051074,0,07,000,00,0,7,15,B01
201100051075,0,07,000,00,0,1,01,B01
201100051075,0,07,000,00,0,2,15,A01
201100051076,0,07,000,00,2,5,01,B01
201100051076,0,32,000,00,2,1,02,A01
201100051077,0,07,000,00,2,1,15,A01
201100051077,0,01,000,00,2,7,16,B01
201100051078,0,30,000,00,2,8,03,A01
201100051078,0,14,000,00,2,7,01,B01
201100051079,0,10,000,00,2,8,01,A01
201100051079,0,14,000,00,2,7,01,B01
201100051080,0,07,000,00,2,8,11,A01
201100051080,0,14,000,00,2,2,01,B01
201100051081,0,33,000,00,2,1,01,B01
201100051081,0,07,000,00,2,2,15,A01
201100051082,0,07,000,00,1,2,01,A01
201100051083,0,07,000,00,2,3,16,B01
201100051083,0,37,005,00,2,2,17,A01
201100051084,0,07,000,04,0,1,01,A01
201100051085,0,07,000,00,1,2,01,A01
201100051086,0,07,000,00,2,8,18,B01
201100051086,0,14,000,00,2,2,16,A01
201100051087,0,15,000,00,2,3,01,B01
201100051087,0,15,000,00,2,6,22,A01
201100051088,0,07,000,00,2,3,20,A01
201100051088,0,33,000,00,2,7,01,B01
201100051089,0,07,000,00,2,1,09,A01
201100051089,0,31,000,00,2,7,01,B01
201100051090,0,10,000,00,2,1,01,A01
201100051090,0,07,000,00,2,5,01,B01
201100051091,0,07,000,01,2,1,02,A01
201100051091,0,07,000,00,2,4,01,B01
201100051092,0,07,000,01,0,9,01,A01
201100051093,0,03,000,00,1,1,01,A01
201100051094,0,07,000,12,2,3,02,A01
201100051094,0,07,000,00,2,5,01,B01
201100051095,0,07,000,00,2,7,16,A01
201100051095,0,33,000,01,2,3,01,B01
201100051096,0,34,000,00,0,1,05,A01
201100051096,0,07,000,00,0,3,10,B01
201100051097,0,07,000,00,2,1,15,A01
201100051097,0,07,000,00,2,1,01,B01
201100051098,0,07,000,00,0,9,01,A01
201100051099,0,10,000,00,2,1,02,A01
201100051099,0,07,000,00,0,4,02,B01
201100051099,0,07,000,00,0,4,01,C01
201100051100,0,07,000,00,2,7,01,B01
201100051100,1,07,000,00,2,1,19,A01
201100051101,0,10,000,00,0,6,01,A01
201100051101,0,31,000,01,2,1,01,B01
201100051102,0,07,000,01,0,2,02,A01
201100051102,0,07,000,00,0,6,01,B01
201100051103,0,37,002,00,1,1,01,A01
201100051104,0,07,000,00,0,6,09,B01
201100051104,0,10,000,00,2,2,09,A01
201100051105,0,10,000,00,2,3,20,A01
201100051105,0,02,000,00,2,1,01,B01
201100051106,0,07,000,00,2,1,02,A01
201100051106,0,07,000,00,2,4,00,B01
201100051106,0,07,000,00,0,4,02,C01
201100051107,0,07,000,00,1,2,01,A01
201100051108,0,31,000,00,2,1,01,A01
201100051108,0,07,000,00,2,5,01,B01
201100051109,0,10,000,00,2,1,02,A01
201100051109,0,07,000,00,0,4,01,B01
201100051110,0,07,000,00,2,2,15,A01
201100051110,0,33,000,00,2,1,01,B01
201100051111,0,07,000,00,2,1,02,A01
201100051111,0,07,000,00,2,4,01,B01
201100051111,0,07,000,00,2,4,01,C01
201100051112,2,07,000,00,2,1,01,A01
201100051112,0,37,001,00,2,2,07,B01
201100051113,0,33,000,00,0,7,01,A01
201100051114,0,07,000,08,0,1,01,A01
201100051115,0,33,000,00,2,1,02,A01
201100051115,0,07,000,00,2,6,01,B01
201100051116,0,07,000,04,2,1,15,A01
201100051116,0,07,000,00,2,3,02,B01
201100051117,0,13,000,00,2,2,02,A01
201100051117,0,33,000,00,2,7,13,B01
201100051118,0,07,000,00,2,1,02,A01