Num_Acc,senc,catv,occutc,obs,obsm,choc,manv,num_veh
201100051503,0,10,000,00,2,4,23,B01
201100051504,0,02,000,01,2,1,18,A01
201100051504,0,10,000,00,2,2,16,B01
201100051505,0,30,000,00,2,2,03,A01
201100051505,0,07,000,00,2,3,15,B01
201100051506,0,03,000,00,1,1,15,A01
201100051507,0,07,000,00,1,1,01,A01
201100051508,0,32,000,00,2,1,02,B01
201100051508,0,07,000,00,0,6,13,A01
201100051509,0,07,000,00,1,3,00,A01
201100051510,0,33,000,00,2,8,11,B01
201100051510,0,07,000,00,2,1,02,A01
201100051511,0,07,000,00,2,1,01,B01
201100051511,0,07,000,00,2,2,01,A01
201100051512,0,07,000,00,2,2,15,A01
201100051512,0,37,002,00,2,1,01,B01
201100051513,0,07,000,00,1,7,01,A01
201100051514,0,02,000,00,2,1,01,A01
201100051514,0,07,000,00,2,3,01,B01
201100051515,0,07,000,00,1,2,16,A01
201100051516,0,37,015,00,1,2,01,A01
201100051517,0,30,000,00,2,5,01,A01
201100051517,0,10,000,00,2,1,01,B01
201100051518,0,07,000,00,2,1,02,A01
201100051518,0,07,000,00,2,4,23,B01
201100051519,1,33,000,00,2,8,09,G01
201100051519,0,07,000,01,2,1,15,B01
201100051519,0,07,000,01,2,1,01,A01
201100051519,0,07,000,00,2,2,02,C01
201100051520,0,07,000,00,1,1,16,A01
201100051521,0,07,000,00,2,2,01,A01
201100051521,0,07,000,00,2,3,09,B01
201100051522,0,30,000,00,2,7,03,A01
201100051522,0,07,000,00,2,3,01,B01
201100051523,0,07,000,00,1,1,01,A01
201100051524,0,01,000,01,0,1,01,B01
201100051524,0,07,000,00,2,8,22,A01
201100051525,0,07,000,00,1,3,01,A01
201100051526,0,07,000,00,2,4,01,B01
201100051526,0,03,000,00,2,1,02,A01
201100051527,0,07,000,00,2,1,01,B01
201100051527,0,33,000,00,2,1,17,A01
201100051528,0,33,000,00,2,7,01,B01
201100051528,0,07,000,00,2,3,16,A01
201100051529,0,07,000,00,1,2,01,A01
201100051530,0,07,000,00,2,1,01,B01
201100051530,0,07,000,00,2,7,01,A01
201100051531,0,07,000,01,1,1,15,A01
201100051532,0,07,000,00,2,6,15,A01
201100051532,0,34,000,00,2,1,17,B01
201100051533,0,07,000,00,2,3,23,C01
201100051533,0,02,000,00,2,1,01,A01
201100051533,0,07,000,00,2,1,15,B01
201100051534,0,07,000,00,2,1,02,A01
201100051534,0,07,000,00,2,4,23,B01
201100051535,0,07,000,00,2,1,01,B01
201100051535,0,07,000,00,2,7,01,A01
201100051536,0,10,000,00,2,5,01,B01
201100051536,0,02,000,00,2,1,01,A01
201100051537,0,07,000,00,2,4,01,C01
201100051537,0,07,000,00,2,1,02,A01
201100051537,0,07,000,00,2,4,02,B01
201100051538,0,33,000,00,2,1,01,A01
201100051538,0,07,000,00,2,2,01,B01
201100051539,0,10,000,00,2,2,01,A01
201100051539,0,34,000,00,2,1,01,B01
201100051540,0,07,000,00,2,4,23,B01
201100051540,0,07,000,00,2,1,02,A01
201100051541,0,07,000,00,2,3,15,A01
201100051541,0,30,000,00,0,7,01,B01
201100051542,0,01,000,00,2,1,19,A01
201100051542,0,07,000,00,2,1,01,B01
201100051543,0,33,000,00,1,1,01,A01
201100051544,0,10,000,01,0,3,01,A01
201100051545,0,07,000,00,2,1,01,B01
201100051545,0,07,000,00,2,7,01,A01
201100051546,0,07,000,00,2,1,02,A01
201100051546,0,30,000,00,2,4,01,B01
201100051547,0,07,000,00,1,8,15,A01
201100051548,0,07,000,00,1,1,01,A01
201100051549,0,07,000,00,2,4,23,B01
201100051549,0,07,000,00,2,1,02,A01
201100051550,0,07,000,00,2,2,01,A01
201100051550,0,01,000,00,2,6,16,B01
201100051551,0,30,000,00,2,1,01,A01
201100051551,0,07,000,00,2,4,15,B01
201100051552,0,07,000,00,2,8,11,A01
201100051552,0,30,000,00,2,7,17,B01
201100051553,0,07,000,00,2,1,01,A01
201100051553,0,07,000,08,2,3,01,B01
201100051554,0,07,000,00,2,3,15,A01
201100051554,0,07,000,00,2,1,01,B01
201100051555,0,02,000,00,2,1,01,A01
201100051555,0,07,000,00,2,8,01,B01
201100051556,0,02,000,01,0,9,01,A01
201100051557,0,07,000,00,2,1,01,A01
201100051557,0,07,000,01,2,1,01,B01
201100051558,0,07,000,00,2,8,15,B01
201100051558,0,30,000,00,2,1,17,A01
201100051559,0,34,000,00,2,1,01,B01
201100051559,0,07,000,00,2,2,15,A01
201100051560,0,07,000,00,2,5,16,A01
201100051560,0,01,000,00,2,1,01,B01
201100051561,0,01,000,00,2,1,01,B01
201100051561,0,07,000,00,2,6,04,A01
201100051562,0,07,000,00,2,8,01,B01
201100051562,0,07,000,00,2,1,01,A01
201100051563,0,07,000,00,1,1,15,A01
201100051564,0,07,000,00,2,1,01,A01
201100051564,0,07,000,00,2,3,01,B01
201100051565,0,02,000,00,1,2,17,A01
201100051566,0,07,000,00,1,3,01,A01
201100051567,0,32,000,00,2,1,01,A01
201100051567,0,07,000,00,2,3,15,B01
201100051568,0,07,000,00,2,3,01,B01
201100051568,0,01,000,00,2,7,01,A01
201100051569,0,07,000,00,2,1,02,A01
201100051569,0,02,000,00,2,4,02,B01
201100051570,0,07,000,00,2,2,16,A01
201100051570,0,33,000,00,2,3,18,B01
201100051571,0,30,000,00,0,1,18,B01
201100051571,0,07,000,00,2,5,16,A01
201100051572,0,07,000,00,0,3,01,B01
201100051572,0,07,000,00,0,1,01,A01
201100051573,0,07,000,01,0,1,01,A01
201100051574,0,10,000,00,2,1,01,A01
201100051574,0,07,000,08,2,3,01,B01
201100051575,0,30,000,00,2,4,15,A01
201100051575,0,33,000,00,2,2,01,B01
201100051576,0,31,000,00,1,1,01,A01
201100051577,0,01,000,00,2,4,01,B01
201100051577,0,07,000,00,2,1,09,A01
201100051578,0,32,000,00,1,1,01,A01
201100051579,0,07,000,00,2,3,01,B01
201100051579,0,07,000,00,2,2,01,A01
201100051580,0,07,000,00,2,1,10,A01
201100051580,0,31,000,00,2,1,01,B01
201100051581,0,30,000,00,2,1,01,A01
201100051581,0,07,000,00,2,3,15,B01
201100051582,0,31,000,00,2,1,01,B01
201100051582,0,07,000,00,2,5,15,A01
201100051583,0,07,000,01,1,2,01,A01
201100051584,0,07,000,12,0,1,01,A01
201100051585,0,07,000,00,2,1,02,A01
201100051585,0,07,000,00,2,4,01,B01
201100051586,0,07,000,01,0,1,01,A01
201100051587,0,07,000,00,2,1,15,B01
201100051587,0,07,000,00,2,3,01,A01
201100051588,0,33,000,00,2,4,01,B01
201100051588,0,07,000,00,2,1,02,A01
201100051589,0,07,000,00,2,1,01,B01
201100051589,0,07,000,00,2,2,01,A01
201100051590,0,07,000,01,0,1,01,A01
201100051591,0,30,000,00,2,2,01,A01
201100051591,0,07,000,00,2,3,01,B01
201100051592,0,07,000,00,2,1,01,A01
201100051592,0,07,000,00,2,3,01,B01
201100051593,0,33,000,00,2,2,15,A01
201100051593,1,07,000,00,2,0,01,Z01
201100051594,0,07,000,00,2,1,23,A01
201100051594,0,07,000,00,2,1,01,B01
201100051595,0,10,000,00,2,1,02,A01
201100051595,0,30,000,00,2,4,23,B01
201100051596,0,07,000,00,2,1,01,A01
201100051596,0,07,000,00,2,7,01,B01
201100051597,0,37,001,00,2,0,15,A01
201100051597,0,31,000,00,2,0,17,B01
201100051598,0,07,000,00,0,2,15,A01
201100051598,0,30,000,00,0,8,01,B01
201100051599,0,07,000,01,0,3,01,A01
201100051600,0,07,000,00,2,2,01,B01
201100051600,0,07,000,00,2,3,15,A01
201100051601,0,30,000,00,0,1,17,A01
201100051601,0,07,000,00,0,6,17,B01
201100051602,0,07,000,14,0,1,00,A01
201100051603,0,34,000,02,0,1,01,A01
201100051604,0,32,000,00,1,2,01,A01
201100051605,0,07,000,00,2,1,01,A01
201100051605,0,07,000,15,2,8,01,B01
201100051606,0,30,000,00,1,1,01,A01
201100051607,0,02,000,00,2,1,01,A01
201100051607,0,07,000,00,2,6,01,B01
201100051608,0,07,000,00,1,2,14,B01
201100051608,1,07,000,00,1,1,00,Z01
201100051609,0,07,000,00,2,3,15,A01
201100051609,0,02,000,00,2,1,01,B01
201100051610,0,07,000,00,1,1,01,A01
201100051611,0,07,000,00,2,1,09,A01
201100051611,0,33,000,01,2,1,01,B01
201100051612,0,33,000,01,1,1,14,A01
201100051613,0,30,000,14,2,1,01,A01
201100051613,0,07,000,00,2,4,23,B01
201100051614,0,31,000,00,2,1,01,A01
201100051614,0,07,000,00,2,7,10,B01
201100051615,0,07,000,00,2,1,02,A01
201100051615,0,07,000,00,2,4,23,B01
201100051616,0,07,000,00,2,1,02,A01
201100051616,0,10,000,00,2,4,23,B01
201100051617,0,30,000,00,2,7,01,A01
201100051617,0,07,000,00,9,1,15,B01
201100051618,0,02,000,00,2,1,01,A01
201100051618,0,07,000,00,2,6,01,B01
201100051619,0,31,000,00,2,1,17,A01
201100051619,0,07,000,00,2,3,15,B01
201100051620,0,07,000,00,2,1,02,A01
201100051620,0,07,000,00,2,4,23,B01
201100051620,0,07,000,00,2,4,23,C01
201100051620,0,07,000,00,2,4,23,D01
201100051621,0,07,000,00,2,1,06,A01
201100051621,0,31,000,00,2,1,01,B01
201100051622,0,07,000,00,1,2,01,A01
201100051623,0,07,000,00,2,1,15,A01
201100051623,0,02,000,00,2,1,01,B01
201100051624,0,07,000,00,1,1,15,A01
201100051625,0,02,000,00,2,7,01,A01
201100051625,0,07,000,00,2,1,01,C01
201100051625,0,07,000,00,2,1,01,B01
201100051626,0,07,000,00,2,1,01,A01
201100051626,0,07,000,00,2,3,15,B01
201100051627,0,07,000,00,2,3,20,A01
201100051627,0,33,000,00,2,2,01,B01
201100051628,0,07,000,00,1,2,15,A01
201100051629,0,10,000,00,1,3,01,A01
201100051630,0,34,000,00,2,7,01,A01
201100051630,0,10,000,00,2,1,01,B01
201100051631,0,07,000,00,2,3,19,A01
201100051631,0,32,000,00,2,7,17,B01
201100051632,0,07,000,00,1,1,23,A01
201100051633,0,30,000,00,2,7,01,A01
201100051633,0,07,000,00,2,8,01,B01
201100051634,0,15,000,00,1,1,01,A01
201100051635,0,10,000,00,1,1,15,A01
201100051636,0,31,000,00,2,2,17,A01
201100051636,0,07,000,00,2,3,15,B01
201100051637,0,34,000,00,2,1,15,A01
201100051637,0,07,000,00,2,1,01,B01
201100051638,0,07,000,00,2,2,15,A01
201100051638,0,07,000,08,2,3,01,B01
201100051639,0,07,000,00,2,1,02,B01
201100051639,0,07,000,00,2,7,01,A01
201100051640,0,07,000,15,0,3,01,A01
201100051641,0,07,000,00,2,8,15,B01
201100051641,0,30,000,00,2,7,17,A01
201100051642,1,07,000,00,1,1,01,Z01
201100051643,0,07,000,00,2,1,15,A01
201100051643,0,01,000,00,2,1,19,B01
201100051644,0,07,000,00,2,1,15,A01
201100051644,0,07,000,00,2,1,01,B01
201100051645,0,07,000,00,2,1,15,A01
201100051645,0,07,000,00,2,1,01,B01
201100051646,0,07,000,00,2,1,02,A01
201100051646,0,38,001,00,2,4,01,B01
201100051647,0,07,000,00,0,1,01,A01
201100051648,0,07,000,00,2,6,10,A01
201100051648,0,07,000,00,2,1,01,B01
201100051649,0,07,000,00,2,1,01,C01
201100051649,0,99,000,00,2,9,01,A01
201100051649,0,07,000,00,2,8,11,B01
201100051650,0,33,000,00,2,3,01,A01
201100051650,0,07,000,00,2,3,15,B01
201100051651,0,07,000,00,2,4,02,B01
201100051651,0,07,000,00,2,4,01,D01
201100051651,0,07,000,00,2,4,02,C01
201100051651,0,07,000,00,2,1,02,A01
201100051652,0,07,000,00,2,1,01,A01
201100051652,0,07,000,00,2,1,01,B01
201100051653,0,02,000,14,0,1,17,A01
201100051654,0,30,000,00,2,1,12,B01
201100051654,0,07,000,00,2,3,01,A01
201100051655,0,30,000,00,2,1,17,A01
201100051655,0,07,000,00,0,3,15,B01
201100051656,0,07,000,00,2,2,10,A01
201100051656,0,33,000,00,2,1,01,B01
201100051657,0,07,000,00,2,1,13,A01
201100051657,0,07,000,00,2,1,01,C01
201100051657,0,32,000,00,2,7,01,B01
201100051658,0,07,000,00,2,4,01,B01
201100051658,0,07,000,00,2,1,02,A01
201100051659,0,07,000,00,2,4,01,B01
201100051659,0,07,000,00,2,4,01,C01
201100051659,0,07,000,00,2,1,02,A01
201100051660,0,07,000,00,2,4,23,B01
201100051660,1,07,000,00,2,1,02,Z01
201100051661,0,34,000,00,0,1,01,A01
201100051662,0,07,000,00,2,4,23,B01
201100051662,0,33,000,00,2,1,02,A01
201100051663,0,07,000,00,2,4,23,A01
201100051663,1,07,000,00,2,1,02,Z01
201100051664,0,07,000,00,1,1,01,A01
201100051665,0,07,000,00,1,1,01,A01
201100051666,0,13,000,00,2,7,01,A01
201100051666,0,33,000,00,0,8,01,B01
201100051667,0,07,000,00,1,1,01,A01
201100051668,0,07,000,00,0,4,01,B01
201100051668,0,07,000,00,2,1,02,A01
201100051669,0,07,000,00,1,1,15,A01
201100051670,0,33,000,00,2,1,01,A01
201100051670,0,37,002,00,2,2,15,B01
201100051671,0,07,000,09,0,1,01,A01
201100051672,0,07,000,00,1,1,01,A01
201100051673,0,33,000,00,0,8,01,A01
201100051674,0,30,000,00,2,1,02,A01
201100051674,0,10,000,00,2,4,01,B01
201100051675,0,07,000,00,1,4,04,A01
201100051676,0,07,000,00,2,3,01,B01
201100051676,0,07,000,00,2,2,01,A01
201100051677,0,33,000,01,2,1,01,A01
201100051677,0,07,000,00,2,6,15,B01
201100051678,0,30,000,06,0,1,01,A01
201100051679,0,31,000,00,0,7,01,A01
201100051680,0,32,000,00,2,1,01,C01
201100051680,0,17,000,06,2,1,21,A01
201100051680,0,07,000,00,2,6,01,B01
201100051681,0,07,000,00,2,2,01,B01
201100051681,0,30,000,00,2,8,09,A01
201100051682,0,07,000,00,1,1,01,A01
201100051683,0,07,000,01,0,1,01,A01
201100051684,0,07,000,00,2,4,23,B01
201100051684,0,07,000,00,2,1,01,A01
201100051685,0,02,000,00,0,7,01,A01
201100051686,0,02,000,00,0,4,02,B01
201100051686,1,10,000,00,2,1,02,Z01
201100051687,0,17,000,00,2,6,01,B01
201100051687,0,33,000,00,2,7,17,A01
201100051688,0,07,000,00,1,8,01,A01
201100051689,0,07,000,09,0,1,01,A01
201100051690,0,33,000,00,2,8,01,A01
201100051690,0,07,000,00,2,7,12,B01
201100051691,0,07,000,01,0,1,01,A01
201100051692,0,07,000,00,2,1,01,A01
201100051692,0,30,000,00,2,8,01,B01
201100051693,0,07,000,00,2,8,13,A01
201100051693,0,02,000,00,2,1,17,B01
201100051694,0,07,000,00,1,4,20,A01
201100051695,0,07,000,06,0,1,16,A01
201100051696,0,07,000,00,1,3,01,A01
201100051697,0,33,000,00,0,1,01,B01
201100051697,0,07,000,00,2,5,15,A01
201100051698,0,07,000,00,2,1,02,A01
201100051698,0,07,000,00,2,4,01,B01
201100051699,0,14,000,00,1,0,01,Z01
201100051700,1,07,000,00,1,1,01,Z01
201100051701,0,07,000,00,2,3,09,A01
201100051701,0,34,000,00,2,1,01,B01
201100051702,1,07,000,00,1,1,01,Z01
201100051703,0,37,001,00,1,7,01,A01
201100051704,0,07,000,15,0,1,01,A01
201100051705,0,07,000,00,2,1,17,A01
201100051705,0,33,000,00,2,1,01,B01
201100051706,0,02,000,12,0,1,01,A01
201100051707,0,13,000,00,0,4,01,C01
201100051707,0,34,000,00,2,1,02,A01
201100051707,0,34,000,00,2,1,01,B01
201100051708,0,33,000,01,2,1,01,A01
201100051708,0,07,000,00,2,8,13,B01
201100051709,0,07,000,06,0,9,01,A01
201100051710,0,07,000,00,2,3,13,A01
201100051710,0,07,000,00,0,8,01,B01
201100051711,0,07,000,00,2,1,02,B01
201100051711,0,07,000,00,2,1,02,C01
201100051711,0,07,000,00,2,1,02,D01
201100051711,0,07,000,00,2,4,01,A01
201100051711,0,32,000,00,0,4,02,E01
201100051712,0,07,000,12,0,3,01,A01
201100051713,0,07,000,00,1,1,01,A01
201100051714,0,37,001,00,2,4,09,B01
201100051714,0,07,000,00,2,1,02,A01
201100051715,0,33,000,00,2,3,17,A01
201100051715,0,07,000,00,2,3,15,B01
201100051716,0,33,000,00,2,1,17,A01
201100051716,0,07,000,00,2,8,15,B01
201100051717,1,15,000,01,1,5,01,Z01
201100051718,0,07,000,00,2,2,01,B01
201100051718,0,07,000,00,2,6,23,C01
201100051718,0,30,000,00,2,1,01,A01
201100051719,1,30,000,00,1,1,01,Z01
201100051720,0,07,000,00,2,4,02,E01
201100051720,0,07,000,00,2,4,02,D01
201100051720,0,07,000,00,2,4,02,C01
201100051720,0,13,000,00,2,4,02,B01
201100051720,0,37,001,00,2,1,01,A01
201100051721,0,33,000,00,2,1,01,A01
201100051721,0,07,000,00,2,8,01,B01
201100051722,0,13,000,00,0,3,01,B01
201100051722,0,07,000,00,2,3,17,A01
201100051723,0,10,000,00,2,1,15,B01
201100051723,0,01,000,00,0,5,19,A01
201100051724,0,07,000,00,0,4,01,B01
201100051724,0,07,000,00,2,1,02,A01
201100051725,0,07,000,00,2,1,02,A01
201100051725,0,07,000,00,2,4,01,B01
201100051726,0,07,000,00,2,4,01,B01
201100051726,0,07,000,00,2,1,02,A01
201100051726,0,07,000,00,2,1,01,C01
201100051727,0,36,000,10,0,1,01,A01
201100051728,0,07,000,00,2,1,01,B01
201100051728,0,30,000,00,2,2,15,A01
201100051729,0,07,000,10,0,1,01,A01
201100051730,0,02,000,16,0,0,01,A01
201100051731,0,07,000,00,2,3,01,B01
201100051731,0,07,000,00,2,1,01,A01
201100051732,1,10,000,00,2,7,17,Z01
201100051732,0,01,000,00,2,8,01,B01
201100051733,0,30,000,00,2,1,17,A01
201100051733,0,07,000,00,2,3,15,B01
201100051734,1,99,000,08,0,1,01,A01
201100051735,1,02,000,00,1,1,01,Z01
201100051736,0,07,000,00,2,7,01,A01
201100051736,0,33,000,00,2,8,03,B01
201100051737,0,02,000,16,0,0,01,A01
201100051738,0,07,000,01,0,1,01,A01
201100051739,0,07,000,00,2,3,17,A01
201100051739,0,10,000,00,2,8,01,B01
201100051739,0,07,000,00,2,6,01,C01
201100051740,0,07,000,00,1,2,01,A01
201100051741,0,10,000,00,2,7,17,A01
201100051741,0,01,000,00,0,3,01,B01
201100051742,0,30,000,00,2,3,17,A01
201100051742,0,37,001,00,0,3,01,B01
201100051743,0,33,000,00,0,1,01,A01
201100051744,0,14,000,00,1,1,01,A01
201100051745,0,07,000,00,1,3,01,A01
201100051746,0,33,000,00,2,1,02,A01
201100051746,0,07,000,00,0,5,01,B01
201100051747,0,07,000,00,2,3,11,A01
201100051747,0,33,000,00,2,1,01,B01
201100051748,0,07,000,00,2,1,01,B01
201100051748,0,07,000,00,0,8,15,A01
201100051749,0,37,046,00,1,1,01,A01
201100051750,0,02,000,00,1,1,01,A01
201100051751,0,33,000,00,2,1,03,A01
201100051751,0,07,000,00,2,3,01,B01
201100051752,0,07,000,08,0,1,01,A01
201100051753,0,32,000,00,0,7,01,A01
201100051754,0,33,000,00,2,1,11,A01
201100051754,0,10,000,00,2,4,01,B01
201100051755,0,07,000,00,2,8,01,B01
201100051755,0,10,000,00,2,1,15,A01
201100051756,0,07,000,00,0,1,01,A01
201100051757,0,07,000,01,2,1,15,A01
201100051757,0,07,000,00,0,1,01,B01
201100051758,0,07,000,00,2,1,01,A01
201100051758,0,07,000,00,2,4,01,B01
201100051758,0,07,000,00,2,4,02,C01
201100051759,0,07,000,00,2,1,02,A01
201100051759,0,34,000,00,2,4,01,B01
201100051760,0,07,000,00,2,2,01,B01
201100051760,0,07,000,00,2,1,15,A01
201100051761,0,07,000,00,2,1,02,A01
201100051761,0,07,000,00,0,4,01,B01
201100051762,0,10,000,00,1,3,01,A01
201100051763,0,34,000,00,2,7,01,A01
201100051763,1,07,000,00,0,7,15,Z01
201100051764,0,33,000,00,2,8,02,A01
201100051764,0,10,000,00,2,6,15,B01
201100051765,0,33,000,12,0,9,21,A01
201100051766,0,07,000,00,2,1,16,A01
201100051766,0,07,000,00,2,1,00,B01
201100051767,0,14,000,00,2,1,01,A01
201100051767,0,10,000,00,2,4,01,B01
201100051767,0,07,000,00,2,4,01,C01
201100051768,0,07,000,00,2,7,15,A01
201100051768,0,33,000,00,2,1,01,B01
201100051769,0,33,000,00,2,1,02,A01
201100051769,0,10,000,00,2,4,16,B01
201100051770,0,34,000,00,0,8,15,A01
201100051771,0,07,000,00,2,2,15,A01
201100051771,0,34,000,00,2,1,01,B01
201100051772,0,07,000,00,2,1,02,A01
201100051772,0,07,000,00,2,4,01,B01
201100051772,0,07,000,00,2,4,01,C01
201100051773,1,37,001,00,1,8,01,Z01
201100051774,0,33,000,00,0,4,01,B01
201100051774,1,07,000,00,2,1,01,Z01
201100051774,0,07,000,00,0,1,01,C01
201100051775,1,07,000,00,1,1,01,Z01
201100051776,0,34,000,00,1,1,17,A01
201100051777,0,07,000,00,2,1,02,A01
201100051777,0,33,000,00,0,4,01,B01
201100051778,0,33,000,00,2,1,01,B01
201100051778,0,10,000,00,0,6,15,A01
201100051779,0,07,000,00,2,1,01,A01
201100051779,0,07,000,00,2,6,19,B01
201100051780,0,31,000,00,2,2,21,B01
201100051781,0,15,000,00,2,6,09,A01
201100051781,0,33,000,00,2,1,01,B01
201100051782,0,33,000,00,2,1,02,A01
201100051782,0,14,000,00,2,4,01,B01
201100051783,0,33,000,00,0,2,02,A01
201100051783,0,07,000,00,0,,01,B01
201100051784,0,07,000,00,2,1,17,A01
201100051784,0,07,000,00,2,1,01,B01
201100051785,0,07,000,00,1,1,01,A01
201100051786,0,03,000,00,2,1,15,B01
201100051786,0,07,000,00,2,1,05,A01
201100051787,0,07,000,00,2,4,10,A01
201100051787,0,34,000,00,2,1,01,B01
201100051788,0,30,000,00,0,2,01,A01
201100051789,0,33,000,00,2,1,02,A01
201100051789,0,10,000,00,2,5,01,B01
201100051790,0,33,000,00,0,7,02,A01
201100051791,0,07,000,00,2,1,01,B01
201100051791,0,10,000,00,2,2,01,A01
201100051792,0,07,000,04,0,9,01,A01
201100051793,0,07,000,15,0,1,01,A01
201100051794,0,07,000,00,2,1,02,A01
201100051794,0,34,000,00,2,4,01,B01
201100051795,1,07,000,00,1,1,01,Z01
201100051796,0,33,000,00,2,1,02,A01
201100051796,0,07,000,00,2,5,01,B01
201100051797,0,34,000,00,2,5,17,A01
201100051797,0,07,000,00,2,3,01,B01
201100051798,0,07,000,00,1,1,20,A01
201100051799,0,07,000,00,2,8,05,A01
201100051799,0,07,000,00,2,1,01,B01
201100051800,0,37,001,00,1,1,01,A01
201100051801,0,20,000,00,0,8,10,A01
201100051801,0,02,000,00,2,1,01,B01
201100051802,0,07,000,00,2,0,00,A01
201100051802,0,07,000,00,2,0,00,B01
201100051803,0,07,000,00,2,4,02,A01
201100051803,0,07,000,00,2,1,02,B01
201100051804,1,07,000,00,2,1,00,Z01
201100051804,0,01,000,00,2,1,00,B01
201100051805,0,32,000,00,2,1,17,A01
201100051805,0,07,000,00,2,3,15,B01
201100051806,0,10,000,00,1,1,17,A01
201100051807,0,07,000,00,1,1,01,A01
201100051808,0,07,000,00,2,3,06,A01
201100051808,0,13,000,00,0,8,01,B01
201100051809,0,15,000,00,1,7,01,A01
201100051810,0,07,000,00,0,0,01,A01
201100051810,0,30,000,00,2,6,02,B01
201100051811,0,30,000,00,2,0,00,A01
201100051811,0,14,000,00,2,5,01,B01
201100051812,0,07,000,00,0,7,01,B01
201100051812,0,07,000,00,2,3,09,A01
201100051813,0,07,000,00,2,1,02,A01
201100051813,0,15,000,00,0,6,23,B01
201100051814,0,07,000,00,2,3,15,A01
201100051814,0,30,000,00,2,1,01,B01
201100051815,0,07,000,00,2,3,01,B01
201100051815,0,30,000,00,2,1,01,A01
201100051816,0,07,000,00,1,1,01,A01
201100051817,0,02,000,14,0,2,01,A01
201100051818,0,14,000,00,1,8,13,A01
201100051819,0,32,000,00,2,7,17,A01
201100051819,0,07,000,00,2,3,15,B01
201100051820,0,07,000,00,1,8,01,A01
201100051821,1,02,000,00,1,1,01,Z01
201100051822,0,34,000,00,2,3,01,C01
201100051822,0,03,000,00,2,7,15,A01
201100051822,0,07,000,00,2,2,01,B01
201100051823,0,07,000,00,1,2,16,A01
201100051824,0,01,000,00,1,1,18,A01
201100051825,0,02,000,00,2,1,05,A01
201100051825,0,07,000,00,2,3,01,B01
201100051826,0,32,000,00,2,1,01,B01
201100051826,0,37,001,00,2,2,16,A01
201100051827,0,01,000,00,1,1,01,A01
201100051828,0,30,000,00,2,5,16,A01
201100051828,0,30,000,00,2,1,02,B01
201100051829,0,30,000,00,2,6,01,B01
201100051829,0,07,000,00,2,3,01,A01
201100051830,0,07,000,00,2,3,01,B01
201100051830,0,30,000,00,2,1,01,A01
201100051831,1,07,000,00,1,1,01,Z01
201100051832,0,30,000,00,2,1,17,B01
201100051832,0,07,000,00,2,8,13,A01
201100051833,0,01,000,00,2,1,01,B01
201100051833,0,07,000,00,2,3,22,A01
201100051834,1,30,000,00,1,1,01,Z01
201100051835,0,07,000,00,2,2,09,A01
201100051835,0,01,000,00,2,1,01,B01
201100051836,0,07,000,00,1,2,01,A01
201100051837,0,07,000,00,2,4,23,C01
201100051837,0,07,000,00,2,1,02,A01
201100051837,0,07,000,00,2,4,02,B01
201100051838,0,07,000,14,0,1,01,A01
201100051839,0,07,000,00,2,4,01,B01
201100051839,0,02,000,00,2,1,02,A01
201100051840,0,31,000,00,1,8,01,A01
201100051841,0,07,000,00,2,2,15,A01
201100051841,0,31,000,00,2,8,01,B01
201100051842,0,01,000,00,2,1,01,B01
201100051842,0,07,000,00,2,8,22,A01
201100051843,0,07,000,00,2,3,23,B01
201100051843,0,33,000,00,2,1,02,A01
201100051844,0,07,000,01,0,2,01,A01
201100051845,0,02,000,00,1,1,01,A01
201100051846,0,01,000,00,2,2,02,A01
201100051846,1,07,000,00,2,4,01,Z01
201100051847,0,07,000,00,1,2,01,A01
201100051848,0,01,000,01,0,1,01,A01
201100051849,0,33,000,00,2,9,01,B01
201100051849,0,07,000,00,0,3,15,A01
201100051850,0,10,000,00,2,1,02,A01
201100051850,0,07,000,00,0,4,23,C01
201100051850,0,07,000,00,2,9,23,B01
201100051851,0,33,000,00,2,8,01,B01
201100051851,0,07,000,00,2,2,01,A01
201100051852,0,02,000,00,1,7,01,A01
201100051853,0,10,000,00,1,1,15,A01
201100051854,0,30,000,00,0,1,01,B01
201100051854,0,07,000,00,0,7,01,A01
201100051855,0,07,000,00,1,7,14,A01
201100051856,0,01,000,01,2,1,01,B01
201100051856,0,07,000,00,2,8,22,A01
201100051857,0,33,000,00,1,1,01,A01
201100051858,0,01,000,00,2,2,01,A01
201100051858,0,07,000,00,2,1,01,B01
201100051859,0,07,000,00,2,7,01,A01
201100051859,0,01,000,00,2,1,01,B01
201100051860,0,07,000,00,2,5,01,A01
201100051860,0,32,000,00,2,8,01,B01
201100051861,0,07,000,00,2,1,01,A01
201100051861,0,32,000,00,2,8,01,B01
201100051862,0,01,000,00,1,1,01,A01
201100051863,0,01,000,00,2,1,15,A01
201100051863,0,34,000,00,2,1,01,B01
201100051864,0,07,000,00,2,1,01,A01
201100051864,0,02,000,00,2,1,05,B01
201100051865,0,07,000,00,2,1,15,A01
201100051865,0,32,000,00,0,8,01,B01
201100051866,0,07,000,00,9,5,01,A01
201100051866,0,01,000,00,2,1,01,B01
201100051867,1,30,000,00,1,1,01,Z01
201100051868,0,07,000,00,2,3,17,A01
201100051868,0,01,000,01,0,1,01,B01
201100051869,0,07,000,00,2,6,10,A01
201100051869,0,32,000,00,2,1,02,B01
201100051870,0,07,000,00,1,1,01,A01