Num_Acc,senc,catv,occutc,obs,obsm,choc,manv,num_veh
201100052614,0,07,000,00,2,3,01,B01
201100052614,0,07,000,00,0,8,01,C01
201100052615,0,07,000,00,1,4,20,A01
201100052616,0,07,000,00,2,2,15,A01
201100052616,0,33,000,00,2,1,01,B01
201100052617,0,32,000,00,2,1,01,B01
201100052617,0,07,000,00,2,3,01,A01
201100052618,0,30,000,00,2,1,01,B01
201100052618,0,07,000,00,2,2,15,A01
201100052619,0,33,000,16,0,3,21,B01
201100052619,0,07,000,00,0,0,15,A01
201100052620,0,07,000,00,1,1,01,A01
201100052621,0,07,000,00,2,1,01,A01
201100052621,0,07,000,00,2,1,01,B01
201100052622,0,03,000,00,2,1,02,A01
201100052622,0,07,000,00,1,4,02,B01
201100052623,0,07,000,00,2,4,23,B01
201100052623,0,07,000,00,2,1,02,A01
201100052623,0,07,000,00,2,4,23,C01
201100052623,0,07,000,00,2,4,23,D01
201100052624,0,07,000,00,0,4,02,B01
201100052624,0,07,000,00,2,1,01,A01
201100052625,0,07,000,00,2,1,01,A01
201100052625,0,07,000,00,2,4,23,B01
201100052626,0,30,000,02,0,1,01,A01
201100052627,0,07,000,00,1,1,01,A01
201100052628,0,07,000,00,2,1,01,A01
201100052628,0,10,000,01,2,1,01,B01
201100052629,0,33,000,00,2,1,01,A01
201100052629,0,07,000,00,2,3,15,B01
201100052630,0,07,000,00,,0,09,A01
201100052630,0,33,000,16,0,9,21,B01
201100052631,0,07,000,00,2,4,21,B01
201100052631,0,30,000,00,2,1,02,A01
201100052632,0,07,000,00,0,4,23,B01
201100052632,0,07,000,00,2,1,02,A01
201100052633,0,07,000,00,1,3,15,A01
201100052634,0,02,000,16,0,9,01,A01
201100052635,0,02,000,16,0,1,01,A01
201100052636,0,07,000,01,0,2,01,A01
201100052637,0,01,000,00,2,1,01,B01
201100052637,0,07,000,00,2,3,16,A01
201100052638,0,07,000,00,1,3,01,A01
201100052639,0,07,000,00,2,4,02,B01
201100052639,0,33,000,00,2,1,02,A01
201100052640,0,07,000,00,1,8,01,A01
201100052641,0,30,000,00,2,1,01,B01
201100052641,0,07,000,00,2,3,15,A01
201100052642,0,07,000,00,2,6,01,B01
201100052642,0,07,000,00,2,3,01,A01
201100052643,0,33,000,00,2,1,01,B01
201100052643,0,07,000,00,2,1,01,A01
201100052644,0,10,000,00,1,1,01,A01
201100052645,0,07,000,01,1,1,01,A01
201100052646,0,07,000,01,0,1,01,A01
201100052647,0,33,000,00,2,8,01,A01
201100052647,0,33,000,00,2,7,01,B01
201100052647,0,07,000,00,2,5,23,C01
201100052648,0,33,000,00,2,1,21,A01
201100052648,0,07,000,00,2,5,01,B01
201100052649,0,07,000,00,2,1,05,A01
201100052649,0,10,000,00,2,1,01,B01
201100052650,0,10,000,00,1,1,15,A01
201100052651,0,07,000,00,2,3,01,B01
201100052651,0,07,000,00,2,3,01,A01
201100052652,0,07,000,00,2,2,01,A01
201100052652,0,07,000,00,2,1,15,B01
201100052653,0,01,000,00,2,1,01,A01
201100052653,0,07,000,00,2,4,16,B01
201100052654,0,07,000,02,0,3,01,A01
201100052655,0,07,000,00,2,3,15,A01
201100052655,0,02,000,00,2,1,17,B01
201100052656,0,07,000,00,1,1,01,A01
201100052657,0,07,000,00,2,1,01,A01
201100052657,0,32,000,00,2,8,01,B01
201100052658,0,07,000,00,2,4,23,B01
201100052658,0,07,000,00,2,1,02,A01
201100052659,0,30,000,00,2,1,01,B01
201100052659,0,07,000,00,2,3,09,A01
201100052660,0,07,000,00,1,1,01,A01
201100052661,0,07,000,00,2,4,02,B01
201100052661,0,10,000,00,2,1,02,A01
201100052662,0,07,000,00,2,1,01,A01
201100052662,0,07,000,00,2,3,01,B01
201100052663,0,07,000,00,2,4,01,B01
201100052663,0,33,000,00,2,1,00,A01
201100052664,0,07,000,00,2,4,02,B01
201100052664,0,07,000,00,2,4,02,C01
201100052664,0,07,000,00,2,1,02,A01
201100052665,0,02,000,01,0,1,01,A01
201100052666,0,30,000,00,2,2,01,B01
201100052667,0,07,000,00,1,1,01,A01
201100052668,0,32,000,00,2,1,01,A01
201100052668,0,07,000,00,2,8,15,B01
201100052669,0,07,000,00,2,0,15,A01
201100052669,0,31,000,00,2,3,01,B01
201100052670,1,07,000,00,1,1,15,Z01
201100052671,0,02,000,00,2,1,17,B01
201100052671,0,07,000,00,2,3,10,A01
201100052672,0,07,000,15,0,1,00,A01
201100052673,0,07,000,00,2,2,01,A01
201100052673,0,07,000,01,2,8,09,B01
201100052674,0,10,000,00,1,1,01,A01
201100052675,0,02,000,00,2,1,17,A01
201100052675,0,07,000,00,2,2,09,B01
201100052676,0,10,000,00,2,6,09,B01
201100052676,0,33,000,00,2,1,17,A01
201100052677,0,33,000,00,2,1,00,A01
201100052677,0,07,000,00,2,5,15,B01
201100052678,0,31,000,00,2,2,17,A01
201100052678,0,07,000,00,2,2,15,B01
201100052679,0,31,000,00,2,2,17,A01
201100052679,0,07,000,00,2,2,15,B01
201100052680,0,07,000,00,2,3,01,B01
201100052680,0,30,000,00,2,3,13,A01
201100052681,0,31,000,00,0,0,12,B01
201100052681,0,07,000,00,0,0,01,A01
201100052682,0,07,000,07,2,1,00,A01
201100052682,0,07,000,00,2,2,01,B01
201100052683,0,10,000,02,0,1,00,A01
201100052684,0,07,000,00,2,3,00,B01
201100052684,0,33,000,00,2,5,00,A01
201100052685,0,10,000,00,0,4,01,B01
201100052685,0,07,000,00,2,1,02,A01
201100052686,0,07,000,00,2,5,23,B01
201100052686,0,07,000,00,2,2,17,A01
201100052687,0,07,000,00,0,6,02,C01
201100052687,0,30,000,00,2,7,02,B01
201100052687,0,07,000,00,2,2,02,A01
201100052687,0,07,000,00,2,3,15,D01
201100052688,0,33,000,00,1,1,05,A01
201100052688,0,07,000,00,2,2,23,B01
201100052689,0,07,000,00,1,7,01,A01
201100052690,0,07,000,00,1,4,04,A01
201100052691,0,07,000,15,0,3,13,A01
201100052692,0,02,000,00,0,1,00,A01
201100052693,0,30,000,00,2,6,15,A01
201100052693,0,34,000,00,2,7,01,B01
201100052694,0,07,000,00,1,5,16,A01
201100052695,0,07,000,00,2,2,01,B01
201100052695,0,07,000,00,2,7,12,A01
201100052696,0,07,000,06,0,4,24,B01
201100052696,0,07,000,06,2,1,14,A01
201100052697,0,02,000,00,2,8,17,B01
201100052698,0,02,000,00,1,1,17,A01
201100052699,0,07,000,00,1,5,04,A01
201100052700,0,07,000,00,2,7,17,A01
201100052700,0,02,000,00,2,4,15,B01
201100052701,0,32,000,00,2,1,01,B01
201100052701,0,07,000,00,2,2,01,A01
201100052702,0,02,000,00,2,1,18,A01
201100052702,0,07,000,00,2,2,16,B01
201100052703,0,07,000,00,2,1,01,B01
201100052703,0,07,000,00,2,2,15,A01
201100052704,0,02,000,00,1,2,01,A01
201100052705,0,07,000,00,2,3,09,A01
201100052705,0,31,000,00,2,1,01,B01
201100052706,0,13,000,00,2,2,00,B01
201100052706,0,02,000,00,2,0,00,A01
201100052707,0,33,000,00,2,0,17,A01
201100052707,0,07,000,00,2,3,01,B01
201100052708,0,07,000,00,2,8,10,A01
201100052708,0,31,000,00,2,1,01,B01
201100052709,0,13,000,00,2,1,02,A01
201100052709,0,07,000,00,0,4,01,B01
201100052710,0,31,000,00,2,1,02,A01
201100052710,0,07,000,00,0,4,23,B01
201100052711,0,07,000,00,2,6,13,A01
201100052711,0,30,000,00,2,1,01,B01
201100052712,0,32,000,00,0,0,01,B01
201100052712,0,07,000,00,0,0,15,A01
201100052713,0,33,000,00,2,1,02,B01
201100052713,0,33,000,00,2,5,01,A01
201100052714,0,33,000,00,2,1,05,A01
201100052714,0,07,000,00,2,1,01,B01
201100052715,0,07,000,00,2,7,09,A01
201100052715,0,32,000,00,2,2,01,B01
201100052716,0,07,000,00,1,3,01,A01
201100052717,0,07,000,00,2,6,15,A01
201100052717,0,30,000,00,2,1,01,B01
201100052718,0,30,000,00,2,1,09,A01
201100052718,0,37,002,00,2,6,02,B01
201100052719,0,07,000,00,2,3,15,A01
201100052719,0,31,000,00,2,1,01,B01
201100052720,0,10,000,14,0,1,02,A01
201100052720,0,99,000,00,0,4,23,B01
201100052721,0,07,000,00,2,3,15,A01
201100052721,0,07,000,00,2,3,01,B01
201100052722,0,07,000,00,2,3,15,A01
201100052722,0,30,000,00,2,3,01,B01
201100052723,0,31,000,00,0,1,01,A01
201100052724,0,02,000,00,0,0,01,A01
201100052725,0,07,000,00,2,4,23,A01
201100052725,0,02,000,00,2,1,02,B01
201100052726,0,34,000,00,2,1,01,B01
201100052726,0,07,000,00,2,1,09,A01
201100052727,0,07,000,00,2,8,15,B01
201100052727,0,32,000,00,2,1,17,A01
201100052728,0,07,000,00,2,4,02,B01
201100052728,0,33,000,00,2,1,02,A01
201100052729,0,07,000,00,2,5,15,B01
201100052729,0,07,000,00,2,3,01,A01
201100052730,0,07,000,00,1,4,04,A01
201100052731,0,07,000,00,1,1,01,A01
201100052732,0,31,000,00,2,3,01,B01
201100052732,0,07,000,00,1,2,10,A01
201100052733,0,30,000,00,2,1,15,A01
201100052733,0,07,000,00,2,3,15,B01
201100052734,0,07,000,00,2,8,01,B01
201100052735,0,33,000,00,2,1,17,A01
201100052735,0,31,000,00,2,6,15,B01
201100052736,0,07,000,00,1,2,15,A01
201100052737,0,30,000,00,2,1,01,B01
201100052737,0,07,000,00,2,2,16,A01
201100052738,0,07,000,00,2,1,15,A01
201100052738,0,30,000,00,2,1,01,B01
201100052739,0,07,000,00,2,4,16,B01
201100052739,0,34,000,00,2,1,17,A01
201100052740,0,07,000,00,1,1,15,A01
201100052741,0,07,000,00,2,2,16,B01
201100052741,0,32,000,00,2,8,01,A01
201100052742,0,07,000,00,2,2,15,A01
201100052742,0,02,000,00,2,5,17,B01
201100052743,0,33,000,00,2,1,01,B01
201100052743,0,07,000,00,2,8,15,A01
201100052744,0,33,000,00,2,1,01,A01
201100052744,0,07,000,00,2,2,15,B01
201100052745,0,07,000,00,2,4,15,B01
201100052745,0,33,000,00,2,1,17,A01
201100052746,0,07,000,01,0,2,01,A01
201100052747,0,32,000,00,1,1,00,A01
201100052748,0,33,000,01,2,0,01,B01
201100052748,0,07,000,00,2,8,11,A01
201100052749,0,07,000,00,2,2,15,B01
201100052749,0,33,000,00,2,3,17,A01
201100052750,0,33,000,00,2,2,00,A01
201100052750,0,07,000,00,2,3,11,B01
201100052751,0,02,000,00,2,5,09,B01
201100052751,0,07,000,00,2,1,09,A01
201100052752,0,32,000,00,1,1,01,A01
201100052753,0,07,000,00,1,1,01,A01
201100052754,0,33,000,01,0,2,21,B01
201100052754,0,07,000,00,0,0,09,A01
201100052755,1,07,000,00,1,1,01,Z01
201100052756,0,07,000,00,1,1,01,A01
201100052757,0,33,000,00,1,1,03,A01
201100052758,0,07,000,00,2,2,12,A01
201100052758,0,33,000,00,2,3,01,B01
201100052759,0,07,000,00,2,8,15,A01
201100052759,0,33,000,00,2,1,17,B01
201100052760,0,15,000,00,0,8,01,B01
201100052760,0,33,000,12,2,3,17,A01
201100052761,0,02,000,00,1,1,03,A01
201100052761,0,07,000,00,2,3,23,B01
201100052762,0,31,000,00,1,1,01,A01
201100052763,0,07,000,00,1,1,01,A01
201100052764,0,07,000,00,2,3,13,A01
201100052764,0,07,000,00,2,3,01,B01
201100052765,0,07,000,00,2,3,05,A01
201100052765,0,33,000,00,2,1,01,B01
201100052766,0,07,000,00,2,1,01,B01
201100052766,0,02,000,00,2,8,15,A01
201100052767,0,32,000,00,1,1,17,A01
201100052768,0,07,000,00,2,3,01,B01
201100052768,0,07,000,09,2,1,17,A01
201100052769,0,31,000,01,0,2,01,A01
201100052770,0,07,000,00,1,2,01,A01
201100052771,0,10,000,00,2,6,15,A01
201100052771,0,33,000,00,2,1,17,B01
201100052772,0,33,000,03,2,8,01,B01
201100052772,0,07,000,03,2,3,05,A01
201100052773,0,02,000,00,1,1,01,A01
201100052774,0,07,000,00,2,8,15,A01
201100052774,0,34,000,00,2,7,17,B01
201100052775,0,07,000,00,1,1,01,A01
201100052776,1,07,000,00,1,0,01,Z01
201100052777,0,02,000,00,2,1,13,A01
201100052777,0,07,000,00,2,3,01,B01
201100052778,0,07,000,00,2,8,01,C01
201100052778,0,33,000,00,2,0,21,A01
201100052778,0,07,000,00,2,5,23,B01
201100052779,0,14,000,00,2,4,23,C01
201100052779,0,07,000,00,2,3,01,B01
201100052779,0,01,000,00,2,1,19,A01
201100052780,0,02,000,01,2,0,18,A01
201100052780,0,07,000,00,2,2,16,B01
201100052781,0,07,000,00,0,8,15,B01
201100052781,0,33,000,00,2,1,17,A01
201100052782,0,34,000,00,2,1,01,B01
201100052782,0,07,000,00,2,8,15,A01
201100052783,0,07,000,00,2,1,01,A01
201100052783,0,07,000,00,2,4,16,B01
201100052784,0,32,000,00,2,1,17,B01
201100052784,0,07,000,00,2,6,15,A01
201100052785,0,02,000,00,2,1,01,A01
201100052785,0,07,000,00,2,3,09,B01
201100052786,0,07,000,00,1,3,15,A01
201100052787,0,07,000,00,2,3,20,A01
201100052787,0,30,000,00,2,2,01,B01
201100052788,0,30,000,00,2,6,07,A01
201100052788,0,07,000,00,2,2,16,B01
201100052789,0,01,000,00,2,1,17,B01
201100052789,0,10,000,00,0,3,00,A01
201100052790,0,37,001,00,1,2,00,A01
201100052791,0,07,000,00,1,3,01,A01
201100052792,0,07,000,00,1,6,04,A01
201100052793,0,30,000,00,0,0,09,A01
201100052794,0,34,000,00,1,3,21,A01
201100052795,0,34,000,00,2,3,01,B01
201100052795,0,07,000,00,2,3,15,A01
201100052796,0,01,000,00,1,1,01,A01
201100052797,0,33,000,00,2,1,01,B01
201100052797,0,07,000,00,2,3,19,A01
201100052798,0,01,000,00,2,1,01,A01
201100052798,0,07,000,00,2,2,01,B01
201100052799,0,07,000,14,0,1,13,A01
201100052800,0,02,000,14,0,8,01,A01
201100052801,0,07,000,00,1,2,01,A01
201100052802,0,33,000,01,0,1,16,A01
201100052803,0,01,000,00,2,1,01,A01
201100052803,0,07,000,00,2,3,01,B01
201100052804,0,07,000,00,2,3,04,A01
201100052804,0,01,000,00,2,1,02,B01
201100052805,0,07,000,02,2,9,14,A01
201100052805,0,07,000,00,0,3,02,B01
201100052806,0,07,000,00,1,1,01,A01
201100052807,0,32,000,00,2,1,01,B01
201100052807,0,07,000,00,2,5,19,A01
201100052808,0,07,000,00,2,3,19,A01
201100052808,0,37,001,00,2,7,02,B01
201100052809,0,07,000,00,1,1,00,A01
201100052810,0,07,000,00,1,4,04,A01
201100052811,0,07,000,11,0,1,06,A01
201100052812,0,33,000,00,0,7,00,A01
201100052813,0,30,000,00,2,1,02,A01
201100052813,0,07,000,00,0,4,01,B01
201100052814,0,10,000,06,0,1,01,A01
201100052815,0,31,000,00,0,0,00,A01
201100052816,0,30,000,00,0,0,21,A01
201100052817,0,07,000,00,1,3,01,A01
201100052818,0,07,000,04,2,2,01,A01
201100052818,0,07,000,00,2,3,13,B01
201100052819,0,07,000,00,0,4,23,A01
201100052819,0,07,000,00,2,1,02,C01
201100052819,0,07,000,00,2,1,02,D01
201100052819,0,07,000,00,2,1,02,B01
201100052820,0,07,000,00,2,4,02,C01
201100052820,0,07,000,00,2,5,01,A01
201100052820,0,10,000,00,2,4,02,B01
201100052820,0,07,000,00,2,1,02,D01
201100052821,0,07,000,00,2,6,11,A01
201100052821,0,07,000,00,2,7,01,B01
201100052822,0,07,000,00,2,4,01,A01
201100052822,0,07,000,00,2,1,02,C01
201100052822,0,07,000,00,2,4,02,B01
201100052823,0,07,000,00,2,4,02,B01
201100052823,0,07,000,00,2,1,02,C01
201100052823,0,07,000,00,2,4,01,A01
201100052824,0,33,000,00,0,8,03,A01
201100052824,1,07,000,00,2,0,00,B02
201100052825,0,15,000,00,0,2,12,B01
201100052825,0,07,000,00,0,6,02,A01
201100052826,0,32,000,00,2,5,01,A01
201100052826,1,07,000,00,2,1,02,Z01
201100052827,0,07,000,04,0,1,01,A01
201100052828,0,07,000,04,0,1,01,A01
201100052829,0,07,000,00,2,4,02,B01
201100052829,0,07,000,00,2,4,01,C01
201100052829,0,07,000,00,2,1,02,A01
201100052830,0,07,000,00,2,5,01,A01
201100052830,1,07,000,00,2,3,09,Z01
201100052831,0,07,000,01,2,1,02,B01
201100052831,0,07,000,00,2,4,23,A01
201100052832,0,07,000,00,2,6,01,A01
201100052832,0,07,000,00,2,1,02,B01
201100052833,0,07,000,04,0,1,02,A01
201100052834,0,07,000,00,0,4,11,B01
201100052834,0,34,000,00,2,1,01,A01
201100052835,0,07,000,03,0,1,13,A01
201100052836,0,07,000,00,2,4,01,A01
201100052836,0,07,000,00,2,1,01,B01
201100052836,0,33,000,00,2,4,02,C01
201100052837,0,34,000,16,0,1,01,A01
201100052838,0,33,000,00,2,2,21,C01
201100052838,0,07,000,00,0,6,01,A01
201100052838,0,07,000,00,0,0,11,B01
201100052839,0,07,000,00,2,4,02,B01
201100052839,0,07,000,00,2,4,01,A01
201100052839,0,10,000,00,2,1,02,C01
201100052840,0,07,000,00,2,4,02,B01
201100052840,0,07,000,00,2,1,02,C01
201100052840,0,07,000,00,2,4,23,A01
201100052841,0,07,000,00,2,1,13,B01
201100052841,0,07,000,00,2,4,01,A01
201100052842,0,33,000,00,2,7,01,B01
201100052842,0,07,000,00,2,8,11,A01
201100052843,0,07,000,00,2,5,12,A01
201100052843,0,33,000,00,2,1,03,B01
201100052844,0,33,000,00,2,7,01,B01
201100052844,0,07,000,00,2,8,11,A01
201100052845,0,07,000,00,2,4,01,A01
201100052845,0,07,000,00,2,8,01,B01
201100052845,0,33,000,00,2,7,03,C01
201100052846,0,07,000,04,2,6,02,A01
201100052846,0,17,000,00,2,2,12,B01
201100052846,0,07,000,04,0,5,02,C01
201100052847,0,10,000,00,0,6,01,A01
201100052847,0,10,000,05,2,1,02,B01
201100052848,0,10,000,04,0,5,01,A01
201100052849,0,07,000,03,0,9,00,A01
201100052849,0,07,000,04,2,2,00,B01
201100052849,0,07,000,00,2,1,01,C01
201100052850,0,31,000,00,0,0,03,A01
201100052851,0,14,000,04,0,1,02,A01
201100052852,0,07,000,00,2,7,03,A01
201100052852,0,07,000,00,2,8,03,B01
201100052853,0,34,000,00,0,1,12,A01
201100052854,0,33,000,00,0,1,02,B01
201100052854,0,07,000,00,0,5,02,A01
201100052855,0,17,000,00,2,5,02,A01
201100052855,0,17,000,03,2,3,02,B01
201100052856,0,34,000,00,0,5,01,B01
201100052856,0,34,000,00,0,1,01,A01
201100052857,0,07,000,16,0,2,12,A01
201100052858,0,17,000,00,0,6,01,B01
201100052858,0,10,000,00,2,2,01,C01
201100052858,0,17,000,00,2,2,21,A01
201100052859,0,07,000,00,2,2,12,B01
201100052859,0,31,000,00,2,6,01,A01
201100052860,0,10,000,00,2,8,11,A01
201100052860,0,15,000,00,2,2,01,B01
201100052860,0,10,000,00,2,8,01,C01
201100052861,0,07,000,00,2,5,01,A01
201100052861,0,33,000,00,2,1,13,B01
201100052862,1,10,000,00,2,1,02,Z01
201100052862,0,07,000,00,2,4,02,B01
201100052862,0,07,000,00,2,4,01,A01
201100052863,0,07,000,00,1,2,01,A01
201100052864,0,10,000,03,0,2,01,A01
201100052865,0,07,000,00,2,4,02,C01
201100052865,0,14,000,00,2,1,02,D01
201100052865,0,10,000,00,2,4,02,B01
201100052865,0,07,000,00,2,4,01,A01
201100052866,0,33,000,00,2,1,02,B01
201100052866,0,07,000,00,2,5,01,A01
201100052867,0,07,000,00,2,4,02,A01
201100052867,0,07,000,00,2,1,02,B01
201100052868,0,10,000,04,0,1,01,A01
201100052869,0,07,000,00,2,5,02,B01
201100052869,0,07,000,00,2,4,01,A01
201100052869,0,07,000,00,2,3,14,C01
201100052870,0,33,000,03,0,0,02,A01
201100052871,0,07,000,03,0,1,02,A01
201100052872,0,33,000,00,0,1,01,A01
201100052873,1,17,000,00,2,2,12,Z01
201100052873,0,07,000,04,2,6,01,A01
201100052874,0,07,000,00,0,0,01,T01
201100052874,0,07,000,00,2,2,01,A01
201100052874,0,07,000,00,2,8,01,C01
201100052874,0,07,000,03,2,6,11,B01
201100052875,0,31,000,00,0,1,17,A01
201100052876,0,07,000,00,2,3,01,B01
201100052876,0,07,000,03,2,9,01,A01
201100052877,0,07,000,00,2,4,01,A01
201100052877,0,07,000,00,2,1,02,B01
201100052878,0,07,000,04,2,8,12,A01
201100052878,0,07,000,00,2,1,02,B01
201100052879,0,07,000,04,0,2,01,A01
201100052880,0,07,000,03,2,1,02,B01
201100052880,0,07,000,00,0,4,00,A01
201100052881,0,07,000,00,2,4,01,A01
201100052881,0,07,000,00,2,1,02,B01
201100052882,0,07,000,05,0,3,14,A01
201100052882,0,07,000,04,1,8,14,B01
201100052883,0,07,000,00,0,6,00,A01
201100052883,0,07,000,00,0,1,13,B01
201100052884,0,07,000,01,0,1,01,B01
201100052884,0,07,000,00,0,4,23,A01
201100052885,0,07,000,00,0,4,02,A01
201100052885,0,07,000,00,2,1,02,B01
201100052886,0,10,000,06,0,7,14,A01
201100052887,0,10,000,04,0,3,01,A01
201100052888,0,07,000,00,2,6,11,A01
201100052888,0,15,000,00,2,2,02,B01
201100052889,0,07,000,00,2,9,01,B01
201100052889,0,07,000,00,2,4,01,A01
201100052889,0,07,000,00,2,1,01,C01
201100052890,0,07,000,00,2,7,01,A01
201100052891,0,07,000,04,0,1,01,A01
201100052892,0,07,000,04,0,1,01,A01
201100052893,0,33,000,00,2,1,03,B01
201100052893,0,07,000,00,2,7,12,A01
201100052894,0,07,000,00,0,4,01,A01
201100052894,0,07,000,00,2,1,02,C01
201100052894,0,07,000,00,2,4,02,B01
201100052895,0,10,000,00,2,3,01,C01
201100052895,0,33,000,00,2,9,18,B01
201100052895,0,07,000,00,2,7,02,A01
201100052896,0,33,000,00,0,0,12,A01
201100052897,0,32,000,00,2,1,02,B01
201100052897,0,07,000,00,0,5,01,A01
201100052898,0,33,000,00,0,8,01,A01
201100052899,0,07,000,00,1,2,01,A01
201100052900,0,07,000,00,2,1,02,A01
201100052900,0,07,000,00,2,4,01,B01
201100052901,1,07,000,00,2,1,02,Z01
201100052901,0,07,000,04,0,4,01,A01
201100052902,0,07,000,00,2,1,02,A01
201100052902,0,07,000,00,2,4,01,B01
201100052903,0,33,000,00,0,2,01,A01
201100052903,0,07,000,00,0,8,13,B01
201100052904,0,10,000,00,2,4,23,B01
201100052904,0,14,000,15,0,2,14,A01
201100052905,0,07,000,01,0,1,02,C01
201100052905,0,07,000,00,2,4,01,A01
201100052905,0,07,000,00,2,4,02,B01
201100052906,0,17,000,00,2,4,02,C01
201100052906,0,17,000,00,0,4,02,A01
201100052906,0,07,000,00,2,4,02,B01
201100052906,0,17,000,00,2,1,02,D01
201100052907,0,07,000,00,2,5,14,A01
201100052907,0,31,000,00,2,3,03,B01
201100052908,0,33,000,00,2,1,03,B01
201100052908,0,07,000,00,2,3,09,A01
201100052909,0,07,000,06,0,9,01,A01
201100052910,0,33,000,13,0,9,09,A01
201100052911,0,15,000,13,0,7,17,C01
201100052911,0,15,000,00,2,2,01,B01
201100052911,0,07,000,00,2,6,09,A01
201100052912,0,33,000,00,0,1,03,B01
201100052912,0,07,000,00,0,2,12,A01
201100052913,0,10,000,00,2,8,11,B01
201100052913,0,07,000,00,0,4,01,C01
201100052913,0,33,000,00,2,7,03,A01
201100052914,0,10,000,00,0,4,02,A01
201100052914,0,07,000,00,2,4,02,B01
201100052914,0,07,000,00,2,1,02,C01
201100052915,0,10,000,00,2,8,11,A01
201100052915,0,33,000,00,2,2,03,B01
201100052916,0,07,000,00,2,6,11,A01
201100052916,0,33,000,00,2,2,03,B01
201100052917,0,07,000,00,2,4,01,A01
201100052917,0,07,000,00,2,1,02,B01
201100052918,0,33,000,00,0,8,01,A01
201100052919,0,14,000,04,0,3,01,A01
201100052920,0,10,000,03,0,1,01,A01
201100052921,0,07,000,01,0,1,14,B01
201100052921,0,07,000,00,2,4,23,A01
201100052922,0,07,000,00,0,4,02,A01
201100052922,0,07,000,00,2,1,02,C01
201100052922,0,07,000,00,2,9,02,B01
201100052923,0,33,000,00,0,8,01,A01
201100052924,1,15,000,00,0,5,12,Z01
201100052924,0,31,000,00,0,8,01,A01
201100052925,1,07,000,,,,09,A03
201100052925,0,07,000,00,2,1,01,B01
201100052925,0,07,000,00,2,6,01,A01
201100052926,0,07,000,00,2,1,02,C01
201100052926,0,10,000,00,2,4,23,B01
201100052926,0,07,000,00,2,4,23,A01
201100052927,0,07,000,00,0,4,01,A01
201100052927,0,33,000,00,2,1,02,B01
201100052928,0,07,000,04,0,3,21,A01
201100052928,1,07,000,00,0,0,11,Z01
201100052929,0,07,000,00,2,1,02,C01
201100052929,0,07,000,00,0,4,01,A01
201100052929,0,10,000,00,0,1,02,B01
201100052930,0,07,000,06,0,1,14,A01
201100052931,0,10,000,04,0,1,01,A01
201100052932,1,07,000,00,2,7,12,Z01
201100052932,0,07,000,00,2,3,01,A01
201100052933,0,07,000,00,2,3,11,A01
201100052933,0,33,000,00,2,1,03,B01
201100052934,0,07,000,14,2,9,02,D01
201100052934,0,17,000,14,2,1,02,H01
201100052934,0,10,000,14,2,9,02,G02
201100052934,0,07,000,14,2,9,02,B02
201100052934,0,15,000,14,2,9,02,C01
201100052934,0,14,000,00,0,4,02,A02
201100052934,0,07,000,14,2,9,02,F01
201100052934,0,07,000,00,2,9,02,E01
201100052935,0,33,000,00,2,3,01,E01
201100052935,0,07,000,00,2,3,21,D01
201100052935,0,10,000,00,0,4,01,A01
201100052935,0,10,000,00,2,1,02,B01
201100052935,0,07,000,00,0,4,02,C01
201100052936,0,33,000,00,2,3,03,B01
201100052936,0,07,000,00,2,7,12,A01
201100052937,0,07,000,00,2,4,02,A01
201100052937,0,07,000,00,2,1,02,C01
201100052937,0,07,000,00,2,1,02,B01
201100052938,0,07,000,00,2,1,02,B01
201100052938,0,07,000,00,2,4,01,A01
201100052939,0,33,000,03,0,2,01,A01
201100052940,0,07,000,01,0,2,16,B01
201100052940,0,07,000,00,0,6,23,A01
201100052941,0,07,000,00,2,1,01,A01
201100052941,0,15,000,00,2,1,01,B01
201100052941,0,07,000,00,2,4,00,C01
201100052941,0,07,000,00,0,7,12,D01
201100052942,0,07,000,00,2,4,23,A01
201100052942,0,33,000,00,2,1,02,B01
201100052943,0,10,000,00,2,4,01,A01
201100052943,0,31,000,00,2,1,02,B01
201100052944,0,07,000,00,2,1,02,C01
201100052944,0,10,000,00,0,4,02,A01
201100052944,0,10,000,00,2,1,02,B01
201100052945,0,33,000,00,2,1,01,A01
201100052945,0,07,000,00,2,3,11,B01
201100052946,0,07,000,00,0,0,02,A01
201100052946,0,07,000,00,2,1,02,B01
201100052947,0,07,000,04,0,3,01,A01
201100052948,0,32,000,00,2,2,02,B01
201100052948,0,33,000,00,0,4,13,A01
201100052949,0,33,000,00,2,4,11,A01
201100052949,0,33,000,00,2,1,01,B01
201100052950,0,07,000,03,0,5,14,A01
201100052951,0,07,000,00,2,7,12,A01
201100052951,0,33,000,00,2,3,03,B01
201100052952,0,07,000,00,2,6,02,A01
201100052952,0,33,000,00,2,9,02,B01
201100052953,0,07,000,00,2,1,02,B01
201100052953,0,07,000,00,2,4,01,A01
201100052954,0,33,000,00,0,1,01,A01
201100052954,0,07,000,00,0,4,11,B01
201100052955,0,10,000,00,0,6,01,A01
201100052955,0,32,000,00,2,1,02,B01
201100052956,0,33,000,00,2,7,01,B01
201100052956,0,07,000,00,2,8,11,A01
201100052957,0,07,000,03,0,4,00,A01
201100052957,0,10,000,05,2,1,01,B01
201100052958,0,07,000,04,0,1,01,A01