Num_Acc,senc,catv,occutc,obs,obsm,choc,manv,num_veh
201100052959,0,07,000,00,2,4,02,C01
201100052959,0,07,000,00,0,4,01,D01
201100052959,2,07,000,00,2,1,02,A01
201100052959,0,07,000,00,2,4,02,B01
201100052960,0,07,000,00,0,4,01,A01
201100052960,1,15,000,00,2,1,02,B01
201100052961,0,10,000,00,2,1,02,C01
201100052961,0,15,000,00,2,2,12,B01
201100052961,0,10,000,00,2,8,01,A01
201100052962,0,17,000,00,0,4,02,A01
201100052962,0,17,000,00,2,1,02,B01
201100052963,0,07,000,03,2,3,21,D01
201100052963,0,07,000,03,0,1,21,E01
201100052963,0,07,000,00,2,7,17,F02
201100052963,0,14,000,00,2,1,21,C01
201100052963,0,07,000,00,2,1,21,B01
201100052963,0,07,000,12,0,1,13,A01
201100052964,0,07,000,00,2,4,02,A01
201100052964,0,07,000,00,2,4,02,C01
201100052964,0,07,000,00,2,1,02,E01
201100052964,0,07,000,00,2,4,02,D01
201100052964,0,07,000,00,2,4,02,B01
201100052965,0,10,000,05,2,8,01,A01
201100052965,0,10,000,00,2,2,17,B01
201100052966,0,10,000,00,0,4,01,A01
201100052966,0,33,000,00,2,1,02,B01
201100052967,0,07,000,00,2,4,01,A01
201100052967,1,10,000,00,2,1,17,Z01
201100052968,0,07,000,00,2,6,23,A01
201100052968,0,07,000,00,2,4,17,B01
201100052968,2,07,000,14,2,1,21,C01
201100052969,0,07,000,00,2,4,02,A01
201100052969,0,07,000,00,0,4,02,B01
201100052969,0,33,000,00,2,1,03,C01
201100052969,0,07,000,00,2,1,02,D01
201100052970,0,10,000,00,2,6,11,A01
201100052970,0,33,000,00,2,1,01,B01
201100052971,0,10,000,00,2,8,11,A01
201100052971,0,34,000,00,2,2,03,B01
201100052972,0,07,000,03,0,1,01,A01
201100052973,0,33,000,00,2,3,02,A01
201100052973,0,07,000,00,2,4,02,B01
201100052974,0,07,000,00,0,5,01,A01
201100052974,0,33,000,00,2,1,02,B01
201100052975,0,31,000,00,2,1,01,C01
201100052975,0,07,000,00,2,4,23,A01
201100052975,0,10,000,00,2,4,23,B01
201100052976,0,07,000,00,2,4,01,A01
201100052976,0,33,000,00,2,1,02,B01
201100052977,0,10,000,00,2,7,14,A01
201100052977,0,34,000,00,2,3,18,B01
201100052978,0,10,000,00,2,2,12,A01
201100052978,0,10,000,00,2,5,23,C01
201100052978,0,33,000,00,2,8,03,B01
201100052979,0,07,000,00,0,4,01,A01
201100052979,0,07,000,04,2,1,13,B01
201100052980,0,07,000,00,2,7,12,A01
201100052980,0,33,000,00,2,3,03,B01
201100052981,0,15,000,00,2,6,02,A01
201100052981,0,07,000,00,2,2,00,B01
201100052982,0,10,000,00,2,5,02,A01
201100052982,0,33,000,00,2,1,02,B01
201100052983,0,31,000,06,0,8,01,A01
201100052984,0,07,000,00,2,5,01,A01
201100052984,0,33,000,00,2,1,02,B01
201100052985,0,32,000,00,2,4,23,A01
201100052985,0,33,000,00,2,4,02,B01
201100052985,0,07,000,00,2,1,02,C01
201100052986,0,07,000,00,0,4,01,A01
201100052986,0,33,000,00,2,1,03,B01
201100052987,0,07,000,00,0,4,02,A01
201100052987,0,07,000,03,2,1,02,B01
201100052988,0,33,000,00,0,0,03,A01
201100052989,0,07,000,00,0,1,13,A01
201100052990,0,33,000,06,0,1,01,A01
201100052991,0,33,000,14,0,9,14,A01
201100052992,0,07,000,00,2,5,01,A01
201100052992,0,32,000,00,2,1,03,B01
201100052993,0,07,000,00,2,5,02,B01
201100052993,0,33,000,00,2,3,11,A01
201100052994,0,33,000,00,2,8,01,A01
201100052994,0,10,000,00,2,7,14,B01
201100052995,0,31,000,00,2,1,03,B01
201100052995,0,07,000,00,2,5,12,A01
201100052996,0,07,000,00,2,5,01,A01
201100052996,0,17,000,00,2,3,01,D01
201100052996,0,07,000,00,2,5,01,B01
201100052996,0,33,000,00,2,8,03,C01
201100052997,0,10,000,00,2,7,01,B01
201100052997,0,33,000,00,2,8,03,A01
201100052998,0,14,000,00,2,2,01,B01
201100052998,0,07,000,00,2,8,13,A01
201100052999,0,07,000,00,2,6,23,A01
201100052999,0,33,000,00,2,1,01,B01
201100053000,0,17,000,03,2,1,02,A01
201100053000,0,07,000,00,2,4,02,B01
201100053000,0,07,000,00,2,4,01,C01
201100053001,0,17,000,00,2,2,12,B01
201100053001,0,07,000,00,2,8,01,A01
201100053002,0,07,000,00,2,3,01,A01
201100053002,0,01,000,00,2,7,12,B01
201100053003,0,07,000,00,2,4,01,C01
201100053003,0,33,000,00,2,2,02,A01
201100053003,0,10,000,00,2,3,11,B01
201100053004,0,10,000,00,2,7,12,A01
201100053004,0,33,000,04,2,8,01,B01
201100053005,0,31,000,00,2,1,02,A01
201100053005,0,15,000,00,2,8,01,C01
201100053005,0,07,000,00,2,4,01,B01
201100053006,0,07,000,00,2,1,02,A01
201100053006,0,07,000,00,2,4,02,B01
201100053006,0,07,000,00,2,4,02,C01
201100053006,0,07,000,00,2,4,01,D01
201100053007,0,07,000,03,2,7,00,A01
201100053007,0,07,000,00,2,8,01,B01
201100053007,2,07,000,03,2,7,01,C01
201100053008,0,10,000,00,2,6,11,A01
201100053008,0,31,000,00,2,1,13,B01
201100053009,0,07,000,00,2,7,12,D01
201100053009,0,15,000,00,2,3,01,C01
201100053009,0,10,000,00,2,5,01,B01
201100053009,0,07,000,04,2,7,01,A01
201100053010,0,07,000,14,0,4,01,A01
201100053010,1,07,000,00,2,1,02,B01
201100053011,0,34,000,00,2,1,01,B01
201100053011,0,07,000,00,0,6,11,A01
201100053012,0,33,000,00,2,5,01,A01
201100053012,0,31,000,00,2,1,02,B01
201100053013,0,33,000,00,2,1,03,A01
201100053013,0,10,000,00,0,4,01,B01
201100053014,0,07,000,00,2,2,01,A01
201100053014,0,33,000,00,2,1,00,B01
201100053014,0,07,000,00,2,4,01,C01
201100053014,0,07,000,00,2,3,11,D01
201100053015,0,07,000,00,2,1,02,C01
201100053015,0,07,000,00,2,4,01,B01
201100053015,0,07,000,00,0,4,01,A01
201100053016,0,07,000,00,2,4,02,A01
201100053016,0,07,000,00,2,4,02,B01
201100053016,0,07,000,00,2,1,02,C01
201100053017,0,07,000,05,2,4,12,A01
201100053017,1,07,000,00,2,2,02,B01
201100053018,0,10,000,00,2,6,01,A01
201100053018,0,33,000,00,2,1,01,B01
201100053019,0,33,000,00,0,0,09,A01
201100053020,0,33,000,00,2,2,01,B02
201100053020,0,15,000,00,2,6,09,A01
201100053021,0,33,000,00,2,4,01,A01
201100053021,0,07,000,04,2,1,02,B01
201100053022,0,33,000,00,0,8,21,A01
201100053022,0,07,000,00,2,6,01,B01
201100053023,0,34,000,00,2,8,03,B01
201100053023,0,07,000,00,2,7,12,A01
201100053024,0,07,000,00,2,1,02,A01
201100053024,0,10,000,00,2,4,01,B01
201100053025,0,07,000,00,2,8,03,A01
201100053025,0,33,000,00,2,7,09,B01
201100053026,0,34,000,00,0,4,01,A01
201100053026,0,07,000,00,0,1,02,B01
201100053027,0,07,000,00,2,4,02,B01
201100053027,0,07,000,00,2,1,02,C01
201100053027,0,07,000,00,2,4,01,A01
201100053028,0,07,000,00,2,4,01,A01
201100053028,0,33,000,00,2,1,12,B01
201100053029,0,07,000,00,2,4,02,A01
201100053029,0,07,000,00,2,4,02,B01
201100053029,0,07,000,00,2,1,02,C01
201100053030,0,07,000,00,0,4,02,A01
201100053030,0,07,000,00,2,1,01,B01
201100053030,0,07,000,00,2,1,01,C01
201100053031,0,10,000,00,2,6,01,A01
201100053031,0,32,000,00,2,7,01,C01
201100053031,0,33,000,00,2,1,01,B01
201100053032,0,07,000,03,0,4,01,A01
201100053032,0,15,000,00,2,2,01,B02
201100053033,0,31,000,00,2,8,18,B01
201100053033,0,07,000,00,2,7,12,A01
201100053034,0,07,000,13,0,0,00,A01
201100053035,0,07,000,00,2,1,00,B01
201100053035,0,07,000,00,0,4,00,A01
201100053036,0,07,000,13,0,8,02,A01
201100053036,0,17,000,00,2,2,12,B01
201100053037,0,07,000,00,2,4,02,A01
201100053037,0,07,000,00,2,1,02,B01
201100053038,0,31,000,00,2,8,01,A01
201100053038,1,10,000,00,2,2,12,Z01
201100053039,0,07,000,00,2,7,12,A01
201100053039,0,33,000,00,2,7,03,B01
201100053040,0,07,000,00,2,1,02,A01
201100053040,0,10,000,00,2,4,02,C01
201100053040,0,07,000,00,2,4,02,B01
201100053041,0,10,000,03,2,1,21,A01
201100053041,0,10,000,00,2,5,01,B01
201100053042,0,07,000,00,2,7,12,A01
201100053042,0,33,000,00,2,8,03,B01
201100053043,0,07,000,00,2,1,02,B01
201100053043,0,15,000,00,2,4,01,A01
201100053044,0,07,000,04,2,6,11,A01
201100053044,0,07,000,00,2,2,01,B01
201100053045,0,33,000,00,2,2,03,B01
201100053045,0,10,000,00,2,6,09,A01
201100053046,0,33,000,00,2,8,02,A01
201100053046,0,33,000,00,2,2,02,B01
201100053047,0,13,000,00,2,2,12,A01
201100053047,0,07,000,00,2,6,01,B01
201100053048,0,07,000,00,0,4,01,A01
201100053048,0,32,000,00,2,1,02,B01
201100053049,0,14,000,00,2,2,02,A01
201100053049,0,33,000,00,2,4,01,B01
201100053050,0,33,000,00,0,7,02,A01
201100053050,0,07,000,00,0,6,13,B01
201100053051,0,07,000,00,2,4,02,A01
201100053051,0,07,000,00,2,1,02,B01
201100053052,0,07,000,00,0,5,01,A01
201100053052,0,31,000,00,2,1,11,B01
201100053053,0,33,000,00,2,1,02,B01
201100053053,0,10,000,00,2,4,01,A01
201100053054,0,33,000,00,0,7,02,A01
201100053054,0,07,000,00,0,8,13,B01
201100053055,0,07,000,00,2,6,01,A01
201100053055,0,33,000,00,2,1,03,B01
201100053056,1,07,000,00,2,8,13,Z01
201100053056,0,33,000,00,0,7,01,A01
201100053057,0,07,000,00,2,4,01,B01
201100053057,0,07,000,00,2,4,01,C01
201100053057,0,07,000,00,2,1,02,A01
201100053058,0,07,000,06,0,1,01,A01
201100053059,0,07,000,00,0,4,02,A01
201100053059,0,15,000,00,2,1,02,B01
201100053060,0,07,000,00,0,7,02,C01
201100053060,0,33,000,00,2,1,01,A01
201100053060,0,07,000,00,2,4,01,B01
201100053061,0,07,000,00,2,2,12,A01
201100053061,0,33,000,00,2,8,03,B01
201100053062,0,07,000,00,2,3,13,A01
201100053062,0,07,000,04,2,5,02,B01
201100053063,0,07,000,04,0,3,01,A01
201100053064,0,07,000,00,2,5,14,B01
201100053064,0,33,000,00,2,1,03,A01
201100053065,0,33,000,00,2,1,03,A01
201100053065,0,07,000,00,0,4,11,B01
201100053066,0,07,000,00,2,6,01,B01
201100053066,0,33,000,00,2,1,21,A01
201100053067,0,33,000,00,2,2,03,A01
201100053067,0,07,000,00,2,3,11,B01
201100053068,0,07,000,00,2,2,12,A01
201100053068,0,33,000,00,2,8,03,B01
201100053069,0,07,000,00,2,5,01,A01
201100053069,0,07,000,00,2,3,13,B01
201100053070,0,33,000,14,2,1,01,C01
201100053070,0,07,000,14,2,1,01,B01
201100053070,0,15,000,03,0,2,14,A01
201100053071,0,31,000,00,2,1,02,B01
201100053071,0,10,000,00,2,5,01,A01
201100053072,0,17,000,00,2,4,02,A01
201100053072,0,07,000,00,2,1,02,B01
201100053073,0,07,000,00,2,1,02,C01
201100053073,0,10,000,00,0,4,01,A01
201100053073,0,07,000,00,2,4,02,B01
201100053074,0,07,000,00,2,6,11,A01
201100053074,0,33,000,00,2,1,03,B01
201100053075,0,07,000,00,2,7,01,A01
201100053075,0,33,000,00,2,8,09,B01
201100053076,0,07,000,00,0,6,02,A01
201100053076,0,33,000,00,2,1,01,B01
201100053077,0,07,000,00,0,3,13,A01
201100053078,0,07,000,03,0,2,12,A01
201100053079,0,07,000,00,2,6,01,B01
201100053079,0,33,000,00,2,1,02,A01
201100053079,0,07,000,00,2,4,01,C01
201100053080,0,07,000,00,0,4,01,A01
201100053080,0,33,000,00,2,1,03,B01
201100053081,0,10,000,00,2,4,02,A01
201100053081,0,07,000,00,2,1,01,B01
201100053082,0,07,000,00,2,8,11,A01
201100053082,0,33,000,00,2,2,01,B01
201100053083,0,07,000,00,2,7,12,A01
201100053083,0,33,000,00,2,8,03,B01
201100053084,0,07,000,00,2,6,01,A01
201100053084,0,33,000,00,2,1,02,B01
201100053085,0,07,000,00,0,8,02,A01
201100053085,0,07,000,00,2,4,01,B01
201100053085,0,07,000,00,2,4,01,C01
201100053085,0,07,000,00,2,1,02,D01
201100053086,0,07,000,00,2,5,13,A01
201100053086,0,07,000,00,2,3,02,B01
201100053087,0,07,000,04,0,3,01,A01
201100053088,0,33,000,00,2,7,01,A01
201100053088,1,15,000,00,2,3,13,Z01
201100053089,0,07,000,04,0,3,01,A01
201100053090,0,33,000,00,0,8,01,A01
201100053091,0,07,000,03,2,3,02,A01
201100053091,0,07,000,00,2,3,02,B01
201100053092,0,07,000,00,2,2,01,B01
201100053092,0,33,000,00,2,4,03,A01
201100053093,0,10,000,00,1,4,02,A01
201100053093,0,07,000,00,0,4,02,B01
201100053093,0,10,000,00,0,1,02,C01
201100053094,0,07,000,00,0,9,21,A01
201100053094,0,10,000,00,0,0,14,B01
201100053095,1,15,000,00,0,0,12,B01
201100053095,0,07,000,00,0,6,01,A01
201100053096,0,15,000,00,2,4,02,A01
201100053096,0,15,000,00,2,1,02,B01
201100053097,1,14,000,,,,,B01
201100053097,0,33,000,13,0,7,02,A01
201100053098,0,14,000,06,0,1,01,A01
201100053099,0,07,000,00,0,4,23,A01
201100053099,0,07,000,00,2,1,02,C01
201100053099,0,10,000,00,2,4,23,B01
201100053100,0,07,000,00,0,9,21,A01
201100053100,0,07,000,00,0,0,01,B01
201100053101,0,07,000,00,2,6,01,A01
201100053101,0,33,000,00,2,1,02,B01
201100053102,0,14,000,00,2,1,01,C01
201100053102,0,10,000,00,2,6,01,A01
201100053102,0,07,000,00,2,4,01,B01
201100053103,0,07,000,00,2,8,11,C01
201100053103,0,31,000,00,2,2,03,D01
201100053103,0,07,000,00,2,8,11,E01
201100053103,0,31,000,00,2,7,03,B01
201100053103,0,10,000,00,0,5,02,A01
201100053104,0,07,000,03,2,1,01,A01
201100053104,0,07,000,00,2,8,01,B01
201100053105,0,07,000,00,2,4,01,B01
201100053105,0,07,000,06,2,1,02,A01
201100053106,0,07,000,04,0,3,01,A01
201100053107,0,14,000,06,0,7,14,A01
201100053108,0,14,000,06,0,7,14,A01
201100053109,0,33,000,13,2,7,21,A01
201100053110,0,15,000,03,0,3,06,A01
201100053111,0,15,000,00,2,1,01,A01
201100053111,0,07,000,03,0,4,09,B01
201100053112,0,15,000,00,0,4,02,A01
201100053112,0,14,000,00,2,1,02,B01
201100053113,0,07,000,00,2,6,01,A01
201100053113,0,33,000,00,2,7,17,B01
201100053114,0,07,000,03,0,3,02,A01
201100053114,0,07,000,00,2,2,14,B01
201100053115,0,10,000,00,0,6,09,A01
201100053115,0,31,000,00,2,1,01,B01
201100053116,0,10,000,03,0,7,21,A01
201100053117,0,33,000,00,2,8,01,A01
201100053117,1,07,000,00,2,7,12,Z01
201100053118,0,10,000,00,0,4,12,A01
201100053118,0,34,000,00,0,1,03,B01
201100053119,0,07,000,00,0,4,11,A01
201100053119,0,33,000,00,2,1,01,B01
201100053120,0,15,000,00,1,1,01,A01
201100053121,0,07,000,13,0,7,01,A01
201100053122,0,15,000,00,2,2,12,B01
201100053122,0,07,000,04,0,6,02,A01
201100053123,0,07,000,00,2,4,01,A01
201100053123,0,07,000,00,0,4,02,D02
201100053123,0,07,000,00,0,4,01,C01
201100053123,0,07,000,00,0,4,01,E01
201100053123,0,07,000,00,0,1,01,F01
201100053123,0,07,000,00,0,4,02,B01
201100053124,0,10,000,00,2,4,01,B01
201100053124,0,07,000,00,2,1,02,A01
201100053125,0,07,000,00,2,6,01,A01
201100053125,0,15,000,00,2,2,12,B01
201100053126,0,07,000,00,0,7,01,A01
201100053126,0,07,000,00,2,6,11,B01
201100053127,0,33,000,00,2,3,03,A01
201100053127,0,07,000,00,0,8,01,B01
201100053127,0,07,000,00,0,5,01,C01
201100053127,0,07,000,00,0,7,01,D01
201100053128,0,14,000,00,0,4,23,A01
201100053128,0,14,000,00,2,1,02,B01
201100053129,0,33,000,00,2,0,21,A01
201100053130,0,07,000,00,2,7,01,A01
201100053130,0,34,000,00,2,6,03,B01
201100053131,0,07,000,01,2,1,17,A01
201100053131,2,07,000,01,0,0,00,B01
201100053132,0,10,000,00,2,3,11,A01
201100053132,0,32,000,00,2,7,01,B01
201100053133,1,10,000,00,1,2,01,Z01
201100053134,0,15,000,03,0,2,01,A01
201100053135,0,07,000,00,2,6,01,A01
201100053135,0,31,000,00,2,1,12,B01
201100053136,0,33,000,00,2,7,01,A01
201100053136,0,07,000,00,2,8,11,B01
201100053137,0,07,000,00,2,7,12,A01
201100053137,0,32,000,00,2,8,01,B01
201100053138,0,07,000,00,0,4,02,A01
201100053138,0,07,000,00,2,1,02,B01
201100053139,0,07,000,00,2,2,01,A01
201100053139,0,07,000,04,2,6,21,B01
201100053140,0,07,000,00,0,6,01,A01
201100053140,0,34,000,00,2,1,12,B01
201100053141,0,07,000,03,0,1,21,A01
201100053142,0,07,000,04,0,9,01,A01
201100053143,0,33,000,00,0,8,21,A01
201100053144,0,07,000,00,2,5,12,A01
201100053144,0,33,000,00,2,1,03,B01
201100053145,0,14,000,00,2,8,13,A01
201100053145,0,07,000,00,2,2,01,B01
201100053146,0,33,000,00,2,1,02,A01
201100053146,0,07,000,00,2,6,02,B01
201100053147,0,17,000,00,0,2,12,A01
201100053147,0,07,000,00,0,8,01,B01
201100053148,0,33,000,00,0,0,03,A01
201100053149,0,33,000,14,0,7,21,A01
201100053150,0,07,000,01,2,1,02,A01
201100053150,0,07,000,01,2,9,23,B01
201100053150,0,10,000,00,9,4,23,C01
201100053151,0,07,000,00,2,5,01,A01
201100053151,0,31,000,00,2,8,03,B01
201100053151,0,07,000,00,2,7,01,C01
201100053152,0,07,000,04,0,1,21,A01
201100053153,0,07,000,00,2,4,02,A01
201100053153,0,07,000,00,2,1,02,B01
201100053154,0,07,000,00,2,5,01,A01
201100053154,0,07,000,00,2,8,11,B01
201100053154,0,33,000,00,2,1,01,C01
201100053155,0,33,000,04,2,7,01,A01
201100053155,1,10,000,00,2,8,11,Z01
201100053156,0,33,000,00,0,0,01,A01
201100053157,0,15,000,00,2,2,12,A01
201100053157,0,10,000,00,2,8,01,B01
201100053158,0,33,000,00,0,0,01,A01
201100053159,0,07,000,00,2,8,01,A01
201100053159,0,15,000,00,2,2,12,B01
201100053160,0,07,000,00,0,4,01,A01
201100053160,0,07,000,00,2,4,02,B01
201100053160,0,07,000,00,2,1,02,C01
201100053161,0,34,000,00,0,8,01,A01
201100053162,0,10,000,00,2,2,12,A01
201100053162,0,32,000,00,2,8,03,B01
201100053163,0,07,000,04,2,4,01,A01
201100053163,2,07,000,00,2,1,09,B01
201100053164,0,33,000,00,0,1,03,A01
201100053164,0,07,000,00,0,4,23,B01
201100053165,0,07,000,00,0,5,01,A01
201100053165,0,33,000,00,2,1,02,B01
201100053166,2,07,000,00,2,4,23,A01
201100053166,0,07,000,01,0,1,00,B01
201100053166,0,07,000,01,0,1,00,C01
201100053167,0,31,000,00,2,7,01,A01
201100053167,0,07,000,00,2,6,11,B01
201100053168,0,07,000,00,2,7,12,A01
201100053168,0,32,000,00,2,8,01,B01
201100053169,0,10,000,00,2,1,01,A01
201100053169,0,10,000,00,2,4,11,B01
201100053169,0,15,000,00,2,8,01,C01
201100053170,0,10,000,00,2,5,12,A01
201100053170,0,31,000,00,2,3,03,B01
201100053170,0,10,000,00,2,8,02,C01
201100053171,0,33,000,00,2,1,02,A01
201100053171,0,10,000,00,2,5,01,B01
201100053172,0,32,000,04,0,7,19,A01
201100053173,0,07,000,00,0,6,01,A01
201100053173,0,34,000,00,0,1,02,B01
201100053174,0,07,000,00,2,1,02,A01
201100053174,0,07,000,00,2,4,01,B01
201100053175,0,07,000,00,2,4,01,A01
201100053175,0,07,000,00,2,4,01,B01
201100053175,0,07,000,00,2,1,02,C01
201100053176,0,33,000,00,0,0,01,A01
201100053177,0,31,000,00,2,7,03,A01
201100053177,0,07,000,00,2,8,01,B01
201100053178,0,07,000,00,2,1,05,A01
201100053178,0,07,000,00,2,3,01,B01
201100053178,0,07,000,00,2,1,01,C01
201100053179,0,15,000,00,0,4,01,A01
201100053179,0,07,000,00,2,7,12,B01
201100053179,0,33,000,00,2,3,03,C01
201100053180,0,33,000,00,0,0,15,A01
201100053181,0,07,000,00,0,4,01,A01
201100053181,0,07,000,00,2,1,02,B01
201100053182,0,33,000,00,0,0,03,A01
201100053183,0,07,000,00,2,4,01,A01
201100053183,0,07,000,00,2,1,02,B01
201100053183,0,07,000,00,2,4,02,C01
201100053184,0,15,000,00,2,1,02,A01
201100053184,0,15,000,00,2,4,02,B01
201100053184,0,14,000,00,0,8,00,C01
201100053185,0,07,000,13,0,9,14,A01
201100053186,0,34,000,00,0,0,01,A01
201100053187,0,34,000,00,0,1,02,A01
201100053187,0,10,000,00,0,5,01,B01
201100053188,0,10,000,00,2,4,11,A01
201100053188,0,31,000,00,2,1,01,B01
201100053189,0,07,000,00,0,6,01,A01
201100053189,0,07,000,00,2,1,02,B01
201100053190,0,07,000,00,0,6,01,A01
201100053190,0,33,000,00,2,1,02,B01
201100053191,0,33,000,00,2,8,01,A01
201100053191,0,07,000,00,2,7,12,B01
201100053192,0,07,000,00,2,3,11,A01
201100053192,0,34,000,00,2,7,17,B01
201100053193,0,33,000,00,0,7,03,A01
201100053193,0,07,000,00,2,8,11,B01
201100053194,0,07,000,00,0,5,12,A01
201100053194,0,33,000,00,2,1,01,B01
201100053195,0,07,000,00,2,8,01,A01
201100053195,0,15,000,00,2,7,12,B01
201100053196,0,15,000,00,2,2,01,A01
201100053196,0,33,000,00,2,8,09,B01
201100053197,0,31,000,00,0,0,03,A01
201100053198,0,33,000,00,0,0,01,A01
201100053199,0,07,000,00,2,1,02,A01
201100053199,0,07,000,00,2,4,02,B01
201100053199,0,07,000,00,0,4,02,C01
201100053200,0,07,000,00,2,8,21,A01
201100053200,0,07,000,00,2,1,21,B01
201100053200,0,07,000,00,2,1,21,C01
201100053201,0,07,000,00,2,8,11,A01
201100053201,0,33,000,00,2,7,03,B01
201100053201,0,07,000,00,2,4,02,C01
201100053202,0,07,000,00,2,1,02,A01
201100053202,0,07,000,00,2,4,02,B01
201100053202,0,07,000,00,2,4,02,C01
201100053203,0,07,000,00,0,7,12,A01
201100053203,0,31,000,00,0,1,01,B01
201100053204,0,07,000,03,0,1,01,A01
201100053204,0,07,000,00,0,4,23,B01
201100053204,0,07,000,01,0,1,21,C01
201100053205,0,07,000,04,0,1,13,A01
201100053206,0,07,000,00,2,6,01,A01
201100053206,0,07,000,00,2,1,02,B01
201100053207,0,33,000,00,2,1,18,A01
201100053207,0,10,000,00,2,5,01,B01
201100053207,0,07,000,00,2,3,01,C01
201100053208,0,33,000,00,0,8,01,A01
201100053209,0,07,000,04,0,3,01,A01
201100053210,0,07,000,04,2,7,01,A01
201100053210,0,15,000,00,2,1,12,B01
201100053211,0,07,000,00,0,7,12,A01
201100053211,0,33,000,00,0,1,03,B01
201100053212,0,07,000,00,2,1,02,A01
201100053212,0,07,000,00,2,4,01,B01
201100053213,0,33,000,15,9,7,01,A01
201100053214,0,33,000,00,2,1,02,A01
201100053214,0,33,000,00,2,4,03,B01
201100053215,0,33,000,00,0,8,03,A01
201100053215,0,07,000,00,0,7,12,B01
201100053216,0,07,000,00,2,5,12,A01
201100053216,0,34,000,00,2,1,03,B01
201100053217,0,07,000,00,2,3,02,A01
201100053217,0,33,000,00,2,8,02,B01
201100053218,0,07,000,00,0,1,21,A01
201100053219,0,33,000,00,2,7,01,A01
201100053219,0,10,000,00,2,7,01,B01
201100053219,1,07,000,00,2,8,13,Z02
201100053220,0,33,000,00,2,1,03,A01
201100053220,0,99,000,00,2,6,03,B01
201100053220,0,07,000,00,2,2,01,C01
201100053221,0,10,000,04,0,3,00,A01
201100053222,0,07,000,00,2,2,12,A01
201100053222,0,31,000,00,2,1,12,B01
201100053223,0,31,000,16,0,8,03,A01
201100053223,1,07,000,00,2,7,12,Z01
201100053224,0,10,000,00,2,8,11,A01
201100053224,0,31,000,00,2,2,01,B01
201100053225,0,33,000,00,2,8,01,A01
201100053225,0,10,000,00,2,3,11,B01
201100053226,0,07,000,00,2,6,01,A01
201100053226,0,33,000,00,2,1,03,B01
201100053226,0,33,000,00,0,4,03,C01
201100053227,0,33,000,00,2,7,01,A01
201100053227,0,07,000,00,2,6,11,B01
201100053228,0,31,000,00,2,4,03,B01
201100053228,0,31,000,00,2,1,03,A01
201100053229,0,07,000,00,2,1,01,A01
201100053229,0,07,000,00,2,4,02,B01
201100053229,0,07,000,00,2,4,02,C01
201100053230,0,07,000,04,0,3,13,A01
201100053230,0,07,000,04,2,1,21,B01
201100053230,0,38,044,00,2,8,01,C01
201100053231,0,07,000,00,0,4,01,A01
201100053231,0,15,000,00,2,1,02,B01
201100053232,0,33,000,00,0,0,01,A01
201100053233,0,07,000,00,2,0,01,A01
201100053233,0,34,000,00,2,4,02,B01
201100053234,0,10,000,00,0,4,01,A01
201100053234,0,10,000,00,2,3,11,B01
201100053234,0,33,000,00,2,1,01,C01
201100053235,0,07,000,00,2,7,14,A01
201100053235,0,33,000,00,2,8,03,B01
201100053235,0,33,000,00,0,0,14,C01
201100053236,0,07,000,00,2,4,09,A01
201100053236,0,07,000,00,2,1,21,B01
201100053237,0,07,000,00,2,8,11,A01
201100053237,0,33,000,00,0,7,02,B01
201100053238,0,07,000,00,2,5,12,A01
201100053238,0,33,000,00,2,1,03,B01
201100053239,0,07,000,03,2,1,02,A01
201100053239,0,07,000,00,2,4,02,B01
201100053240,0,07,000,04,0,3,01,A01
201100053241,0,10,000,00,0,4,11,A01
201100053241,0,34,000,00,2,1,03,B01
201100053242,0,10,000,00,2,2,05,A01
201100053242,0,07,000,00,2,3,21,B01
201100053242,0,10,000,00,2,2,21,C01
201100053243,0,07,000,04,0,1,01,A01
201100053244,0,10,000,00,0,5,01,A01
201100053244,0,34,000,00,2,1,21,B01
201100053245,0,07,000,00,2,3,01,A01
201100053245,0,38,001,00,2,8,01,B01
201100053245,0,10,000,00,2,8,13,C01
201100053245,0,99,000,00,2,1,03,D01
201100053246,0,34,000,00,0,0,01,A01
201100053246,0,33,000,00,0,0,01,B01
201100053246,0,33,000,00,0,0,01,C01
201100053246,0,33,000,00,0,0,01,D01
201100053246,0,34,000,00,2,4,01,E01
201100053246,0,07,000,00,2,1,02,F02
201100053247,0,33,000,00,2,8,21,A01
201100053247,0,07,000,00,0,0,01,B01
201100053248,0,33,000,00,0,8,03,A01
201100053249,0,07,000,00,0,3,11,A01
201100053249,0,33,000,00,2,1,03,B01
201100053250,0,34,000,00,2,1,02,A01
201100053250,0,10,000,00,2,6,23,B01
201100053251,0,33,000,00,0,8,01,A01
201100053252,0,07,000,00,2,2,14,A01
201100053252,0,99,000,00,2,6,18,B01
201100053253,0,33,000,00,0,8,01,A01
201100053254,0,33,000,00,2,1,03,A01
201100053254,0,07,000,00,2,4,11,B01
201100053255,0,07,000,04,0,1,21,A01
201100053256,0,07,000,00,0,4,12,A01
201100053256,0,33,000,00,2,1,03,B01
201100053257,0,07,000,00,0,4,02,A01
201100053257,0,07,000,00,0,1,02,B01
201100053258,0,10,000,00,1,4,04,A01
201100053259,0,10,000,00,0,4,23,A01
201100053259,0,07,000,00,0,6,23,B01
201100053259,0,07,000,00,0,6,23,C01
201100053259,0,07,000,00,2,2,00,D01
201100053260,0,33,000,00,1,1,01,A01