Num_Acc,senc,catv,occutc,obs,obsm,choc,manv,num_veh
201100053260,0,07,000,00,2,0,19,B01
201100053261,0,07,000,00,2,7,12,A01
201100053261,0,33,000,00,2,8,03,B01
201100053262,0,07,000,00,2,5,01,A01
201100053262,0,10,000,00,2,3,14,B01
201100053262,0,33,000,00,2,1,03,C01
201100053263,0,07,000,00,0,9,01,A01
201100053264,0,07,000,00,2,0,00,A01
201100053264,0,07,000,00,2,0,01,B01
201100053265,0,15,000,00,0,4,01,A01
201100053265,0,07,000,00,2,1,21,B01
201100053265,0,07,000,00,2,1,01,C01
201100053266,0,07,000,00,0,4,02,A01
201100053266,0,07,000,00,2,1,02,B01
201100053267,0,33,000,15,0,1,01,A01
201100053268,0,14,000,00,2,2,01,A01
201100053268,0,07,000,00,2,6,11,B01
201100053269,0,07,000,03,2,3,00,A01
201100053270,0,07,000,00,0,0,12,A01
201100053270,0,33,000,00,2,0,03,B01
201100053271,0,07,000,00,0,4,01,A01
201100053271,0,07,000,00,0,4,01,B01
201100053271,0,07,000,00,0,4,01,C01
201100053271,0,07,000,00,0,4,01,D01
201100053272,0,07,000,00,0,6,01,A01
201100053272,0,07,000,00,2,2,14,B01
201100053273,0,07,000,00,2,8,02,A01
201100053273,0,07,000,00,2,4,02,B01
201100053273,0,10,000,00,2,1,02,C01
201100053274,0,07,000,00,0,4,01,A01
201100053274,0,07,000,00,2,1,21,B01
201100053274,0,07,000,00,2,1,02,C01
201100053274,0,07,000,00,2,1,02,D01
201100053275,0,07,000,00,2,5,01,A01
201100053275,0,17,000,00,2,2,02,B01
201100053275,0,07,000,00,2,1,01,C01
201100053276,0,07,000,00,2,7,12,A01
201100053276,0,32,000,00,2,1,03,B01
201100053277,0,07,000,00,2,7,01,A01
201100053277,0,07,000,00,2,6,01,B01
201100053277,0,17,000,00,2,2,14,C01
201100053278,0,07,000,16,0,2,00,A01
201100053279,0,10,000,00,0,6,01,A01
201100053279,0,33,000,00,2,1,21,B01
201100053280,0,07,000,04,0,6,01,A01
201100053281,0,31,000,00,2,8,03,A01
201100053281,1,10,000,00,2,7,12,Z01
201100053282,0,07,000,04,0,3,01,A01
201100053283,0,32,000,04,0,1,01,A01
201100053284,0,07,000,00,0,1,19,A01
201100053284,0,07,000,00,2,1,02,B01
201100053285,0,07,000,13,2,1,19,A01
201100053285,0,10,000,00,0,2,02,B01
201100053286,0,07,000,04,0,1,15,A01
201100053287,0,10,000,00,2,1,01,B01
201100053287,0,07,000,00,2,0,01,A01
201100053288,0,99,000,04,0,2,01,A01
201100053289,0,07,000,00,0,4,23,A01
201100053289,0,33,000,01,0,1,01,B01
201100053290,0,33,000,03,2,1,03,A01
201100053290,0,10,000,00,0,5,12,B01
201100053291,0,07,000,00,2,4,02,A01
201100053291,0,07,000,00,2,4,02,B01
201100053291,0,07,000,00,2,1,02,C01
201100053292,0,07,000,13,0,2,02,A01
201100053293,0,07,000,00,0,4,02,A01
201100053293,0,07,000,00,2,1,02,B01
201100053294,0,33,000,00,2,1,03,B01
201100053294,0,07,000,00,0,6,11,A01
201100053295,0,31,000,00,2,7,01,A01
201100053296,0,31,000,00,0,0,03,A01
201100053297,0,07,000,00,2,8,00,A01
201100053297,0,17,000,00,2,2,00,B01
201100053298,0,15,000,00,0,4,01,A01
201100053298,0,15,000,00,2,4,01,B01
201100053298,0,14,000,00,2,1,02,C01
201100053299,0,33,000,00,2,1,01,B01
201100053299,0,07,000,00,2,8,11,A01
201100053300,0,07,000,00,2,6,11,A01
201100053300,0,33,000,00,2,7,03,B01
201100053301,0,15,000,00,2,7,00,A01
201100053301,0,07,000,00,2,8,00,B01
201100053302,0,07,000,00,9,7,01,A01
201100053302,0,33,000,00,2,1,03,C01
201100053302,0,10,000,00,2,6,01,B01
201100053303,0,14,000,03,2,1,05,A01
201100053303,0,10,000,00,2,1,01,B01
201100053303,0,07,000,03,0,1,01,C01
201100053304,0,10,000,03,0,1,01,A01
201100053305,1,14,000,00,0,8,11,Z01
201100053305,0,07,000,00,2,8,01,A01
201100053305,0,07,000,00,2,1,02,B01
201100053306,0,07,000,00,2,6,01,A01
201100053306,0,07,000,00,2,2,14,B01
201100053307,0,07,000,04,0,0,02,A01
201100053308,0,32,000,00,0,8,03,A01
201100053309,0,07,000,00,0,4,02,A01
201100053309,0,10,000,00,2,1,02,B01
201100053310,0,07,000,00,2,6,11,A01
201100053310,0,34,000,00,2,1,03,B01
201100053311,0,07,000,00,2,6,11,A01
201100053311,0,33,000,00,2,3,03,B01
201100053312,0,10,000,00,0,8,01,A01
201100053312,0,33,000,00,2,1,03,B01
201100053313,0,07,000,00,2,6,01,A01
201100053313,1,99,000,00,2,2,00,Z01
201100053313,0,33,000,00,2,1,01,B01
201100053314,0,07,000,00,0,8,01,A01
201100053314,0,15,000,00,2,2,12,B01
201100053315,0,07,000,04,0,8,01,A01
201100053315,0,14,000,00,0,4,01,B01
201100053315,0,10,000,00,2,1,02,C01
201100053315,0,10,000,00,2,1,02,D01
201100053316,0,07,000,00,2,4,01,A01
201100053316,0,07,000,00,2,4,02,B01
201100053316,0,07,000,00,2,4,02,C01
201100053316,0,07,000,01,0,1,02,D01
201100053317,0,33,000,00,2,8,01,B01
201100053317,0,07,000,00,2,7,12,A01
201100053317,0,07,000,00,2,8,01,C01
201100053318,0,07,000,00,2,4,01,A01
201100053318,1,07,000,00,2,9,01,B01
201100053319,0,07,000,02,0,1,00,A01
201100053320,0,07,000,04,2,8,01,A01
201100053320,0,07,000,00,2,2,14,B01
201100053321,0,07,000,00,0,0,00,A01
201100053321,0,15,000,00,0,0,00,B01
201100053322,0,07,000,00,2,3,01,A01
201100053322,1,07,000,00,2,5,14,Z01
201100053323,0,07,000,03,0,1,01,A01
201100053324,0,07,000,00,0,1,01,A01
201100053325,0,07,000,03,0,3,01,A01
201100053326,0,07,000,00,2,7,09,A01
201100053326,0,33,000,00,2,8,01,B01
201100053327,0,34,000,00,2,4,03,B01
201100053327,0,10,000,00,2,1,01,A01
201100053328,0,07,000,04,0,1,01,A01
201100053329,0,33,000,00,2,7,01,A01
201100053329,1,07,000,00,2,8,11,Z01
201100053330,0,07,000,16,0,2,14,A01
201100053331,0,07,000,13,0,1,01,A01
201100053332,0,33,000,00,0,8,21,A01
201100053333,0,07,000,00,2,4,01,B01
201100053333,0,07,000,00,2,4,01,A01
201100053333,0,15,000,00,2,2,01,D01
201100053333,0,34,000,00,2,1,01,C01
201100053334,0,33,000,00,2,1,02,A01
201100053334,0,07,000,00,2,4,01,B01
201100053335,0,07,000,00,0,2,12,C01
201100053335,0,07,000,00,2,8,01,B01
201100053336,0,34,000,00,2,1,00,A01
201100053336,0,07,000,00,2,6,02,B01
201100053337,0,07,000,16,0,9,00,A01
201100053338,0,33,000,00,2,2,03,A01
201100053338,0,07,000,00,2,6,01,E01
201100053338,0,07,000,00,2,7,01,C01
201100053338,0,07,000,00,2,7,01,D01
201100053338,0,07,000,00,2,7,12,B01
201100053339,0,07,000,04,0,3,01,A01
201100053340,0,07,000,16,0,0,00,A01
201100053341,0,07,000,01,0,2,02,A01
201100053341,0,07,000,00,2,6,01,B01
201100053341,0,07,000,00,0,6,24,C01
201100053342,0,07,000,03,0,9,01,A01
201100053343,0,07,000,00,2,2,14,B01
201100053343,0,07,000,00,2,4,01,C01
201100053343,0,32,000,00,2,1,21,A01
201100053344,0,32,000,00,2,1,21,B01
201100053344,0,07,000,00,2,5,23,C01
201100053344,0,32,000,00,2,1,21,A01
201100053345,0,32,000,00,2,8,01,B01
201100053345,0,07,000,00,2,7,01,A01
201100053346,0,07,000,04,0,9,01,A01
201100053347,0,34,000,00,0,7,01,A01
201100053348,0,07,000,00,2,1,02,A01
201100053348,0,07,000,00,2,4,01,B01
201100053349,0,07,000,00,2,4,01,A01
201100053349,0,17,000,00,2,5,12,B01
201100053350,0,07,000,00,2,4,01,B01
201100053350,0,15,000,00,2,1,02,C01
201100053350,0,15,000,00,2,4,02,A01
201100053351,0,33,000,00,0,7,00,A01
201100053352,0,07,000,14,0,1,01,A01
201100053353,0,31,000,00,2,7,01,A01
201100053353,0,07,000,00,2,6,11,B01
201100053354,0,07,000,04,0,2,02,A01
201100053355,0,07,000,00,2,4,00,A01
201100053355,0,07,000,01,0,1,00,B01
201100053356,0,07,000,12,0,2,00,A01
201100053357,0,33,000,00,2,3,09,B01
201100053357,0,07,000,00,2,5,02,A01
201100053358,0,10,000,00,2,4,02,B01
201100053358,0,07,000,00,2,1,02,A01
201100053359,0,07,000,00,2,5,02,B01
201100053359,0,10,000,00,2,5,02,C01
201100053359,0,07,000,00,2,8,11,A01
201100053360,0,07,000,00,2,4,02,A01
201100053360,0,07,000,00,2,1,02,C01
201100053360,0,07,000,00,2,4,02,B01
201100053361,0,07,000,00,2,1,02,A01
201100053361,0,07,000,00,0,4,01,B01
201100053362,0,15,000,00,0,7,01,B01
201100053362,0,15,000,00,2,5,01,C01
201100053362,0,10,000,00,2,3,09,A01
201100053363,0,07,000,04,0,3,01,A01
201100053364,0,07,000,00,2,4,01,A01
201100053364,0,07,000,01,0,1,02,B01
201100053365,0,07,000,16,0,3,01,A01
201100053366,0,07,000,01,0,9,01,B01
201100053366,0,07,000,00,2,4,01,A01
201100053366,0,07,000,00,2,1,01,C01
201100053367,0,33,000,04,0,3,01,A01
201100053368,0,07,000,00,2,1,02,A01
201100053368,0,07,000,00,2,4,01,B01
201100053369,0,07,000,04,0,3,02,A01
201100053370,0,07,000,00,2,7,12,A01
201100053370,0,34,000,00,2,8,03,B01
201100053371,0,10,000,00,2,8,01,D01
201100053371,0,07,000,00,2,8,01,C01
201100053371,0,07,000,00,2,8,01,E01
201100053371,0,07,000,00,2,4,01,B01
201100053371,0,07,000,00,2,1,01,A01
201100053372,0,07,000,00,2,1,02,B01
201100053372,0,07,000,00,2,4,02,A01
201100053373,0,07,000,00,2,1,02,A01
201100053373,0,07,000,00,2,4,02,B01
201100053374,0,07,000,00,2,1,02,A01
201100053374,0,07,000,00,2,4,01,B01
201100053375,0,07,000,04,0,1,00,A01
201100053376,0,07,000,04,0,1,00,A01
201100053377,0,10,000,00,2,4,01,B01
201100053377,0,32,000,00,2,1,02,A01
201100053378,0,10,000,00,2,2,00,B01
201100053378,1,15,000,00,0,0,00,Z01
201100053378,0,07,000,00,9,6,00,A01
201100053379,1,14,000,00,2,1,02,Z01
201100053379,0,13,000,04,2,4,01,A01
201100053380,0,15,000,04,0,1,21,A01
201100053381,0,07,000,00,2,2,14,A01
201100053381,0,07,000,00,2,8,01,B01
201100053382,0,07,000,00,2,6,01,A01
201100053382,0,07,000,00,2,1,00,B01
201100053383,0,07,000,00,2,1,02,A01
201100053383,0,10,000,00,2,9,02,B01
201100053383,0,07,000,00,0,4,02,C01
201100053384,0,07,000,00,2,3,09,A01
201100053384,0,15,000,00,2,2,01,B01
201100053385,0,07,000,00,2,7,01,A01
201100053385,0,33,000,00,2,8,03,B01
201100053386,0,07,000,00,2,6,11,A01
201100053386,0,32,000,00,2,7,03,B01
201100053387,0,07,000,00,2,6,01,A01
201100053387,0,15,000,00,2,2,12,B01
201100053388,0,07,000,00,2,5,01,A01
201100053388,0,31,000,00,2,1,02,B01
201100053389,0,07,000,00,2,4,01,B01
201100053389,0,07,000,00,2,1,02,A01
201100053390,0,07,000,16,,1,01,A01
201100053391,0,07,000,00,2,1,02,C01
201100053391,0,07,000,00,2,4,02,B01
201100053391,0,07,000,00,2,4,01,A01
201100053392,0,10,000,00,2,4,01,C01
201100053392,0,10,000,00,2,4,02,B01
201100053392,0,10,000,00,2,1,02,A01
201100053393,0,10,000,00,2,4,01,B01
201100053393,0,10,000,06,2,7,02,A01
201100053394,0,10,000,00,2,6,01,A01
201100053394,0,33,000,00,2,1,12,B01
201100053395,0,07,000,00,2,5,23,A01
201100053395,0,07,000,00,2,3,01,B01
201100053396,0,31,000,00,2,1,02,A01
201100053396,0,33,000,00,2,4,01,B01
201100053397,0,07,000,00,2,3,13,A01
201100053397,0,07,000,00,2,5,01,B01
201100053398,0,14,000,00,2,4,01,B01
201100053398,0,07,000,00,2,1,02,A01
201100053399,0,15,000,00,2,2,13,B01
201100053399,0,10,000,00,2,6,01,A01
201100053400,0,07,000,00,2,1,02,A01
201100053400,0,07,000,00,2,4,01,B01
201100053401,0,07,000,00,2,4,01,B01
201100053401,0,07,000,00,2,1,02,A01
201100053402,0,07,000,00,2,4,01,A01
201100053402,0,07,000,00,2,1,02,B01
201100053403,0,07,000,00,2,6,01,A01
201100053403,0,15,000,00,2,2,14,B01
201100053404,0,07,000,00,2,6,11,B01
201100053404,0,33,000,00,2,7,03,A01
201100053405,0,33,000,03,0,7,16,A01
201100053406,0,10,000,03,0,0,00,A01
201100053407,0,07,000,03,0,3,01,A01
201100053408,0,07,000,00,2,4,01,B01
201100053408,0,10,000,00,2,1,02,A01
201100053409,0,15,000,00,2,8,02,A01
201100053409,0,07,000,00,2,7,02,C01
201100053409,0,32,000,00,2,1,21,B01
201100053410,0,33,000,00,2,1,01,A01
201100053410,0,07,000,00,2,6,11,B01
201100053411,0,07,000,00,2,4,01,B01
201100053411,0,33,000,00,2,1,02,A01
201100053412,0,15,000,00,0,1,01,B01
201100053412,0,07,000,00,2,9,01,A01
201100053413,0,07,000,05,0,2,14,A01
201100053414,0,07,000,04,0,1,01,A01
201100053415,0,10,000,04,0,1,01,A01
201100053416,0,07,000,04,0,3,17,A01
201100053417,0,07,000,03,2,1,01,A01
201100053417,0,07,000,00,2,1,02,B01
201100053418,0,07,000,00,2,1,21,A01
201100053418,0,07,000,00,2,4,01,B01
201100053419,0,10,000,00,2,4,01,A01
201100053419,0,07,000,00,2,1,11,C01
201100053419,0,33,000,00,2,4,01,B01
201100053420,0,07,000,00,2,6,11,B01
201100053420,0,33,000,00,2,2,02,A01
201100053421,0,07,000,04,0,3,01,A01
201100053422,0,07,000,00,2,2,01,B01
201100053422,0,07,000,00,2,6,02,A01
201100053423,0,15,000,00,2,2,14,B01
201100053423,0,07,000,00,2,8,01,A01
201100053424,0,07,000,00,2,8,11,B01
201100053424,0,33,000,00,2,7,01,A01
201100053425,0,33,000,00,2,7,03,A01
201100053425,0,10,000,00,2,7,22,B01
201100053426,0,31,000,00,0,7,01,A01
201100053427,0,07,000,00,2,5,23,A01
201100053427,0,15,000,04,2,3,02,B01
201100053427,0,07,000,01,0,3,02,C01
201100053428,0,15,000,04,0,1,02,A01
201100053429,0,07,000,03,0,1,01,A01
201100053430,0,17,000,00,2,2,01,B01
201100053430,0,31,000,04,2,3,18,A01
201100053431,0,10,000,00,2,1,02,A01
201100053431,0,32,000,00,2,4,01,B01
201100053432,0,07,000,04,0,1,00,A01
201100053433,0,07,000,04,0,3,01,A01
201100053434,0,07,000,04,0,3,01,A01
201100053435,0,07,000,00,2,3,01,B01
201100053435,0,07,000,00,2,2,01,A01
201100053436,0,07,000,00,0,5,14,A01
201100053436,0,15,000,00,2,3,01,B01
201100053437,0,07,000,00,2,1,01,B01
201100053437,0,07,000,04,0,1,01,A01
201100053438,0,07,000,00,2,6,01,B01
201100053438,0,07,000,00,2,2,21,A01
201100053439,0,07,000,00,2,2,14,A01
201100053439,0,07,000,00,2,6,01,B01
201100053440,0,07,000,00,0,6,01,C01
201100053440,0,07,000,00,2,2,21,D01
201100053440,0,07,000,01,0,1,02,B01
201100053440,0,07,000,01,1,1,01,A01
201100053441,0,07,000,04,0,1,00,A01
201100053442,0,07,000,04,0,3,01,A01
201100053443,0,07,000,00,2,4,01,A01
201100053443,0,07,000,00,2,1,21,B01
201100053444,0,07,000,04,0,1,01,A01
201100053445,0,15,000,00,2,3,01,B01
201100053445,0,07,000,07,2,5,12,A01
201100053446,0,07,000,00,2,2,12,A01
201100053446,0,07,000,00,0,4,02,B01
201100053446,0,07,000,00,0,4,01,C01
201100053447,0,33,000,00,2,2,12,A01
201100053447,0,07,000,00,2,3,01,B01
201100053448,0,07,000,00,2,1,02,A01
201100053448,0,33,000,00,0,4,21,B01
201100053449,0,34,000,00,0,7,03,A01
201100053450,0,10,000,00,2,8,01,B01
201100053450,0,33,000,00,2,7,12,A01
201100053451,0,10,000,00,2,1,02,A01
201100053451,0,07,000,00,2,4,01,C01
201100053451,0,07,000,00,2,4,02,B01
201100053452,0,34,000,00,2,1,03,A01
201100053452,0,07,000,00,2,2,01,B01
201100053453,0,07,000,00,2,4,01,A01
201100053453,0,32,000,04,2,4,01,B01
201100053453,0,15,000,00,2,1,02,C01
201100053454,0,07,000,04,0,1,12,A01
201100053455,0,07,000,00,2,8,01,D01
201100053455,0,33,000,00,2,2,03,B01
201100053455,0,10,000,00,2,8,11,A01
201100053455,0,07,000,00,2,5,01,C01
201100053456,0,07,000,00,9,1,02,B01
201100053456,0,33,000,03,0,0,00,A01
201100053457,0,07,000,01,0,3,01,A01
201100053457,0,07,000,04,0,1,00,B01
201100053458,0,07,000,00,2,7,14,A01
201100053458,0,07,000,00,2,8,01,B01
201100053459,0,07,000,13,0,9,00,A01
201100053460,0,07,000,00,2,1,01,B01
201100053460,0,07,000,04,0,3,00,A01
201100053460,0,07,000,00,2,1,00,C01
201100053461,0,07,000,03,0,1,01,A01
201100053462,0,32,000,00,2,1,03,A01
201100053462,0,15,000,00,1,8,01,B01
201100053463,0,07,000,00,2,2,14,B01
201100053463,0,15,000,00,2,6,02,A01
201100053464,0,33,000,00,0,0,03,A01
201100053465,0,07,000,00,0,4,02,C01
201100053465,0,07,000,00,2,2,12,B01
201100053465,0,07,000,00,2,1,02,A01
201100053466,0,07,000,00,0,1,01,A01
201100053467,0,07,000,00,1,2,12,B01
201100053467,0,07,000,00,1,3,01,A01
201100053468,0,15,000,00,2,4,11,A01
201100053468,0,33,000,00,2,1,21,B01
201100053469,0,07,000,16,0,0,02,A01
201100053470,0,34,000,00,2,4,02,B01
201100053470,0,07,000,00,2,4,01,D01
201100053470,0,07,000,03,0,1,01,A01
201100053470,0,10,000,00,2,4,21,C01
201100053471,0,37,001,00,2,3,01,A01
201100053471,0,07,000,00,2,6,11,B01
201100053472,0,07,000,00,2,2,00,A01
201100053472,0,07,000,00,0,6,02,B01
201100053473,0,07,000,00,2,3,02,C01
201100053473,0,07,000,00,2,4,01,A01
201100053473,0,07,000,00,2,5,02,B01
201100053474,0,07,000,00,2,3,01,B01
201100053474,0,15,000,00,2,2,11,A01
201100053475,0,07,000,00,2,0,00,B01
201100053475,0,07,000,01,0,9,00,A01
201100053476,0,13,000,00,2,3,11,B01
201100053476,0,07,000,04,2,6,01,A01
201100053477,0,07,000,00,0,4,01,B01
201100053477,0,15,000,00,2,3,02,A01
201100053478,0,32,000,00,2,1,02,A01
201100053478,0,07,000,00,0,4,01,B01
201100053479,0,07,000,03,0,1,01,A01
201100053480,0,07,000,00,0,4,01,B01
201100053480,0,34,000,00,2,1,03,A01
201100053481,0,07,000,13,0,2,01,A01
201100053482,0,10,000,00,2,8,11,B01
201100053482,0,10,000,00,2,6,23,C01
201100053482,0,33,000,04,2,8,01,A01
201100053483,0,07,000,04,0,3,02,A01
201100053484,0,32,000,00,2,3,03,A01
201100053484,0,10,000,00,2,5,01,B01
201100053485,0,07,000,04,0,1,01,A01
201100053486,0,07,000,00,0,1,01,A01
201100053487,0,33,000,00,2,1,02,B01
201100053487,0,07,000,00,2,6,11,A01
201100053488,0,07,000,04,0,9,14,A01
201100053489,0,10,000,03,2,8,00,A01
201100053489,0,15,000,00,2,2,01,B01
201100053490,0,10,000,00,0,4,01,D01
201100053490,0,15,000,00,2,1,02,A01
201100053490,0,15,000,00,2,4,01,C01
201100053490,0,10,000,00,2,4,01,B01
201100053491,1,07,000,00,2,6,02,A01
201100053492,0,07,000,00,2,1,21,A01
201100053492,0,07,000,04,2,3,13,B01
201100053493,0,07,000,04,0,3,01,A01
201100053494,0,07,000,04,2,1,14,A01
201100053494,0,07,000,00,2,8,01,B01
201100053495,0,15,000,04,0,6,01,A01
201100053496,0,07,000,00,0,4,01,B01
201100053496,0,10,000,00,2,1,02,A01
201100053497,0,07,000,00,2,2,02,A01
201100053497,0,07,000,03,0,5,01,B01
201100053498,0,34,000,00,2,1,03,A01
201100053498,0,07,000,00,0,4,01,B01
201100053499,0,07,000,00,2,5,12,B01
201100053499,0,31,000,00,2,1,03,A01
201100053500,0,07,000,04,0,8,13,A01
201100053501,0,07,000,00,1,2,01,A01
201100053502,0,07,000,00,2,4,21,A01
201100053502,0,07,000,00,2,1,02,B01
201100053502,0,07,000,00,2,4,02,C01
201100053502,0,10,000,00,2,1,02,D01
201100053503,0,07,000,03,0,1,01,A01
201100053504,0,07,000,03,2,2,14,A01
201100053504,0,07,000,00,2,8,01,B01
201100053505,0,33,000,00,2,1,03,B01
201100053505,0,07,000,00,2,4,12,A01
201100053506,0,15,000,00,1,1,01,B01
201100053506,0,07,000,00,2,0,23,A01
201100053507,1,07,000,00,2,2,14,Z01
201100053507,0,33,000,00,2,3,01,A01
201100053508,0,10,000,04,0,1,12,A01
201100053509,0,33,000,00,2,3,15,A01
201100053509,0,10,000,00,2,5,01,B01
201100053510,0,07,000,03,0,7,01,A01
201100053511,0,07,000,00,2,6,01,A01
201100053511,0,33,000,00,2,8,03,B01
201100053511,0,07,000,00,2,2,12,C01
201100053512,0,31,000,00,2,6,01,A01
201100053512,0,07,000,00,2,2,01,B01
201100053513,0,32,000,00,0,0,01,A01
201100053514,0,32,000,00,2,1,00,A01
201100053514,0,07,000,00,0,6,11,B01
201100053515,0,07,000,00,2,6,11,B01
201100053515,0,33,000,00,2,1,03,A01
201100053516,0,07,000,00,0,4,02,A01
201100053516,0,33,000,14,0,1,02,C01
201100053516,0,33,000,14,0,1,02,D01
201100053516,0,33,000,00,2,1,02,B01
201100053517,0,07,000,00,2,1,02,A01
201100053517,0,07,000,00,0,4,01,B01
201100053518,0,07,000,00,2,4,02,B01
201100053518,0,07,000,00,2,4,02,C01
201100053518,0,07,000,00,2,4,02,A01
201100053518,0,07,000,00,2,1,02,D01
201100053519,0,33,000,00,2,1,03,A01
201100053519,0,07,000,00,2,7,12,B01
201100053520,0,07,000,00,2,4,01,A01
201100053520,0,07,000,00,2,1,01,B01
201100053521,0,07,000,00,2,3,11,A01
201100053521,0,33,000,00,2,1,01,B01
201100053522,0,07,000,00,2,4,01,A01
201100053522,0,07,000,00,2,1,02,B01
201100053523,0,07,000,00,0,2,01,A01
201100053523,0,07,000,00,0,8,01,B01
201100053524,0,07,000,03,0,1,01,A01
201100053525,0,10,000,04,0,0,01,A01
201100053526,0,07,000,00,2,4,02,A01
201100053526,0,07,000,00,2,1,01,B01
201100053527,0,32,000,05,0,7,12,A01
201100053528,0,07,000,00,2,3,13,A01
201100053528,0,32,000,00,2,2,03,B01
201100053528,0,07,000,00,2,5,02,C01
201100053529,0,33,000,00,0,7,01,A01
201100053530,0,07,000,00,2,3,00,A01
201100053530,0,15,000,00,2,2,00,B01
201100053531,0,15,000,00,2,2,12,A01
201100053531,0,07,000,00,2,8,11,B01
201100053532,0,07,000,00,2,1,00,A01
201100053532,0,15,000,00,2,2,00,B01
201100053533,0,07,000,00,2,4,12,A01
201100053533,0,33,000,00,2,1,03,B01
201100053534,0,07,000,16,0,9,01,A01
201100053535,0,07,000,00,2,4,02,A01
201100053535,0,33,000,00,2,1,03,B01
201100053536,0,33,000,04,0,1,01,A01
201100053537,0,07,000,00,2,3,11,A01
201100053537,0,07,000,04,2,5,01,B01
201100053538,0,33,000,00,2,7,01,A01
201100053538,0,07,000,00,2,8,01,B01
201100053539,0,33,000,00,2,5,01,A01
201100053539,0,10,000,00,2,3,11,B01
201100053540,0,32,000,00,2,8,03,A01
201100053540,0,10,000,00,2,7,12,B01
201100053541,0,32,000,16,0,7,03,A01
201100053542,0,07,000,00,2,1,01,B01
201100053542,0,07,000,00,2,4,02,A01
201100053543,0,13,000,00,2,4,01,A01
201100053543,0,34,000,00,2,1,01,B01
201100053544,0,07,000,00,2,8,01,A01
201100053544,0,31,000,00,2,2,17,B01
201100053545,0,07,000,03,2,8,13,A01
201100053545,0,07,000,00,2,3,01,B01
201100053546,0,07,000,04,0,3,01,A01
201100053547,0,07,000,00,2,9,02,D01
201100053547,0,07,000,00,2,1,02,C01
201100053547,0,07,000,00,2,4,02,E01
201100053547,0,07,000,00,2,7,02,A01
201100053547,0,07,000,00,2,4,02,B01
201100053548,0,07,000,04,2,6,14,A01
201100053548,0,15,000,00,2,1,12,B01
201100053549,0,07,000,04,0,1,01,A01
201100053550,0,07,000,00,2,4,02,A01
201100053550,0,07,000,00,2,2,01,B01
201100053551,0,07,000,00,2,4,01,A01
201100053551,0,07,000,00,2,1,02,B01
201100053552,0,07,000,16,0,3,01,A01
201100053553,0,13,000,00,2,1,02,A01
201100053553,0,07,000,00,2,6,01,B01
201100053554,0,33,000,00,2,6,02,A01
201100053554,0,07,000,00,2,7,01,B01
201100053555,0,07,000,00,2,3,12,B01
201100053555,0,33,000,00,2,5,01,A01
201100053556,0,07,000,04,0,1,01,A01
201100053557,0,07,000,03,0,1,01,A01
201100053558,0,07,000,04,0,9,01,A01
201100053559,0,15,000,00,2,2,12,B01
201100053559,0,07,000,00,2,8,01,A01
201100053560,0,34,000,00,2,8,03,A01
201100053560,0,07,000,00,2,2,01,B01
201100053561,0,07,000,00,2,8,01,A01
201100053561,0,31,000,00,2,1,03,C01
201100053561,0,07,000,00,2,5,02,B01
201100053562,0,07,000,04,2,6,01,A01
201100053562,0,15,000,00,2,7,01,B01
201100053563,0,07,000,04,0,3,01,A01
201100053564,0,07,000,00,2,1,01,A01
201100053564,0,07,000,00,2,2,02,B01
201100053565,0,07,000,03,0,6,01,A01
201100053566,0,33,000,00,2,4,02,A01
201100053566,0,07,000,00,2,1,01,B01
201100053567,0,07,000,04,2,5,01,A01
201100053567,1,99,000,00,2,2,02,Z01
201100053568,0,07,000,03,0,3,01,A01
201100053569,0,13,000,00,2,4,01,A01
201100053569,0,31,000,00,2,1,02,B01
201100053570,0,07,000,00,2,9,01,A01
201100053570,0,07,000,00,2,2,01,B01
201100053570,0,15,000,00,2,1,01,C01
201100053571,0,07,000,04,0,1,01,A01
201100053572,0,07,000,00,2,4,01,A01
201100053572,0,10,000,00,2,1,02,B01
201100053573,0,34,000,00,2,1,01,A01
201100053573,0,07,000,00,2,5,12,B01
201100053574,0,07,000,00,2,4,02,A01
201100053574,0,07,000,00,2,1,02,B01
201100053574,0,07,000,00,2,4,02,C01
201100053574,0,07,000,00,2,4,02,D01
201100053575,0,07,000,00,2,4,01,A01
201100053575,0,07,000,00,2,1,02,B01
201100053576,0,07,000,00,2,1,02,C01
201100053576,0,07,000,00,2,4,02,D01
201100053576,0,07,000,00,2,4,02,B01
201100053576,0,07,000,00,2,1,02,A01
201100053577,0,07,000,00,2,1,01,A01
201100053577,0,07,000,00,2,7,01,B01
201100053577,0,07,000,00,2,3,01,C01
201100053578,0,33,000,00,0,0,01,A01
201100053579,0,33,000,00,2,9,01,A01
201100053579,0,10,000,00,2,1,01,B01
201100053579,0,07,000,00,2,8,01,C01
201100053580,0,07,000,00,2,1,02,A01
201100053580,0,07,000,00,2,4,01,B01
201100053581,0,07,000,00,2,3,11,A01
201100053581,0,07,000,00,2,4,01,B01
201100053581,0,33,000,00,2,5,03,C01
201100053582,0,07,000,04,0,3,01,A01
201100053583,0,07,000,00,4,8,01,A01
201100053583,0,15,000,00,2,2,01,Z01
201100053584,0,30,000,00,2,1,03,B01
201100053584,0,07,000,00,2,8,01,A01
201100053585,0,07,000,00,2,4,01,A01
201100053585,0,07,000,00,2,1,02,B01
201100053586,0,14,000,00,2,2,02,A01
201100053586,0,07,000,00,2,6,01,B01