Num_Acc,senc,catv,occutc,obs,obsm,choc,manv,num_veh
201100053909,0,07,000,04,0,3,13,A01
201100053910,0,07,000,16,0,9,01,A01
201100053911,0,07,000,03,0,1,12,A01
201100053912,0,07,000,04,0,1,01,A01
201100053913,0,15,000,00,2,2,01,A01
201100053913,0,07,000,00,2,1,01,B01
201100053914,0,07,000,00,0,4,01,A01
201100053914,0,33,000,00,2,1,01,B01
201100053915,0,07,000,16,0,9,01,A01
201100053916,0,15,000,00,0,3,01,B01
201100053916,1,15,000,00,2,0,12,Z01
201100053916,0,07,000,00,2,6,01,C01
201100053916,0,14,000,00,0,7,01,A01
201100053917,0,07,000,03,0,1,01,A01
201100053918,0,15,000,00,2,2,12,A01
201100053918,0,10,000,00,2,6,01,B01
201100053919,0,10,000,03,0,9,21,A01
201100053920,0,14,000,03,0,2,01,A01
201100053921,0,07,000,00,2,6,11,A01
201100053921,0,32,000,00,2,1,17,B01
201100053922,0,07,000,03,0,3,12,A01
201100053923,0,33,000,00,2,1,02,B01
201100053923,0,07,000,00,2,4,09,A01
201100053924,0,07,000,00,2,5,01,A01
201100053924,1,15,000,00,2,1,02,Z01
201100053925,0,33,000,00,0,0,01,A01
201100053926,0,33,000,16,0,9,01,A01
201100053927,0,07,000,00,2,1,02,B01
201100053927,0,07,000,04,2,1,02,A01
201100053928,0,33,000,04,0,1,01,A01
201100053929,0,07,000,16,0,1,01,A01
201100053930,0,07,000,03,0,0,01,A01
201100053931,0,07,000,04,2,2,01,A01
201100053932,0,07,000,00,2,6,01,A01
201100053932,0,15,000,00,2,2,12,B01
201100053933,0,07,000,05,0,1,01,A01
201100053934,0,33,000,00,0,8,01,A01
201100053935,0,33,000,16,0,8,01,A01
201100053936,0,07,000,00,2,1,01,A01
201100053936,0,07,000,00,2,4,02,B01
201100053937,0,33,000,00,0,1,00,A01
201100053938,0,10,000,00,0,1,02,A01
201100053938,0,07,000,00,0,4,01,B01
201100053939,0,07,000,00,2,7,01,A01
201100053939,0,07,000,00,2,1,01,B01
201100053939,0,33,000,00,2,7,01,C01
201100053939,1,99,000,00,2,2,01,Z01
201100053940,0,07,000,04,0,1,01,A01
201100053941,0,07,000,00,2,1,02,A01
201100053941,0,07,000,00,2,4,01,B01
201100053942,0,07,000,04,0,9,01,A01
201100053943,0,07,000,04,0,1,01,A01
201100053944,0,07,000,00,2,1,02,A01
201100053944,0,07,000,00,0,4,02,B01
201100053945,0,07,000,04,0,1,01,A01
201100053946,0,15,000,00,1,2,13,A01
201100053946,0,15,000,00,0,8,24,B01
201100053947,0,07,000,16,0,9,01,A01
201100053948,0,07,000,04,0,1,01,A01
201100053949,0,07,000,00,2,4,02,A01
201100053949,0,07,000,00,2,6,01,B01
201100053949,0,07,000,00,2,1,01,C01
201100053949,0,07,000,00,2,8,01,D01
201100053949,0,07,000,00,2,1,12,E01
201100053950,0,07,000,04,0,1,01,A01
201100053951,0,07,000,00,2,1,14,A01
201100053951,0,07,000,00,2,6,01,B01
201100053952,0,07,000,00,2,1,02,A01
201100053952,0,07,000,00,0,4,01,B01
201100053953,0,07,000,00,0,5,01,B01
201100053953,2,07,000,00,2,3,02,Z01
201100053954,0,07,000,00,2,5,01,B01
201100053954,0,07,000,00,2,3,01,A01
201100053955,0,07,000,04,0,8,01,A01
201100053956,0,07,000,03,0,1,11,A01
201100053957,0,07,000,00,2,7,01,A01
201100053957,0,32,000,00,2,4,01,B01
201100053958,0,33,000,00,2,1,01,B01
201100053958,0,07,000,00,2,2,01,A01
201100053959,0,07,000,00,2,1,01,B01
201100053959,0,07,000,00,2,8,13,C01
201100053959,0,07,000,00,2,7,01,A01
201100053960,0,07,000,00,2,4,01,A01
201100053960,0,07,000,00,2,4,01,B01
201100053960,0,10,000,00,2,1,02,C01
201100053961,0,07,000,04,0,3,01,A01
201100053962,0,33,000,04,0,1,15,A01
201100053963,0,07,000,00,2,4,02,A01
201100053963,0,07,000,00,2,4,02,B01
201100053963,0,07,000,00,2,4,02,C01
201100053963,0,07,000,00,2,1,02,D01
201100053964,0,31,000,00,9,1,02,A01
201100053964,0,07,000,00,2,4,02,B01
201100053964,1,99,000,00,2,2,01,Z01
201100053965,0,07,000,00,2,7,12,A01
201100053965,0,33,000,00,2,8,01,B01
201100053966,0,33,000,00,2,3,18,A01
201100053966,0,07,000,00,2,2,21,B01
201100053966,0,07,000,00,2,3,01,C01
201100053967,0,07,000,00,2,1,02,A01
201100053967,0,33,000,00,2,1,01,B01
201100053967,0,07,000,00,2,5,01,C01
201100053968,0,07,000,00,2,5,01,A01
201100053968,0,07,000,00,2,1,02,B01
201100053968,0,33,000,00,2,7,01,C01
201100053969,0,32,000,00,2,6,03,B01
201100053969,0,07,000,00,2,5,01,A01
201100053970,0,07,000,00,2,1,09,A01
201100053970,0,07,000,00,2,5,02,B01
201100053970,0,07,000,00,2,4,01,C01
201100053971,0,07,000,00,2,4,02,B01
201100053971,0,07,000,00,2,5,02,C01
201100053971,0,07,000,00,2,1,02,A01
201100053972,0,33,000,00,2,1,01,B01
201100053972,0,07,000,00,2,4,01,A01
201100053973,0,07,000,00,2,1,02,A01
201100053973,0,07,000,00,2,4,02,B01
201100053974,0,07,000,06,2,6,01,A01
201100053974,1,07,000,00,2,1,01,Z01
201100053975,0,33,000,00,2,1,02,A01
201100053975,0,07,000,00,2,6,02,B01
201100053975,0,07,000,00,2,6,01,C01
201100053976,0,07,000,04,0,2,00,A01
201100053977,0,07,000,14,0,1,00,A01
201100053978,0,07,000,03,0,1,00,A01
201100053979,0,33,000,00,2,1,01,A01
201100053979,0,07,000,00,2,6,02,B01
201100053980,0,33,000,03,0,0,01,A01
201100053981,0,33,000,04,0,7,01,A01
201100053982,0,07,000,00,2,5,01,A01
201100053982,0,07,000,00,2,3,15,B01
201100053982,0,32,000,00,2,8,01,C01
201100053983,0,07,000,04,0,1,01,A01
201100053984,0,15,000,00,2,2,12,A01
201100053984,0,07,000,00,2,8,01,B01
201100053985,0,07,000,00,2,1,01,A01
201100053985,0,99,000,00,2,3,01,B01
201100053986,0,07,000,00,0,9,01,A01
201100053987,0,31,000,00,2,2,03,B01
201100053987,0,07,000,00,2,6,11,A01
201100053988,0,07,000,00,2,8,11,A01
201100053988,0,07,000,00,2,4,11,B01
201100053988,0,33,000,00,2,2,03,C01
201100053989,0,34,000,00,0,7,01,A01
201100053990,0,33,000,16,0,8,00,A01
201100053991,0,07,000,04,0,1,06,A01
201100053992,0,07,000,00,2,1,01,A01
201100053992,0,10,000,00,2,3,01,B01
201100053993,0,07,000,00,2,2,02,A01
201100053993,0,07,000,00,2,3,12,B01
201100053993,0,07,000,00,2,5,01,C01
201100053993,0,10,000,00,2,3,02,D01
201100053994,0,07,000,04,0,1,01,A01
201100053995,0,10,000,00,2,2,12,A01
201100053995,0,33,000,00,2,8,18,B01
201100053996,0,07,000,14,0,7,00,A01
201100053997,0,07,000,04,0,3,13,A01
201100053998,0,33,000,00,2,1,17,A01
201100053998,0,07,000,00,2,8,11,B01
201100053999,0,33,000,04,2,7,01,A01
201100053999,0,07,000,00,2,8,09,B01
201100054000,0,33,000,00,2,1,02,A01
201100054000,0,07,000,00,2,4,01,B01
201100054001,0,07,000,00,2,4,12,A01
201100054002,0,07,000,00,2,7,01,A01
201100054002,0,32,000,00,2,8,13,B01
201100054003,0,07,000,00,0,1,01,A01
201100054004,0,07,000,04,0,1,01,A01
201100054005,0,07,000,03,0,9,01,A01
201100054006,0,07,000,00,2,4,01,A01
201100054006,0,15,000,00,2,3,01,B01
201100054007,0,07,000,04,2,2,01,A01
201100054008,0,07,000,04,2,5,01,B01
201100054008,0,07,000,00,2,1,11,A01
201100054009,0,33,000,00,2,3,01,A01
201100054009,0,07,000,00,2,2,12,B01
201100054009,1,07,000,00,2,4,01,C01
201100054010,0,10,000,00,2,5,01,A01
201100054010,0,32,000,00,2,1,02,B01
201100054010,1,10,000,00,2,0,00,Z01
201100054011,0,10,000,00,2,4,01,A01
201100054011,0,31,000,00,2,1,02,B01
201100054012,0,07,000,00,2,7,01,C01
201100054012,0,07,000,00,2,5,14,A01
201100054012,0,07,000,00,2,3,01,B01
201100054013,0,07,000,00,2,2,01,A01
201100054013,0,30,000,00,2,3,03,B01
201100054013,0,13,000,00,2,3,02,C01
201100054014,0,33,000,00,2,3,13,A01
201100054014,0,34,000,00,2,1,01,B01
201100054015,0,10,000,04,0,3,01,A01
201100054016,0,07,000,00,2,3,09,B01
201100054016,0,07,000,00,2,7,02,A01
201100054017,0,07,000,03,2,6,23,A01
201100054017,0,15,000,00,2,2,02,B01
201100054018,0,07,000,03,2,5,02,B01
201100054018,0,07,000,00,2,3,01,A01
201100054019,0,32,000,00,2,1,02,A01
201100054019,0,07,000,00,2,4,01,B01
201100054020,0,07,000,04,0,3,01,A01
201100054021,0,33,000,00,2,7,17,A01
201100054021,0,07,000,00,2,6,01,B01
201100054022,0,07,000,04,0,1,14,A01
201100054023,0,31,000,00,2,7,03,A01
201100054023,0,07,000,00,2,8,01,B01
201100054024,0,07,000,00,2,4,01,A01
201100054024,0,07,000,00,2,3,02,B01
201100054025,0,07,000,00,2,2,12,A01
201100054025,0,33,000,00,2,8,01,B01
201100054026,0,07,000,00,2,4,02,C01
201100054026,0,07,000,00,2,1,01,B01
201100054026,0,07,000,00,2,4,02,D01
201100054026,0,07,000,00,2,1,02,E01
201100054026,0,07,000,00,2,4,02,A01
201100054027,0,13,000,00,2,4,01,A01
201100054027,0,15,000,00,2,1,02,B01
201100054028,0,17,000,00,2,1,02,A01
201100054028,0,07,000,00,2,4,01,B01
201100054029,0,07,000,00,2,2,12,A01
201100054029,0,07,000,00,2,4,01,B01
201100054030,0,07,000,00,2,2,02,A01
201100054030,0,07,000,00,2,6,01,B01
201100054031,0,33,000,03,0,3,01,A01
201100054032,0,33,000,16,0,9,01,A01
201100054033,2,07,000,00,2,2,14,A01
201100054033,0,07,000,00,2,6,23,B01
201100054034,0,07,000,00,2,6,11,A01
201100054034,0,34,000,00,2,2,02,B01
201100054035,0,07,000,00,2,4,02,B01
201100054035,0,07,000,00,2,1,01,A01
201100054035,0,07,000,00,2,4,02,C01
201100054036,0,07,000,00,2,4,02,B01
201100054036,0,07,000,00,2,1,01,A01
201100054036,0,07,000,00,2,4,02,C01
201100054037,0,33,000,16,0,9,01,A01
201100054038,0,07,000,00,2,1,02,A01
201100054038,0,15,000,00,0,5,01,B01
201100054039,0,07,000,00,2,2,12,A01
201100054039,0,31,000,00,2,3,03,B01
201100054040,0,33,000,00,2,2,01,A01
201100054040,0,07,000,00,2,6,01,B01
201100054041,0,07,000,00,2,4,23,A01
201100054041,0,07,000,00,2,1,01,B01
201100054042,0,10,000,00,2,3,11,A01
201100054042,0,07,000,00,2,5,01,B01
201100054043,0,31,000,05,0,3,01,A01
201100054044,0,07,000,04,0,2,21,A01
201100054045,0,07,000,04,0,1,01,A01
201100054046,0,07,000,04,0,1,01,A01
201100054047,0,07,000,00,2,4,01,A01
201100054047,0,07,000,00,2,9,01,B01
201100054048,0,07,000,04,0,1,21,A01
201100054049,0,13,000,04,0,1,00,A01
201100054050,0,10,000,00,2,8,00,A01
201100054050,1,14,000,00,2,0,00,Z01
201100054051,0,07,000,00,2,1,00,A01
201100054051,0,07,000,01,0,3,02,B01
201100054051,0,07,000,04,0,1,02,C01
201100054052,0,07,000,14,2,3,21,A01
201100054052,0,33,000,00,0,4,21,B01
201100054052,0,15,000,00,0,6,23,C01
201100054052,0,07,000,00,0,5,21,D01
201100054053,0,07,000,03,0,1,01,A01
201100054054,0,33,000,00,0,9,01,A01
201100054055,0,33,000,00,0,8,13,A01
201100054056,0,10,000,00,2,4,01,C01
201100054056,0,07,000,00,4,7,12,B01
201100054056,0,33,000,00,2,1,03,A01
201100054057,0,07,000,00,2,4,01,A01
201100054057,0,07,000,00,2,1,02,B01
201100054058,0,07,000,04,0,3,21,A01
201100054059,0,10,000,00,2,4,02,A01
201100054059,0,07,000,00,2,2,01,B01
201100054060,0,33,000,00,0,7,01,A01
201100054061,0,33,000,00,0,8,01,A01
201100054062,0,07,000,04,0,3,01,A01
201100054063,0,07,000,03,0,3,01,B01
201100054063,0,07,000,03,2,3,13,A01
201100054064,0,07,000,00,2,7,01,A01
201100054064,0,32,000,00,2,1,01,B01
201100054065,0,33,000,16,0,9,01,A01
201100054066,0,33,000,00,2,1,01,B01
201100054066,0,14,000,00,2,4,01,A01
201100054067,0,07,000,04,2,3,18,A01
201100054067,0,07,000,00,2,2,01,B01
201100054068,0,07,000,04,0,9,01,A01
201100054069,0,07,000,00,2,1,02,A01
201100054069,2,07,000,00,2,4,01,B01
201100054070,0,07,000,00,2,3,01,A01
201100054070,0,14,000,00,2,6,02,B01
201100054071,0,33,000,16,0,9,01,A01
201100054072,0,33,000,00,0,8,02,A01
201100054073,0,33,000,00,2,1,03,A01
201100054073,0,07,000,00,2,4,11,B01
201100054074,0,07,000,04,0,6,13,A01
201100054075,0,07,000,04,0,9,01,A01
201100054076,0,07,000,03,0,1,01,A01
201100054077,0,14,000,00,2,2,01,B01
201100054077,0,07,000,00,2,4,02,A01
201100054078,0,07,000,04,2,1,02,A01
201100054078,0,07,000,00,2,4,02,B01
201100054078,0,07,000,00,2,6,02,C01
201100054079,0,07,000,00,2,4,01,A01
201100054079,0,15,000,00,2,1,11,B01
201100054080,0,07,000,04,0,3,01,A01
201100054081,0,33,000,00,0,8,01,A01
201100054082,0,07,000,00,2,2,01,A01
201100054082,0,15,000,00,2,6,01,B01
201100054083,0,07,000,00,2,3,12,A01
201100054083,0,07,000,00,2,5,01,B01
201100054084,0,07,000,03,2,1,02,A01
201100054084,0,07,000,00,2,1,02,B01
201100054085,0,07,000,00,2,9,01,A01
201100054085,0,07,000,00,2,1,01,B01
201100054086,0,07,000,04,0,3,01,A01
201100054087,0,07,000,04,0,2,01,A01
201100054088,0,34,000,00,2,1,03,A01
201100054088,0,07,000,00,2,7,00,B01
201100054088,0,07,000,00,2,8,01,C01
201100054089,0,07,000,03,0,1,01,A01
201100054090,0,33,000,00,2,7,03,B01
201100054090,0,10,000,00,2,6,01,A01
201100054091,0,07,000,04,2,4,01,A01
201100054091,0,07,000,14,2,1,02,B01
201100054092,0,07,000,00,2,3,02,A01
201100054092,2,07,000,00,2,5,14,B01
201100054093,0,07,000,00,2,8,01,A01
201100054093,0,07,000,00,2,0,01,B01
201100054093,0,07,000,00,2,6,01,C01
201100054093,0,07,000,00,2,8,01,D01
201100054093,0,07,000,00,2,2,00,Z01
201100054094,0,07,000,04,0,2,01,A01
201100054095,0,07,000,04,0,3,01,A01
201100054096,0,07,000,16,0,9,01,A01
201100054097,0,07,000,00,2,6,01,A01
201100054097,0,33,000,00,2,1,02,B01
201100054098,0,07,000,00,2,2,01,B01
201100054098,0,31,000,00,2,8,01,A01
201100054099,0,07,000,00,2,4,02,B01
201100054099,0,07,000,00,2,1,01,A01
201100054100,0,07,000,14,0,1,01,A01
201100054101,0,07,000,00,0,4,02,B01
201100054102,0,07,000,00,2,4,13,A01
201100054102,0,33,000,00,2,7,02,B01
201100054103,0,33,000,00,2,1,03,A01
201100054103,0,14,000,00,2,4,01,B01
201100054104,0,34,000,00,2,8,01,B01
201100054104,0,07,000,00,2,8,11,A01
201100054105,0,07,000,00,2,4,00,A01
201100054105,0,33,000,00,2,1,00,B01
201100054106,0,07,000,00,2,4,01,B01
201100054106,0,10,000,00,2,3,00,A01
201100054107,0,07,000,00,2,1,02,B01
201100054107,0,07,000,06,0,4,02,A01
201100054108,0,33,000,16,0,1,01,A01
201100054109,0,07,000,15,0,1,01,A01
201100054110,0,07,000,00,2,3,02,B01
201100054110,0,07,000,00,2,5,02,A01
201100054111,0,07,000,00,0,0,00,A01
201100054112,0,07,000,00,2,3,02,A01
201100054112,0,07,000,00,2,3,02,B01
201100054113,0,07,000,04,0,3,01,A01
201100054114,0,07,000,00,2,9,00,A01
201100054114,0,07,000,00,2,6,01,B01
201100054115,0,07,000,00,2,4,02,A01
201100054115,0,07,000,00,2,7,02,B01
201100054115,0,07,000,00,2,1,01,C01
201100054116,0,07,000,04,0,1,01,A01
201100054117,0,07,000,00,2,0,00,B01
201100054117,0,07,000,00,2,5,00,A01
201100054117,0,07,000,00,2,0,00,C01
201100054118,0,07,000,00,0,1,02,A01
201100054119,0,07,000,04,0,1,01,A01
201100054120,0,07,000,04,0,2,01,A01
201100054121,0,07,000,03,0,1,01,A01
201100054122,0,07,000,03,0,1,02,A01
201100054123,0,07,000,04,0,8,01,A01
201100054124,0,10,000,03,2,4,02,B01
201100054124,0,10,000,04,2,1,01,A01
201100054125,0,10,000,00,2,8,01,A01
201100054125,0,10,000,00,2,7,13,B01
201100054126,0,07,000,04,0,1,13,A01
201100054127,0,07,000,04,0,1,00,A01
201100054128,0,07,000,04,0,6,02,A01
201100054128,0,07,000,00,2,2,01,B01
201100054129,0,33,000,00,0,1,00,A01
201100054130,0,33,000,00,2,1,03,A01
201100054130,0,07,000,00,2,6,00,B01
201100054131,0,07,000,00,2,9,00,A01
201100054131,0,14,000,00,2,1,00,B01
201100054132,0,34,000,00,0,8,16,A01
201100054133,0,34,000,00,2,1,00,A01
201100054133,0,07,000,00,0,7,00,B01
201100054134,0,15,000,00,2,2,01,A01
201100054134,0,07,000,00,2,8,01,B01
201100054135,0,07,000,00,2,1,02,C01
201100054135,0,07,000,00,0,4,01,A01
201100054135,0,07,000,00,2,4,01,B01
201100054136,0,07,000,04,2,2,14,A01
201100054136,0,07,000,00,0,3,01,B01
201100054137,0,07,000,03,0,3,00,A01
201100054138,0,07,000,03,0,1,01,A01
201100054139,0,07,000,04,0,3,13,A01
201100054140,0,10,000,04,2,8,09,A01
201100054140,0,07,000,00,2,2,19,B01
201100054141,0,15,000,00,2,2,01,B01
201100054141,0,07,000,00,0,3,01,A01
201100054142,0,07,000,00,0,4,02,B01
201100054142,0,07,000,00,0,4,02,C01
201100054142,0,07,000,00,2,1,02,A01
201100054143,0,07,000,16,0,9,01,A01
201100054144,0,07,000,04,0,2,21,A01
201100054145,0,07,000,00,2,3,11,A01
201100054145,0,33,000,00,2,1,03,B01
201100054146,0,33,000,00,2,1,02,C01
201100054146,0,33,000,00,2,1,02,A01
201100054146,0,07,000,00,2,4,02,B01
201100054147,0,07,000,00,0,9,00,A01
201100054148,0,07,000,00,2,4,02,A01
201100054148,0,07,000,00,2,1,02,B01
201100054149,0,33,000,00,2,2,01,B01
201100054149,0,07,000,00,2,6,11,A01
201100054150,0,15,000,00,2,2,12,B01
201100054150,0,07,000,00,2,8,02,A01
201100054151,0,07,000,04,0,6,01,A01
201100054152,0,31,000,00,2,0,00,A01
201100054152,0,07,000,00,2,0,00,B01
201100054153,0,33,000,00,0,4,02,A01
201100054153,0,07,000,00,2,0,02,B01
201100054154,0,33,000,00,2,3,02,B01
201100054154,0,07,000,00,2,6,11,A01
201100054155,0,13,000,00,2,1,12,A01
201100054155,0,07,000,00,2,6,02,B01
201100054156,0,07,000,16,0,9,01,A01
201100054157,0,07,000,00,2,4,02,A01
201100054157,0,07,000,00,2,1,02,B01
201100054158,0,07,000,00,2,4,02,C01
201100054158,0,07,000,00,2,4,02,B01
201100054158,0,07,000,00,2,1,02,A01
201100054159,0,07,000,04,0,1,00,A01
201100054160,0,07,000,00,2,4,02,C01
201100054160,0,07,000,00,2,1,02,A01
201100054160,0,07,000,00,2,4,02,B01
201100054161,0,07,000,04,0,3,02,A01
201100054162,0,07,000,03,0,2,01,A01
201100054163,0,07,000,04,0,2,01,A01
201100054164,0,07,000,00,2,1,02,B01
201100054164,0,13,000,00,2,1,02,D01
201100054164,0,07,000,04,2,8,02,C01
201100054164,0,07,000,00,2,1,01,A01
201100054165,0,33,000,00,2,3,03,C01
201100054165,0,07,000,00,0,0,01,A01
201100054165,0,07,000,00,2,2,01,B01
201100054166,0,07,000,00,2,1,03,A01
201100054166,0,07,000,00,2,6,02,C01
201100054166,0,10,000,00,2,3,02,B01
201100054166,0,07,000,00,2,4,02,D01
201100054167,0,07,000,00,0,3,01,A01
201100054168,0,15,000,00,2,2,12,B01
201100054168,0,07,000,00,0,6,01,A01
201100054169,0,07,000,00,2,4,02,A01
201100054169,0,07,000,00,2,3,02,B01
201100054170,0,31,000,00,2,1,12,A01
201100054170,0,07,000,00,2,6,00,B01
201100054171,0,07,000,04,0,1,01,A01
201100054172,0,33,000,00,2,1,00,B01
201100054172,0,33,000,00,2,4,02,A01
201100054173,0,07,000,00,2,1,12,A01
201100054173,0,07,000,00,1,3,01,B01
201100054174,0,07,000,00,5,2,21,A01
201100054175,0,07,000,04,0,3,01,A01
201100054176,0,07,000,04,0,1,01,A01
201100054177,0,07,000,00,2,9,01,A01
201100054177,0,15,000,00,2,2,01,B01
201100054178,0,33,000,00,2,1,01,A01
201100054179,0,07,000,00,2,6,01,A01
201100054179,0,15,000,00,2,2,12,B01
201100054180,0,33,000,00,2,1,02,A01
201100054180,0,07,000,00,2,4,02,B01
201100054181,0,07,000,04,0,1,13,A01
201100054182,0,07,000,04,0,1,01,A01
201100054183,0,33,000,00,2,8,02,A01
201100054183,0,07,000,00,2,7,02,B01
201100054184,0,07,000,00,2,4,00,A01
201100054184,0,07,000,00,2,1,00,C01
201100054184,0,07,000,00,2,4,00,B01
201100054185,0,07,000,00,0,3,01,A01
201100054185,1,15,000,00,0,0,12,Z01
201100054186,0,07,000,00,2,1,02,B01
201100054186,0,07,000,00,2,4,01,A01
201100054187,0,07,000,00,2,5,02,B01
201100054187,0,10,000,00,2,3,02,A01
201100054188,0,07,000,00,2,5,02,B01
201100054188,0,07,000,03,2,3,02,A01
201100054189,0,07,000,00,2,9,00,A01
201100054189,0,07,000,00,2,7,00,B01
201100054189,0,07,000,00,2,9,00,C01
201100054190,0,07,000,00,2,1,00,B01
201100054190,0,07,000,00,2,4,00,A01
201100054191,0,07,000,00,2,3,11,A01
201100054191,0,33,000,00,2,1,01,B01
201100054192,0,07,000,00,2,1,00,A01
201100054193,0,07,000,00,2,8,00,B01
201100054193,0,07,000,00,2,1,00,A01
201100054193,0,07,000,00,2,3,01,C01
201100054194,0,07,000,00,2,8,01,A01
201100054194,0,07,000,00,2,1,02,B01
201100054195,0,07,000,00,2,3,01,A01
201100054195,0,07,000,00,2,5,23,B01
201100054196,0,07,000,16,0,1,00,A01
201100054197,0,07,000,04,0,3,01,A01
201100054198,0,07,000,03,0,1,01,A01
201100054199,0,07,000,16,0,9,01,A01
201100054200,0,07,000,00,0,1,01,A01
201100054201,0,07,000,04,0,9,00,A01
201100054201,0,07,000,00,2,1,00,B01
201100054202,0,07,000,00,6,3,21,A01
201100054203,0,07,000,04,0,3,13,A01
201100054204,0,07,000,04,0,3,01,A01
201100054204,0,07,000,00,2,1,01,B01
201100054205,0,07,000,04,0,2,12,A01
201100054206,0,07,000,00,0,1,00,B01
201100054206,0,07,000,14,0,3,00,C01
201100054206,0,07,000,04,0,4,00,A01
201100054207,0,07,000,04,0,3,21,A01
201100054207,1,07,000,00,0,0,02,Z01
201100054208,0,34,000,04,0,1,01,A01
201100054209,0,32,000,00,2,8,03,A01
201100054209,1,07,000,00,2,7,01,B01
201100054210,0,07,000,04,0,1,01,A01
201100054211,0,10,000,00,2,4,01,E01
201100054211,0,07,000,00,2,4,02,A01
201100054211,0,07,000,00,2,4,02,D01
201100054211,0,07,000,00,2,4,02,B01
201100054211,0,10,000,00,2,1,02,C01
201100054212,0,07,000,00,2,8,01,B01
201100054212,0,07,000,06,2,8,13,A01
201100054213,0,07,000,00,2,4,01,C01
201100054213,0,07,000,00,2,4,02,B01
201100054213,0,07,000,00,2,1,12,A01
201100054214,0,07,000,04,0,3,01,A01
201100054215,0,07,000,00,2,4,01,C01
201100054215,0,07,000,00,2,4,02,B01
201100054215,0,07,000,00,2,1,02,A01
201100054216,0,07,000,03,0,1,21,A01
201100054217,0,07,000,00,9,1,02,B01
201100054217,0,07,000,00,0,0,01,A01
201100054218,0,10,000,04,0,3,21,A01
201100054219,0,15,000,03,0,3,13,A01
201100054220,0,07,000,00,2,3,11,A01
201100054220,0,33,000,00,2,2,01,B01
201100054221,0,20,000,00,2,5,01,B01
201100054221,0,33,000,01,0,1,02,A01
201100054222,0,07,000,00,2,5,12,B01
201100054222,0,34,000,00,2,1,01,A01
201100054223,0,07,000,00,2,5,01,C01
201100054223,0,33,000,00,2,2,03,A01
201100054223,0,07,000,00,0,3,01,B01
201100054224,0,07,000,01,0,2,01,A01
201100054224,0,07,000,00,0,6,23,B01
201100054225,0,07,000,00,2,8,00,A01
201100054225,0,32,000,00,2,8,00,B01
201100054226,0,33,000,00,2,3,01,A01
201100054226,0,07,000,00,2,5,12,B01
201100054227,0,07,000,00,2,3,11,A01
201100054227,0,33,000,00,2,7,01,B01
201100054228,0,07,000,04,0,4,01,A01
201100054228,1,07,000,00,2,1,02,Z01
201100054229,0,07,000,00,2,1,02,A01
201100054229,0,07,000,00,2,4,02,B01
201100054229,0,07,000,00,2,4,02,C01
201100054230,0,07,000,00,2,5,14,A01
201100054230,0,15,000,00,0,8,01,B01
201100054231,0,31,000,00,2,3,03,A01
201100054231,0,07,000,00,2,7,14,B01
201100054232,0,33,000,00,2,1,02,A01
201100054232,0,33,000,00,2,4,01,B01
201100054233,0,33,000,00,0,1,01,A01
201100054234,0,07,000,00,0,4,02,C01
201100054234,0,10,000,00,2,1,02,A01
201100054234,0,10,000,00,2,4,02,B01
201100054235,0,07,000,04,0,1,11,A01
201100054236,0,07,000,00,2,4,02,B01
201100054236,0,07,000,00,2,1,02,A01
201100054237,0,07,000,04,2,2,02,A01
201100054237,0,15,000,00,0,6,02,B01
201100054238,0,10,000,04,0,3,13,A01
201100054239,0,07,000,00,2,1,01,E01
201100054239,0,07,000,04,2,1,02,B01
201100054239,0,07,000,00,2,1,01,F01
201100054239,0,07,000,03,2,1,01,D01
201100054239,0,07,000,03,2,1,01,A02
201100054239,0,07,000,03,0,2,01,G02
201100054239,0,07,000,04,2,2,01,C01
201100054240,0,10,000,00,2,4,01,A01
201100054240,0,07,000,00,2,1,02,B01
201100054241,0,17,000,00,2,2,01,C01
201100054241,0,33,000,00,2,1,02,A01
201100054241,0,07,000,00,0,4,01,B01
201100054242,0,07,000,00,2,4,02,B01
201100054242,0,07,000,00,2,1,02,A01
201100054243,0,07,000,04,0,1,01,A01
201100054244,0,07,000,00,2,4,02,B01
201100054244,0,07,000,00,2,1,02,A01
201100054245,0,07,000,02,0,1,02,A01
201100054246,0,07,000,00,2,2,13,A01
201100054246,0,07,000,04,2,8,02,B01
201100054247,0,07,000,06,0,1,01,A01
201100054248,0,07,000,00,0,1,01,D01
201100054248,0,07,000,00,2,4,23,E01
201100054248,0,07,000,00,2,1,01,B01
201100054248,0,07,000,00,2,1,01,C01
201100054248,0,07,000,00,2,1,01,A01
201100054249,0,07,000,00,2,1,02,C01
201100054249,0,07,000,00,2,1,01,B01
201100054250,0,07,000,00,0,0,01,B01
201100054250,0,34,000,00,0,2,03,A01
201100054251,0,07,000,03,0,9,01,A01
201100054252,0,34,000,04,0,3,01,A01
201100054253,0,33,000,00,0,8,01,A01
201100054254,0,33,000,00,2,3,03,A01
201100054254,0,07,000,00,2,7,12,B01
201100054255,0,07,000,00,2,2,01,A01
201100054255,0,07,000,00,2,6,01,B01
201100054256,0,31,000,00,2,1,02,A01
201100054256,0,10,000,00,0,5,23,B01
201100054257,0,07,000,00,2,5,01,D01
201100054257,0,33,000,00,2,1,03,A01
201100054257,0,07,000,00,2,5,12,B01
201100054257,0,33,000,00,2,1,03,C01
201100054258,0,07,000,00,2,1,02,A01
201100054258,0,07,000,00,2,4,01,B01