Num_Acc,senc,catv,occutc,obs,obsm,choc,manv,num_veh
201100054259,0,07,000,04,2,7,01,A01
201100054259,0,07,000,00,2,1,02,B01
201100054260,0,07,000,04,0,3,01,A01
201100054261,0,07,000,04,0,1,01,A01
201100054262,0,07,000,04,2,8,01,B01
201100054262,0,07,000,00,2,2,17,A01
201100054263,0,07,000,00,2,1,02,C01
201100054263,0,07,000,00,2,4,02,A01
201100054263,0,07,000,00,2,4,02,B01
201100054264,0,07,000,04,0,4,01,A01
201100054265,0,07,000,04,0,3,12,A01
201100054266,0,07,000,00,0,6,01,A01
201100054266,0,07,000,00,9,1,01,B01
201100054267,0,32,000,00,2,1,02,A01
201100054267,0,07,000,00,2,4,02,B01
201100054268,0,07,000,03,0,2,02,A01
201100054269,0,33,000,00,2,3,03,A01
201100054269,0,07,000,00,0,6,02,C01
201100054269,0,07,000,00,0,2,01,B01
201100054270,0,07,000,00,0,4,02,B01
201100054270,0,07,000,00,0,4,02,C01
201100054270,0,07,000,04,2,1,02,A01
201100054271,0,33,000,00,0,0,00,A01
201100054272,0,07,000,00,2,5,01,C01
201100054272,0,32,000,00,2,6,01,A01
201100054272,0,07,000,00,2,2,12,B01
201100054273,0,33,000,00,0,7,03,A01
201100054274,0,07,000,00,2,3,11,A01
201100054274,0,07,000,00,2,0,01,B01
201100054274,0,33,000,00,2,2,01,C01
201100054275,0,07,000,08,0,9,01,A01
201100054276,0,10,000,00,2,1,02,A01
201100054276,0,07,000,00,0,4,02,B01
201100054277,0,07,000,00,2,7,12,A01
201100054277,0,32,000,00,2,8,03,B01
201100054278,0,07,000,00,0,4,01,B01
201100054278,0,07,000,00,0,4,01,C01
201100054278,0,07,000,00,2,1,01,A01
201100054279,0,07,000,00,2,7,12,A01
201100054279,0,34,000,00,2,8,01,B01
201100054280,0,07,000,00,2,4,02,B01
201100054280,0,07,000,00,2,4,01,C01
201100054280,0,07,000,00,2,1,02,A01
201100054281,0,07,000,00,2,1,01,B01
201100054281,0,14,000,00,2,5,12,A01
201100054282,0,07,000,00,0,6,02,A01
201100054282,0,33,000,00,2,1,00,B01
201100054283,1,17,000,00,2,1,02,Z01
201100054283,0,07,000,00,2,4,01,A01
201100054283,0,07,000,01,0,2,01,B01
201100054284,0,32,000,00,2,2,02,A01
201100054284,0,10,000,00,2,5,01,B01
201100054285,0,07,000,00,2,5,01,B01
201100054285,0,33,000,00,2,1,03,A01
201100054286,0,07,000,11,0,1,01,A01
201100054287,0,07,000,04,0,1,00,A01
201100054288,0,07,000,00,2,6,00,B01
201100054288,1,07,000,00,0,0,03,Z01
201100054289,0,07,000,00,2,1,02,C01
201100054289,0,07,000,00,2,1,02,A01
201100054289,0,07,000,00,2,4,02,B01
201100054290,0,07,000,00,2,1,02,A01
201100054290,0,34,000,00,2,1,02,B01
201100054290,0,07,000,00,0,4,02,C01
201100054291,0,07,000,00,2,6,02,C01
201100054291,0,07,000,00,0,6,02,B01
201100054291,0,10,000,00,2,2,02,A01
201100054292,0,07,000,00,2,0,00,C01
201100054292,0,07,000,04,2,3,00,A01
201100054292,0,07,000,00,2,0,00,B01
201100054293,0,07,000,06,0,2,01,A01
201100054294,0,07,000,14,2,2,02,A01
201100054294,0,07,000,00,2,3,11,C01
201100054294,1,07,000,00,0,5,11,Z01
201100054294,0,07,000,00,2,6,02,B01
201100054295,0,07,000,04,0,1,01,A01
201100054296,0,07,000,00,0,5,01,B01
201100054296,0,33,000,00,2,1,02,A01
201100054297,0,07,000,00,0,4,01,C01
201100054297,0,10,000,00,2,1,02,A01
201100054297,0,07,000,00,2,4,02,B01
201100054298,0,07,000,02,0,1,00,A01
201100054299,0,07,000,05,0,2,01,A01
201100054300,0,17,000,04,0,0,09,A01
201100054301,0,10,000,00,2,1,02,A01
201100054301,0,07,000,00,2,4,02,B01
201100054301,0,07,000,00,0,4,02,C01
201100054302,0,33,000,04,0,3,00,A01
201100054303,0,07,000,00,0,5,14,B01
201100054303,0,31,000,00,0,1,03,A01
201100054304,1,07,000,00,0,5,14,Z01
201100054304,0,32,000,00,2,1,03,A01
201100054305,0,10,000,00,2,1,02,A01
201100054305,0,07,000,00,2,4,02,B01
201100054306,0,07,000,03,0,1,02,A01
201100054307,0,07,000,04,0,3,01,A01
201100054308,0,31,000,00,0,7,01,B01
201100054308,0,07,000,00,2,8,11,A01
201100054309,0,07,000,04,0,1,13,A01
201100054310,0,07,000,00,2,4,02,B01
201100054310,0,33,000,00,2,1,02,A01
201100054311,0,07,000,00,0,3,13,B01
201100054311,0,32,000,00,2,5,03,A01
201100054312,0,32,000,00,0,8,01,A01
201100054313,0,07,000,04,0,3,17,A01
201100054314,0,10,000,06,2,3,14,A01
201100054314,0,07,000,00,2,4,01,B01
201100054315,0,33,000,00,0,0,01,A01
201100054316,0,07,000,00,2,8,01,C01
201100054316,0,33,000,00,2,3,03,A01
201100054316,0,07,000,00,2,7,01,B01
201100054317,0,07,000,00,2,4,01,C01
201100054317,1,10,000,00,2,1,02,Z01
201100054317,0,07,000,00,2,4,02,B01
201100054317,0,07,000,00,0,4,02,D01
201100054318,0,07,000,00,2,4,02,B01
201100054318,0,07,000,00,2,1,02,A01
201100054318,0,07,000,00,2,4,02,C01
201100054319,0,07,000,00,2,1,02,A01
201100054319,0,07,000,00,0,4,02,B01
201100054319,0,07,000,00,0,4,02,C01
201100054320,0,07,000,00,2,4,02,B01
201100054320,0,07,000,00,2,1,01,A01
201100054321,0,07,000,04,2,7,14,A01
201100054321,0,07,000,00,2,3,01,B01
201100054322,0,07,000,04,0,3,01,A01
201100054323,0,07,000,00,2,1,02,C01
201100054323,0,07,000,00,2,1,02,A01
201100054323,0,07,000,00,2,1,02,B01
201100054324,0,07,000,04,0,8,01,A01
201100054325,0,07,000,00,2,1,02,A01
201100054325,0,07,000,00,2,4,02,B01
201100054326,0,07,000,00,9,1,21,C01
201100054326,0,07,000,00,0,9,00,A01
201100054326,0,07,000,00,9,1,21,B01
201100054327,0,33,000,03,0,2,01,A01
201100054328,0,07,000,00,2,2,01,A01
201100054328,0,07,000,00,2,6,01,B01
201100054328,0,07,000,00,2,1,01,C01
201100054329,0,07,000,04,0,3,01,A01
201100054330,1,15,000,00,0,0,13,Z01
201100054330,0,07,000,00,2,6,13,B01
201100054330,0,33,000,00,2,6,03,A01
201100054331,0,33,000,00,2,2,03,B01
201100054331,0,07,000,00,2,8,11,A01
201100054332,0,07,000,00,2,3,21,A01
201100054332,0,07,000,04,2,3,21,B01
201100054333,0,10,000,00,2,6,01,C01
201100054333,0,33,000,00,2,3,03,A01
201100054333,0,07,000,00,2,5,12,B01
201100054334,0,07,000,00,2,2,12,B01
201100054334,0,07,000,00,2,5,01,C01
201100054334,0,33,000,00,2,8,03,A01
201100054335,0,10,000,00,2,6,01,B01
201100054335,0,07,000,00,2,2,12,A01
201100054336,0,07,000,00,2,6,12,A01
201100054336,0,07,000,00,2,6,02,B01
201100054336,1,07,000,00,2,2,01,Z01
201100054336,0,07,000,03,2,2,01,C01
201100054337,0,07,000,00,2,5,12,B01
201100054337,0,33,000,00,2,1,03,A01
201100054338,0,33,000,00,2,3,03,A01
201100054338,0,07,000,00,2,5,12,B01
201100054339,0,07,000,04,0,3,00,A01
201100054340,0,33,000,00,2,4,01,B01
201100054340,0,07,000,00,2,1,02,A01
201100054341,0,07,000,00,2,4,01,C01
201100054341,0,10,000,00,2,1,02,A01
201100054341,0,07,000,00,2,4,02,B01
201100054342,0,33,000,00,0,7,21,A01
201100054343,0,07,000,00,2,4,01,D01
201100054343,0,07,000,00,2,1,01,A01
201100054343,0,07,000,00,2,4,01,B01
201100054343,0,07,000,00,2,4,01,C01
201100054344,0,33,000,00,2,1,03,A01
201100054344,0,07,000,00,2,5,01,B01
201100054345,0,10,000,00,2,3,21,A01
201100054345,0,07,000,00,2,5,02,B01
201100054346,0,33,000,00,2,2,01,A01
201100054346,0,07,000,00,2,6,11,B01
201100054347,0,07,000,00,2,6,01,B01
201100054347,0,07,000,00,2,1,14,A01
201100054348,0,07,000,00,2,1,01,B01
201100054348,0,07,000,00,2,1,01,A01
201100054348,0,07,000,00,2,4,01,E01
201100054348,0,07,000,00,2,1,01,C01
201100054348,0,07,000,00,2,4,01,D01
201100054349,0,07,000,04,2,2,14,A01
201100054349,0,07,000,00,2,3,01,B01
201100054350,0,34,000,00,2,1,03,A01
201100054350,0,07,000,00,0,7,01,B01
201100054351,0,17,000,00,2,1,01,A01
201100054351,0,07,000,00,2,1,23,B01
201100054351,0,07,000,00,2,4,23,C01
201100054352,0,17,000,00,2,3,00,B01
201100054352,0,07,000,00,2,6,11,A01
201100054353,0,33,000,01,0,8,12,A01
201100054354,0,07,000,00,0,4,01,B01
201100054354,0,07,000,00,2,1,02,A01
201100054355,0,07,000,04,0,0,21,B01
201100054355,0,14,000,00,2,6,02,C01
201100054355,0,07,000,04,2,2,02,A01
201100054356,0,07,000,00,0,1,02,A01
201100054356,0,07,000,00,2,4,01,B01
201100054357,0,07,000,00,2,7,12,B01
201100054357,0,33,000,00,2,8,01,A01
201100054358,0,07,000,00,2,1,02,A01
201100054358,0,07,000,00,2,4,02,B01
201100054359,0,07,000,04,2,3,13,A01
201100054359,0,07,000,00,2,4,02,B01
201100054360,0,07,000,00,0,4,02,B01
201100054360,0,07,000,00,2,1,02,A01
201100054361,0,07,000,00,2,4,01,D01
201100054361,0,07,000,00,2,1,00,A01
201100054361,0,07,000,00,2,1,01,C01
201100054361,0,07,000,00,2,1,01,B01
201100054362,0,07,000,00,2,6,11,B01
201100054362,0,32,000,00,2,7,03,A01
201100054363,0,07,000,04,0,3,13,A01
201100054364,0,07,000,00,2,8,09,B01
201100054364,0,01,000,00,2,8,01,A01
201100054365,0,07,000,00,2,4,02,B01
201100054365,0,07,000,00,2,1,02,A01
201100054366,0,07,000,04,0,3,02,A01
201100054367,0,34,000,00,2,3,01,A01
201100054367,0,07,000,00,2,2,12,B01
201100054368,0,07,000,00,2,4,02,B01
201100054368,0,07,000,00,2,1,02,A01
201100054369,0,07,000,00,2,7,01,B01
201100054369,0,30,000,00,2,8,03,A01
201100054370,0,07,000,00,0,6,01,D01
201100054370,0,07,000,00,2,1,19,A01
201100054370,0,07,000,00,0,4,23,E01
201100054370,0,07,000,00,0,4,02,C01
201100054370,0,07,000,00,2,4,02,B01
201100054371,0,07,000,04,0,8,01,A01
201100054372,0,07,000,00,2,2,12,A01
201100054372,0,34,000,00,2,3,01,B01
201100054373,0,33,000,00,0,8,01,A01
201100054374,0,10,000,06,0,1,11,A01
201100054375,0,07,000,00,2,1,02,A01
201100054375,0,10,000,00,2,4,02,B01
201100054376,0,07,000,00,2,6,01,B01
201100054376,0,33,000,00,2,2,12,A01
201100054377,0,07,000,00,2,3,09,A01
201100054377,0,34,000,00,2,2,21,B01
201100054378,0,07,000,04,0,3,00,A01
201100054379,0,10,000,03,2,1,02,A01
201100054379,0,10,000,00,2,4,01,B01
201100054380,0,33,000,14,2,1,12,A01
201100054380,0,07,000,00,2,4,01,B01
201100054381,0,33,000,00,0,2,01,A01
201100054382,0,07,000,00,2,4,02,B01
201100054382,0,07,000,00,2,4,01,C01
201100054382,0,07,000,00,2,1,02,A01
201100054383,0,07,000,00,0,4,02,C01
201100054383,0,07,000,00,2,1,02,A01
201100054383,0,07,000,00,2,4,02,B01
201100054384,0,07,000,00,2,8,01,B01
201100054384,0,07,000,04,2,3,01,A01
201100054385,0,33,000,00,2,7,03,B01
201100054385,1,07,000,00,2,8,13,Z01
201100054386,0,33,000,00,0,0,21,A01
201100054387,0,07,000,00,2,1,02,A01
201100054387,0,07,000,00,2,4,01,B01
201100054388,0,14,000,00,2,8,01,C01
201100054388,0,07,000,00,2,0,01,B01
201100054388,0,33,000,00,2,0,00,A01
201100054389,0,33,000,15,0,1,01,A01
201100054390,0,07,000,00,2,3,01,B01
201100054390,0,34,000,00,2,2,01,C01
201100054390,0,07,000,00,2,3,11,A01
201100054391,0,07,000,00,2,4,02,C01
201100054391,0,07,000,00,2,1,02,A01
201100054391,0,07,000,00,2,4,02,B01
201100054392,0,07,000,00,0,4,02,B01
201100054392,0,07,000,00,2,1,02,C01
201100054392,0,07,000,00,2,4,02,D01
201100054392,0,07,000,00,0,4,02,E01
201100054392,0,07,000,00,2,1,02,A01
201100054393,0,07,000,00,2,1,02,A01
201100054393,0,07,000,00,2,4,01,B01
201100054394,0,07,000,04,0,1,01,A01
201100054395,0,32,000,06,0,2,01,A01
201100054396,0,07,000,04,0,2,01,A01
201100054397,0,33,000,00,2,3,01,B01
201100054397,0,07,000,00,2,2,12,A01
201100054398,0,14,000,00,2,2,12,A01
201100054398,0,07,000,00,2,6,01,B01
201100054399,0,33,000,03,2,7,01,B01
201100054399,0,07,000,03,2,8,11,A01
201100054400,0,07,000,00,2,1,02,A01
201100054400,0,07,000,00,2,4,02,C01
201100054400,0,07,000,00,2,1,02,B01
201100054401,0,07,000,00,2,2,01,A01
201100054401,0,07,000,00,2,4,01,B01
201100054402,0,33,000,00,2,1,03,A01
201100054402,0,07,000,00,0,5,12,B01
201100054403,0,07,000,04,0,1,01,A01
201100054404,0,07,000,00,2,4,02,B01
201100054404,0,07,000,00,2,4,02,C01
201100054404,0,07,000,00,2,1,02,A01
201100054404,0,07,000,00,2,4,01,D01
201100054405,0,15,000,00,2,6,01,B01
201100054405,0,07,000,00,2,2,01,A01
201100054405,0,07,000,00,2,1,01,C01
201100054405,0,07,000,00,2,1,01,D01
201100054406,0,07,000,00,2,4,02,B01
201100054406,0,07,000,00,2,1,02,A01
201100054407,0,34,000,00,2,3,01,B01
201100054407,0,10,000,00,2,7,21,A01
201100054408,0,07,000,03,0,1,21,A01
201100054409,0,07,000,00,2,6,01,C01
201100054409,0,07,000,00,2,2,12,A01
201100054409,0,33,000,00,2,3,01,B01
201100054410,0,07,000,00,2,4,01,B01
201100054410,0,07,000,00,2,1,02,A01
201100054411,0,07,000,00,2,6,01,C01
201100054411,0,07,000,00,2,2,12,A01
201100054411,0,33,000,00,2,1,03,B01
201100054411,0,34,000,00,2,1,03,D01
201100054412,0,07,000,05,2,1,00,A01
201100054412,0,07,000,00,2,5,01,B01
201100054413,0,07,000,00,2,1,02,A01
201100054413,0,10,000,00,2,4,02,B01
201100054414,0,07,000,00,2,5,23,B01
201100054414,0,31,000,00,2,3,02,A01
201100054415,0,07,000,00,2,4,02,C01
201100054415,0,07,000,00,2,1,02,A01
201100054415,0,07,000,00,2,4,02,B01
201100054416,0,33,000,13,0,1,09,A01
201100054417,0,33,000,00,2,2,03,A01
201100054417,0,07,000,00,2,8,02,B01
201100054418,0,07,000,04,0,8,21,A01
201100054419,0,07,000,00,2,1,02,C01
201100054419,0,10,000,00,2,1,02,A01
201100054419,0,07,000,00,0,4,02,B01
201100054420,0,07,000,00,2,4,24,B01
201100054420,0,07,000,00,2,8,23,C01
201100054420,0,17,000,01,0,2,02,A01
201100054421,0,07,000,00,2,1,02,A01
201100054421,0,07,000,00,2,4,01,B01
201100054422,0,07,000,07,0,1,14,A01
201100054423,0,07,000,00,2,1,02,A01
201100054423,0,07,000,00,2,5,01,B01
201100054424,0,07,000,00,2,6,11,B01
201100054424,0,33,000,00,2,2,03,A01
201100054425,0,10,000,00,2,4,01,C01
201100054425,0,07,000,00,2,4,02,B01
201100054425,0,07,000,00,2,1,02,A01
201100054426,0,10,000,00,2,4,02,B01
201100054426,0,13,000,00,2,4,02,C01
201100054426,0,37,001,00,2,4,01,D01
201100054426,0,10,000,00,2,1,02,A01
201100054427,0,07,000,00,2,6,11,B01
201100054427,0,33,000,00,2,2,03,A01
201100054428,0,34,000,00,0,2,01,A01
201100054429,0,14,000,00,2,1,02,A01
201100054429,0,15,000,00,2,4,01,B01
201100054430,0,31,000,00,0,0,00,A01
201100054431,0,07,000,00,2,4,02,B01
201100054431,0,10,000,00,2,1,02,A01
201100054431,0,07,000,00,2,4,01,C01
201100054432,0,07,000,04,0,1,00,A01
201100054433,0,07,000,00,0,5,01,B01
201100054433,0,07,000,00,9,6,01,C01
201100054433,0,32,000,00,2,1,03,A01
201100054434,0,33,000,00,2,8,03,A01
201100054434,0,14,000,00,2,8,01,C01
201100054434,0,07,000,00,2,7,01,B01
201100054435,0,32,000,00,0,1,01,A01
201100054436,0,10,000,00,2,4,00,C01
201100054436,0,10,000,00,2,4,01,B01
201100054436,0,07,000,00,2,1,00,A01
201100054437,0,07,000,06,0,3,02,A01
201100054438,0,07,000,03,0,3,01,A01
201100054439,2,07,000,04,2,2,02,Z01
201100054439,0,07,000,04,2,3,02,B01
201100054440,0,07,000,03,0,2,14,A01
201100054441,1,07,000,00,2,0,00,Z01
201100054441,0,07,000,00,2,3,02,C01
201100054441,0,33,000,00,2,9,03,B01
201100054442,0,15,000,03,0,7,21,A01
201100054443,0,31,000,00,0,0,01,A01
201100054444,0,07,000,00,2,3,09,A01
201100054444,0,33,000,00,2,7,01,B01
201100054445,0,07,000,00,9,4,01,B01
201100054445,0,07,000,00,2,1,18,A01
201100054446,0,33,000,00,2,1,02,A01
201100054446,0,07,000,00,2,4,01,B01
201100054447,0,14,000,00,2,8,01,B01
201100054447,0,07,000,03,2,1,01,A01
201100054448,0,33,000,04,2,8,02,A01
201100054448,0,10,000,00,2,7,21,B01
201100054448,0,10,000,00,2,7,02,C01
201100054449,0,07,000,00,2,1,02,A01
201100054449,0,07,000,00,2,4,01,B01
201100054450,0,07,000,00,0,1,00,A01
201100054451,0,07,000,00,0,4,11,B01
201100054451,0,33,000,00,2,1,03,A01
201100054452,0,33,000,00,2,8,03,A01
201100054452,0,07,000,00,2,2,12,B01
201100054453,0,07,000,05,0,1,21,A01
201100054454,0,07,000,00,2,4,01,B01
201100054454,0,10,000,00,2,1,02,A01
201100054455,0,07,000,00,2,1,02,A01
201100054455,0,07,000,00,0,4,01,B01
201100054456,0,07,000,00,2,4,02,B01
201100054456,0,07,000,00,2,1,02,C01
201100054456,0,07,000,00,2,1,02,A01
201100054457,0,07,000,03,0,1,21,A01
201100054458,0,10,000,00,2,5,01,B01
201100054458,0,34,000,00,2,3,02,A01
201100054459,0,32,000,00,2,3,03,B01
201100054459,0,07,000,00,2,2,01,A01
201100054460,0,07,000,00,2,4,11,A01
201100054460,0,34,000,00,2,1,01,B01
201100054461,0,10,000,00,2,5,01,B01
201100054461,0,32,000,00,2,8,03,A01
201100054462,0,33,000,16,0,1,01,A01
201100054463,0,07,000,04,0,3,00,A01
201100054464,0,07,000,00,2,2,12,B01
201100054464,0,33,000,00,2,3,03,A01
201100054465,0,34,000,00,9,1,01,A01
201100054466,0,07,000,11,0,1,14,A01
201100054467,0,07,000,05,0,1,01,A01
201100054468,0,07,000,00,2,1,02,A01
201100054468,0,07,000,00,2,4,02,B01
201100054468,0,07,000,00,2,4,02,C01
201100054469,0,07,000,00,0,4,11,B01
201100054469,0,33,000,00,2,1,03,A01
201100054469,0,33,000,00,0,1,03,C01
201100054470,0,07,000,00,0,0,00,A01
201100054471,0,07,000,00,2,4,01,C01
201100054471,0,07,000,00,2,1,02,A01
201100054472,0,07,000,00,2,1,02,A01
201100054472,0,10,000,00,2,4,02,B01
201100054472,0,07,000,00,2,4,02,C01
201100054472,0,07,000,00,2,4,01,D01
201100054473,0,07,000,06,0,1,00,A01
201100054474,0,34,000,00,0,0,01,A01
201100054475,0,15,000,00,2,3,11,B01
201100054475,0,07,000,00,2,2,21,A01
201100054476,0,07,000,00,2,1,01,C01
201100054476,0,17,000,00,2,2,12,A01
201100054476,0,07,000,00,2,8,01,B01
201100054477,0,33,000,00,2,1,03,B01
201100054477,0,10,000,00,2,2,12,A01
201100054478,0,32,000,00,0,7,03,A01
201100054479,0,10,000,04,0,3,00,A01
201100054480,1,07,000,00,0,0,18,Z01
201100054480,0,07,000,03,2,1,12,B01
201100054481,0,07,000,04,0,3,00,A01
201100054482,0,99,000,00,2,3,11,A01
201100054482,0,33,000,00,2,2,01,B01
201100054483,0,34,000,00,2,8,01,A01
201100054483,0,07,000,00,2,7,12,B01
201100054484,0,34,000,00,2,2,03,A01
201100054484,0,07,000,00,2,6,11,B01
201100054485,0,07,000,00,2,2,12,A01
201100054485,0,33,000,00,2,8,03,B01
201100054485,0,07,000,00,2,1,01,T01
201100054486,0,07,000,00,2,1,02,A01
201100054486,0,07,000,00,2,4,01,B01
201100054486,0,07,000,00,2,4,01,C01
201100054487,0,30,000,00,0,1,03,A01
201100054488,0,07,000,00,2,2,12,A01
201100054488,0,33,000,00,2,3,01,B01
201100054489,0,07,000,00,2,3,02,A01
201100054489,0,07,000,00,0,4,02,B01
201100054490,0,07,000,00,2,1,02,A01
201100054490,0,07,000,00,2,4,02,B01
201100054490,0,07,000,00,2,4,02,C01
201100054490,0,07,000,00,2,4,01,D01
201100054491,0,33,000,00,2,2,02,A01
201100054491,0,07,000,00,2,4,01,B01
201100054492,0,07,000,04,0,2,01,A01
201100054493,0,07,000,04,0,9,21,A01
201100054494,0,07,000,04,0,1,02,A01
201100054495,0,07,000,04,0,3,01,A01
201100054496,0,07,000,04,2,2,14,A01
201100054496,0,07,000,00,2,8,01,B01
201100054497,0,07,000,04,0,3,01,A01
201100054498,0,10,000,00,2,4,01,C01
201100054498,0,33,000,00,2,4,02,A01
201100054498,0,07,000,00,2,1,02,B01
201100054499,0,07,000,03,0,1,12,A01
201100054500,0,07,000,03,0,2,14,A01
201100054501,0,07,000,00,2,6,12,A01
201100054501,0,33,000,00,2,1,01,B01
201100054502,0,14,000,00,2,1,02,A01
201100054502,0,07,000,00,0,4,02,B01
201100054503,0,31,000,00,0,9,00,A01
201100054504,0,33,000,00,2,1,03,A01
201100054504,0,07,000,00,0,5,12,B01
201100054505,0,33,000,00,2,2,03,A01
201100054505,0,07,000,00,2,3,13,B01
201100054506,0,33,000,12,0,7,01,A01
201100054507,0,15,000,00,2,1,02,A01
201100054507,0,07,000,00,0,4,02,B01
201100054508,0,07,000,00,2,1,02,A01
201100054508,0,07,000,00,2,4,02,B01
201100054508,0,07,000,00,0,4,02,C01
201100054509,0,32,000,00,0,8,01,A01
201100054510,0,34,000,12,0,2,01,A01
201100054511,0,07,000,04,0,9,01,A01
201100054512,0,07,000,04,0,3,01,A01
201100054513,0,34,000,00,2,3,02,A01
201100054513,0,07,000,00,0,5,02,B01
201100054514,0,15,000,04,0,3,01,A01
201100054515,0,07,000,00,2,5,01,B01
201100054515,0,33,000,00,2,8,03,A01
201100054516,0,07,000,00,2,2,14,A01
201100054516,0,10,000,00,0,8,01,B01
201100054517,0,07,000,00,2,5,02,B01
201100054517,0,33,000,00,2,2,02,A01
201100054518,0,07,000,00,0,6,11,A01
201100054518,0,07,000,05,2,1,01,B01
201100054518,0,10,000,00,2,1,02,C01
201100054519,0,07,000,07,0,8,01,A01
201100054520,0,33,000,00,2,1,02,A01
201100054520,0,10,000,00,2,6,01,B01
201100054521,0,07,000,00,2,2,12,A01
201100054521,0,07,000,00,2,8,02,B01
201100054521,0,07,000,00,2,1,00,C01
201100054522,0,32,000,14,0,1,01,A01
201100054523,0,33,000,00,2,1,02,A01
201100054523,0,07,000,00,0,4,01,B01
201100054524,0,10,000,00,2,6,11,A01
201100054524,0,33,000,00,2,2,03,B01
201100054525,0,07,000,00,2,1,17,A01
201100054525,0,07,000,00,2,3,01,B01
201100054525,0,07,000,04,2,6,02,C01
201100054525,0,07,000,00,2,4,02,D01
201100054526,0,07,000,03,0,3,00,A01
201100054527,0,07,000,04,0,1,02,A01
201100054528,0,07,000,05,0,1,14,A01
201100054529,0,32,000,00,2,1,03,A01
201100054529,0,07,000,00,2,4,02,B01
201100054529,0,07,000,00,2,3,02,C01
201100054530,0,07,000,04,2,1,00,A01
201100054530,0,07,000,00,2,6,01,B01
201100054531,0,32,000,00,2,1,03,A01
201100054531,0,07,000,00,2,5,01,B01
201100054531,0,07,000,00,2,4,01,C01
201100054532,0,33,000,00,2,3,13,A01
201100054532,0,07,000,00,2,2,14,B01
201100054532,0,07,000,00,0,4,00,C01
201100054533,0,07,000,00,2,1,02,A01
201100054533,0,07,000,00,0,4,01,B01
201100054534,0,07,000,00,0,5,01,B01
201100054534,0,07,000,00,2,3,01,A01
201100054535,0,33,000,03,0,3,02,A01
201100054535,0,07,000,14,1,1,02,B01
201100054536,0,07,000,04,0,1,01,A01
201100054537,0,07,000,00,2,6,02,B01
201100054537,0,07,000,04,2,1,01,A01
201100054538,0,07,000,00,2,4,02,C01
201100054538,0,07,000,00,2,9,02,B01
201100054538,0,07,000,00,2,4,02,D01
201100054538,0,07,000,00,2,1,02,A01
201100054539,0,07,000,00,2,1,02,A01
201100054539,0,07,000,00,2,4,02,B01
201100054540,0,07,000,04,0,1,21,A01
201100054541,0,07,000,03,0,2,00,A01
201100054542,0,07,000,00,2,2,02,A01
201100054542,0,07,000,00,2,4,02,C01
201100054542,0,07,000,00,2,4,02,B01
201100054543,0,07,000,00,2,1,02,A01
201100054543,0,07,000,00,2,1,02,B01
201100054543,0,07,000,00,2,4,02,C01
201100054544,0,07,000,00,2,6,09,A01
201100054544,0,16,000,00,2,2,01,B01
201100054545,0,07,000,00,0,4,02,B01
201100054545,0,10,000,00,2,1,02,A01
201100054546,0,33,000,00,0,8,02,A01
201100054547,0,07,000,00,2,2,02,B01
201100054547,0,07,000,04,2,6,11,A01
201100054548,0,33,000,00,2,7,03,A01
201100054548,0,10,000,00,2,8,11,B01
201100054549,0,32,000,00,2,3,03,A01
201100054549,0,10,000,00,2,7,12,B01
201100054550,0,07,000,00,0,4,01,B01
201100054550,0,07,000,00,2,1,12,A01
201100054551,0,34,000,00,2,1,01,A01
201100054551,0,07,000,00,2,7,12,B01
201100054552,0,15,000,00,2,2,12,A01
201100054552,0,07,000,04,2,8,01,B01
201100054553,0,07,000,00,0,1,01,A01
201100054553,0,07,000,00,0,5,01,B01
201100054553,0,07,000,00,0,8,01,C01
201100054554,0,07,000,00,2,1,02,A01
201100054554,0,07,000,00,2,4,02,B01
201100054554,0,07,000,00,2,4,01,C01
201100054555,0,07,000,04,0,3,01,A01
201100054556,0,07,000,00,2,6,11,B01
201100054556,0,10,000,00,2,4,02,C01
201100054556,0,07,000,00,2,1,02,A01
201100054557,0,07,000,00,2,1,02,C01
201100054557,0,07,000,00,2,1,02,A01
201100054557,0,10,000,00,2,4,02,B01
201100054557,0,07,000,00,2,1,02,D01
201100054557,0,07,000,00,2,1,02,F01
201100054557,0,07,000,00,2,1,02,E02
201100054558,0,30,000,00,2,4,01,B01
201100054558,0,07,000,00,2,1,02,A01
201100054559,0,07,000,00,2,7,11,B01
201100054559,0,34,000,00,2,7,03,A01
201100054560,0,07,000,00,0,4,02,C01
201100054560,0,07,000,00,2,1,02,A01
201100054560,0,07,000,00,0,4,02,B01
201100054561,0,07,000,00,2,2,12,A01
201100054561,0,33,000,00,2,8,01,B01
201100054562,0,07,000,00,2,6,01,C01
201100054562,0,33,000,00,2,1,03,A01
201100054562,0,07,000,00,2,6,11,B01
201100054563,0,07,000,00,2,3,21,A01
201100054563,0,07,000,00,2,1,02,B01
201100054564,0,07,000,00,2,1,02,A01
201100054564,0,07,000,00,2,4,01,B01
201100054565,0,07,000,00,2,2,02,D01
201100054565,0,07,000,00,2,3,01,B01
201100054565,0,10,000,00,2,1,21,C01
201100054565,0,07,000,00,2,1,02,E01
201100054565,0,07,000,04,2,3,01,A01
201100054566,0,07,000,14,0,2,14,A01
201100054567,0,07,000,00,2,3,21,A01
201100054567,0,07,000,00,2,1,01,B01
201100054568,0,07,000,13,0,2,01,A01
201100054569,0,07,000,00,0,4,02,B01
201100054569,0,10,000,00,2,1,02,A01
201100054570,0,33,000,00,2,1,01,B01
201100054570,0,07,000,04,2,4,11,A01