Num_Acc,senc,catv,occutc,obs,obsm,choc,manv,num_veh
201100054571,0,07,000,00,2,4,23,B01
201100054571,0,33,000,01,0,1,01,A01
201100054572,0,07,000,04,0,1,01,A01
201100054573,0,14,000,00,0,6,02,B01
201100054573,0,07,000,00,2,2,01,A01
201100054574,0,33,000,00,2,1,03,A01
201100054574,0,33,000,00,2,6,23,B01
201100054574,0,07,000,00,2,4,23,C01
201100054575,0,07,000,00,0,0,11,B01
201100054575,0,33,000,00,0,0,01,A01
201100054576,0,14,000,00,2,4,02,B01
201100054576,0,07,000,00,2,1,02,A01
201100054577,0,07,000,00,2,3,11,A01
201100054577,0,33,000,00,2,2,13,B01
201100054578,0,33,000,00,2,1,14,A01
201100054579,0,07,000,00,2,6,00,B01
201100054579,2,07,000,04,0,1,00,A01
201100054579,0,07,000,01,0,1,00,C02
201100054579,0,07,000,14,0,0,00,F01
201100054579,0,07,000,01,0,1,00,D01
201100054579,0,07,000,01,0,1,00,E01
201100054580,0,32,000,00,2,3,18,A01
201100054580,0,07,000,00,2,2,02,B01
201100054580,0,07,000,00,2,4,02,C01
201100054581,0,07,000,00,0,4,02,B01
201100054581,0,07,000,00,2,1,02,A01
201100054582,0,07,000,00,2,4,23,C01
201100054582,0,07,000,00,2,3,11,A01
201100054582,0,33,000,00,2,2,03,B01
201100054583,0,33,000,00,2,8,03,A01
201100054583,0,07,000,00,2,7,12,B01
201100054584,0,33,000,00,0,7,01,A01
201100054585,0,33,000,10,0,1,01,A01
201100054586,0,07,000,04,2,1,01,A01
201100054586,0,07,000,00,2,6,01,B01
201100054586,0,07,000,00,2,6,01,C01
201100054587,0,32,000,00,2,8,21,A01
201100054587,0,13,000,00,2,5,01,B01
201100054588,0,07,000,04,2,1,21,A01
201100054589,0,33,000,00,2,2,14,A01
201100054589,0,14,000,00,2,6,00,B01
201100054590,0,31,000,00,2,8,03,A01
201100054590,0,07,000,00,2,7,12,B01
201100054591,0,32,000,00,2,3,02,A01
201100054591,0,07,000,00,2,5,01,B01
201100054592,0,33,000,00,2,1,02,A01
201100054592,0,07,000,00,2,6,23,B01
201100054593,0,34,000,00,0,4,01,B01
201100054593,0,32,000,00,2,1,01,A01
201100054594,0,34,000,00,2,3,03,A01
201100054594,0,10,000,00,2,5,12,B01
201100054595,0,07,000,00,2,3,11,A01
201100054595,0,33,000,03,2,6,17,B01
201100054596,0,07,000,00,2,7,12,A01
201100054596,0,33,000,00,2,1,01,B01
201100054597,0,07,000,04,2,6,23,B01
201100054597,0,14,000,01,0,2,01,A01
201100054598,0,10,000,00,2,4,11,B01
201100054598,0,33,000,00,2,1,03,A01
201100054599,0,33,000,00,0,8,11,A01
201100054599,0,07,000,00,0,0,21,T01
201100054600,0,15,000,00,2,4,24,B01
201100054600,0,07,000,01,0,1,01,A01
201100054601,0,07,000,00,2,7,12,A01
201100054601,0,34,000,00,2,3,01,B01
201100054601,0,33,000,00,2,1,01,C01
201100054602,0,07,000,00,2,8,09,A01
201100054602,0,15,000,00,2,2,01,B01
201100054602,0,33,000,00,2,7,03,C01
201100054603,0,33,000,00,2,2,01,A01
201100054603,0,07,000,00,2,3,11,B01
201100054604,0,33,000,00,2,1,02,A01
201100054604,1,33,000,00,2,4,12,Z01
201100054605,0,07,000,00,2,5,12,A01
201100054605,0,33,000,00,2,3,02,B01
201100054605,0,34,000,00,2,3,02,C01
201100054606,0,33,000,00,2,2,03,A01
201100054606,0,07,000,00,2,8,11,B01
201100054607,0,33,000,00,2,3,01,B01
201100054607,0,07,000,00,2,2,12,A01
201100054608,0,33,000,00,2,3,03,A01
201100054608,0,07,000,00,2,5,01,B01
201100054609,0,31,000,00,0,1,01,A01
201100054610,0,07,000,00,2,7,02,C01
201100054610,0,07,000,00,2,1,02,H01
201100054610,0,07,000,00,9,1,02,F01
201100054610,0,07,000,00,2,1,02,D02
201100054610,0,07,000,00,2,1,02,E02
201100054610,0,07,000,00,2,1,01,A02
201100054610,0,34,000,00,9,0,02,G01
201100054610,0,07,000,00,2,4,02,B01
201100054611,0,07,000,00,2,1,02,A01
201100054611,0,07,000,00,2,4,01,B01
201100054612,0,33,000,00,2,1,02,D01
201100054612,0,07,000,00,2,2,02,C01
201100054612,0,07,000,00,2,1,11,A01
201100054612,0,07,000,00,0,4,02,B01
201100054612,0,33,000,00,2,1,02,E01
201100054613,0,32,000,00,2,2,21,A01
201100054613,0,10,000,00,2,6,24,B01
201100054614,0,07,000,00,2,1,02,A01
201100054614,0,07,000,03,2,4,02,B01
201100054615,0,07,000,00,2,1,01,A01
201100054615,0,32,000,00,0,4,02,B01
201100054616,0,32,000,00,2,3,03,A01
201100054616,0,10,000,00,2,5,12,B01
201100054617,0,32,000,00,2,1,03,A01
201100054617,0,07,000,00,2,8,11,B01
201100054617,0,07,000,00,2,4,01,C01
201100054618,0,07,000,00,2,2,09,A01
201100054618,0,33,000,00,2,3,01,B01
201100054618,0,07,000,00,2,5,01,C01
201100054618,0,07,000,00,2,3,01,D01
201100054619,0,07,000,00,2,4,23,C01
201100054619,0,07,000,00,2,4,23,B01
201100054619,0,07,000,00,2,1,02,A01
201100054620,0,07,000,03,2,5,12,A01
201100054620,0,07,000,03,2,3,01,B01
201100054621,1,07,000,00,2,0,00,Z01
201100054621,0,33,000,04,2,3,09,A01
201100054622,0,07,000,04,0,1,11,A01
201100054623,0,07,000,06,2,8,01,B01
201100054623,0,15,000,00,2,2,12,A01
201100054624,0,07,000,00,2,1,02,A01
201100054624,0,10,000,00,2,4,01,B01
201100054625,0,03,000,00,2,8,11,B01
201100054625,0,31,000,00,2,2,03,A01
201100054626,0,07,000,00,2,4,02,B01
201100054626,0,33,000,00,2,1,02,A01
201100054627,0,07,000,00,2,1,02,A01
201100054627,0,07,000,00,2,4,02,B01
201100054627,0,07,000,00,2,4,01,C01
201100054628,0,10,000,04,0,2,01,A01
201100054629,0,34,000,00,2,2,03,A01
201100054629,0,07,000,00,2,8,11,B01
201100054630,0,10,000,00,2,1,02,B01
201100054630,0,07,000,04,0,4,02,A01
201100054631,0,07,000,04,0,1,01,A01
201100054632,0,10,000,00,2,6,01,B01
201100054632,0,33,000,00,2,7,21,A01
201100054633,0,07,000,00,2,8,11,A01
201100054633,0,34,000,00,2,7,01,B01
201100054634,0,07,000,00,2,2,02,A01
201100054634,0,13,000,00,0,5,23,B01
201100054635,0,15,000,00,2,5,01,B01
201100054635,0,07,000,00,2,1,09,A01
201100054636,0,31,000,00,0,8,00,A01
201100054637,0,07,000,00,0,4,02,B01
201100054637,0,07,000,00,2,1,02,A01
201100054638,0,07,000,03,0,2,01,A01
201100054639,0,32,000,00,9,3,01,A01
201100054640,0,07,000,00,2,6,11,A01
201100054640,0,33,000,00,2,2,01,B01
201100054640,0,07,000,00,2,4,01,C01
201100054641,0,07,000,00,2,1,02,A01
201100054641,0,07,000,00,0,4,02,B01
201100054642,0,02,000,06,0,2,01,A01
201100054643,1,07,000,00,2,6,01,B01
201100054643,0,10,000,04,2,2,01,A01
201100054644,0,32,000,00,2,3,18,A01
201100054644,0,07,000,00,2,5,01,B01
201100054645,0,10,000,00,0,4,23,C01
201100054645,0,07,000,00,2,1,02,A01
201100054645,0,07,000,00,2,4,23,B01
201100054646,0,33,000,00,2,1,02,A01
201100054646,0,33,000,00,2,4,01,B01
201100054646,0,07,000,00,2,5,01,C01
201100054647,0,10,000,04,0,2,01,A01
201100054648,0,07,000,03,2,8,01,B01
201100054648,0,14,000,00,2,8,12,A01
201100054649,0,33,000,00,2,1,02,B01
201100054649,0,33,000,00,0,8,01,C01
201100054649,0,10,000,12,0,7,12,A01
201100054650,1,07,000,00,2,1,00,Z01
201100054650,0,07,000,00,0,4,02,A01
201100054651,0,33,000,00,2,2,03,A01
201100054651,0,07,000,00,2,7,01,C01
201100054651,0,07,000,00,2,8,11,B01
201100054652,0,07,000,00,2,1,02,A01
201100054652,0,07,000,00,2,4,02,B01
201100054652,0,07,000,00,2,4,01,C01
201100054653,0,07,000,00,2,1,02,A01
201100054653,0,07,000,00,2,4,02,C01
201100054653,0,10,000,00,2,4,02,B01
201100054654,0,07,000,04,0,3,09,A01
201100054655,1,07,000,00,2,1,00,A01
201100054655,0,07,000,03,2,4,01,B01
201100054656,0,07,000,00,2,1,02,A01
201100054656,0,07,000,00,2,4,02,B01
201100054656,0,07,000,00,2,4,02,C01
201100054656,0,07,000,00,2,4,01,D01
201100054657,0,07,000,13,0,7,21,A01
201100054658,0,07,000,03,0,3,21,A01
201100054659,0,07,000,00,0,4,01,C01
201100054659,0,33,000,00,2,2,03,A01
201100054659,0,07,000,00,2,8,11,B01
201100054660,0,07,000,04,0,8,00,A01
201100054661,0,33,000,07,0,7,00,A01
201100054662,0,10,000,14,2,1,02,A01
201100054662,0,07,000,00,2,1,02,B01
201100054662,0,07,000,00,2,4,01,C01
201100054663,0,33,000,00,2,1,02,A01
201100054663,0,07,000,00,2,4,01,B01
201100054664,0,07,000,04,0,1,01,A01
201100054665,0,07,000,00,2,3,12,A01
201100054665,0,07,000,00,2,6,02,B01
201100054666,0,07,000,00,2,1,01,C01
201100054666,0,07,000,00,0,4,04,A01
201100054666,0,07,000,00,2,1,01,B01
201100054667,0,07,000,00,2,4,01,A01
201100054667,0,07,000,00,2,1,02,B01
201100054668,0,07,000,04,0,1,21,A01
201100054669,0,07,000,00,2,1,02,A01
201100054669,0,10,000,00,0,4,02,C01
201100054669,0,07,000,00,2,4,02,B01
201100054670,0,34,000,00,2,3,01,B01
201100054670,1,07,000,00,2,5,12,Z01
201100054671,0,07,000,04,0,3,01,A01
201100054672,0,33,000,00,2,1,03,A01
201100054672,0,33,000,00,2,4,01,B01
201100054672,0,07,000,00,2,8,01,C01
201100054673,0,34,000,00,2,3,03,A01
201100054673,0,07,000,00,2,2,12,B01
201100054674,0,34,000,04,2,1,03,A01
201100054674,0,07,000,04,2,6,11,B01
201100054674,0,07,000,04,2,8,02,C01
201100054675,0,07,000,00,2,1,02,A01
201100054675,0,10,000,00,2,4,01,B01
201100054676,0,07,000,04,0,3,01,A01
201100054677,0,07,000,00,2,4,12,A01
201100054677,0,31,000,00,2,1,01,B01
201100054678,0,07,000,00,2,1,12,A01
201100054678,0,07,000,00,2,5,01,B01
201100054679,0,07,000,00,2,2,12,B01
201100054679,0,33,000,00,2,3,03,A01
201100054680,0,10,000,00,0,0,00,C01
201100054680,0,07,000,00,0,0,00,A01
201100054680,0,10,000,00,2,1,01,B01
201100054680,0,10,000,00,0,0,00,E01
201100054680,0,07,000,00,0,0,00,D01
201100054681,0,34,000,00,2,3,18,A01
201100054681,0,32,000,00,2,7,19,B01
201100054682,0,99,000,00,2,3,03,A01
201100054682,0,33,000,00,2,7,03,B01
201100054682,0,07,000,00,2,5,01,C01
201100054683,0,07,000,00,2,1,01,B01
201100054683,0,33,000,00,2,4,01,A01
201100054684,0,07,000,00,2,1,02,A01
201100054684,0,07,000,00,2,4,02,B01
201100054684,0,07,000,00,2,4,01,C01
201100054685,0,33,000,03,0,3,01,A01
201100054686,0,33,000,00,2,3,03,A01
201100054686,0,34,000,00,2,5,03,B01
201100054687,0,31,000,00,2,7,03,A01
201100054687,0,07,000,00,2,6,11,B01
201100054688,0,07,000,03,0,1,13,A01
201100054689,0,07,000,04,2,2,14,A01
201100054689,0,07,000,00,2,3,01,B01
201100054690,0,07,000,04,0,1,13,A01
201100054690,0,07,000,04,0,4,21,B01
201100054691,0,07,000,00,0,9,17,A01
201100054692,0,07,000,00,2,6,11,A01
201100054692,0,33,000,00,2,5,01,B01
201100054693,0,07,000,04,0,0,01,A01
201100054694,0,07,000,00,0,5,14,A01
201100054694,0,34,000,00,2,3,01,C01
201100054694,0,38,000,00,2,3,13,B01
201100054695,0,07,000,04,0,3,01,A01
201100054696,0,07,000,03,2,2,14,A01
201100054696,0,07,000,03,2,6,01,B01
201100054697,0,07,000,06,0,5,00,A01
201100054698,0,07,000,00,0,2,02,A01
201100054698,0,10,000,00,2,4,02,B01
201100054699,0,07,000,00,2,4,02,B01
201100054699,0,07,000,00,2,1,02,A01
201100054700,0,07,000,04,0,1,09,A01
201100054701,0,07,000,00,2,8,12,B01
201100054701,0,07,000,00,0,4,02,C01
201100054701,0,33,000,00,2,3,03,A01
201100054702,0,33,000,00,2,1,01,A01
201100054702,0,07,000,00,2,4,11,B01
201100054703,0,34,000,00,0,2,01,A01
201100054704,0,33,000,00,2,1,02,A01
201100054704,0,07,000,00,2,5,02,B01
201100054705,0,07,000,00,6,1,02,A01
201100054706,0,07,000,00,0,4,02,B01
201100054706,0,10,000,00,2,1,02,A01
201100054707,0,33,000,00,2,3,03,A01
201100054707,0,07,000,00,2,2,00,B01
201100054708,0,33,000,00,0,3,01,A01
201100054709,0,07,000,03,0,0,00,A01
201100054710,0,07,000,04,2,1,11,A01
201100054710,0,07,000,00,2,1,02,B01
201100054710,0,38,059,00,2,6,01,C01
201100054711,0,07,000,04,0,3,11,A01
201100054712,0,07,000,00,2,3,01,A01
201100054712,0,07,000,00,2,5,23,B01
201100054712,0,07,000,00,0,5,23,C01
201100054713,0,33,000,00,2,1,03,A01
201100054713,0,07,000,00,0,8,01,B01
201100054713,0,10,000,00,0,4,01,C01
201100054714,0,07,000,00,2,4,01,E01
201100054714,0,07,000,00,2,4,01,C01
201100054714,0,07,000,00,2,4,14,D01
201100054714,0,07,000,00,2,4,01,B01
201100054714,0,07,000,00,2,1,13,A01
201100054715,0,07,000,00,2,2,01,C01
201100054715,0,14,000,00,0,0,12,B01
201100054715,0,07,000,04,2,1,01,A01
201100054716,2,07,000,00,0,0,01,A01
201100054716,0,07,000,00,1,1,01,B01
201100054717,2,07,000,00,2,3,11,A01
201100054717,0,07,000,00,2,2,01,B01
201100054718,1,14,000,00,0,0,00,Z01
201100054718,0,07,000,03,0,6,01,B01
201100054719,0,07,000,00,2,4,11,B01
201100054719,0,33,000,00,2,2,03,A01
201100054720,0,10,000,00,2,3,21,E01
201100054720,0,07,000,03,2,1,01,D01
201100054720,0,07,000,00,2,1,00,A01
201100054720,0,07,000,00,2,3,01,B01
201100054720,0,34,000,00,2,3,21,C01
201100054721,0,07,000,00,0,0,01,T01
201100054721,0,07,000,00,2,6,13,A01
201100054721,0,33,000,00,2,2,01,B01
201100054722,0,31,000,00,0,8,00,A01
201100054723,0,10,000,03,0,2,00,A01
201100054724,0,33,000,00,2,2,00,A01
201100054724,1,14,000,00,2,6,00,B01
201100054725,0,07,000,04,0,8,00,A01
201100054726,0,07,000,00,2,4,02,B01
201100054726,0,07,000,00,2,3,02,C01
201100054726,0,07,000,00,2,1,02,A01
201100054727,0,10,000,00,2,5,20,B01
201100054727,0,07,000,04,2,7,14,A01
201100054728,0,33,000,00,0,7,02,A01
201100054729,0,07,000,00,0,4,02,B01
201100054729,0,14,000,00,2,2,02,A01
201100054730,0,15,000,00,2,4,02,B01
201100054730,0,14,000,00,2,1,02,A01
201100054731,0,07,000,00,2,5,09,A01
201100054731,0,33,000,00,2,3,01,B01
201100054732,0,07,000,03,0,3,00,A01
201100054733,0,32,000,00,0,7,01,A01
201100054734,0,31,000,01,2,1,01,C01
201100054734,0,07,000,00,2,1,01,B01
201100054734,0,31,000,00,2,7,09,A01
201100054735,0,32,000,06,0,1,02,A01
201100054736,0,07,000,04,2,6,02,B01
201100054736,0,07,000,00,2,2,02,A01
201100054737,0,07,000,00,0,4,02,B01
201100054737,0,07,000,00,2,1,02,A01
201100054738,0,33,000,06,0,3,02,A01
201100054739,0,07,000,00,0,4,02,B01
201100054739,0,33,000,00,2,1,02,A01
201100054740,0,07,000,00,2,4,01,A01
201100054740,0,07,000,00,2,4,24,B01
201100054741,0,07,000,00,2,4,02,C01
201100054741,0,07,000,00,2,4,02,B01
201100054741,0,07,000,00,2,1,02,A01
201100054742,0,10,000,13,0,2,01,A01
201100054743,0,10,000,04,0,3,01,B01
201100054743,0,07,000,00,2,2,12,A01
201100054744,0,07,000,04,0,1,11,A01
201100054745,0,07,000,03,0,7,17,A01
201100054746,0,07,000,00,2,4,01,A01
201100054746,0,07,000,00,2,4,01,B01
201100054746,0,07,000,00,2,1,02,C01
201100054747,0,07,000,00,2,1,01,A01
201100054747,0,07,000,00,2,4,01,B01
201100054748,0,07,000,04,0,1,00,A01
201100054749,0,07,000,00,2,1,21,B01
201100054749,0,07,000,00,2,4,21,A01
201100054750,0,07,000,00,2,6,11,A01
201100054750,0,33,000,00,2,1,01,B01
201100054751,0,07,000,00,2,4,01,A01
201100054751,0,07,000,00,2,5,23,B01
201100054751,0,10,000,00,2,1,02,D01
201100054751,0,07,000,01,0,3,21,C01
201100054752,0,07,000,03,0,1,00,A01
201100054753,0,07,000,00,0,4,02,B01
201100054753,0,07,000,00,2,1,01,A01
201100054754,0,20,000,00,2,6,02,B01
201100054754,0,07,000,00,2,2,14,A01
201100054755,0,07,000,03,0,9,01,A01
201100054756,0,07,000,04,0,3,01,A01
201100054757,0,07,000,00,2,6,24,A01
201100054757,0,07,000,00,2,2,01,B01
201100054758,0,07,000,13,0,1,00,A01
201100054759,0,07,000,00,2,4,02,C01
201100054759,0,07,000,00,2,4,01,A01
201100054759,0,07,000,00,2,1,02,D01
201100054759,0,07,000,00,2,4,02,B01
201100054760,0,33,000,00,2,7,03,B01
201100054760,0,07,000,00,2,8,11,A01
201100054761,0,07,000,15,0,9,01,A01
201100054762,0,07,000,00,2,1,02,B01
201100054762,0,07,000,00,2,4,01,A01
201100054763,0,33,000,03,0,8,00,A01
201100054764,0,07,000,13,0,3,01,A01
201100054765,0,14,000,00,2,1,01,B01
201100054765,0,07,000,00,2,7,01,A01
201100054766,0,07,000,02,0,1,01,A01
201100054767,0,07,000,00,2,1,01,B01
201100054767,0,07,000,00,2,5,14,A01
201100054768,0,07,000,00,2,3,01,A01
201100054768,0,07,000,00,2,7,01,B01
201100054769,0,33,000,00,0,1,09,A01
201100054770,0,07,000,00,2,1,02,B01
201100054770,0,15,000,00,2,4,01,A01
201100054771,0,07,000,15,0,4,01,A01
201100054772,0,07,000,00,2,1,02,C01
201100054772,0,07,000,00,2,4,02,B01
201100054772,0,07,000,00,2,4,01,A01
201100054773,0,10,000,00,2,1,12,C01
201100054773,0,07,000,00,2,4,23,B01
201100054773,0,07,000,00,2,4,23,A01
201100054774,0,07,000,06,0,7,01,A01
201100054775,0,10,000,00,2,1,01,A01
201100054775,0,17,000,00,0,4,02,B01
201100054776,0,07,000,00,2,1,01,A01
201100054776,0,07,000,00,2,4,02,B01
201100054777,0,14,000,00,2,8,02,B01
201100054777,0,07,000,00,2,2,14,A01
201100054778,0,07,000,14,2,1,01,C01
201100054778,0,07,000,14,2,1,01,B01
201100054778,0,07,000,00,2,1,01,A01
201100054779,0,33,000,00,2,7,03,A01
201100054779,0,07,000,00,2,8,11,B01
201100054780,0,07,000,09,0,1,01,A01
201100054781,0,07,000,04,0,3,00,A01
201100054782,0,07,000,00,0,0,00,A01
201100054783,0,33,000,00,0,7,01,A01
201100054784,0,07,000,00,0,1,14,A01
201100054785,0,07,000,00,2,1,02,A01
201100054785,0,07,000,00,0,4,02,B01
201100054786,0,07,000,00,2,4,02,B01
201100054786,0,07,000,00,2,1,01,A01
201100054787,0,31,000,00,0,1,03,A01
201100054788,0,33,000,00,0,0,03,A01
201100054789,0,15,000,00,2,4,02,B01
201100054789,0,15,000,00,2,1,01,A01
201100054789,0,15,000,00,0,4,02,C01
201100054790,0,33,000,00,0,7,01,A01
201100054791,0,07,000,00,2,5,01,A01
201100054791,0,07,000,00,2,3,09,B01
201100054792,0,07,000,00,2,4,01,A01
201100054792,0,32,000,00,2,1,02,B01
201100054793,0,07,000,00,2,4,00,A01
201100054793,0,07,000,00,2,4,02,B01
201100054793,0,07,000,00,2,1,02,C01
201100054794,0,07,000,00,0,3,13,A01
201100054794,0,07,000,04,0,1,21,C01
201100054794,0,07,000,01,0,3,01,D01
201100054794,0,07,000,04,2,1,02,B01
201100054795,0,07,000,14,0,7,01,A01
201100054796,0,07,000,00,0,9,01,A01
201100054797,0,07,000,03,0,2,01,A01
201100054798,0,07,000,01,0,2,01,A01
201100054799,0,07,000,04,0,1,17,A01
201100054800,0,07,000,00,2,1,01,A01
201100054800,0,01,000,00,2,8,01,B01
201100054801,0,34,000,00,2,1,03,A01
201100054801,0,07,000,00,2,2,02,B01
201100054802,0,07,000,04,2,8,11,A01
201100054802,0,33,000,00,2,1,03,B01
201100054803,0,07,000,04,0,1,12,A01
201100054804,0,07,000,00,2,4,12,B01
201100054804,0,34,000,00,2,1,03,A01
201100054805,0,07,000,00,2,4,01,A01
201100054805,0,13,000,00,2,1,02,B01
201100054806,0,07,000,03,0,8,01,A01
201100054807,0,07,000,00,2,4,01,B01
201100054807,0,07,000,00,2,4,01,C01
201100054807,0,07,000,00,2,1,01,D01
201100054807,0,07,000,00,2,4,01,A01
201100054808,0,34,000,00,2,1,02,B01
201100054808,0,07,000,00,2,4,01,A01
201100054809,0,10,000,06,0,1,01,A01
201100054810,0,07,000,00,2,6,01,A01
201100054810,0,15,000,00,2,2,12,B01
201100054811,0,33,000,00,2,2,03,B01
201100054811,0,07,000,00,2,8,01,A01
201100054812,0,10,000,00,2,6,23,A01
201100054812,0,07,000,01,2,2,21,B01
201100054813,0,07,000,00,2,1,02,C01
201100054813,0,07,000,00,2,4,01,A01
201100054813,0,07,000,00,2,5,02,B01
201100054814,0,07,000,00,2,4,09,A01
201100054814,0,07,000,00,2,1,02,B01
201100054815,0,03,000,00,2,1,21,A01
201100054815,0,07,000,03,2,1,21,B01
201100054816,0,07,000,00,2,9,13,A01
201100054816,0,07,000,00,2,2,01,B01
201100054817,0,07,000,04,0,3,11,A01
201100054818,0,07,000,04,0,1,01,A01
201100054819,0,07,000,00,2,8,01,B01
201100054819,0,15,000,00,2,1,01,C01
201100054819,0,13,000,04,2,1,06,A01
201100054820,0,10,000,00,2,3,02,B01
201100054820,0,33,000,00,2,5,01,A01
201100054821,0,34,000,00,0,0,01,A01
201100054822,0,07,000,00,2,4,09,A01
201100054822,0,33,000,00,2,1,02,B01
201100054823,0,10,000,00,2,1,02,A01
201100054823,0,07,000,00,2,4,01,B01
201100054824,0,14,000,00,0,6,02,B01
201100054824,0,07,000,04,2,3,13,A01
201100054825,0,07,000,04,0,1,01,A01
201100054826,0,07,000,00,2,6,01,B01
201100054826,0,07,000,00,2,1,01,A01
201100054826,0,07,000,00,2,7,01,C01
201100054827,0,07,000,00,2,4,01,A01
201100054827,0,07,000,00,2,1,01,B01
201100054828,0,07,000,00,2,4,02,B01
201100054828,0,07,000,00,2,4,02,C01
201100054828,0,07,000,00,2,4,02,E01
201100054828,0,07,000,00,2,1,01,A01
201100054828,0,07,000,00,2,4,02,D01
201100054829,0,07,000,00,9,1,01,A01
201100054830,0,07,000,04,0,1,09,A01
201100054831,0,07,000,00,2,1,02,C01
201100054831,0,07,000,00,0,4,01,A01
201100054831,0,10,000,00,2,4,02,B01
201100054832,0,31,000,00,2,7,03,A01
201100054832,0,07,000,00,2,6,11,B01
201100054833,0,33,000,04,2,1,01,A01
201100054833,0,07,000,00,2,4,02,B01
201100054834,0,07,000,00,2,6,11,A01
201100054834,0,33,000,00,2,2,03,B01
201100054835,0,07,000,00,2,1,02,C01
201100054835,0,33,000,00,2,1,02,B01
201100054835,0,07,000,00,2,4,01,A01
201100054836,0,07,000,03,2,1,21,A01
201100054837,0,07,000,00,2,2,14,A01
201100054837,0,14,000,00,2,6,01,B01
201100054838,0,07,000,00,0,0,01,A01
201100054839,0,07,000,00,2,1,01,D01
201100054839,0,07,000,00,2,3,01,C01
201100054839,0,07,000,00,2,5,01,B01
201100054839,0,07,000,00,2,4,01,A01
201100054840,0,07,000,00,9,1,01,A01
201100054841,0,07,000,04,0,3,00,A01
201100054842,0,33,000,00,0,1,02,A01
201100054842,0,10,000,00,0,4,01,B01
201100054843,0,07,000,00,2,1,01,A01
201100054843,0,07,000,00,2,4,02,B01
201100054844,0,33,000,00,2,1,02,A01
201100054844,0,07,000,00,2,4,01,B01
201100054845,0,07,000,00,2,1,02,A01
201100054845,0,07,000,00,0,4,01,C01
201100054845,0,07,000,00,0,4,02,B01
201100054846,0,07,000,00,0,4,16,A01
201100054846,0,07,000,00,2,1,01,B01
201100054846,0,14,000,00,2,4,01,C01
201100054847,0,07,000,00,2,4,01,A01
201100054847,0,33,000,00,2,1,03,B01
201100054848,0,07,000,00,1,6,01,A01
201100054849,0,07,000,04,2,8,01,A01
201100054849,0,15,000,00,2,2,12,B01
201100054850,0,07,000,00,2,4,02,B01
201100054850,0,07,000,00,2,4,01,A01
201100054850,0,10,000,00,2,1,02,C01
201100054851,0,10,000,00,2,6,11,A01
201100054851,0,33,000,00,2,1,03,B01
201100054852,0,33,000,00,2,1,03,B01
201100054852,0,99,000,00,2,4,03,A01
201100054853,0,07,000,00,2,1,01,A01
201100054854,0,07,000,00,2,1,14,B01
201100054854,0,07,000,13,2,6,01,A01
201100054855,0,07,000,00,2,6,11,A01
201100054855,0,33,000,04,2,2,01,B01
201100054856,0,07,000,04,2,6,09,A01
201100054856,0,15,000,00,2,2,01,B01
201100054857,0,17,000,00,0,0,01,A01
201100054858,0,07,000,00,0,2,00,A01
201100054859,0,07,000,00,2,4,02,B01
201100054859,0,07,000,00,2,1,01,A01
201100054860,0,15,000,00,0,2,02,B01
201100054860,0,07,000,00,2,4,01,A01
201100054861,0,33,000,00,2,4,23,A01
201100054861,0,10,000,00,2,1,02,B01
201100054862,0,07,000,00,0,0,00,B01
201100054862,0,07,000,00,0,0,00,A01
201100054863,0,07,000,00,2,8,11,A01
201100054863,0,33,000,00,2,7,01,B01
201100054864,0,07,000,04,0,1,17,A01
201100054865,0,07,000,04,0,9,21,A01
201100054866,0,07,000,00,2,1,02,B01
201100054866,0,07,000,00,2,4,01,A01
201100054867,0,31,000,00,2,1,01,A01
201100054867,1,07,000,00,2,4,02,B01
201100054868,0,07,000,00,2,4,02,C01
201100054868,0,07,000,00,2,4,02,B01
201100054868,0,07,000,00,2,1,01,A01
201100054869,0,07,000,00,0,9,21,A01
201100054870,0,07,000,00,0,4,02,A01
201100054870,0,07,000,00,2,1,02,D01
201100054870,0,07,000,00,2,4,02,C01
201100054870,0,07,000,00,2,4,02,B01
201100054871,0,07,000,00,2,4,01,A01
201100054871,0,07,000,00,2,1,02,B01
201100054872,0,07,000,00,0,8,01,B01
201100054872,0,33,000,00,0,7,01,A01
201100054873,0,34,000,00,2,2,14,A01
201100054873,0,15,000,00,2,3,01,B01
201100054874,0,07,000,00,2,1,13,B01
201100054874,0,33,000,00,2,1,01,A01
201100054875,0,15,000,03,0,7,14,A01
201100054876,0,31,000,00,9,0,00,A01
201100054877,0,07,000,00,2,4,02,A01
201100054877,0,07,000,00,2,1,02,B01
201100054878,0,07,000,00,2,8,13,A01
201100054878,0,33,000,00,2,1,01,B01
201100054879,0,07,000,00,2,4,01,B01
201100054879,0,33,000,00,2,1,01,A01
201100054880,0,33,000,16,0,1,01,A01
201100054881,0,07,000,00,0,1,01,A01
201100054882,0,07,000,04,0,6,01,A01
201100054883,0,07,000,00,2,4,01,B01
201100054883,2,07,000,14,1,1,01,A01
201100054884,0,20,000,00,0,0,00,A01
201100054885,0,07,000,04,0,2,01,A01
201100054886,0,33,000,00,0,0,03,A01
201100054887,0,10,000,00,0,9,00,A01
201100054888,0,33,000,00,2,1,02,B01
201100054888,0,14,000,00,0,4,01,A01
201100054889,0,07,000,00,2,8,01,B01
201100054889,0,07,000,00,2,7,01,A01
201100054889,0,33,000,00,2,8,03,C01
201100054890,0,15,000,00,2,2,12,A01
201100054890,0,07,000,00,2,3,01,B01