Num_Acc,senc,catv,occutc,obs,obsm,choc,manv,num_veh
201100054891,0,32,000,00,2,8,03,B01
201100054891,0,07,000,00,2,7,12,A01
201100054892,0,07,000,00,2,8,09,A01
201100054892,0,07,000,00,2,7,17,C01
201100054892,0,15,000,00,2,2,01,B01
201100054893,0,10,000,00,0,0,06,B01
201100054893,2,07,000,03,0,3,06,A01
201100054893,0,07,000,00,0,0,00,F02
201100054893,0,07,000,00,0,0,00,E01
201100054893,0,07,000,00,0,0,00,D01
201100054893,0,07,000,00,0,0,06,C01
201100054894,0,33,000,00,2,5,13,B01
201100054894,0,07,000,04,0,1,09,A01
201100054895,0,07,000,00,0,8,11,A01
201100054895,0,32,000,00,2,2,03,B01
201100054896,0,14,000,00,2,4,01,A01
201100054896,0,07,000,00,2,1,02,B01
201100054897,0,31,000,00,2,7,01,A01
201100054897,1,07,000,00,0,0,11,Z01
201100054898,0,99,000,00,2,5,01,A01
201100054898,0,10,000,00,2,1,02,C01
201100054898,0,07,000,00,2,5,02,B01
201100054899,1,07,000,00,2,0,00,Z01
201100054899,0,31,000,00,2,8,01,A01
201100054899,0,07,000,00,2,8,01,B01
201100054900,0,07,000,00,2,4,02,B01
201100054900,0,07,000,00,2,4,01,C01
201100054900,0,07,000,00,2,1,01,A01
201100054901,0,07,000,04,0,1,01,A01
201100054902,0,07,000,00,2,1,01,A01
201100054902,0,07,000,00,0,4,02,B01
201100054903,0,07,000,00,2,4,01,B01
201100054903,0,07,000,00,2,1,02,A01
201100054904,0,07,000,00,0,7,02,B01
201100054904,0,33,000,00,2,8,01,A01
201100054905,0,33,000,00,2,8,00,B01
201100054905,0,33,000,00,2,3,01,A01
201100054906,0,07,000,01,2,1,02,B01
201100054906,0,07,000,00,0,4,01,A01
201100054907,0,32,000,03,2,4,09,A01
201100054907,0,32,000,07,2,4,01,B01
201100054908,0,07,000,03,0,2,14,A01
201100054909,0,10,000,00,6,1,01,A01
201100054910,0,07,000,00,2,8,11,A01
201100054910,0,33,000,00,2,1,03,B01
201100054911,0,33,000,00,0,7,01,A01
201100054912,0,07,000,03,0,1,09,A01
201100054913,0,07,000,00,0,5,01,A01
201100054913,0,33,000,00,2,1,02,B01
201100054914,0,07,000,00,2,3,11,A01
201100054914,0,33,000,00,2,1,03,B01
201100054915,0,33,000,00,0,0,00,A01
201100054915,1,07,000,00,0,0,00,Z01
201100054916,0,07,000,00,2,4,01,A01
201100054916,1,07,000,00,2,1,02,Z01
201100054917,0,33,000,00,2,3,11,A01
201100054917,0,07,000,00,2,5,01,B01
201100054918,0,07,000,00,2,3,11,B01
201100054918,0,07,000,00,0,5,01,A01
201100054919,0,15,000,00,2,2,14,A01
201100054919,0,07,000,01,2,8,01,B01
201100054919,0,10,000,01,2,8,01,C01
201100054919,0,15,000,00,1,8,24,D01
201100054920,0,33,000,00,2,1,13,B01
201100054920,0,07,000,00,2,5,01,A01
201100054921,0,07,000,00,2,4,01,B01
201100054921,0,07,000,00,2,1,02,A01
201100054922,0,07,000,01,0,1,14,B01
201100054922,0,15,000,00,2,4,24,A01
201100054923,0,07,000,00,2,1,02,B01
201100054923,0,07,000,00,2,4,01,A01
201100054924,0,07,000,00,2,1,01,A01
201100054924,0,14,000,00,2,4,02,B01
201100054925,0,07,000,04,0,8,11,A01
201100054926,0,07,000,00,2,4,01,A01
201100054926,0,33,000,00,2,1,02,B01
201100054927,0,33,000,00,2,1,02,B01
201100054927,0,07,000,00,2,6,01,A01
201100054928,0,07,000,00,0,5,01,C01
201100054928,0,15,000,00,0,3,01,A01
201100054928,0,07,000,00,0,1,00,B01
201100054929,0,07,000,00,2,4,01,A01
201100054929,0,07,000,00,2,1,02,B01
201100054930,0,07,000,00,0,4,01,A01
201100054930,0,34,000,00,2,1,02,B01
201100054931,0,07,000,00,2,9,02,C01
201100054931,0,10,000,00,2,1,02,D01
201100054931,0,07,000,00,2,9,02,B01
201100054931,0,07,000,00,2,4,02,A01
201100054932,0,33,000,00,2,7,03,A01
201100054932,0,07,000,00,2,4,11,B01
201100054933,0,07,000,00,2,2,13,A01
201100054933,0,07,000,00,2,3,01,B01
201100054934,0,07,000,00,9,1,01,A01
201100054935,0,07,000,04,0,7,12,A01
201100054936,0,07,000,00,2,8,02,B01
201100054936,0,15,000,00,2,2,12,A01
201100054936,0,07,000,00,2,3,02,C01
201100054937,0,07,000,00,0,5,23,A01
201100054937,0,07,000,00,2,3,02,B01
201100054938,0,07,000,00,0,4,02,B01
201100054938,0,07,000,00,2,1,01,A01
201100054939,1,07,000,00,2,1,01,A01
201100054939,0,07,000,00,2,4,02,B01
201100054940,0,07,000,00,2,8,02,A01
201100054940,0,17,000,00,2,7,12,B01
201100054941,0,07,000,00,2,2,01,A01
201100054941,0,07,000,00,2,6,02,B01
201100054942,0,07,000,00,2,6,01,A01
201100054942,0,15,000,00,2,2,12,B01
201100054943,0,14,000,00,2,4,01,B01
201100054943,0,07,000,00,2,1,02,C01
201100054943,0,07,000,00,2,4,01,A01
201100054944,0,07,000,04,0,6,01,A01
201100054945,0,07,000,00,2,7,12,A01
201100054945,0,33,000,03,2,1,01,B01
201100054946,0,07,000,00,2,2,01,A01
201100054946,0,07,000,00,2,4,02,B01
201100054947,0,07,000,00,2,4,02,B01
201100054947,0,07,000,00,2,1,02,C01
201100054947,0,07,000,00,2,4,01,A01
201100054948,0,33,000,00,0,1,01,A01
201100054949,0,07,000,00,2,2,01,B01
201100054949,1,07,000,00,2,8,11,A01
201100054950,0,07,000,00,2,1,01,A01
201100054950,0,07,000,00,2,4,01,C01
201100054950,0,07,000,00,2,4,01,B01
201100054951,0,07,000,00,2,7,01,A01
201100054951,0,07,000,00,2,3,13,B01
201100054952,0,15,000,00,2,4,02,F02
201100054952,0,07,000,00,2,5,02,D01
201100054952,0,07,000,00,2,1,02,B01
201100054952,0,07,000,00,2,4,02,C01
201100054952,0,07,000,00,2,4,01,A01
201100054952,0,07,000,00,2,4,02,E01
201100054953,0,33,000,00,2,2,03,B01
201100054953,0,07,000,00,2,6,09,A01
201100054954,0,10,000,00,0,2,00,C01
201100054954,0,15,000,00,0,7,00,A01
201100054954,0,07,000,00,0,9,00,B01
201100054955,0,07,000,00,2,6,11,A01
201100054955,0,33,000,00,2,1,03,B01
201100054956,0,10,000,00,2,4,01,C01
201100054956,0,10,000,00,2,4,02,B01
201100054956,0,10,000,00,2,1,02,A01
201100054957,0,07,000,00,2,1,02,B01
201100054957,0,07,000,00,2,4,01,A01
201100054958,0,07,000,00,2,0,01,C01
201100054958,0,34,000,00,0,8,11,B01
201100054958,0,07,000,00,2,7,03,A01
201100054959,0,07,000,00,2,4,01,A01
201100054959,0,07,000,00,2,1,02,B01
201100054960,0,33,000,00,2,3,18,A01
201100054960,0,07,000,00,2,2,12,B01
201100054961,0,10,000,00,2,1,02,C01
201100054961,0,07,000,00,2,4,01,A01
201100054961,0,10,000,00,2,4,02,B01
201100054962,0,07,000,00,2,2,12,A01
201100054962,0,33,000,00,2,8,03,B01
201100054963,0,07,000,04,0,1,17,A01
201100054964,0,07,000,08,0,1,01,A01
201100054965,0,33,000,00,0,0,00,B01
201100054965,0,10,000,00,0,0,00,A01
201100054966,0,15,000,00,2,1,09,C01
201100054966,0,07,000,00,2,8,09,A01
201100054966,0,07,000,00,2,1,02,B01
201100054967,0,33,000,04,0,8,01,A01
201100054968,0,07,000,13,0,9,01,A01
201100054969,0,14,000,00,0,0,01,A01
201100054970,1,07,000,00,2,1,01,Z01
201100054970,0,07,000,00,2,4,01,B01
201100054970,0,07,000,00,2,4,01,A01
201100054971,0,33,000,00,2,3,03,C01
201100054971,0,07,000,00,2,5,01,A01
201100054971,0,07,000,00,2,8,13,B01
201100054972,0,07,000,00,2,1,01,A01
201100054972,0,07,000,00,2,4,02,C01
201100054972,0,07,000,00,2,1,02,B01
201100054973,0,34,000,14,0,1,01,A01
201100054974,0,32,000,00,2,2,03,C01
201100054974,0,10,000,00,2,8,11,B01
201100054974,0,07,000,00,2,7,01,A01
201100054975,0,31,000,00,0,1,01,A01
201100054976,0,07,000,00,2,6,02,B01
201100054976,0,07,000,00,2,1,01,A01
201100054977,0,07,000,00,0,4,02,B01
201100054977,0,32,000,00,2,1,01,A01
201100054978,0,33,000,00,2,8,03,A01
201100054978,0,07,000,00,2,7,12,B01
201100054978,0,07,000,00,2,8,01,C01
201100054979,0,32,000,00,2,1,09,B01
201100054979,0,07,000,00,0,4,01,A01
201100054980,0,07,000,00,0,9,00,A01
201100054981,1,07,000,00,2,7,14,Z01
201100054981,0,07,000,00,2,8,01,A01
201100054982,0,07,000,00,2,7,01,A01
201100054982,0,33,000,00,2,8,03,B01
201100054983,0,07,000,00,2,4,01,A01
201100054983,0,33,000,00,2,1,02,B01
201100054984,0,07,000,00,2,1,01,C01
201100054984,0,07,000,00,2,4,23,B01
201100054984,0,07,000,00,2,4,23,A01
201100054985,0,33,000,00,2,1,02,C01
201100054985,0,07,000,00,2,8,01,A01
201100054985,0,07,000,00,2,6,01,B01
201100054986,0,07,000,00,2,8,01,B01
201100054986,0,07,000,00,2,2,12,A01
201100054987,0,07,000,00,2,1,01,A01
201100054987,0,07,000,00,2,4,02,B01
201100054987,0,07,000,00,2,4,02,D01
201100054987,0,07,000,00,2,4,02,C01
201100054988,0,33,000,00,2,1,03,B01
201100054988,0,07,000,00,2,5,01,A01
201100054989,0,34,000,06,0,3,00,A01
201100054990,0,07,000,00,2,4,02,B01
201100054990,0,07,000,00,2,4,02,C01
201100054990,0,07,000,00,2,4,01,D01
201100054990,0,07,000,00,2,1,02,A01
201100054991,0,33,000,00,0,0,00,A01
201100054992,0,07,000,00,0,1,01,A01
201100054993,0,17,000,00,2,3,01,B01
201100054993,0,07,000,00,2,8,13,A01
201100054994,0,15,000,00,2,1,14,A01
201100054994,0,07,000,00,2,8,01,B01
201100054995,0,07,000,00,2,8,02,C01
201100054995,0,07,000,00,2,4,02,B01
201100054995,0,07,000,00,2,1,01,A01
201100054995,0,07,000,00,2,4,02,D01
201100054996,0,07,000,00,2,4,02,B01
201100054996,0,14,000,00,2,1,02,C01
201100054996,0,07,000,00,2,4,02,A01
201100054997,0,33,000,00,2,1,03,A01
201100054997,0,07,000,00,2,8,01,B01
201100054998,0,07,000,00,2,4,01,A01
201100054998,0,33,000,00,2,1,17,B01
201100054999,0,07,000,04,0,3,13,A01
201100055000,0,33,000,00,0,9,01,A01
201100055001,0,33,000,00,2,4,01,A01
201100055001,1,07,000,00,2,1,02,Z01
201100055002,0,15,000,00,1,5,04,A01
201100055003,0,31,000,00,0,7,01,A01
201100055004,0,33,000,00,0,7,01,A01
201100055005,0,07,000,04,0,1,01,A01
201100055006,0,33,000,04,2,7,01,B01
201100055006,0,07,000,04,2,8,01,A01
201100055007,0,33,000,00,2,3,00,B01
201100055007,0,07,000,00,2,7,12,A01
201100055008,0,33,000,00,0,7,01,A01
201100055009,0,07,000,15,0,9,21,A01
201100055010,0,33,000,00,2,2,03,B01
201100055010,0,07,000,00,2,6,11,A01
201100055011,0,15,000,03,0,1,13,A01
201100055011,0,15,000,00,2,2,00,B01
201100055012,0,07,000,00,2,4,01,A01
201100055012,0,07,000,00,2,1,02,B01
201100055013,0,15,000,00,2,6,00,C01
201100055013,0,07,000,00,2,2,00,B01
201100055013,0,33,000,00,2,3,01,A01
201100055014,0,33,000,00,2,3,03,A01
201100055014,0,07,000,00,0,2,00,B01
201100055014,0,07,000,00,0,3,00,C01
201100055015,0,32,000,00,2,2,09,A01
201100055015,0,07,000,00,2,4,01,B01
201100055016,0,07,000,00,2,8,15,A01
201100055016,0,33,000,00,2,1,18,B01
201100055017,0,07,000,00,2,4,02,B01
201100055017,0,07,000,00,2,1,02,A01
201100055018,0,07,000,01,2,1,02,C01
201100055018,0,07,000,01,2,4,02,B01
201100055018,0,07,000,00,2,4,01,A01
201100055019,0,07,000,00,2,1,02,C01
201100055019,0,07,000,00,2,1,02,B01
201100055019,0,07,000,00,2,1,05,A01
201100055020,0,07,000,03,0,3,01,A01
201100055021,0,10,000,00,2,1,11,A01
201100055021,0,15,000,00,2,6,01,B01
201100055022,0,07,000,00,0,1,01,A01
201100055023,0,15,000,02,2,1,21,C01
201100055023,0,07,000,00,2,4,04,A01
201100055023,0,10,000,00,2,2,21,B01
201100055024,0,33,000,00,2,1,03,A01
201100055024,0,07,000,00,2,5,12,B01
201100055025,0,07,000,00,0,4,01,A01
201100055025,1,07,000,00,2,1,14,Z01
201100055026,0,07,000,00,2,4,01,A01
201100055026,0,07,000,00,2,2,02,B01
201100055027,0,07,000,00,2,1,00,A01
201100055027,0,07,000,00,2,4,02,B01
201100055028,0,07,000,00,2,6,01,B01
201100055028,0,32,000,00,2,7,03,A01
201100055029,0,07,000,00,2,4,02,B01
201100055029,0,07,000,00,2,4,01,A01
201100055029,0,07,000,00,2,1,02,C01
201100055030,0,10,000,00,2,4,02,C01
201100055030,0,10,000,00,2,4,02,B01
201100055030,0,10,000,00,2,1,01,A01
201100055031,0,33,000,00,2,8,01,A01
201100055031,0,07,000,00,2,7,12,B01
201100055032,0,10,000,00,2,3,02,B01
201100055032,0,10,000,00,2,5,01,A01
201100055033,0,33,000,00,0,1,01,A01
201100055034,0,33,000,00,2,3,03,A01
201100055034,0,07,000,00,2,5,12,B01
201100055035,0,33,000,00,2,3,03,B01
201100055035,0,07,000,00,2,5,12,A01
201100055036,0,14,000,13,0,8,13,A01
201100055037,0,07,000,00,2,5,02,A01
201100055037,0,33,000,00,2,1,03,B01
201100055038,0,07,000,04,2,8,11,B01
201100055038,0,13,000,00,2,1,01,A01
201100055039,0,07,000,00,2,6,11,A01
201100055039,0,34,000,00,2,1,03,B01
201100055040,0,07,000,00,2,2,14,A01
201100055040,0,15,000,00,2,3,02,B01
201100055041,0,07,000,00,0,4,02,A01
201100055041,0,07,000,00,2,1,02,C01
201100055041,0,07,000,00,2,1,02,B01
201100055042,0,33,000,00,0,7,01,A01
201100055043,0,07,000,00,2,1,01,A01
201100055043,0,07,000,00,2,4,02,B01
201100055044,0,07,000,04,0,1,01,A01
201100055045,0,07,000,00,2,8,01,B01
201100055045,0,07,000,00,2,7,14,A01
201100055046,0,07,000,00,2,1,02,A01
201100055046,0,07,000,00,2,4,02,C01
201100055046,0,07,000,00,2,4,02,B01
201100055047,0,07,000,00,2,4,01,A01
201100055047,0,07,000,00,2,1,02,B01
201100055048,0,07,000,00,2,2,02,B01
201100055048,1,15,000,00,2,1,02,Z01
201100055048,0,07,000,00,2,4,01,A01
201100055049,0,07,000,03,0,3,01,A01
201100055050,0,07,000,00,0,0,00,A01
201100055051,0,07,000,00,2,1,01,B01
201100055051,0,07,000,00,2,3,05,A01
201100055052,0,07,000,03,0,8,00,A01
201100055053,0,15,000,04,0,3,01,A01
201100055054,0,33,000,00,0,3,01,A01
201100055055,0,07,000,00,2,4,01,A01
201100055055,0,33,000,00,0,1,12,C01
201100055055,0,34,000,01,2,1,01,B01
201100055055,0,07,000,00,2,1,01,D01
201100055056,0,07,000,00,2,8,11,A01
201100055056,0,33,000,00,2,2,03,C01
201100055056,0,33,000,00,2,7,03,B01
201100055057,0,07,000,00,2,3,13,A01
201100055057,0,07,000,00,2,3,01,B01
201100055058,0,07,000,00,2,4,02,C01
201100055058,0,07,000,00,2,4,02,D01
201100055058,0,07,000,00,2,1,02,A01
201100055058,0,07,000,00,2,4,02,B01
201100055059,0,07,000,00,2,3,17,A01
201100055059,0,07,000,00,2,8,21,B01
201100055060,0,17,000,06,0,0,01,A01
201100055061,0,07,000,00,2,7,12,A01
201100055061,0,33,000,00,2,8,01,B01
201100055062,0,07,000,03,0,1,01,A01
201100055063,0,33,000,00,2,8,13,A01
201100055063,1,15,000,00,2,8,01,Z01
201100055064,0,33,000,00,2,1,02,B01
201100055064,0,07,000,00,2,5,01,A01
201100055065,0,07,000,04,0,1,01,A01
201100055066,0,33,000,00,2,2,01,B01
201100055066,0,07,000,00,2,6,11,A01
201100055067,0,10,000,00,2,5,01,A01
201100055067,0,33,000,00,2,1,01,B01
201100055068,0,31,000,00,0,0,01,A01
201100055069,0,07,000,00,2,1,02,C01
201100055069,0,07,000,00,2,4,02,A01
201100055069,0,07,000,00,2,4,02,B01
201100055070,0,07,000,00,2,6,09,B01
201100055070,0,15,000,00,2,2,01,A01
201100055071,0,07,000,00,2,4,02,B01
201100055071,0,10,000,00,2,1,02,A01
201100055072,0,34,000,00,2,3,03,B01
201100055072,0,07,000,00,2,7,01,A01
201100055073,0,07,000,00,0,4,02,A01
201100055073,0,07,000,00,2,4,02,B01
201100055073,0,07,000,00,2,1,02,C01
201100055074,0,07,000,00,0,4,01,A01
201100055074,0,10,000,00,2,4,01,B01
201100055074,0,10,000,00,2,4,01,C01
201100055074,0,07,000,00,2,4,01,D01
201100055074,0,07,000,00,2,4,01,E01
201100055074,0,07,000,00,2,1,02,F02
201100055075,0,07,000,00,0,0,01,A01
201100055076,0,10,000,00,0,1,00,B01
201100055076,0,37,004,00,2,7,01,A01
201100055077,0,07,000,00,0,8,01,A01
201100055077,0,07,000,00,2,7,14,B01
201100055078,0,07,000,00,0,5,02,C01
201100055078,0,07,000,00,2,4,01,B01
201100055078,0,07,000,00,2,1,01,A01
201100055079,0,07,000,00,2,4,01,A01
201100055079,0,07,000,00,2,1,02,C01
201100055079,0,07,000,00,2,4,02,B01
201100055080,0,07,000,00,2,7,12,A01
201100055080,0,34,000,00,2,8,02,B01
201100055081,0,33,000,00,0,0,01,A01
201100055082,0,34,000,00,2,1,02,B01
201100055082,0,07,000,00,2,4,01,A01
201100055083,0,07,000,00,2,4,01,B01
201100055083,0,33,000,00,2,1,14,A01
201100055084,0,33,000,00,2,1,01,B01
201100055084,0,07,000,00,2,5,14,A01
201100055085,0,07,000,04,0,3,13,A01
201100055086,0,07,000,03,2,7,01,B01
201100055086,0,17,000,00,2,3,11,A01
201100055087,0,34,000,00,2,1,02,A01
201100055087,0,07,000,00,0,4,01,B01
201100055088,0,07,000,03,0,1,00,A01
201100055089,0,32,000,00,2,8,03,A01
201100055089,0,07,000,00,2,7,01,B01
201100055090,0,15,000,00,2,8,01,A01
201100055090,0,07,000,00,2,5,14,B01
201100055090,0,07,000,00,2,1,02,C01
201100055090,0,07,000,00,2,6,01,D01
201100055091,0,07,000,00,2,4,01,A01
201100055091,1,14,000,00,2,1,02,B01
201100055092,0,34,000,00,2,1,02,B01
201100055092,0,07,000,00,2,4,01,A01
201100055093,0,99,000,01,0,1,01,B01
201100055093,0,07,000,00,2,5,24,A01
201100055094,0,33,000,12,0,2,01,A01
201100055095,0,07,000,04,0,2,01,A01
201100055096,0,07,000,00,2,4,01,A01
201100055096,0,07,000,00,2,1,02,B01
201100055096,0,07,000,00,2,3,21,C01
201100055097,0,07,000,00,0,1,01,A01
201100055098,0,10,000,04,0,2,01,A01
201100055099,0,33,000,03,0,1,11,A01
201100055100,0,15,000,00,0,8,01,A01
201100055101,0,34,000,00,2,2,01,A01
201100055101,0,07,000,00,2,3,11,B01
201100055102,0,07,000,03,0,7,01,A01
201100055103,0,33,000,00,2,1,03,B01
201100055103,0,07,000,00,2,6,01,A01
201100055104,0,07,000,00,0,6,02,B01
201100055104,0,33,000,00,0,1,02,A01
201100055105,0,33,000,00,2,1,05,B01
201100055105,0,07,000,00,2,1,01,A01
201100055106,0,07,000,04,0,2,01,A01
201100055107,0,07,000,13,0,8,01,A01
201100055108,0,15,000,00,0,0,01,A01
201100055109,0,15,000,00,2,4,02,B01
201100055109,0,07,000,00,2,1,01,A01
201100055110,0,07,000,00,2,0,00,B01
201100055110,0,07,000,00,2,0,00,A01
201100055111,0,07,000,00,2,1,02,A01
201100055111,0,07,000,00,2,4,01,B01
201100055112,0,15,000,00,2,2,01,A01
201100055112,0,07,000,00,2,3,13,B01
201100055113,0,07,000,04,0,1,16,A01
201100055114,0,34,000,00,2,8,03,A01
201100055114,0,07,000,00,2,5,12,B01
201100055115,0,07,000,00,2,1,01,A01
201100055115,0,07,000,00,2,2,02,B01
201100055116,0,07,000,00,1,2,21,A01
201100055117,0,07,000,00,2,4,01,A01
201100055117,0,07,000,00,2,1,02,B01
201100055118,0,07,000,00,0,1,00,A01
201100055119,0,07,000,00,2,4,02,B01
201100055119,0,07,000,00,2,1,01,A01
201100055120,0,07,000,00,0,4,01,C01
201100055120,0,07,000,00,2,1,02,A01
201100055120,0,07,000,00,0,4,02,B01
201100055121,0,07,000,00,2,4,01,A01
201100055121,0,07,000,00,2,1,02,B01
201100055122,0,07,000,00,2,8,01,C01
201100055122,0,15,000,00,2,2,13,A01
201100055122,0,07,000,00,2,8,01,B01
201100055123,0,33,000,00,2,8,10,B01
201100055123,0,33,000,00,2,1,01,A01
201100055124,0,07,000,00,2,1,02,A01
201100055124,2,07,000,00,0,4,01,B01
201100055125,0,07,000,00,2,2,03,A01
201100055125,0,07,000,00,2,4,00,B01
201100055126,0,31,000,16,0,0,01,A01
201100055127,0,07,000,04,2,4,01,A01
201100055127,0,07,000,00,2,1,02,C01
201100055127,0,14,000,04,2,8,01,B01
201100055128,0,31,000,00,2,1,01,B01
201100055128,0,07,000,00,2,4,13,A01
201100055129,0,07,000,04,2,8,01,A01
201100055129,0,15,000,00,2,2,18,B01
201100055130,0,07,000,04,0,0,01,A01
201100055131,0,07,000,04,0,3,01,A01
201100055132,0,07,000,00,2,1,02,C01
201100055132,0,07,000,00,2,4,02,B01
201100055132,0,07,000,00,0,4,02,A01
201100055133,0,07,000,00,2,4,23,B01
201100055133,0,07,000,00,2,1,01,E01
201100055133,0,07,000,00,2,4,23,D01
201100055133,0,07,000,00,2,4,23,C01
201100055133,0,07,000,00,2,4,23,A01
201100055134,0,07,000,00,2,7,21,A01
201100055134,0,07,000,00,2,8,09,B01
201100055135,0,07,000,06,0,1,01,A01
201100055136,0,17,000,00,2,2,12,A01
201100055136,0,07,000,00,2,1,02,C01
201100055136,0,07,000,00,2,6,11,B01
201100055137,0,07,000,00,2,8,02,C01
201100055137,0,07,000,00,2,8,01,B01
201100055137,0,15,000,00,2,2,12,A01
201100055138,0,07,000,00,2,4,02,B01
201100055138,0,10,000,00,2,1,02,C01
201100055138,0,10,000,00,2,4,01,A01
201100055139,0,17,000,05,0,2,14,A01
201100055140,0,33,000,00,2,1,00,B01
201100055140,0,07,000,00,2,8,00,A01
201100055141,0,07,000,04,0,3,12,A01
201100055142,0,07,000,00,2,4,23,A01
201100055142,0,07,000,00,2,1,02,B01
201100055143,0,07,000,00,0,8,01,A01
201100055143,0,15,000,00,2,7,12,B01
201100055144,0,07,000,00,2,2,14,B01
201100055144,0,07,000,00,2,6,01,A01
201100055145,0,33,000,00,2,6,01,B01
201100055145,0,07,000,00,2,7,14,A01
201100055146,0,07,000,03,0,1,01,A01
201100055147,0,07,000,00,2,4,02,C01
201100055147,0,07,000,00,2,1,00,A01
201100055147,0,07,000,00,2,4,02,B01
201100055148,0,33,000,03,2,5,01,A01
201100055148,1,07,000,00,2,1,00,Z01
201100055149,0,07,000,04,0,1,01,A01
201100055150,0,07,000,03,0,1,14,A01
201100055151,0,07,000,00,2,1,01,B01
201100055151,0,07,000,00,2,3,13,A01
201100055152,0,31,000,00,2,3,03,A01
201100055152,0,07,000,00,9,0,02,B01
201100055153,0,07,000,00,2,4,01,A01
201100055153,0,33,000,00,2,1,03,C01
201100055153,0,07,000,00,2,8,11,B01
201100055154,0,07,000,13,0,3,01,A01
201100055155,0,07,000,00,2,8,02,B01
201100055155,0,33,000,00,2,1,03,C01
201100055155,0,07,000,00,2,4,01,A01
201100055156,0,07,000,00,2,1,02,B01
201100055156,0,07,000,00,2,4,01,A01
201100055157,0,33,000,00,0,7,18,A01
201100055158,0,07,000,03,0,1,00,A01
201100055158,0,07,000,00,2,1,02,B01
201100055158,0,07,000,00,2,1,02,C01
201100055158,0,07,000,00,2,3,02,D01
201100055159,0,07,000,00,0,4,01,A01
201100055159,0,07,000,00,2,1,02,B01
201100055160,0,07,000,00,2,5,02,B01
201100055160,0,33,000,00,2,5,12,A01
201100055161,0,33,000,00,2,8,03,B01
201100055161,0,07,000,00,2,7,12,A01
201100055162,0,07,000,00,2,4,02,C01
201100055162,0,07,000,00,2,1,01,A01
201100055162,0,07,000,00,2,4,02,B01
201100055163,0,07,000,00,2,1,02,A01
201100055163,0,14,000,00,0,4,01,B01
201100055164,0,10,000,00,2,1,02,B01
201100055164,0,07,000,00,2,4,01,A01
201100055165,0,07,000,00,2,5,01,B01
201100055165,0,34,000,00,2,1,12,A01
201100055166,0,07,000,04,0,1,01,A01
201100055167,0,07,000,04,0,1,00,A01
201100055168,0,07,000,00,2,0,01,A01
201100055169,0,07,000,00,2,1,02,D01
201100055169,0,07,000,00,0,4,02,A01
201100055169,0,07,000,00,2,1,02,C01
201100055169,0,07,000,00,0,1,02,B01
201100055170,0,07,000,00,2,2,12,A01
201100055170,0,33,000,00,2,6,03,B01
201100055171,0,07,000,00,2,8,13,A01
201100055171,0,07,000,00,2,6,01,B01
201100055172,0,17,000,00,2,4,13,B01
201100055172,0,07,000,00,2,1,01,A01
201100055173,0,31,000,00,0,0,01,A01
201100055174,0,07,000,00,2,1,02,A01
201100055174,0,07,000,00,0,4,02,B01
201100055174,0,07,000,00,0,4,02,C01
201100055174,0,07,000,00,0,4,02,D01
201100055175,0,07,000,00,2,1,13,A01
201100055175,0,07,000,00,2,1,01,B01
201100055176,0,07,000,00,2,4,02,B01
201100055176,0,07,000,00,2,1,02,C01
201100055176,0,07,000,00,2,4,01,A01
201100055177,0,33,000,00,2,8,03,B01
201100055177,0,07,000,00,2,7,01,A01
201100055178,0,30,000,13,0,7,14,A01
201100055179,0,07,000,04,0,3,01,A01
201100055180,0,10,000,04,0,1,13,A01
201100055181,0,07,000,00,0,1,14,A01
201100055182,0,07,000,00,0,4,01,A01
201100055182,0,07,000,00,0,4,02,B01
201100055182,0,07,000,00,2,1,02,C01
201100055182,0,10,000,00,0,4,02,D01
201100055183,0,07,000,00,2,4,01,A01
201100055183,0,07,000,00,2,4,01,E01
201100055183,0,07,000,00,2,4,01,D01
201100055183,0,07,000,00,2,1,01,F02
201100055183,0,07,000,00,2,4,01,B01
201100055183,0,07,000,00,2,4,01,C01
201100055184,0,07,000,01,0,1,14,A01
201100055184,0,07,000,00,2,6,24,B01
201100055185,0,07,000,00,2,3,01,B01
201100055185,0,07,000,00,2,4,01,A01
201100055186,0,10,000,00,2,4,01,A01
201100055186,0,07,000,00,2,4,02,B01
201100055186,0,10,000,00,2,1,02,C01
201100055187,0,31,000,04,2,6,01,A01
201100055187,0,33,000,00,2,1,02,B01
201100055188,0,07,000,02,0,1,00,A01
201100055189,0,07,000,00,2,4,01,B01
201100055189,0,33,000,00,2,1,03,A01
201100055189,0,07,000,00,2,5,01,C01
201100055190,0,33,000,00,0,0,03,A01
201100055191,0,07,000,00,2,5,12,A01
201100055191,0,33,000,00,2,3,01,B01
201100055192,0,07,000,00,0,4,12,A01
201100055192,0,07,000,00,2,1,01,B01
201100055192,0,10,000,00,0,1,01,C01
201100055193,0,07,000,00,2,6,01,A01
201100055193,0,14,000,00,2,2,12,B01
201100055194,0,07,000,00,2,1,02,B01
201100055194,0,07,000,00,2,4,01,A01
201100055195,0,07,000,04,0,3,01,A01
201100055196,0,07,000,00,2,3,11,A01
201100055196,0,33,000,00,2,1,03,B01
201100055196,0,07,000,00,2,5,02,C01
201100055197,0,33,000,00,2,7,03,B01
201100055197,0,10,000,00,2,8,11,A01
201100055198,0,07,000,00,2,4,02,B01
201100055198,0,07,000,00,2,4,02,C01
201100055198,0,07,000,00,2,1,01,A01
201100055199,1,07,000,00,2,0,00,Z01
201100055199,0,33,000,00,2,7,03,A01