Num_Acc,senc,catv,occutc,obs,obsm,choc,manv,num_veh
201100055200,0,07,000,03,0,2,02,A01
201100055201,0,07,000,03,0,1,01,A01
201100055202,0,07,000,04,0,2,00,A01
201100055203,0,07,000,04,0,3,01,A01
201100055204,0,07,000,04,0,1,00,A01
201100055205,0,07,000,00,2,5,01,B01
201100055205,0,33,000,00,2,3,21,A01
201100055206,0,33,000,00,2,1,03,A01
201100055206,0,07,000,00,0,5,12,B01
201100055207,0,07,000,00,2,3,01,B01
201100055207,0,10,000,00,2,1,01,C01
201100055207,0,33,000,00,2,1,03,A01
201100055208,0,31,000,00,0,3,01,A01
201100055209,0,07,000,00,2,4,02,D01
201100055209,0,07,000,00,2,4,02,C01
201100055209,0,07,000,00,2,1,01,A01
201100055209,0,07,000,00,2,4,02,B01
201100055210,0,14,000,00,2,2,01,A01
201100055210,0,07,000,00,2,5,09,B01
201100055211,0,07,000,00,2,2,14,B01
201100055211,0,07,000,00,2,4,01,A01
201100055211,0,34,000,00,2,4,03,C01
201100055212,0,07,000,00,2,1,02,B01
201100055212,0,07,000,00,2,4,23,A01
201100055213,0,99,000,00,2,2,14,A01
201100055213,0,31,000,00,2,8,03,B01
201100055214,0,10,000,00,0,1,06,A01
201100055215,0,10,000,00,2,7,12,A01
201100055215,0,33,000,00,2,8,03,B01
201100055216,0,07,000,00,2,1,02,A01
201100055216,0,07,000,00,0,4,01,B01
201100055216,0,07,000,00,0,4,01,C01
201100055217,0,07,000,00,2,8,13,A01
201100055217,0,07,000,04,2,5,01,B01
201100055218,0,07,000,00,2,7,12,A01
201100055218,0,31,000,00,2,8,03,B01
201100055219,0,33,000,00,2,3,03,A01
201100055219,0,07,000,00,0,5,12,B01
201100055220,0,33,000,12,0,1,01,A01
201100055221,0,07,000,00,2,2,02,B01
201100055221,0,07,000,00,2,6,01,A01
201100055222,0,07,000,03,0,3,01,A01
201100055223,0,07,000,00,2,6,23,A01
201100055223,0,15,000,00,2,2,01,B01
201100055224,0,07,000,00,2,6,17,A01
201100055224,0,31,000,00,2,2,03,B01
201100055225,0,07,000,00,2,2,01,A01
201100055225,0,33,000,00,2,3,02,B01
201100055226,0,07,000,00,2,7,12,A01
201100055226,0,33,000,00,2,8,01,B01
201100055227,0,07,000,00,2,2,12,A01
201100055227,0,34,000,00,2,3,01,B01
201100055228,0,33,000,00,0,3,01,A01
201100055229,0,07,000,00,2,1,01,D01
201100055229,0,07,000,00,2,4,01,B01
201100055229,0,07,000,00,2,4,01,A01
201100055229,0,07,000,00,2,4,01,C01
201100055230,0,07,000,00,2,4,01,A01
201100055230,2,07,000,00,2,1,02,B01
201100055231,0,07,000,00,2,1,00,A01
201100055231,0,07,000,00,0,3,00,B01
201100055232,0,07,000,03,0,1,01,A01
201100055233,0,07,000,04,0,1,01,A01
201100055234,0,07,000,04,0,9,01,A01
201100055235,0,07,000,02,0,1,13,A01
201100055236,0,07,000,00,2,1,02,A01
201100055236,0,07,000,00,2,4,01,B01
201100055237,0,07,000,04,0,1,12,A01
201100055238,0,07,000,00,2,2,01,B01
201100055238,0,07,000,00,2,6,09,A01
201100055239,0,07,000,00,2,1,02,D01
201100055239,0,07,000,00,2,4,02,C01
201100055239,0,07,000,00,2,4,02,B01
201100055239,0,07,000,00,2,4,01,A01
201100055240,0,07,000,01,0,5,02,B01
201100055240,0,33,000,00,2,3,02,A01
201100055241,0,31,000,00,2,1,01,A01
201100055242,0,07,000,00,2,8,11,A01
201100055242,0,33,000,00,2,1,03,B01
201100055243,0,33,000,00,2,1,03,A01
201100055243,0,07,000,00,2,4,01,B01
201100055244,0,10,000,00,2,5,01,A01
201100055244,0,33,000,00,2,3,12,B01
201100055245,0,07,000,00,2,4,02,D01
201100055245,0,10,000,00,2,4,02,C01
201100055245,0,07,000,00,2,4,02,B01
201100055245,0,15,000,00,2,3,01,A01
201100055246,0,07,000,03,0,3,09,A01
201100055247,0,33,000,04,0,3,01,A01
201100055248,0,07,000,00,2,4,01,A01
201100055248,0,07,000,00,2,4,02,B01
201100055248,0,07,000,00,2,1,02,C01
201100055248,0,07,000,00,2,4,02,D01
201100055248,0,10,000,00,2,1,02,E01
201100055249,0,07,000,00,2,8,11,C01
201100055249,0,10,000,01,2,5,01,A01
201100055249,0,33,000,00,2,7,02,B01
201100055250,0,07,000,00,2,1,02,B01
201100055250,0,07,000,00,2,4,01,A01
201100055251,0,33,000,00,2,2,03,A01
201100055251,0,07,000,00,2,8,11,B01
201100055252,0,07,000,00,0,7,12,A01
201100055252,0,34,000,00,0,8,03,B01
201100055253,0,33,000,00,0,2,03,A01
201100055253,0,07,000,00,0,3,11,B01
201100055254,0,07,000,00,2,1,14,B01
201100055254,0,07,000,00,2,6,01,A01
201100055255,0,07,000,00,2,6,01,B01
201100055255,0,07,000,00,2,5,01,A01
201100055255,0,07,000,00,2,1,01,C01
201100055256,0,07,000,00,2,1,01,A01
201100055256,0,07,000,00,2,4,02,B01
201100055256,0,07,000,00,2,4,02,C01
201100055256,0,07,000,00,2,4,02,D01
201100055257,0,15,000,00,2,1,01,A01
201100055257,0,15,000,00,0,4,01,B01
201100055258,0,07,000,00,2,1,01,A01
201100055258,0,07,000,00,2,2,01,B01
201100055259,0,07,000,00,2,3,11,A01
201100055259,0,32,000,00,2,2,17,B01
201100055260,0,38,025,00,2,2,01,A01
201100055260,0,07,000,00,2,6,11,B01
201100055261,0,33,000,00,2,2,17,A01
201100055261,0,07,000,00,2,8,13,B01
201100055262,0,33,000,00,2,8,03,A01
201100055263,0,07,000,00,2,5,11,A01
201100055263,0,33,000,00,2,1,03,C01
201100055263,0,07,000,00,2,6,01,B01
201100055264,0,07,000,00,2,1,01,G02
201100055264,0,10,000,00,2,4,01,A01
201100055264,0,07,000,00,2,8,01,D01
201100055264,0,07,000,00,2,1,01,F02
201100055264,0,07,000,00,2,4,01,C01
201100055264,0,07,000,00,2,1,01,B01
201100055264,0,07,000,00,0,0,00,E01
201100055264,0,07,000,00,2,4,01,H02
201100055264,0,07,000,00,2,3,01,I02
201100055265,0,33,000,00,2,1,03,A01
201100055265,0,10,000,00,0,3,01,B01
201100055266,0,07,000,00,2,5,01,A01
201100055266,0,07,000,00,2,2,01,B01
201100055267,0,33,000,00,0,0,01,A01
201100055268,0,10,000,00,2,2,12,C01
201100055268,0,33,000,00,2,1,03,B01
201100055268,0,33,000,00,2,1,03,A01
201100055269,0,07,000,00,2,4,02,B01
201100055269,0,07,000,00,2,1,14,A01
201100055270,0,07,000,00,2,4,02,A01
201100055270,0,07,000,00,2,1,02,C01
201100055270,0,07,000,00,2,4,02,B01
201100055271,0,07,000,04,0,1,02,A01
201100055271,0,07,000,04,1,1,00,B01
201100055272,0,15,000,03,0,3,01,A01
201100055273,0,15,000,00,0,2,01,A01
201100055273,0,07,000,00,2,3,13,B01
201100055274,0,33,000,00,2,2,01,A01
201100055274,0,07,000,00,2,6,11,B01
201100055275,0,14,000,00,2,1,01,A01
201100055275,0,07,000,00,2,1,05,B01
201100055276,0,07,000,00,0,6,01,A01
201100055276,0,34,000,00,0,2,03,B01
201100055277,0,07,000,00,2,4,02,E01
201100055277,0,07,000,00,2,4,02,D01
201100055277,0,07,000,00,2,4,02,C01
201100055277,0,99,000,00,2,1,01,A01
201100055278,0,07,000,00,2,4,01,A01
201100055278,0,07,000,00,2,1,02,B01
201100055279,0,07,000,00,2,5,12,B01
201100055279,0,33,000,00,2,2,03,A01
201100055280,0,07,000,00,2,8,01,A01
201100055280,0,07,000,00,2,7,12,B01
201100055281,0,07,000,00,2,4,01,B01
201100055281,0,07,000,00,2,4,01,D01
201100055281,0,07,000,00,2,4,01,C01
201100055281,0,15,000,00,2,1,01,A01
201100055282,0,10,000,00,2,1,01,B01
201100055282,0,33,000,00,5,7,01,A01
201100055283,0,07,000,00,2,1,02,C01
201100055283,0,07,000,00,2,4,01,A01
201100055283,0,99,000,00,2,1,02,B01
201100055284,0,07,000,00,2,1,01,A01
201100055284,0,07,000,00,2,4,02,B01
201100055284,0,07,000,00,2,4,02,C01
201100055285,0,07,000,00,0,3,01,A01
201100055286,0,33,000,00,2,1,01,A01
201100055286,0,07,000,00,2,4,02,B01
201100055287,0,07,000,04,2,6,01,A01
201100055287,0,15,000,00,2,2,12,B01
201100055288,0,34,000,00,2,8,01,A01
201100055288,0,07,000,00,2,7,12,B01
201100055289,0,07,000,00,2,4,01,A01
201100055289,0,07,000,00,2,4,02,B01
201100055289,0,07,000,00,2,1,02,D01
201100055289,0,07,000,00,2,4,02,C01
201100055290,0,07,000,00,2,2,01,A01
201100055290,0,33,000,00,2,1,03,C01
201100055290,0,07,000,00,2,3,01,B01
201100055291,0,07,000,00,2,4,01,D01
201100055291,0,07,000,00,1,4,01,E01
201100055291,0,07,000,00,2,1,01,B01
201100055291,0,07,000,00,2,1,01,C01
201100055291,0,07,000,00,2,1,01,A01
201100055292,0,33,000,00,2,2,01,A01
201100055292,1,10,000,00,2,6,11,Z01
201100055293,0,07,000,04,0,5,12,A01
201100055294,0,10,000,00,2,1,01,A01
201100055294,0,15,000,00,2,8,01,C01
201100055294,0,15,000,00,2,5,02,B01
201100055295,0,07,000,00,2,2,12,B01
201100055295,0,07,000,00,2,4,01,C01
201100055295,0,33,000,00,2,3,03,A01
201100055296,0,07,000,00,2,4,09,A01
201100055296,0,07,000,00,2,1,09,B01
201100055297,0,07,000,00,0,3,13,A01
201100055298,0,33,000,00,0,1,01,A01
201100055299,0,32,000,00,0,2,01,A01
201100055300,0,10,000,04,2,5,23,A01
201100055300,0,07,000,00,2,1,02,B01
201100055301,0,34,000,00,0,8,02,A01
201100055302,0,07,000,03,0,1,21,A01
201100055303,0,32,000,00,2,0,00,A01
201100055303,1,07,000,00,0,0,00,Z01
201100055304,0,10,000,04,0,1,21,A01
201100055305,0,07,000,00,2,1,02,B01
201100055305,0,13,000,00,2,1,02,C01
201100055305,0,07,000,00,2,0,00,A01
201100055306,0,07,000,03,0,3,01,A01
201100055307,0,07,000,00,2,5,01,A01
201100055307,0,07,000,00,2,1,02,B01
201100055308,0,07,000,03,0,2,01,A01
201100055309,0,33,000,00,2,1,03,C01
201100055309,0,07,000,00,2,8,01,A01
201100055309,0,07,000,00,2,4,01,B01
201100055310,0,07,000,00,2,3,01,A01
201100055310,0,17,000,00,2,2,12,B01
201100055311,0,07,000,00,2,7,03,B01
201100055311,0,07,000,00,2,8,11,A01
201100055312,0,31,000,00,2,1,02,A01
201100055312,0,10,000,00,2,6,01,B01
201100055313,0,32,000,00,2,4,03,B01
201100055313,0,33,000,00,2,1,03,A01
201100055313,0,10,000,00,2,6,01,D01
201100055313,0,10,000,00,2,5,02,C01
201100055314,0,33,000,00,0,3,01,A01
201100055315,1,07,000,00,2,0,00,Z01
201100055315,0,07,000,00,2,8,01,A01
201100055316,0,33,000,00,2,1,03,A01
201100055316,0,07,000,00,2,5,12,B01
201100055317,0,33,000,00,2,1,01,A01
201100055317,0,07,000,00,2,4,02,B01
201100055318,0,33,000,16,0,0,01,A01
201100055319,0,07,000,00,2,7,12,B01
201100055319,0,33,000,00,2,3,03,A01
201100055320,0,07,000,01,2,8,12,A01
201100055320,0,34,000,00,2,3,01,B01
201100055321,0,07,000,00,2,7,12,B01
201100055321,0,33,000,00,2,8,03,A01
201100055322,0,07,000,00,2,1,01,A01
201100055322,0,07,000,00,2,4,01,B01
201100055323,0,07,000,00,2,4,02,A01
201100055323,0,07,000,00,2,4,02,B01
201100055323,0,10,000,00,2,1,02,C01
201100055324,0,33,000,00,2,2,03,A01
201100055324,0,07,000,00,2,6,11,B01
201100055325,0,07,000,00,1,2,01,A01
201100055326,0,15,000,00,0,0,01,A01
201100055327,0,34,000,00,0,1,03,A01
201100055328,0,34,000,00,2,7,03,A01
201100055328,0,07,000,00,2,2,13,B01
201100055328,0,07,000,00,2,4,23,C01
201100055329,0,07,000,00,0,6,02,A01
201100055329,0,07,000,00,0,2,12,B01
201100055330,0,07,000,00,2,5,02,B01
201100055330,0,33,000,00,2,1,03,A01
201100055331,0,10,000,00,2,4,02,B01
201100055331,0,07,000,00,2,1,01,A01
201100055332,0,07,000,00,2,6,11,A01
201100055332,0,33,000,00,2,7,03,B01
201100055333,0,10,000,00,2,4,01,A01
201100055333,0,10,000,00,2,4,02,B01
201100055333,0,10,000,00,2,4,02,C01
201100055333,0,07,000,00,2,1,02,D01
201100055334,0,10,000,00,2,1,01,A01
201100055334,0,07,000,00,2,4,02,B01
201100055335,0,15,000,00,2,1,02,A01
201100055335,0,10,000,00,2,4,02,B01
201100055336,0,34,000,00,0,7,01,A01
201100055337,0,33,000,00,0,1,01,A01
201100055338,0,07,000,00,2,4,01,B01
201100055338,2,07,000,00,2,1,01,A01
201100055339,0,07,000,00,2,1,01,B01
201100055339,0,07,000,03,2,8,01,A01
201100055340,0,07,000,04,0,1,01,A01
201100055341,0,07,000,00,0,5,02,B01
201100055341,0,15,000,00,0,8,02,C01
201100055341,0,07,000,00,0,0,02,T01
201100055341,0,33,000,01,2,3,03,A01
201100055342,0,15,000,00,2,2,12,A01
201100055342,0,07,000,13,2,3,09,B01
201100055343,0,31,000,00,0,8,03,A01
201100055343,0,07,000,00,0,0,13,B01
201100055344,0,07,000,00,0,0,00,B01
201100055344,0,31,000,14,9,8,00,A01
201100055345,0,14,000,00,2,3,14,B01
201100055345,0,17,000,00,2,6,01,A01
201100055346,0,07,000,03,0,2,14,A01
201100055347,0,32,000,00,0,2,03,A01
201100055348,0,33,000,00,2,1,01,A01
201100055348,0,07,000,00,2,5,00,B01
201100055349,0,07,000,00,9,3,21,B01
201100055349,0,15,000,03,0,1,01,A01
201100055350,0,30,000,00,2,4,02,B01
201100055350,0,15,000,00,2,1,01,A01
201100055351,0,31,000,00,2,1,01,B01
201100055351,0,07,000,00,2,6,11,A01
201100055352,0,07,000,00,0,4,02,B01
201100055352,0,07,000,00,2,1,01,A01
201100055353,0,33,000,00,2,7,01,A01
201100055353,0,07,000,00,2,8,11,B01
201100055354,0,07,000,14,0,1,00,A01
201100055355,0,07,000,03,0,3,06,A01
201100055356,0,07,000,00,2,2,02,C01
201100055356,0,33,000,00,2,1,03,B01
201100055356,0,07,000,00,0,8,11,A01
201100055357,0,07,000,00,2,1,01,A01
201100055357,0,07,000,00,2,4,02,B01
201100055357,0,07,000,00,2,4,02,C01
201100055358,0,07,000,00,2,9,21,A01
201100055358,0,10,000,00,2,4,02,E01
201100055358,0,07,000,00,2,1,21,C01
201100055358,0,10,000,00,2,1,21,D01
201100055358,0,07,000,00,2,9,21,B01
201100055359,0,07,000,13,0,2,14,A01
201100055360,0,07,000,00,2,4,02,B01
201100055360,0,10,000,00,2,2,01,A01
201100055361,0,07,000,00,2,3,01,B01
201100055361,0,07,000,00,2,3,13,A01
201100055362,0,07,000,00,2,5,01,A01
201100055362,0,07,000,00,2,3,02,B01
201100055363,0,07,000,04,0,1,01,A01
201100055364,0,07,000,00,0,1,01,A01
201100055365,0,15,000,00,2,2,12,B01
201100055365,0,07,000,00,2,6,01,A01
201100055366,0,07,000,00,0,4,02,A01
201100055366,0,07,000,00,2,1,02,B01
201100055367,0,07,000,00,2,1,02,C01
201100055367,0,10,000,00,2,1,02,E01
201100055367,0,07,000,00,2,1,02,D01
201100055367,0,07,000,00,2,1,02,B01
201100055367,0,10,000,00,0,4,02,A01
201100055368,0,07,000,00,2,2,14,A01
201100055368,0,07,000,00,0,8,02,B01
201100055369,0,31,000,00,2,1,02,B01
201100055369,0,07,000,00,0,5,02,A01
201100055370,0,10,000,00,2,1,01,C01
201100055370,0,10,000,00,2,2,21,B01
201100055370,0,14,000,00,2,2,05,A01
201100055371,2,07,000,00,2,6,11,A01
201100055371,0,33,000,00,2,2,11,B01
201100055372,0,33,000,00,2,3,18,B01
201100055372,0,07,000,00,2,5,01,A01
201100055373,0,07,000,00,2,4,01,A01
201100055373,0,32,000,00,2,1,01,B01
201100055374,0,07,000,00,2,2,01,A01
201100055374,0,33,000,00,2,3,03,C01
201100055374,0,07,000,00,2,5,02,B01
201100055375,0,07,000,00,2,1,01,A01
201100055375,0,07,000,00,2,4,02,B01
201100055376,0,07,000,04,0,8,13,A01
201100055377,0,07,000,00,2,4,01,A01
201100055377,0,07,000,00,2,4,02,B01
201100055377,0,07,000,00,2,1,02,C01
201100055378,1,07,000,00,2,3,01,Z01
201100055378,0,07,000,00,2,1,01,A01
201100055379,0,07,000,04,0,1,11,A01
201100055380,0,07,000,14,2,1,02,C01
201100055380,0,07,000,00,2,4,02,B01
201100055380,0,07,000,00,2,4,01,A01
201100055381,0,07,000,01,2,1,02,B01
201100055381,0,10,000,00,2,4,23,A01
201100055381,0,10,000,00,2,1,01,C01
201100055382,0,07,000,00,2,4,02,B01
201100055382,0,07,000,00,2,1,01,A01
201100055382,0,07,000,00,2,3,21,C01
201100055383,0,07,000,00,2,1,01,A01
201100055383,0,17,000,00,0,6,21,B01
201100055384,0,07,000,00,2,1,13,A01
201100055384,0,07,000,00,2,1,01,B01
201100055385,0,07,000,00,2,1,02,A01
201100055385,0,07,000,00,2,4,02,B01
201100055386,0,13,000,00,2,9,02,D01
201100055386,0,07,000,00,2,1,02,A01
201100055386,0,07,000,00,2,9,02,C01
201100055386,0,07,000,00,2,9,02,B01
201100055387,0,07,000,00,2,1,01,B01
201100055387,0,07,000,00,2,1,13,A01
201100055388,0,07,000,00,2,9,14,A01
201100055388,0,07,000,00,2,9,01,B01
201100055389,0,07,000,00,2,9,00,B01
201100055389,2,34,000,00,2,8,00,A01
201100055390,0,07,000,00,1,1,01,A01
201100055391,0,07,000,00,1,1,01,A01
201100055392,0,34,000,00,2,6,17,A01
201100055392,0,07,000,00,2,3,15,B01
201100055393,0,07,000,00,0,4,20,H02
201100055393,0,07,000,00,0,4,20,C01
201100055393,0,07,000,00,0,4,20,G02
201100055393,0,07,000,00,0,4,20,E01
201100055393,0,07,000,01,0,9,02,A01
201100055393,0,07,000,00,0,4,20,F02
201100055393,0,07,000,00,0,4,20,D01
201100055393,0,07,000,00,0,8,20,B01
201100055394,0,07,000,00,2,4,01,C01
201100055394,0,07,000,00,2,4,01,B01
201100055394,0,07,000,00,2,1,01,A01
201100055395,0,07,000,08,0,1,01,A01
201100055396,0,07,000,00,2,1,01,A01
201100055397,0,07,000,00,0,9,00,A01
201100055398,0,07,000,00,2,8,01,B01
201100055398,0,07,000,00,2,1,01,A01
201100055399,0,07,000,00,2,1,02,A01
201100055399,0,07,000,00,2,4,02,B01
201100055400,0,07,000,00,2,4,02,B01
201100055400,0,07,000,00,2,1,02,A01
201100055401,0,07,000,00,2,1,15,A01
201100055401,0,07,000,00,2,1,01,B01
201100055402,0,30,000,00,2,7,02,A01
201100055402,0,07,000,00,2,8,02,B01
201100055403,0,07,000,00,1,9,01,A01
201100055404,0,07,000,00,1,7,00,A01
201100055405,0,07,000,00,2,1,11,A01
201100055405,0,07,000,00,2,4,02,B01
201100055406,0,07,000,00,2,1,09,A01
201100055406,0,07,000,00,2,7,01,B01
201100055407,0,07,000,00,0,8,20,C01
201100055407,0,02,000,00,2,1,13,A01
201100055407,0,07,000,00,2,1,02,B01
201100055408,0,07,000,00,2,9,02,B01
201100055408,0,07,000,00,2,9,02,C01
201100055408,0,07,000,00,2,1,02,A01
201100055409,0,07,000,00,2,8,03,A01
201100055409,0,07,000,00,2,7,01,B01
201100055410,0,07,000,00,2,3,13,A01
201100055410,0,07,000,00,2,9,14,B01
201100055411,0,02,000,00,2,1,01,B01
201100055411,0,07,000,00,2,1,16,A01
201100055412,0,07,000,00,2,1,01,B01
201100055412,0,07,000,00,2,1,01,A01
201100055413,0,07,000,00,2,1,01,B01
201100055413,0,07,000,00,2,1,01,A01
201100055414,0,37,001,00,1,4,20,A01
201100055415,0,07,000,00,2,1,01,B01
201100055415,0,07,000,00,2,1,01,A01
201100055416,0,34,000,00,2,0,01,B01
201100055416,0,07,000,00,2,0,01,A01
201100055417,0,07,000,00,2,1,01,A01
201100055417,0,07,000,00,2,4,01,B01
201100055418,0,32,000,00,0,9,00,A01
201100055419,0,07,000,08,0,1,01,A01
201100055420,0,10,000,06,0,9,01,A01
201100055421,0,34,000,00,0,9,01,A01
201100055422,0,07,000,00,2,8,15,B01
201100055422,0,31,000,00,2,9,17,A01
201100055423,0,07,000,06,0,9,00,A01
201100055424,0,32,000,00,2,0,01,A01
201100055425,0,07,000,00,1,0,00,A01
201100055426,0,07,000,00,2,4,02,C01
201100055426,0,07,000,00,2,9,02,B01
201100055426,0,07,000,00,2,1,02,A01
201100055427,0,33,000,00,2,7,17,A01
201100055427,0,07,000,00,2,8,15,B01
201100055428,0,07,000,00,2,1,01,A01
201100055428,0,07,000,00,2,1,01,B01
201100055429,0,07,000,00,2,4,01,B01
201100055429,0,07,000,00,2,1,01,A01
201100055430,0,07,000,02,0,1,01,A01
201100055431,0,07,000,00,2,1,01,A01
201100055431,0,07,000,00,2,4,01,B01
201100055432,0,07,000,06,0,1,00,A01
201100055433,0,07,000,08,0,9,01,A01
201100055434,0,10,000,00,2,1,01,A01
201100055434,0,07,000,00,2,4,01,B01
201100055435,0,07,000,07,0,1,01,A01
201100055436,0,02,000,13,0,0,01,A01
201100055437,0,33,000,00,2,2,01,B01
201100055437,0,07,000,13,2,9,13,A01
201100055438,0,07,000,00,1,9,01,A01
201100055439,0,07,000,00,0,9,00,A01
201100055440,0,07,000,00,1,4,20,A01
201100055441,0,02,000,00,0,0,01,B01
201100055441,0,07,000,00,2,0,00,A01
201100055442,0,34,000,00,2,0,01,B01
201100055442,0,07,000,00,2,0,09,A01
201100055443,0,07,000,00,2,8,15,A01
201100055443,0,31,000,00,2,1,17,B01
201100055444,0,07,000,00,2,8,09,A01
201100055444,0,07,000,00,2,1,01,B01
201100055445,0,07,000,00,2,9,01,B01
201100055445,0,07,000,00,2,3,09,A01
201100055446,0,07,000,00,2,1,13,A01
201100055446,0,07,000,00,2,1,01,B01
201100055447,0,07,000,00,1,1,01,A01
201100055448,0,10,000,00,0,4,01,C01
201100055448,0,07,000,00,2,4,01,B01
201100055448,0,07,000,00,2,1,01,A01
201100055449,0,02,000,00,2,1,01,B01
201100055449,0,07,000,00,2,3,01,A01
201100055450,0,31,000,12,0,9,01,A01
201100055451,0,07,000,00,2,4,01,B01
201100055451,0,02,000,00,2,1,01,A01
201100055452,0,07,000,00,2,4,01,B01
201100055452,0,07,000,00,2,1,01,A01
201100055452,0,07,000,00,0,4,01,C01
201100055453,0,33,000,00,2,1,01,B01
201100055453,0,07,000,00,0,1,01,A01
201100055454,0,07,000,00,2,1,01,A01
201100055454,0,07,000,00,2,8,00,B01
201100055455,0,02,000,06,0,1,01,A01
201100055456,0,02,000,00,2,9,02,A01
201100055456,0,07,000,00,2,9,02,B01
201100055457,0,07,000,00,2,1,13,A01
201100055457,0,07,000,00,2,1,01,B01
201100055458,0,07,000,00,2,4,01,B01
201100055458,0,07,000,00,2,1,01,A01
201100055459,0,07,000,06,2,1,14,A01
201100055459,0,07,000,00,2,1,01,B01
201100055460,0,07,000,00,2,4,00,B01
201100055460,0,07,000,00,2,4,01,D01
201100055460,0,07,000,00,0,4,00,E01
201100055460,0,07,000,00,2,1,01,A01
201100055460,0,07,000,00,2,4,01,C01
201100055461,0,07,000,00,2,1,01,A01
201100055461,0,07,000,00,2,4,00,B01
201100055462,0,07,000,00,0,4,01,B01
201100055462,0,07,000,00,2,1,01,A01
201100055463,0,07,000,00,2,1,01,A01
201100055463,0,07,000,00,0,4,01,B01
201100055464,0,32,000,00,2,1,01,A01
201100055464,0,07,000,00,2,4,01,B01
201100055465,0,07,000,00,2,4,01,B01
201100055465,0,07,000,00,2,1,01,A01
201100055466,0,07,000,00,2,1,01,A01
201100055466,0,07,000,00,1,4,01,B01
201100055467,0,07,000,00,2,1,01,A01
201100055467,0,34,000,00,2,1,01,B01
201100055468,0,07,000,00,1,1,01,A01
201100055469,0,07,000,00,2,4,01,B01
201100055469,0,30,000,00,2,1,01,A01
201100055470,0,07,000,00,2,1,01,A01
201100055470,0,07,000,00,2,4,01,B01
201100055471,0,07,000,00,2,4,20,A01
201100055471,0,07,000,00,2,1,01,B01
201100055472,0,07,000,00,2,1,02,A01
201100055472,0,07,000,00,2,4,02,B01
201100055473,0,33,000,00,1,1,01,A01
201100055474,0,07,000,00,1,1,01,A01
201100055475,0,30,000,00,2,8,15,A01
201100055475,0,07,000,00,2,1,01,B01
201100055476,0,07,000,00,2,1,09,A01
201100055476,0,07,000,00,2,7,01,B01
201100055477,0,33,000,00,2,1,01,B01
201100055477,0,07,000,00,2,7,09,A01
201100055478,0,07,000,00,1,1,01,A01
201100055479,0,07,000,00,2,1,00,B01
201100055479,0,07,000,00,2,1,01,A01
201100055479,0,07,000,00,2,1,01,C01
201100055480,0,07,000,01,0,9,00,A01
201100055480,0,07,000,01,0,0,23,B01
201100055481,0,07,000,00,2,4,02,B01
201100055481,0,33,000,00,2,1,02,A01
201100055482,0,07,000,00,1,1,01,A01
201100055483,0,33,000,00,2,8,01,B01
201100055483,0,07,000,00,2,1,01,A01
201100055484,0,02,000,00,2,1,02,A01
201100055484,0,07,000,00,2,4,02,B01
201100055485,0,07,000,00,2,9,02,B01
201100055485,0,07,000,00,2,1,02,A01
201100055486,0,07,000,15,0,9,00,A01
201100055487,0,07,000,08,0,9,01,A01
201100055488,0,07,000,08,2,9,14,A01
201100055488,0,07,000,02,2,9,01,B01
201100055489,0,30,000,00,2,9,01,B01
201100055489,0,07,000,00,2,9,15,A01
201100055490,0,32,000,00,0,9,00,A01
201100055491,0,07,000,00,2,4,02,B01
201100055491,0,07,000,00,2,1,02,Z01
201100055492,0,07,000,00,2,1,02,A01
201100055492,0,07,000,00,2,4,01,B01
201100055493,0,07,000,00,1,1,01,A01
201100055494,0,32,000,00,2,1,17,A01
201100055494,0,07,000,00,2,2,01,B01
201100055495,0,07,000,00,2,4,01,B01
201100055495,0,07,000,00,2,1,01,A01
201100055496,0,07,000,00,2,9,13,A01
201100055496,0,07,000,00,2,9,01,B01
201100055497,0,07,000,00,2,8,11,A01
201100055497,0,33,000,00,2,9,01,B01
201100055497,0,07,000,00,2,5,01,C01
201100055498,0,07,000,00,2,5,01,B01
201100055498,0,33,000,00,2,1,09,A01
201100055499,0,07,000,00,2,3,01,C01
201100055499,0,33,000,00,2,9,01,B01
201100055499,0,07,000,00,2,8,00,A01
201100055500,0,07,000,00,2,1,09,A01
201100055500,0,07,000,00,2,2,01,B01
201100055501,0,07,000,00,2,4,02,C01
201100055501,0,07,000,00,2,9,02,B01
201100055501,0,07,000,00,2,1,02,A01
201100055502,0,34,000,00,2,1,01,B01
201100055502,0,07,000,00,2,7,09,A01
201100055503,0,34,000,00,2,1,01,A01
201100055503,0,07,000,00,2,4,01,B01
201100055504,0,07,000,00,1,4,02,B01
201100055504,0,07,000,00,2,1,01,A01
201100055505,0,07,000,04,0,9,01,A01
201100055506,0,07,000,06,0,1,01,A01
201100055507,0,07,000,04,0,0,01,A01
201100055508,0,33,000,00,1,1,01,A01
201100055509,0,07,000,00,2,1,01,A01
201100055509,0,37,002,00,2,1,01,B01
201100055509,0,07,000,00,0,8,20,C01
201100055510,0,07,000,00,2,4,01,B01
201100055510,0,31,000,00,2,1,01,A01
201100055511,0,33,000,01,0,1,01,A01
201100055512,0,07,000,00,2,1,01,B01
201100055512,0,07,000,00,2,1,01,A01
201100055513,0,07,000,00,2,1,02,A01
201100055513,0,07,000,00,2,8,01,B01
201100055514,0,07,000,00,2,8,01,B01
201100055514,0,07,000,00,2,1,09,A01
201100055515,0,07,000,00,2,6,09,A01
201100055515,0,33,000,00,2,0,01,B01