Num_Acc,senc,catv,occutc,obs,obsm,choc,manv,num_veh
201100055516,0,07,000,00,2,9,14,A01
201100055516,0,07,000,00,2,7,01,B01
201100055517,0,07,000,00,2,4,02,B01
201100055517,0,07,000,00,2,1,02,A01
201100055518,0,07,000,00,2,1,01,B01
201100055518,0,07,000,00,2,1,00,A01
201100055519,0,07,000,00,2,4,01,B01
201100055519,0,32,000,00,2,1,01,A01
201100055520,0,07,000,00,2,4,02,B01
201100055520,0,07,000,00,2,1,02,A01
201100055521,0,07,000,00,2,1,02,A01
201100055521,0,07,000,00,2,9,02,B01
201100055521,0,07,000,00,2,4,02,C01
201100055522,0,07,000,00,2,1,09,A01
201100055523,0,07,000,00,2,4,02,B01
201100055523,0,33,000,00,2,1,02,A01
201100055524,0,20,000,00,1,1,01,A01
201100055525,0,07,000,00,2,2,01,B01
201100055525,0,07,000,00,2,1,09,A01
201100055526,0,07,000,00,2,1,02,A01
201100055526,0,07,000,00,2,4,02,B01
201100055527,0,07,000,00,2,9,15,A01
201100055527,0,33,000,00,2,1,01,B01
201100055528,0,07,000,00,2,9,02,A01
201100055528,0,07,000,00,2,9,02,B01
201100055529,0,07,000,00,2,4,02,B01
201100055529,0,07,000,00,2,1,02,A01
201100055530,0,07,000,00,1,1,01,A01
201100055531,0,07,000,00,2,7,01,A01
201100055531,0,07,000,00,2,8,01,B01
201100055532,0,02,000,00,2,1,17,A01
201100055532,0,07,000,00,2,8,15,B01
201100055533,0,02,000,00,2,1,09,A01
201100055533,0,07,000,00,2,8,01,B01
201100055534,0,07,000,00,2,8,01,C01
201100055534,0,31,000,00,2,9,17,A01
201100055534,0,07,000,00,2,8,01,B01
201100055535,0,07,000,00,2,4,02,B01
201100055535,0,07,000,00,2,1,02,A01
201100055536,0,07,000,00,2,4,01,B01
201100055536,0,07,000,00,2,1,01,A01
201100055537,0,07,000,00,1,1,01,A01
201100055538,0,07,000,00,2,4,02,B01
201100055538,0,07,000,00,2,1,02,A01
201100055539,0,32,000,00,2,1,13,A01
201100055539,0,07,000,00,2,1,01,B01
201100055540,0,07,000,00,2,1,02,A01
201100055540,0,07,000,00,2,4,02,B01
201100055541,0,07,000,00,2,8,15,A01
201100055541,0,33,000,00,2,1,01,B01
201100055542,0,33,000,00,1,1,01,A01
201100055543,0,07,000,00,2,1,01,B01
201100055543,0,07,000,00,2,8,09,A01
201100055544,0,07,000,00,1,4,20,A01
201100055545,0,07,000,00,2,4,02,B01
201100055545,0,07,000,00,2,1,02,A01
201100055546,0,07,000,00,2,1,02,B01
201100055546,0,07,000,00,2,1,01,A01
201100055547,0,07,000,08,0,9,01,A01
201100055548,0,07,000,00,2,4,02,B01
201100055548,0,07,000,00,2,1,02,A01
201100055549,0,07,000,00,2,1,01,A01
201100055550,0,07,000,06,0,9,01,A01
201100055551,0,07,000,00,2,1,01,B01
201100055551,0,07,000,00,2,8,09,A01
201100055552,0,07,000,00,2,8,01,B01
201100055552,0,07,000,00,2,1,09,A01
201100055553,0,07,000,00,2,4,01,B01
201100055553,0,07,000,00,2,1,02,A01
201100055554,1,07,000,00,2,6,20,A01
201100055554,0,32,000,00,2,1,01,B01
201100055555,0,10,000,00,2,1,01,A01
201100055555,0,07,000,00,2,4,01,B01
201100055555,2,07,000,00,2,4,02,C01
201100055556,0,33,000,00,2,0,00,B01
201100055556,0,07,000,00,9,0,09,A01
201100055557,1,07,000,00,2,1,02,A01
201100055557,0,07,000,00,2,4,02,B01
201100055558,0,07,000,00,2,4,02,B01
201100055558,0,07,000,00,0,1,02,A01
201100055559,1,07,000,00,1,3,01,Z01
201100055560,0,07,000,00,2,1,01,A01
201100055560,0,07,000,00,2,4,01,B01
201100055561,0,07,000,00,2,4,02,A01
201100055561,0,07,000,00,2,1,01,B01
201100055562,0,07,000,00,5,1,01,A01
201100055563,0,07,000,00,2,8,01,B01
201100055563,0,07,000,00,2,8,13,A01
201100055564,0,07,000,00,2,9,01,A01
201100055565,0,07,000,00,2,1,13,A01
201100055565,0,07,000,00,2,1,01,B01
201100055566,0,07,000,00,2,8,13,A01
201100055566,0,07,000,00,2,1,01,B01
201100055567,0,07,000,00,1,3,01,A01
201100055568,0,07,000,08,2,7,01,B01
201100055568,0,07,000,00,2,1,01,A01
201100055569,0,10,000,00,2,4,01,B01
201100055569,0,07,000,00,2,1,01,A01
201100055570,0,07,000,00,2,1,01,A01
201100055570,0,07,000,00,2,1,01,B01
201100055571,0,07,000,00,1,1,01,A01
201100055572,0,30,000,00,2,3,01,B01
201100055572,0,07,000,00,2,2,17,A01
201100055573,1,07,000,00,1,3,05,A01
201100055574,0,02,000,00,2,8,01,B01
201100055574,0,07,000,00,2,3,11,A01
201100055575,0,10,000,00,1,4,04,A01
201100055576,0,31,000,00,0,2,01,A01
201100055577,0,07,000,08,0,1,01,A01
201100055578,0,07,000,00,1,1,01,A01
201100055579,0,07,000,00,2,3,01,B01
201100055579,0,20,000,00,2,1,01,A01
201100055580,0,07,000,00,1,2,01,A01
201100055581,0,13,000,04,0,5,09,A01
201100055582,0,01,000,00,2,8,01,B01
201100055582,1,07,000,00,2,7,01,A01
201100055583,0,07,000,00,2,2,12,A01
201100055583,0,32,000,00,2,8,01,B01
201100055584,0,07,000,01,9,2,24,A01
201100055584,0,01,000,00,2,3,02,B01
201100055585,0,07,000,00,2,3,09,B01
201100055585,0,02,000,00,2,1,05,A01
201100055586,0,07,000,00,1,3,01,A01
201100055587,0,34,000,00,2,7,01,B01
201100055587,0,07,000,00,2,3,15,A01
201100055588,0,07,000,00,2,8,22,A01
201100055588,0,01,000,00,2,1,01,B01
201100055589,0,34,000,00,2,7,01,B01
201100055589,0,38,001,00,1,3,15,A01
201100055590,0,37,050,00,9,2,02,A01
201100055590,0,01,000,00,9,4,19,B01
201100055591,0,01,000,01,0,1,21,A01
201100055592,0,33,000,00,2,1,01,A01
201100055592,0,07,000,00,2,7,01,B01
201100055593,0,33,000,00,2,2,01,B01
201100055593,0,31,000,00,2,4,01,A01
201100055594,0,07,000,00,1,3,01,A01
201100055595,0,07,000,01,2,8,01,A01
201100055595,0,30,000,00,2,1,01,B01
201100055596,0,01,000,00,1,1,01,A01
201100055597,0,07,000,00,2,3,01,A01
201100055597,0,07,000,00,2,6,01,B01
201100055598,0,07,000,00,1,7,04,A01
201100055599,0,01,000,00,2,3,01,B01
201100055599,0,07,000,00,9,2,01,A01
201100055600,0,10,000,00,2,3,10,A01
201100055600,0,30,000,00,2,7,13,B01
201100055601,0,33,000,00,9,7,16,B01
201100055601,0,01,000,00,2,7,01,A01
201100055602,0,07,000,00,0,4,02,B01
201100055602,0,07,000,00,2,1,01,A01
201100055603,0,07,000,00,1,3,15,A01
201100055604,0,37,001,00,0,3,15,A01
201100055604,0,33,000,01,2,2,01,B01
201100055605,0,07,000,00,1,3,00,A01
201100055606,0,37,035,00,1,2,02,A01
201100055607,0,31,000,00,0,0,01,A01
201100055608,0,07,000,00,2,1,01,A01
201100055608,0,33,000,00,2,7,01,B01
201100055609,0,07,000,00,1,2,09,A01
201100055610,0,07,000,00,9,2,17,C01
201100055610,0,30,000,00,2,9,01,A01
201100055610,0,07,000,00,9,3,00,B01
201100055611,0,34,000,04,0,0,01,A01
201100055612,0,07,000,00,9,2,16,A01
201100055612,0,30,000,00,2,8,12,B01
201100055613,0,07,000,01,1,9,21,A01
201100055614,0,34,000,00,2,1,01,A01
201100055614,0,34,000,00,0,4,01,B01
201100055615,0,07,000,00,2,2,01,B01
201100055615,0,07,000,00,2,7,15,A01
201100055616,0,33,000,00,2,5,23,B01
201100055616,0,30,000,00,2,1,14,A01
201100055617,0,31,000,00,2,7,15,A01
201100055617,0,07,000,00,2,1,01,B01
201100055618,0,13,000,00,1,4,04,A01
201100055619,0,40,001,00,2,2,08,B01
201100055619,0,07,000,00,4,8,15,A01
201100055620,0,07,000,14,0,1,16,A01
201100055621,0,10,000,00,1,3,01,A01
201100055622,0,33,000,00,2,2,01,B01
201100055622,0,07,000,00,2,8,11,A01
201100055623,0,07,000,00,2,4,23,C01
201100055623,0,07,000,00,2,1,02,A01
201100055623,0,07,000,00,2,4,02,B01
201100055624,0,32,000,00,2,2,01,A01
201100055624,0,07,000,00,2,1,01,B01
201100055625,0,07,000,12,2,5,23,B01
201100055625,0,14,000,00,2,3,02,A01
201100055626,0,07,000,00,2,6,01,B01
201100055626,0,07,000,00,2,1,01,A01
201100055627,0,02,000,00,2,2,01,A01
201100055627,0,07,000,00,2,6,15,B01
201100055628,0,07,000,00,2,1,01,A01
201100055628,0,07,000,00,0,4,00,B01
201100055629,0,07,000,12,0,3,01,A01
201100055630,0,07,000,00,2,3,10,B01
201100055630,0,33,000,00,2,7,17,A01
201100055631,0,07,000,00,2,1,01,B01
201100055631,0,32,000,00,2,7,19,A01
201100055632,0,07,000,01,0,9,01,A01
201100055632,0,07,000,00,0,6,00,B01
201100055632,0,07,000,00,0,5,00,C01
201100055633,0,33,000,00,2,1,17,A01
201100055633,0,07,000,00,0,6,02,B01
201100055634,0,07,000,10,0,1,01,A01
201100055635,0,07,000,00,2,2,02,A01
201100055635,0,07,000,00,2,6,02,B01
201100055635,0,07,000,00,0,4,02,C01
201100055636,0,33,000,00,2,7,17,A01
201100055636,0,07,000,00,2,0,02,B01
201100055637,0,31,000,12,9,1,02,A01
201100055637,0,01,000,12,2,4,01,B01
201100055638,0,07,000,00,1,1,01,A01
201100055638,1,99,000,00,0,0,00,Z01
201100055639,0,07,000,00,2,6,01,B01
201100055639,0,32,000,00,2,1,19,A01
201100055640,0,33,000,01,0,7,01,B01
201100055640,1,07,000,00,0,0,00,A01
201100055641,0,07,000,00,2,5,01,B01
201100055641,0,07,000,00,2,3,12,A01
201100055642,0,31,000,00,2,3,01,A01
201100055642,0,07,000,00,2,7,16,B01
201100055643,0,37,002,00,2,2,01,B01
201100055643,1,07,000,00,2,3,09,Z01
201100055644,0,02,000,00,2,1,02,A01
201100055644,0,07,000,00,2,4,02,B01
201100055645,1,07,000,00,1,0,00,Z01
201100055646,0,34,000,00,1,1,01,A01
201100055647,0,07,000,00,1,1,01,A01
201100055648,0,07,000,00,2,7,22,A01
201100055648,0,31,000,00,2,1,18,B01
201100055649,0,07,000,00,1,2,01,A01
201100055650,0,07,000,00,2,1,02,A01
201100055650,0,07,000,00,2,4,02,B01
201100055651,0,07,000,00,2,0,02,A01
201100055651,0,30,000,00,2,0,01,B01
201100055652,0,07,000,00,2,2,02,B01
201100055652,0,07,000,00,2,3,02,A01
201100055653,0,07,000,00,9,8,22,A01
201100055653,0,01,000,00,2,1,01,B01
201100055654,0,07,000,00,2,1,02,A01
201100055654,0,07,000,00,0,4,01,B01
201100055655,0,30,000,00,2,1,02,A01
201100055655,0,07,000,00,2,4,02,B01
201100055655,0,37,020,00,2,8,02,C01
201100055656,0,07,000,00,1,3,01,A01
201100055657,0,07,000,00,1,2,01,A01
201100055658,0,07,000,00,1,2,00,A01
201100055659,0,33,000,00,0,3,02,A01
201100055660,0,07,000,04,0,8,13,A01
201100055661,0,10,000,00,2,1,02,E01
201100055661,0,07,000,00,2,1,02,B01
201100055661,0,07,000,00,2,1,02,D01
201100055661,0,10,000,00,2,1,02,C01
201100055661,0,07,000,00,2,4,01,A01
201100055662,0,15,000,00,2,8,13,C01
201100055662,0,10,000,00,2,2,13,A01
201100055662,0,07,000,00,2,7,01,B01
201100055663,0,07,000,00,2,5,12,A01
201100055663,0,07,000,00,2,2,01,B01
201100055663,0,07,000,00,2,7,01,C01
201100055664,0,07,000,00,0,4,17,B01
201100055664,0,07,000,00,0,8,01,C01
201100055664,0,07,000,04,2,1,17,A01
201100055665,0,31,000,16,0,8,17,A01
201100055666,0,07,000,04,2,1,02,A01
201100055666,0,07,000,00,0,4,02,B01
201100055667,0,10,000,03,0,1,21,A01
201100055668,0,07,000,00,1,2,21,A01
201100055669,0,07,000,00,9,4,02,C01
201100055669,0,15,000,00,2,1,02,A01
201100055669,0,07,000,00,2,4,02,B01
201100055670,0,07,000,00,2,2,17,A01
201100055670,0,07,000,00,2,3,01,B01
201100055671,0,07,000,00,2,4,02,B01
201100055671,0,07,000,00,2,1,02,A01
201100055672,0,07,000,13,2,3,01,B01
201100055672,0,07,000,03,2,5,17,A01
201100055673,0,07,000,03,2,7,02,B01
201100055673,1,99,000,00,2,3,11,Z01
201100055674,0,07,000,00,2,5,12,A01
201100055674,0,33,000,00,2,1,01,B01
201100055675,0,33,000,16,0,8,11,A01
201100055676,0,33,000,00,2,1,02,A01
201100055676,0,07,000,00,0,5,02,B01
201100055677,0,07,000,00,2,6,11,A01
201100055677,0,33,000,00,0,7,01,B01
201100055678,0,07,000,03,0,7,01,A01
201100055679,0,07,000,03,0,1,14,A01
201100055680,0,07,000,00,0,4,02,B01
201100055680,0,33,000,01,0,1,02,A01
201100055681,0,07,000,00,2,3,02,D01
201100055681,0,17,000,03,2,3,02,A01
201100055681,0,07,000,00,2,8,02,C01
201100055681,0,07,000,00,2,3,02,B01
201100055682,0,07,000,04,0,3,02,A01
201100055683,0,07,000,03,0,1,21,A01
201100055684,0,07,000,04,0,1,13,A01
201100055685,0,07,000,00,0,2,02,A01
201100055686,0,33,000,00,0,1,00,A01
201100055687,0,15,000,00,2,1,01,A01
201100055687,0,10,000,00,2,4,23,B01
201100055688,0,33,000,00,0,1,21,A01
201100055689,0,34,000,04,0,1,00,A01
201100055690,0,07,000,00,2,1,02,A01
201100055690,0,07,000,00,2,1,02,D01
201100055690,0,15,000,00,2,1,02,B01
201100055690,0,33,000,00,2,1,02,C01
201100055691,0,07,000,00,2,1,02,B01
201100055691,0,07,000,00,0,8,02,A01
201100055692,0,07,000,03,0,1,00,A01
201100055693,0,07,000,00,2,0,02,B01
201100055693,0,07,000,01,1,1,02,A01
201100055694,2,07,000,00,2,2,02,A01
201100055694,0,07,000,03,0,5,01,B01
201100055695,0,07,000,03,2,1,02,A01
201100055695,0,07,000,00,2,3,02,B01
201100055696,0,33,000,00,2,1,09,A01
201100055696,0,15,000,00,2,5,02,B01
201100055697,0,07,000,03,0,9,01,A01
201100055698,0,07,000,00,2,7,12,A01
201100055698,0,33,000,00,2,8,01,B01
201100055699,0,07,000,00,2,8,02,B01
201100055699,0,07,000,00,2,7,11,A01
201100055700,0,07,000,05,0,1,02,A01
201100055701,0,07,000,10,0,1,01,A01
201100055702,0,07,000,00,2,4,02,B01
201100055702,0,33,000,00,2,1,02,A01
201100055702,0,07,000,00,2,1,02,C01
201100055703,0,07,000,00,2,1,02,A01
201100055703,0,07,000,00,2,1,02,C01
201100055703,0,07,000,04,0,7,02,D01
201100055703,0,07,000,00,2,3,02,B01
201100055704,0,34,000,00,2,1,02,A01
201100055704,0,07,000,00,2,4,02,B01
201100055705,0,07,000,00,2,1,02,A01
201100055705,0,07,000,00,0,4,02,B01
201100055706,0,07,000,00,2,6,23,C01
201100055706,0,07,000,00,2,2,02,A01
201100055706,0,07,000,16,0,2,21,B01
201100055707,0,07,000,00,2,5,02,B01
201100055707,0,33,000,00,2,1,02,A01
201100055708,0,07,000,04,0,1,02,A01
201100055709,0,15,000,00,2,2,01,A01
201100055709,0,07,000,00,2,7,01,B01
201100055710,0,33,000,00,2,7,03,A01
201100055710,0,07,000,00,2,8,02,B01
201100055711,0,07,000,13,0,1,00,A01
201100055712,0,33,000,00,2,1,17,B01
201100055712,0,07,000,00,2,6,11,A01
201100055712,0,07,000,00,0,5,01,C01
201100055713,0,07,000,00,0,0,09,A01
201100055714,0,07,000,00,2,9,02,B01
201100055714,0,10,000,00,2,1,02,A01
201100055714,0,10,000,00,2,4,02,C01
201100055714,0,07,000,00,2,4,02,D01
201100055715,0,07,000,00,2,1,02,A01
201100055715,0,15,000,00,2,4,02,B01
201100055716,0,33,000,00,0,0,01,A01
201100055717,0,07,000,00,2,3,11,B01
201100055717,0,07,000,00,2,3,05,A01
201100055718,0,07,000,00,2,2,14,A01
201100055718,0,07,000,02,0,4,01,B01
201100055719,0,07,000,00,2,1,01,B01
201100055719,0,07,000,00,2,1,05,A01
201100055720,0,07,000,00,2,0,02,A01
201100055720,0,07,000,04,2,0,02,B01
201100055721,0,07,000,00,0,0,01,A01
201100055722,0,07,000,07,0,1,12,A01
201100055723,0,33,000,00,2,1,17,B01
201100055723,0,07,000,00,2,6,11,A01
201100055724,0,33,000,04,0,7,21,B01
201100055724,0,07,000,00,0,0,21,T01
201100055724,0,07,000,04,2,1,13,A01
201100055725,0,33,000,03,0,1,16,A01
201100055726,0,33,000,00,2,1,02,B01
201100055726,0,07,000,00,2,4,11,A01
201100055727,0,07,000,03,0,8,00,A01
201100055728,0,07,000,00,2,1,11,A01
201100055728,0,07,000,00,0,4,02,B01
201100055729,0,07,000,04,0,8,09,A01
201100055730,0,33,000,00,0,8,09,A01
201100055731,0,07,000,00,2,1,02,A01
201100055731,0,07,000,00,2,4,02,B01
201100055732,0,33,000,00,0,8,15,A01
201100055733,0,07,000,04,2,9,11,B01
201100055733,1,07,000,00,2,2,00,X01
201100055734,0,15,000,00,2,1,02,A01
201100055734,0,15,000,00,2,4,02,C01
201100055734,0,15,000,00,2,4,02,B01
201100055734,0,15,000,00,2,4,02,D01
201100055734,0,15,000,00,2,4,02,E01
201100055735,0,07,000,00,2,1,02,A01
201100055735,0,32,000,00,0,4,02,B01
201100055736,0,10,000,00,2,4,02,C01
201100055736,0,10,000,00,2,1,02,A01
201100055736,0,07,000,00,2,4,02,B01
201100055737,1,07,000,14,0,1,01,A01
201100055737,0,07,000,00,9,3,01,B01
201100055738,0,33,000,07,0,1,16,A01
201100055739,0,33,000,03,0,7,01,A01
201100055740,0,07,000,04,2,8,01,B01
201100055740,0,17,000,00,2,2,12,A01
201100055741,0,07,000,04,0,8,00,A01
201100055742,0,07,000,00,2,4,09,A01
201100055742,0,10,000,00,2,1,01,B01
201100055743,0,33,000,00,2,8,03,A01
201100055743,0,15,000,00,0,3,01,C01
201100055743,0,07,000,00,0,5,01,B01
201100055744,0,07,000,13,0,2,00,A01
201100055745,0,33,000,00,2,7,18,A01
201100055745,0,07,000,00,2,7,16,B01
201100055746,0,07,000,00,2,4,01,C01
201100055746,0,10,000,00,2,1,01,A01
201100055746,0,07,000,00,2,4,01,B01
201100055747,0,07,000,00,2,3,01,B01
201100055747,0,07,000,00,2,3,13,A01
201100055748,0,33,000,00,0,0,01,A01
201100055749,0,07,000,00,2,9,17,A01
201100055749,0,07,000,00,2,8,01,B01
201100055750,0,07,000,00,2,1,01,A01
201100055750,0,15,000,00,2,4,01,B01
201100055751,0,33,000,03,0,8,01,B01
201100055751,0,33,000,00,0,0,02,A01
201100055752,0,07,000,00,2,0,00,A01
201100055752,0,07,000,00,2,0,00,B01
201100055753,0,07,000,04,0,1,00,A01
201100055754,0,07,000,14,0,0,01,C01
201100055754,0,07,000,04,2,2,11,A01
201100055754,0,15,000,00,2,6,00,B01
201100055755,0,07,000,03,0,8,17,A01
201100055756,0,07,000,00,2,1,01,A01
201100055756,0,07,000,00,0,4,01,B01
201100055757,0,07,000,00,2,2,17,A01
201100055757,0,15,000,00,2,8,02,B01
201100055758,0,07,000,00,2,0,00,B01
201100055758,0,07,000,00,2,0,00,A01
201100055759,0,17,000,00,2,4,02,D01
201100055759,0,17,000,00,0,4,23,B01
201100055759,0,07,000,00,2,1,02,A01
201100055759,0,14,000,00,2,4,23,C01
201100055759,0,17,000,00,2,1,02,E01
201100055760,0,07,000,00,2,1,02,A01
201100055760,0,07,000,00,2,1,02,C01
201100055760,0,07,000,00,2,1,02,B01
201100055761,0,07,000,00,0,9,16,A01
201100055762,0,07,000,00,2,3,00,A01
201100055762,0,07,000,00,2,5,02,B01
201100055763,0,07,000,00,2,0,00,B01
201100055763,0,15,000,00,2,0,00,A01
201100055764,0,07,000,00,2,4,02,B01
201100055764,0,07,000,00,2,1,02,A01
201100055765,0,07,000,00,2,7,11,A01
201100055765,0,07,000,00,2,8,01,B01
201100055766,0,07,000,03,0,3,13,A01
201100055766,0,07,000,01,0,1,02,B01
201100055767,0,07,000,04,0,2,15,A01
201100055768,1,07,000,00,0,0,00,Z01
201100055768,0,07,000,00,0,4,01,B01
201100055769,1,99,000,00,2,2,00,Z01
201100055769,0,33,000,00,0,0,17,A01
201100055770,0,07,000,16,2,7,12,A01
201100055770,0,07,000,13,2,3,01,B01
201100055771,0,07,000,00,2,6,10,A01
201100055771,0,33,000,00,2,1,01,B01
201100055772,0,07,000,00,2,1,01,A01
201100055772,0,07,000,00,2,1,23,B01
201100055772,0,07,000,00,0,4,23,C01
201100055773,0,07,000,00,1,3,01,A01
201100055774,0,33,000,00,2,0,01,B01
201100055774,0,10,000,00,2,3,15,A01
201100055775,0,37,001,08,0,3,13,A01
201100055776,1,07,000,00,0,0,00,Z01
201100055777,0,30,000,00,2,3,21,A01
201100055777,0,07,000,00,2,6,20,B01
201100055778,0,30,000,00,2,7,01,B01
201100055778,0,07,000,00,2,1,01,A01
201100055779,0,10,000,00,1,1,01,A01
201100055780,0,07,000,00,2,4,02,C01
201100055780,0,33,000,00,2,6,02,B01
201100055780,0,33,000,00,2,1,02,A01
201100055781,0,33,000,00,2,3,01,B01
201100055781,0,07,000,00,2,2,09,A01
201100055782,0,07,000,00,2,7,01,B01
201100055782,0,07,000,00,2,3,10,A01
201100055783,0,07,000,00,2,4,02,B01
201100055783,0,07,000,00,2,1,02,A01
201100055783,0,07,000,00,0,4,02,C01
201100055784,0,07,000,00,2,1,01,B01
201100055784,0,07,000,00,2,3,11,A01
201100055785,0,01,000,00,2,1,15,B01
201100055785,0,07,000,00,2,2,01,A01
201100055786,0,07,000,00,2,7,09,A01
201100055786,0,32,000,00,2,8,01,B01
201100055787,0,07,000,00,2,6,10,A01
201100055787,0,07,000,00,2,1,02,B01
201100055788,0,07,000,00,1,1,01,A01
201100055789,0,01,000,00,9,3,00,A01
201100055790,0,40,000,00,9,1,01,B01
201100055790,0,01,000,00,4,2,19,A01
201100055791,0,07,000,01,2,8,01,B01
201100055791,0,07,000,00,2,2,01,A01
201100055792,0,30,000,00,1,6,01,A01
201100055793,0,07,000,00,2,1,01,B01
201100055793,0,07,000,00,2,5,01,A01
201100055794,0,01,000,15,2,1,02,B01
201100055794,0,07,000,00,2,2,17,A01
201100055795,0,07,000,00,2,2,15,A01
201100055795,0,37,056,00,2,2,01,B01
201100055796,0,37,000,00,9,5,17,A01
201100055796,0,01,000,00,2,8,07,B01
201100055797,0,07,000,00,1,3,09,A01
201100055798,0,07,000,00,1,3,15,A01
201100055799,0,07,000,08,0,2,16,A01
201100055800,0,10,000,06,0,1,02,A01
201100055801,0,07,000,00,2,2,01,B01
201100055801,0,10,000,00,2,4,04,A01
201100055802,0,07,000,00,2,1,01,B01
201100055802,0,30,000,00,2,2,15,A01
201100055803,0,07,000,00,1,2,15,A01
201100055804,0,07,000,00,1,2,15,A01
201100055805,0,07,000,00,1,1,16,A01
201100055806,0,07,000,00,1,7,09,A01
201100055807,0,07,000,00,2,1,15,A01
201100055807,0,32,000,00,2,1,01,B01
201100055808,0,07,000,00,1,1,15,A01
201100055809,0,07,000,00,2,7,14,A01
201100055809,0,01,000,00,2,8,02,B01
201100055810,0,32,000,00,2,0,01,B01
201100055810,0,07,000,00,2,6,15,A01
201100055811,0,07,000,00,1,4,04,A01
201100055812,0,07,000,00,2,1,01,B01
201100055812,0,07,000,00,2,5,15,A01
201100055813,0,01,000,00,2,8,01,B01
201100055813,0,07,000,00,2,1,09,A01
201100055814,0,34,000,00,2,7,02,B01
201100055814,0,07,000,00,2,3,20,A01
201100055815,1,30,000,00,1,1,01,Z01
201100055816,0,07,000,00,2,1,02,A01
201100055816,0,07,000,00,0,4,01,B01
201100055817,0,07,000,00,1,1,00,A01
201100055818,0,34,000,08,2,7,01,B01
201100055818,0,07,000,00,2,3,15,A01
201100055819,0,07,000,00,2,2,17,A01
201100055819,0,10,000,00,2,3,15,B01
201100055820,0,01,000,00,1,1,01,A01
201100055821,0,01,000,00,2,1,01,B01
201100055821,0,07,000,00,2,2,16,A01
201100055822,0,07,000,07,2,7,01,B01
201100055822,0,07,000,00,2,1,01,A01
201100055823,0,01,000,00,1,1,01,A01
201100055824,0,07,000,00,1,8,02,A01
201100055825,0,14,000,00,1,1,01,A01
201100055826,0,07,000,00,1,4,04,A01
201100055827,0,07,000,00,1,8,12,A01
201100055828,0,31,000,00,2,1,21,B01
201100055828,0,07,000,00,2,7,15,A01
201100055829,0,07,000,00,1,1,02,A01
201100055830,0,37,001,00,1,2,01,A01
201100055831,0,07,000,00,2,7,01,A01
201100055831,0,07,000,00,2,1,01,B01
201100055832,0,07,000,00,2,3,20,B01
201100055832,0,30,000,00,2,2,02,A01
201100055833,0,07,000,00,1,1,09,A01
201100055834,0,07,000,00,2,4,23,C01
201100055834,0,10,000,00,2,1,02,A01
201100055834,0,07,000,00,2,4,23,B01
201100055835,0,03,000,00,1,1,01,A01
201100055836,0,07,000,01,1,1,01,A01
201100055837,0,07,000,00,2,3,15,A01
201100055837,0,07,000,09,2,2,01,B01
201100055838,0,01,000,00,2,8,01,B01
201100055838,1,32,000,00,2,1,01,Z01
201100055839,0,07,000,15,0,1,01,A01
201100055840,0,31,000,00,2,2,01,B01
201100055840,0,07,000,00,2,3,15,A01
201100055841,0,32,000,00,2,1,01,A01
201100055841,0,07,000,00,2,2,15,B01
201100055842,0,33,000,00,1,7,08,A01
201100055843,0,30,000,00,2,2,01,B01
201100055843,0,07,000,00,2,8,11,A01
201100055844,0,37,000,00,1,1,01,A01
201100055845,0,01,000,00,2,8,01,B01
201100055845,0,07,000,00,2,3,01,A01
201100055846,0,32,000,00,2,3,01,B01
201100055846,0,07,000,00,2,2,19,A01
201100055847,0,07,000,00,1,1,01,A01
201100055848,0,07,000,00,1,4,04,A01
201100055849,0,07,000,00,1,4,04,A01
201100055850,0,30,000,00,2,1,01,B01
201100055850,0,07,000,00,2,6,19,A01
201100055851,0,01,000,00,2,4,15,B01
201100055851,1,07,000,00,2,1,15,Z01
201100055852,0,01,000,00,2,6,02,B01
201100055852,0,01,000,00,2,7,00,A01
201100055853,0,32,000,00,2,1,01,A01
201100055853,0,07,000,00,0,4,01,B01
201100055854,0,01,000,00,2,1,01,A01
201100055854,0,07,000,00,2,3,01,B01
201100055855,0,30,000,00,2,1,01,A01
201100055855,0,07,000,00,2,4,01,B01
201100055856,0,07,000,01,0,3,01,A01
201100055857,0,32,000,00,2,2,01,A01
201100055857,0,07,000,00,2,3,01,B01
201100055858,0,07,000,00,1,3,21,A01
201100055859,0,07,000,00,1,1,01,A01
201100055860,0,01,000,00,2,4,02,B01
201100055860,0,30,000,00,2,1,02,A01
201100055861,0,07,000,06,0,8,02,A01
201100055862,0,01,000,00,0,7,01,A01
201100055862,0,07,000,00,2,1,01,B01
201100055863,0,02,000,00,2,1,01,A01
201100055863,0,07,000,00,2,4,23,B01
201100055864,0,07,000,00,1,1,15,A01
201100055865,0,01,000,00,2,0,00,B01
201100055865,1,07,000,00,2,1,02,Z01
201100055866,0,31,000,00,2,1,03,B01
201100055866,0,07,000,00,2,3,10,A01
201100055867,0,01,000,00,1,1,01,A01
201100055868,0,07,000,00,2,7,16,B01
201100055868,0,30,000,00,2,3,01,A01
201100055869,0,02,000,08,2,1,18,B01
201100055869,0,07,000,00,2,2,16,A01
201100055870,0,07,000,00,2,8,24,A01
201100055870,0,01,000,01,0,7,02,B01
201100055871,0,07,000,00,2,1,01,A01
201100055871,0,31,000,00,2,7,01,B01
201100055872,0,07,000,08,2,2,15,B01
201100055872,0,07,000,08,2,3,01,A01
201100055873,0,07,000,00,2,2,01,B01
201100055873,0,30,000,00,2,1,01,A01
201100055874,0,07,000,00,1,2,01,A01