Num_Acc,senc,catv,occutc,obs,obsm,choc,manv,num_veh
201100055875,0,30,000,00,2,1,18,A01
201100055875,0,01,000,00,2,5,16,B01
201100055876,0,33,000,00,2,1,18,A01
201100055876,0,07,000,00,2,2,22,B01
201100055877,0,07,000,00,2,8,01,B01
201100055877,0,07,000,00,2,1,01,A01
201100055878,0,07,000,00,1,3,01,A01
201100055879,0,32,000,00,2,8,02,B01
201100055879,0,07,000,00,2,0,15,A01
201100055880,0,02,000,00,2,8,01,B01
201100055880,1,07,000,00,2,7,17,Z01
201100055881,0,32,000,00,2,1,01,B01
201100055881,0,07,000,00,2,1,15,A01
201100055882,0,07,000,00,1,2,01,A01
201100055883,0,99,000,00,2,1,07,B01
201100055883,0,07,000,00,2,7,01,A01
201100055884,0,07,000,00,2,8,01,B01
201100055884,0,02,000,00,2,1,05,A01
201100055885,0,37,001,00,1,7,01,A01
201100055886,0,07,000,00,2,3,01,B01
201100055886,0,07,000,00,2,1,01,A01
201100055887,0,07,000,00,1,2,01,A01
201100055888,0,01,000,00,2,0,01,B01
201100055888,0,07,000,00,2,2,15,A01
201100055889,1,07,000,00,2,1,01,Z01
201100055889,0,07,000,00,2,4,01,A01
201100055890,0,01,000,00,2,1,01,B01
201100055890,0,07,000,00,0,5,22,A01
201100055891,0,07,000,00,2,2,01,B01
201100055891,0,07,000,00,2,1,16,A01
201100055892,0,07,000,00,2,5,24,B01
201100055892,0,07,000,12,2,8,22,A01
201100055893,0,10,000,00,2,5,01,A01
201100055893,0,10,000,00,2,1,01,B01
201100055894,0,30,000,00,1,1,01,A01
201100055895,0,07,000,00,1,6,20,A01
201100055896,0,33,000,00,2,1,01,A01
201100055896,0,07,000,00,2,8,15,B01
201100055897,0,07,000,00,1,4,04,A01
201100055898,0,07,000,00,1,4,04,A01
201100055899,0,07,000,00,2,3,22,A01
201100055899,0,01,000,01,0,0,02,B01
201100055900,0,30,000,00,1,1,01,A01
201100055901,0,07,000,00,0,0,24,A01
201100055901,0,01,000,01,0,1,01,B01
201100055902,0,07,000,00,2,2,16,B01
201100055902,0,33,000,00,2,8,18,A01
201100055903,0,07,000,00,2,1,01,B01
201100055903,0,02,000,00,2,7,00,A01
201100055904,0,01,000,00,2,7,01,B01
201100055904,0,07,000,00,2,3,01,A01
201100055905,0,07,000,00,2,3,09,A01
201100055905,0,01,000,00,2,1,01,B01
201100055906,0,33,000,00,2,1,01,A01
201100055906,0,07,000,00,2,3,01,B01
201100055907,0,07,000,00,1,4,04,A01
201100055908,0,32,000,00,2,3,01,A01
201100055908,0,07,000,00,2,1,01,B01
201100055909,0,07,000,00,2,2,01,A01
201100055909,0,01,000,00,2,1,19,B01
201100055910,0,07,000,00,2,1,01,B01
201100055910,0,01,000,00,2,7,19,A01
201100055911,0,07,000,00,0,5,16,A01
201100055911,0,02,000,00,2,0,01,B01
201100055912,0,07,000,00,2,3,01,B01
201100055912,0,07,000,06,2,4,24,C01
201100055912,0,07,000,01,2,2,01,A01
201100055913,0,31,000,00,1,3,01,A01
201100055914,0,10,000,00,2,7,16,B01
201100055914,0,33,000,00,2,8,18,A01
201100055915,0,07,000,00,2,2,14,A01
201100055915,0,01,000,00,2,8,02,B01
201100055916,0,07,000,00,2,3,15,B01
201100055916,0,33,000,00,2,1,17,A01
201100055917,0,07,000,00,1,1,16,A01
201100055918,0,07,000,00,1,0,01,A01
201100055919,0,07,000,00,2,2,15,A01
201100055919,0,32,000,00,2,3,16,B01
201100055920,0,07,000,00,1,3,01,A01
201100055921,0,01,000,00,2,1,01,A01
201100055921,0,01,000,00,2,1,01,B01
201100055922,0,07,000,00,2,3,15,B01
201100055922,0,01,000,00,2,1,01,A01
201100055923,0,07,000,00,2,0,15,B01
201100055923,0,32,000,05,2,1,08,A01
201100055924,0,07,000,00,2,7,15,A01
201100055924,0,33,000,00,2,1,01,B01
201100055925,0,01,000,00,2,8,02,B01
201100055925,0,10,000,00,2,7,02,A01
201100055926,0,37,001,00,1,1,01,A01
201100055927,0,07,000,00,2,2,15,B01
201100055927,0,02,000,00,2,3,01,A01
201100055928,0,07,000,00,1,1,01,A01
201100055929,0,32,000,00,2,1,01,A01
201100055929,0,37,001,00,2,6,01,B01
201100055930,0,30,000,00,2,1,01,A01
201100055930,0,07,000,00,2,2,01,B01
201100055931,0,07,000,00,1,7,01,A01
201100055932,0,07,000,00,2,4,02,B01
201100055932,0,10,000,00,2,1,02,A01
201100055933,0,01,000,00,2,1,01,B01
201100055933,1,07,000,00,2,0,01,A01
201100055934,0,31,000,00,1,1,01,A01
201100055935,0,07,000,00,2,8,22,A01
201100055935,0,01,000,01,0,1,21,B01
201100055936,0,07,000,00,2,7,16,B01
201100055936,0,33,000,00,2,1,07,A01
201100055937,0,33,000,00,2,4,23,B01
201100055937,0,07,000,00,2,1,01,A01
201100055938,0,07,000,00,2,4,01,C01
201100055938,0,07,000,00,2,1,01,B01
201100055938,0,07,000,00,2,1,01,A01
201100055939,0,07,000,00,2,3,15,B01
201100055939,0,01,000,00,2,1,07,A01
201100055940,0,07,000,00,2,2,02,A01
201100055940,0,07,000,00,2,6,23,B01
201100055941,0,07,000,00,2,2,15,A01
201100055941,0,33,000,00,2,3,01,B01
201100055942,0,07,000,00,1,1,23,A01
201100055943,0,07,000,00,1,6,01,A01
201100055944,0,07,000,00,0,4,01,B01
201100055944,0,07,000,00,2,1,01,A01
201100055945,0,30,000,00,2,1,02,B01
201100055945,0,07,000,00,2,3,09,A01
201100055946,0,07,000,00,2,7,23,B01
201100055946,0,01,000,00,2,3,02,A01
201100055947,0,07,000,00,2,1,15,B01
201100055947,0,01,000,00,2,8,01,A01
201100055948,0,33,000,00,2,8,21,A01
201100055948,0,07,000,00,2,0,12,B01
201100055949,0,01,000,00,2,1,00,A01
201100055949,1,07,000,00,2,2,01,Z01
201100055950,0,33,000,00,2,8,15,A01
201100055950,1,07,000,00,2,1,07,Z01
201100055951,0,10,000,01,2,7,01,A01
201100055951,0,07,000,00,2,1,01,B01
201100055952,0,01,000,00,2,1,01,B01
201100055952,0,07,000,00,2,1,15,A01
201100055953,0,07,000,00,2,5,02,A01
201100055953,0,33,000,00,2,1,01,B01
201100055954,0,07,000,00,2,1,01,B01
201100055954,0,07,000,00,2,2,01,A01
201100055955,0,07,000,00,2,3,02,A01
201100055955,0,07,000,00,2,2,16,B01
201100055956,0,07,000,00,1,1,01,A01
201100055957,1,07,000,00,2,5,02,Z01
201100055957,0,30,000,12,2,8,02,A01
201100055958,0,07,000,12,2,2,01,A01
201100055958,0,07,000,09,2,1,01,B01
201100055959,0,07,000,00,2,2,16,A01
201100055959,0,01,000,00,2,1,01,B01
201100055960,0,07,000,00,1,1,15,A01
201100055961,0,31,000,00,1,1,01,A01
201100055962,0,07,000,00,1,1,01,A01
201100055963,0,30,000,00,2,1,02,A01
201100055963,0,01,000,00,2,4,02,B01
201100055964,0,07,000,16,2,3,15,B01
201100055964,0,30,000,16,2,2,08,A01
201100055965,0,07,000,00,1,7,01,A01
201100055966,0,02,000,00,2,2,01,A01
201100055966,0,07,000,00,2,3,01,B01
201100055967,0,01,000,00,2,8,19,A01
201100055967,0,07,000,00,0,2,01,B01
201100055968,0,30,000,00,1,1,01,A01
201100055969,0,07,000,00,1,1,01,A01
201100055970,0,07,000,00,1,2,15,A01
201100055971,0,07,000,15,2,1,15,A01
201100055971,0,32,000,00,2,2,01,B01
201100055972,1,07,000,00,2,8,11,A01
201100055972,0,02,000,00,2,7,01,B01
201100055973,0,07,000,00,0,0,09,A01
201100055973,0,31,000,00,0,0,21,B01
201100055974,0,07,000,00,1,1,01,A01
201100055975,0,07,000,00,2,6,23,A01
201100055975,0,32,000,00,2,1,01,B01
201100055976,0,07,000,00,2,8,15,A01
201100055976,0,30,000,00,2,0,01,B01
201100055977,0,07,000,00,4,2,15,A01
201100055977,0,40,001,00,2,2,07,B01
201100055977,0,07,000,00,2,6,02,C01
201100055978,0,07,000,00,2,1,01,B01
201100055978,0,01,000,00,2,7,01,A01
201100055979,0,07,000,00,2,1,01,A01
201100055979,0,07,000,09,2,8,01,B01
201100055980,0,30,000,00,2,1,01,A01
201100055980,0,07,000,00,2,2,01,B01
201100055981,0,31,000,00,2,0,00,B01
201100055981,1,07,000,00,2,0,00,A01
201100055982,0,33,000,00,2,1,08,A01
201100055982,0,07,000,00,2,2,15,B01
201100055983,0,07,000,00,2,1,01,A01
201100055983,0,01,000,00,2,7,01,B01
201100055984,0,07,000,00,1,3,01,A01
201100055985,0,33,000,00,1,1,01,A01
201100055986,0,31,000,00,2,8,01,B01
201100055986,0,07,000,00,2,1,01,A01
201100055987,0,10,000,00,2,5,16,A01
201100055987,0,10,000,00,2,1,01,B01
201100055988,0,37,000,00,2,1,01,B01
201100055988,0,01,000,00,2,8,01,A01
201100055989,0,37,001,00,2,2,21,A01
201100055989,0,02,000,00,2,0,09,B01
201100055990,0,07,000,00,1,1,16,A01
201100055991,0,07,000,00,1,2,01,A01
201100055992,0,07,000,00,2,1,01,A01
201100055992,0,32,000,00,2,8,01,B01
201100055993,0,30,000,00,2,2,02,A01
201100055993,0,07,000,00,2,6,02,B01
201100055994,0,10,000,00,1,4,04,A01
201100055995,0,07,000,00,1,3,15,A01
201100055996,0,07,000,00,2,1,01,A01
201100055996,0,07,000,00,2,8,01,B01
201100055997,0,07,000,00,2,4,02,A01
201100055997,0,07,000,00,2,1,02,B01
201100055998,0,07,000,01,2,6,01,A01
201100055998,0,07,000,15,2,3,01,B01
201100055999,0,07,000,00,1,1,15,A01
201100056000,0,07,000,00,1,1,15,A01
201100056001,0,07,000,07,2,7,02,B01
201100056001,0,07,000,00,2,1,02,A01
201100056002,0,07,000,00,1,2,16,A01
201100056003,0,07,000,00,2,1,16,A01
201100056003,0,07,000,01,2,2,01,B01
201100056004,0,07,000,00,2,2,01,B01
201100056004,0,01,000,00,2,8,01,A01
201100056005,0,30,000,00,2,1,02,A01
201100056005,0,07,000,00,2,4,02,B01
201100056006,0,07,000,00,2,1,16,A01
201100056006,0,33,000,00,2,2,01,B01
201100056007,0,07,000,00,2,3,15,A01
201100056007,0,30,000,00,2,2,08,B01
201100056008,0,07,000,00,2,8,22,A01
201100056008,0,01,000,00,2,0,01,B01
201100056009,0,37,001,00,2,1,02,A01
201100056009,0,07,000,00,2,1,02,B01
201100056009,0,07,000,00,0,4,02,C01
201100056009,0,07,000,00,0,4,02,D01
201100056010,0,07,000,00,2,3,01,B01
201100056010,0,07,000,00,2,3,01,C01
201100056010,0,07,000,00,2,1,01,A01
201100056011,0,07,000,00,1,2,02,A01
201100056012,0,07,000,00,2,2,01,B01
201100056012,0,07,000,00,2,7,01,A01
201100056013,0,07,000,00,2,7,01,A01
201100056013,0,32,000,00,2,1,01,B01
201100056014,0,07,000,00,1,3,15,A01
201100056015,0,07,000,00,2,1,01,A01
201100056015,0,01,000,00,2,4,15,B01
201100056016,0,07,000,00,1,1,01,A01
201100056017,0,33,000,00,2,7,01,A01
201100056017,0,07,000,00,2,6,15,B01
201100056018,0,07,000,00,1,1,01,A01
201100056019,0,30,000,00,2,1,21,B01
201100056019,0,07,000,00,2,6,16,A01
201100056020,0,13,000,00,2,1,01,A01
201100056020,0,07,000,00,2,4,01,B01
201100056021,0,31,000,00,1,1,01,A01
201100056022,0,07,000,00,1,3,15,A01
201100056023,0,07,000,00,2,3,01,A01
201100056023,0,07,000,00,2,1,01,B01
201100056024,0,07,000,00,2,1,15,A01
201100056024,0,01,000,00,2,8,02,B01
201100056025,0,30,000,00,2,1,02,A01
201100056025,0,07,000,00,2,2,20,B01
201100056025,0,07,000,00,2,3,24,C01
201100056026,0,07,000,00,1,2,16,A01
201100056027,1,99,000,00,0,0,00,A01
201100056028,0,07,000,00,1,1,01,A01
201100056029,0,33,000,00,2,1,01,B01
201100056029,0,07,000,00,2,8,09,A01
201100056030,0,07,000,00,2,1,02,A01
201100056030,0,07,000,00,2,4,02,B01
201100056031,0,07,000,00,2,4,23,B01
201100056031,0,07,000,00,2,4,23,C01
201100056031,2,07,000,00,2,1,02,A01
201100056032,0,30,000,11,0,1,13,A01
201100056033,0,07,000,00,0,3,01,A01
201100056034,0,07,000,00,2,3,01,A01
201100056034,0,07,000,00,2,2,15,B01
201100056035,0,07,000,00,1,7,01,A01
201100056036,1,30,000,00,1,0,01,Z01
201100056037,0,02,000,14,0,0,01,A01
201100056038,0,07,000,00,2,1,15,A01
201100056038,0,31,000,00,2,1,00,B01
201100056039,0,07,000,04,0,1,11,A01
201100056040,0,10,000,00,2,2,01,A01
201100056040,0,07,000,01,2,3,01,B01
201100056041,0,07,000,00,2,3,15,B01
201100056041,0,32,000,00,2,2,17,A01
201100056042,0,07,000,03,0,1,02,A01
201100056042,0,07,000,04,0,6,02,B01
201100056043,0,30,000,00,1,1,21,A01
201100056044,0,07,000,00,1,2,01,A01
201100056045,0,33,000,00,2,1,17,A01
201100056045,0,07,000,00,2,0,13,B01
201100056046,0,07,000,01,0,2,14,A01
201100056047,0,07,000,00,2,8,09,A01
201100056047,0,07,000,00,2,1,01,B01
201100056048,0,37,001,00,2,6,24,B01
201100056048,0,07,000,14,0,2,02,A01
201100056049,0,07,000,00,2,2,01,A01
201100056049,0,07,000,00,2,3,15,B01
201100056050,0,07,000,00,2,4,02,B01
201100056050,0,01,000,00,2,1,02,A01
201100056051,0,07,000,02,0,1,14,A01
201100056052,1,07,000,00,1,0,01,Z01
201100056053,0,30,000,00,2,1,02,A01
201100056053,0,07,000,00,2,1,15,B01
201100056054,0,07,000,00,2,3,01,B01
201100056054,0,07,000,00,2,3,13,A01
201100056055,0,01,000,02,0,1,13,A01
201100056056,0,07,000,00,0,5,02,B01
201100056056,0,07,000,00,2,1,02,A01
201100056057,0,07,000,00,1,1,01,A01
201100056058,0,07,000,00,2,1,01,B01
201100056058,0,07,000,00,2,7,01,A01
201100056059,0,07,000,14,2,1,19,A01
201100056059,0,07,000,00,0,8,01,B01
201100056060,0,01,000,00,2,4,01,B01
201100056060,0,07,000,00,2,3,01,A01
201100056061,0,10,000,00,1,3,01,A01
201100056062,0,07,000,00,1,1,01,A01
201100056063,0,30,000,00,2,8,01,A01
201100056063,0,07,000,00,2,1,01,B01
201100056064,0,07,000,00,2,3,20,A01
201100056064,0,32,000,00,2,2,01,B01
201100056065,0,07,000,00,2,5,04,A01
201100056065,0,31,000,00,2,1,21,B01
201100056066,2,07,000,00,2,6,21,B01
201100056066,0,07,000,00,2,1,15,A01
201100056067,0,32,000,00,2,1,02,A01
201100056067,0,07,000,00,0,4,23,B01
201100056068,0,07,000,00,2,6,11,A01
201100056068,0,07,000,00,2,1,01,B01
201100056069,0,10,000,00,1,1,01,A01
201100056070,0,07,000,00,1,4,04,A01
201100056071,0,07,000,00,2,1,06,B01
201100056071,0,07,000,00,2,1,01,C01
201100056071,0,07,000,00,2,3,05,A01
201100056072,0,07,000,04,0,1,00,A01
201100056073,0,15,000,00,2,1,01,A01
201100056073,0,07,000,00,2,4,01,C01
201100056073,0,15,000,00,2,4,01,D01
201100056073,0,15,000,00,2,4,01,B01
201100056074,0,07,000,03,2,4,01,B01
201100056074,1,15,000,00,2,2,12,Z01
201100056075,0,07,000,04,0,1,01,A01
201100056076,0,07,000,00,2,1,01,C01
201100056076,0,07,000,00,2,1,01,A01
201100056076,0,07,000,00,2,4,01,B01
201100056077,0,07,000,03,0,1,01,A01
201100056078,0,07,000,04,0,1,01,A01
201100056079,0,07,000,00,2,4,01,C01
201100056079,0,07,000,00,2,1,01,D01
201100056079,0,07,000,00,2,1,01,A01
201100056079,0,07,000,00,0,0,01,B01
201100056080,0,07,000,11,0,1,00,A01
201100056080,0,07,000,00,2,1,01,E01
201100056080,0,10,000,00,2,1,01,D01
201100056080,0,07,000,00,9,1,01,B01
201100056080,0,07,000,00,2,4,01,C01
201100056081,0,10,000,00,2,4,01,C01
201100056081,0,07,000,00,2,8,01,B01
201100056081,0,33,000,00,2,7,14,A01
201100056082,0,07,000,00,0,5,01,B01
201100056082,0,33,000,00,2,1,01,A01
201100056083,0,33,000,00,0,8,09,A01
201100056084,0,33,000,16,0,7,16,A01
201100056085,0,10,000,00,2,1,01,A01
201100056085,0,07,000,00,2,4,01,C01
201100056085,0,07,000,00,2,4,01,B01
201100056086,0,07,000,00,0,4,02,E01
201100056086,0,10,000,00,2,4,02,B01
201100056086,0,07,000,00,2,4,02,D01
201100056086,0,10,000,00,2,1,02,A01
201100056086,0,07,000,00,2,4,02,C01
201100056087,0,07,000,00,2,8,01,B01
201100056087,0,15,000,00,2,1,12,A01
201100056088,0,07,000,00,0,4,02,B01
201100056088,0,07,000,00,2,1,02,A01
201100056089,0,07,000,00,0,4,01,B01
201100056089,0,99,000,00,2,1,01,A01
201100056090,0,07,000,00,2,1,01,A01
201100056090,0,07,000,00,2,4,01,C01
201100056090,0,07,000,00,2,4,01,D01
201100056090,0,07,000,00,2,4,01,E01
201100056090,0,07,000,00,2,4,01,B01
201100056091,0,07,000,00,0,4,03,B01
201100056091,0,10,000,00,2,1,02,A01
201100056092,0,07,000,04,2,2,01,B01
201100056092,0,07,000,04,2,1,11,A01
201100056093,0,10,000,00,0,4,02,B01
201100056093,0,33,000,00,2,1,02,A01
201100056093,0,07,000,14,0,1,01,C01
201100056094,0,07,000,00,2,7,12,B01
201100056094,0,33,000,00,2,1,03,A01
201100056095,0,07,000,00,2,1,02,C01
201100056095,0,15,000,00,2,4,02,B01
201100056095,0,15,000,00,2,2,02,D01
201100056095,0,13,000,00,2,1,02,A01
201100056096,0,07,000,00,2,5,01,B01
201100056096,0,33,000,00,2,1,01,A01
201100056097,0,07,000,00,0,8,01,B01
201100056097,0,15,000,00,2,2,12,A01
201100056098,0,07,000,00,2,4,01,C01
201100056098,0,32,000,00,2,2,01,B01
201100056098,0,07,000,00,2,3,11,A01
201100056099,1,07,000,00,2,1,02,Z01
201100056099,0,31,000,00,0,4,01,A01
201100056100,0,07,000,00,0,6,01,B01
201100056100,0,07,000,00,2,1,02,A01
201100056100,0,07,000,00,2,1,01,C01
201100056101,0,14,000,00,2,1,02,A01
201100056101,0,15,000,00,0,4,02,B01
201100056102,0,07,000,04,2,1,17,A01
201100056102,0,33,000,00,0,6,01,B01
201100056103,0,15,000,00,0,4,09,B01
201100056103,0,15,000,00,2,1,01,A01
201100056104,1,14,000,00,2,4,01,Z01
201100056104,0,33,000,00,2,1,01,A01
201100056105,0,07,000,00,2,4,01,B01
201100056105,0,07,000,00,2,1,12,A01
201100056106,1,07,000,00,0,0,17,Z01
201100056106,0,07,000,04,0,7,01,A01
201100056107,0,07,000,00,2,4,01,B01
201100056107,0,07,000,00,2,1,12,A01
201100056108,0,07,000,00,2,6,01,B01
201100056108,0,07,000,15,2,1,01,A01
201100056109,0,15,000,00,2,2,01,B01
201100056109,0,07,000,00,2,3,11,A01
201100056110,0,33,000,00,2,8,01,B01
201100056110,0,07,000,00,2,2,12,A01
201100056111,0,07,000,00,2,0,02,D01
201100056111,0,07,000,00,2,1,02,C01
201100056111,0,07,000,00,2,4,02,B01
201100056111,0,07,000,00,2,1,01,A01
201100056112,0,07,000,00,2,1,02,A01
201100056112,0,07,000,00,2,4,02,B01
201100056113,0,07,000,00,2,8,21,A01
201100056113,0,10,000,00,2,1,01,B01
201100056113,0,07,000,00,2,4,21,C01
201100056114,0,07,000,00,6,1,01,A01
201100056115,0,10,000,00,0,8,23,C01
201100056115,0,15,000,00,0,4,23,E01
201100056115,0,10,000,00,0,6,24,B01
201100056115,0,10,000,00,0,6,23,D01
201100056115,0,15,000,01,0,2,14,A01
201100056116,0,07,000,00,2,8,01,B01
201100056116,0,15,000,00,2,2,12,A01
201100056117,0,07,000,04,0,8,00,A01
201100056118,0,10,000,00,2,4,01,B01
201100056118,0,07,000,00,2,1,01,A01
201100056119,0,07,000,00,2,3,13,A01
201100056119,0,07,000,00,0,2,01,B01
201100056120,0,31,000,00,2,1,11,A01
201100056120,0,07,000,00,0,4,01,B01
201100056121,0,07,000,00,2,3,01,B01
201100056121,0,07,000,00,2,2,12,A01
201100056122,0,07,000,00,2,7,01,C01
201100056122,0,07,000,00,2,1,01,A01
201100056122,0,07,000,00,2,4,01,B01
201100056123,0,10,000,00,2,4,01,E01
201100056123,0,07,000,03,2,4,01,B01
201100056123,0,07,000,03,2,4,01,C02
201100056123,0,10,000,00,2,1,01,A01
201100056123,0,07,000,00,2,4,01,D01
201100056123,0,15,000,00,2,4,01,F01
201100056124,0,07,000,00,0,6,01,B01
201100056124,0,15,000,00,2,2,12,A01
201100056125,0,33,000,00,0,1,16,A01
201100056126,0,07,000,01,2,7,12,B01
201100056126,1,07,000,00,0,4,01,C01
201100056126,0,31,000,00,2,1,00,A01
201100056127,0,10,000,00,2,4,01,B01
201100056127,0,15,000,00,2,1,01,A01
201100056128,0,07,000,00,2,2,00,A01
201100056128,0,07,000,00,0,4,01,B01
201100056129,0,15,000,00,0,0,01,C01
201100056129,0,15,000,00,2,1,00,A01
201100056129,0,07,000,00,2,4,01,B01
201100056130,0,33,000,04,0,8,16,A01
201100056131,0,07,000,00,0,4,01,E01
201100056131,0,07,000,00,0,7,01,B01
201100056131,0,07,000,00,0,4,01,D01
201100056131,0,13,000,00,2,4,01,C01
201100056131,0,15,000,00,2,1,01,A01
201100056132,0,33,000,04,0,3,00,A01
201100056133,0,07,000,00,2,1,01,A01
201100056133,0,07,000,00,2,4,02,B01
201100056133,0,07,000,00,0,4,02,C01
201100056134,0,33,000,03,0,1,00,A01
201100056135,0,07,000,00,2,5,01,A01
201100056135,0,07,000,00,2,1,01,B01
201100056136,0,15,000,04,0,1,16,A01
201100056137,0,07,000,03,0,1,01,C01
201100056137,0,07,000,00,2,1,01,B01
201100056137,0,07,000,00,2,0,11,A01
201100056138,0,33,000,04,0,1,01,A01
201100056139,0,07,000,04,0,8,01,A01
201100056140,0,07,000,00,0,4,02,B01
201100056140,0,10,000,00,2,1,02,A01
201100056141,0,07,000,00,2,1,02,A01
201100056141,0,15,000,00,0,4,02,B01
201100056142,0,14,000,00,2,2,12,A01
201100056142,0,07,000,00,2,8,01,B01
201100056142,0,07,000,00,0,7,01,C01
201100056143,0,07,000,03,0,1,01,A01
201100056144,0,33,000,00,2,1,01,B01
201100056144,0,15,000,14,0,1,01,C01
201100056144,0,07,000,00,0,4,12,A01
201100056145,0,07,000,00,2,4,02,B01
201100056145,0,07,000,00,2,4,02,C01
201100056145,0,10,000,00,0,4,02,D01
201100056145,0,15,000,00,2,1,02,A01
201100056146,0,07,000,00,2,2,01,D01
201100056146,0,07,000,04,2,6,01,B01
201100056146,0,15,000,00,2,2,12,A01
201100056146,0,15,000,00,2,1,01,C01
201100056147,0,07,000,00,2,1,02,A01
201100056147,0,07,000,00,0,4,02,B01
201100056148,0,10,000,00,1,4,04,A01
201100056149,0,07,000,04,0,6,01,B01
201100056149,0,07,000,00,2,2,12,A01
201100056150,0,15,000,00,2,7,12,A01
201100056150,0,07,000,00,2,7,01,C01
201100056150,0,07,000,00,2,6,01,B01
201100056151,0,07,000,03,0,1,01,A01
201100056151,1,07,000,00,0,0,13,Z01
201100056151,0,10,000,00,9,6,01,B01
201100056152,0,07,000,00,2,2,02,A01
201100056152,0,07,000,00,2,6,02,C01
201100056152,0,07,000,00,2,4,02,B01
201100056153,0,14,000,00,2,1,02,A01
201100056153,0,15,000,00,0,4,02,B01
201100056154,0,33,000,00,2,7,01,B01
201100056154,0,07,000,00,2,8,11,A01
201100056155,0,33,000,00,1,1,03,B01
201100056155,0,07,000,00,0,0,23,A01
201100056156,0,07,000,00,2,7,12,B01
201100056156,0,14,000,00,2,4,01,C01
201100056156,0,33,000,00,2,8,03,A01
201100056157,0,15,000,00,0,2,01,B01
201100056157,0,07,000,00,2,8,09,A01
201100056158,0,07,000,00,2,2,12,B01
201100056158,0,33,000,00,2,8,03,A01
201100056159,0,07,000,00,0,4,02,B01
201100056159,0,15,000,00,2,1,02,A01
201100056160,0,07,000,00,2,4,01,B01
201100056160,0,07,000,00,2,1,01,A01
201100056161,0,07,000,11,0,1,01,A01
201100056162,0,07,000,00,2,2,01,B01
201100056162,0,15,000,03,2,3,11,A01
201100056163,0,07,000,03,2,7,12,A01
201100056163,0,15,000,00,2,3,01,B01
201100056164,0,07,000,00,2,1,02,A01
201100056164,0,07,000,00,0,4,02,C01
201100056164,0,07,000,00,2,4,02,B01
201100056165,0,31,000,00,2,1,03,B01
201100056165,0,07,000,00,2,6,11,A01
201100056166,0,07,000,00,0,4,02,C01
201100056166,0,07,000,00,2,4,02,B01
201100056166,0,07,000,00,2,1,02,A01
201100056167,0,07,000,04,2,3,02,A01
201100056167,0,15,000,00,0,6,01,B01
201100056168,0,07,000,02,0,1,21,A01
201100056169,0,07,000,04,0,1,01,A01
201100056170,0,33,000,00,2,1,01,B01
201100056170,0,07,000,00,2,1,12,A01
201100056171,0,15,000,00,2,4,01,D01
201100056171,0,15,000,00,2,4,01,B01
201100056171,0,15,000,00,2,1,01,A01
201100056171,0,15,000,00,2,4,01,C01
201100056172,0,33,000,00,2,1,02,A01
201100056172,0,07,000,00,0,4,02,B01
201100056173,0,15,000,00,2,3,12,A01
201100056173,0,07,000,03,2,8,01,B01
201100056174,0,33,000,00,2,1,01,A01
201100056174,0,07,000,00,2,6,01,B01
201100056175,0,10,000,00,0,4,02,B01
201100056175,0,07,000,00,2,1,02,A01
201100056176,0,07,000,03,0,1,00,A01
201100056177,0,07,000,00,0,4,02,B01
201100056177,0,07,000,00,2,1,02,A01
201100056178,0,07,000,00,0,6,02,B01
201100056178,0,33,000,00,2,1,02,A01
201100056179,0,07,000,00,0,4,02,B01
201100056179,0,07,000,00,2,1,02,A01
201100056180,0,31,000,00,2,1,00,B01
201100056180,0,07,000,00,2,5,12,A01
201100056181,0,33,000,04,0,3,00,A01
201100056182,0,02,000,07,0,3,01,A01
201100056183,0,07,000,00,0,4,02,C01
201100056183,0,07,000,00,2,2,02,B01
201100056183,0,07,000,00,0,6,23,A01
201100056184,0,07,000,00,0,4,02,B01
201100056184,0,07,000,00,2,1,02,A01
201100056185,1,99,000,00,2,1,02,Z01
201100056185,0,07,000,00,0,4,01,A01
201100056186,0,33,000,04,0,1,01,A01
201100056187,0,07,000,00,5,1,01,A01
201100056188,0,30,000,04,0,1,01,A01
201100056189,0,07,000,04,0,1,01,A01
201100056190,0,07,000,13,0,7,01,A01
201100056190,1,10,000,00,2,3,11,Z01
201100056191,0,07,000,04,0,1,01,A01
201100056192,0,07,000,00,2,0,00,A01
201100056192,0,99,000,00,2,1,01,C01
201100056192,0,15,000,00,2,1,00,B01
201100056193,0,07,000,00,2,1,02,A01
201100056193,0,10,000,00,0,4,02,B01
201100056194,0,07,000,03,0,4,01,B01
201100056194,0,07,000,00,2,1,01,A01
201100056195,0,10,000,03,0,1,01,A01
201100056196,0,07,000,00,2,2,01,A01
201100056196,0,07,000,00,2,6,01,B01
201100056197,0,07,000,00,2,2,01,A01
201100056197,0,07,000,00,2,8,01,B01
201100056197,0,07,000,00,2,6,01,C01
201100056197,0,07,000,00,2,4,01,D01
201100056198,0,10,000,00,0,1,01,C01
201100056198,0,07,000,00,2,1,17,A01
201100056198,0,15,000,00,2,6,07,B01
201100056199,0,07,000,03,0,1,02,A01
201100056200,0,15,000,00,2,2,12,A01
201100056200,0,07,000,04,2,6,01,B01
201100056201,0,07,000,00,2,4,02,B01
201100056201,0,99,000,00,2,4,02,A01
201100056202,0,07,000,00,2,4,02,B01
201100056202,0,07,000,00,2,4,02,C01
201100056202,0,10,000,00,2,1,02,A01
201100056202,0,10,000,00,2,1,01,D01
201100056203,0,15,000,03,2,1,01,A01