Num_Acc,senc,catv,occutc,obs,obsm,choc,manv,num_veh
201100056203,0,10,000,00,2,8,01,B01
201100056204,0,10,000,00,0,4,02,C01
201100056204,0,07,000,00,2,4,02,B01
201100056204,0,10,000,00,2,1,01,A01
201100056205,0,07,000,03,0,1,01,A01
201100056206,0,07,000,00,2,1,02,A01
201100056206,0,07,000,00,2,4,02,B01
201100056207,0,07,000,00,2,1,01,A01
201100056207,0,07,000,00,2,4,01,B01
201100056208,0,14,000,00,9,3,01,B01
201100056208,0,15,000,00,0,0,01,A01
201100056209,0,07,000,04,0,3,00,A01
201100056210,0,07,000,00,2,1,01,A01
201100056210,0,07,000,00,2,4,02,B01
201100056211,0,07,000,00,2,1,02,A01
201100056211,0,07,000,00,2,4,02,B01
201100056211,0,07,000,00,0,4,02,C01
201100056212,0,34,000,00,0,7,01,A01
201100056213,0,07,000,00,0,6,12,B01
201100056213,0,33,000,00,2,1,03,A01
201100056214,0,07,000,00,2,4,16,A01
201100056214,1,07,000,00,2,1,16,Z01
201100056215,0,15,000,00,2,4,02,C01
201100056215,0,07,000,00,2,4,02,B01
201100056215,0,15,000,00,2,1,01,A01
201100056216,0,33,000,00,0,8,02,B01
201100056216,0,15,000,00,2,3,15,A01
201100056217,0,07,000,00,2,7,01,A01
201100056218,0,33,000,00,2,1,00,C01
201100056218,0,07,000,00,0,4,01,B01
201100056218,0,07,000,00,2,1,01,A01
201100056219,0,07,000,00,2,3,12,A01
201100056219,0,33,000,00,0,2,02,B01
201100056220,0,14,000,00,2,4,02,C01
201100056220,0,15,000,00,0,4,02,E01
201100056220,0,15,000,00,2,4,02,B01
201100056220,0,15,000,00,2,1,02,A01
201100056220,0,15,000,00,2,4,02,D01
201100056221,0,07,000,00,2,3,02,A01
201100056221,0,07,000,00,0,4,02,B01
201100056222,0,07,000,13,0,7,00,A01
201100056223,0,07,000,00,0,4,02,B01
201100056223,0,07,000,00,2,1,12,A01
201100056224,0,07,000,00,0,4,02,B01
201100056224,0,33,000,00,2,8,02,A01
201100056225,0,07,000,00,0,4,12,B01
201100056225,0,32,000,00,2,1,01,A01
201100056226,0,07,000,04,0,1,02,A01
201100056227,0,33,000,16,0,8,03,A01
201100056227,0,07,000,00,0,0,11,B01
201100056228,0,33,000,14,0,8,17,A01
201100056229,0,07,000,00,0,4,02,A01
201100056229,0,07,000,00,2,3,02,B01
201100056230,0,33,000,00,2,1,03,A01
201100056230,0,07,000,00,0,4,12,B01
201100056231,0,07,000,04,0,3,02,A01
201100056232,0,07,000,04,0,4,02,A01
201100056233,0,33,000,14,0,1,01,B01
201100056233,0,33,000,14,0,1,01,A01
201100056234,0,07,000,09,2,2,19,A01
201100056234,0,17,000,00,0,3,02,B01
201100056235,0,10,000,04,0,1,12,A01
201100056236,0,17,000,00,0,6,02,B01
201100056236,0,07,000,00,2,3,02,A01
201100056237,0,13,000,00,0,4,02,B01
201100056237,0,17,000,00,2,1,02,A01
201100056238,0,33,000,00,2,1,02,A01
201100056238,1,07,000,00,0,4,02,Z01
201100056239,0,07,000,04,0,3,11,A01
201100056240,0,07,000,04,0,3,01,A01
201100056241,0,07,000,00,0,8,02,B01
201100056241,0,07,000,00,2,2,02,A01
201100056242,0,07,000,00,0,5,01,B01
201100056242,0,33,000,00,2,7,11,A01
201100056243,0,17,000,00,2,2,14,A01
201100056243,0,07,000,04,0,6,02,B01
201100056243,0,07,000,04,2,2,02,C01
201100056243,0,07,000,00,2,1,02,D01
201100056244,0,33,000,00,0,8,03,B01
201100056244,0,07,000,00,2,7,12,A01
201100056245,0,13,000,00,2,1,02,A01
201100056245,1,15,000,00,2,2,00,Z01
201100056246,0,15,000,00,2,2,12,A01
201100056246,0,07,000,00,0,8,01,B01
201100056247,0,07,000,00,0,4,02,B01
201100056247,0,07,000,00,0,4,02,C01
201100056247,0,07,000,00,2,1,02,A01
201100056247,0,07,000,00,0,4,02,D01
201100056248,0,10,000,00,0,5,02,B01
201100056248,0,07,000,00,2,3,02,A01
201100056248,0,07,000,00,0,4,02,C01
201100056249,0,33,000,00,2,1,03,A01
201100056249,0,07,000,00,0,7,12,B01
201100056250,0,07,000,00,0,4,02,B01
201100056250,0,07,000,01,0,4,02,C01
201100056250,0,14,000,00,0,4,02,D01
201100056250,0,07,000,00,2,1,02,A01
201100056251,0,07,000,13,0,1,01,A01
201100056252,0,07,000,00,0,4,02,B01
201100056252,0,07,000,00,2,1,02,A01
201100056253,0,10,000,00,2,4,23,B01
201100056253,0,07,000,00,2,1,12,A01
201100056253,0,07,000,00,0,4,23,C01
201100056254,0,33,000,00,2,1,02,A01
201100056254,0,10,000,00,0,5,02,B01
201100056255,0,07,000,00,0,4,02,B01
201100056255,0,33,000,00,2,1,02,A01
201100056256,0,07,000,03,0,7,02,A01
201100056257,0,07,000,00,0,8,11,B01
201100056257,0,33,000,00,2,2,03,A01
201100056258,0,07,000,00,2,1,02,A01
201100056258,0,07,000,00,0,4,02,B01
201100056259,0,07,000,00,0,5,01,B01
201100056259,0,15,000,00,2,3,11,A01
201100056260,0,07,000,00,0,4,02,B01
201100056260,0,17,000,00,2,1,02,A01
201100056261,0,15,000,04,0,3,00,A01
201100056262,0,33,000,00,0,1,02,B01
201100056262,0,07,000,00,2,5,11,A01
201100056263,0,07,000,00,0,4,02,B01
201100056263,0,15,000,00,2,1,02,A01
201100056264,0,07,000,04,0,5,02,A01
201100056265,0,07,000,00,0,7,01,B01
201100056265,0,07,000,00,2,1,01,A01
201100056266,0,07,000,04,0,1,02,A01
201100056267,0,07,000,04,0,7,01,A01
201100056268,0,07,000,00,0,3,02,B01
201100056268,0,07,000,04,2,1,09,A01
201100056269,0,07,000,04,2,1,02,B01
201100056269,0,07,000,04,2,1,02,A01
201100056270,0,33,000,00,0,7,00,A01
201100056271,0,07,000,04,0,3,02,A01
201100056272,0,07,000,00,0,4,02,C01
201100056272,0,07,000,00,2,1,09,A01
201100056272,0,07,000,00,2,4,02,B01
201100056273,1,15,000,00,2,0,00,A01
201100056273,0,07,000,00,0,6,01,B01
201100056273,0,15,000,00,0,8,24,C01
201100056274,0,17,000,00,0,4,02,B01
201100056274,0,17,000,00,2,1,02,A01
201100056275,0,07,000,00,0,4,01,B01
201100056275,0,07,000,00,2,1,02,A01
201100056276,0,10,000,00,0,4,02,C01
201100056276,0,07,000,00,2,4,02,B01
201100056276,0,07,000,00,2,1,02,A01
201100056277,0,33,000,00,0,6,02,B01
201100056277,0,10,000,00,2,2,12,A01
201100056278,0,07,000,00,0,5,12,A01
201100056278,0,33,000,00,2,1,01,B01
201100056279,0,07,000,03,0,7,02,A01
201100056280,0,07,000,00,0,2,01,B01
201100056280,0,07,000,03,2,3,11,A01
201100056281,0,07,000,00,2,1,02,A01
201100056281,0,07,000,00,0,4,02,C01
201100056281,0,07,000,00,2,4,02,B01
201100056282,0,07,000,00,2,1,01,B01
201100056282,0,07,000,04,0,4,00,A01
201100056283,0,07,000,00,2,4,02,B01
201100056283,0,07,000,07,0,4,01,C01
201100056283,0,10,000,00,2,2,12,A01
201100056284,0,14,000,00,2,1,02,A01
201100056284,0,07,000,00,2,4,02,B01
201100056284,0,07,000,00,0,4,02,C01
201100056285,0,07,000,00,2,1,02,A01
201100056285,0,07,000,00,0,4,02,B01
201100056286,0,07,000,00,0,0,00,A01
201100056287,0,07,000,00,1,7,16,A01
201100056288,0,99,000,00,9,4,04,A01
201100056288,0,01,000,00,0,4,00,B01
201100056289,0,07,000,00,1,7,02,A01
201100056290,0,07,000,00,1,3,01,A01
201100056291,0,33,000,00,2,7,01,B01
201100056291,0,07,000,00,2,1,15,A01
201100056292,1,07,000,00,2,0,17,Z01
201100056292,0,30,000,00,2,8,01,A01
201100056293,0,01,000,00,2,1,01,B01
201100056293,0,01,000,00,2,1,14,A01
201100056293,0,07,000,00,0,0,24,C01
201100056294,0,01,000,00,2,1,01,A01
201100056294,0,07,000,00,0,3,15,B01
201100056295,0,07,000,00,9,8,01,B01
201100056295,0,01,000,00,2,3,11,A01
201100056296,0,07,000,00,0,5,11,B01
201100056296,0,01,000,00,2,5,03,A01
201100056297,1,07,000,00,1,0,00,A01
201100056298,0,07,000,00,2,1,02,A01
201100056298,0,07,000,00,2,4,02,B01
201100056299,1,07,000,00,2,2,02,Z01
201100056299,0,01,000,00,2,8,02,B01
201100056300,0,07,000,00,2,3,02,A01
201100056300,0,33,000,00,0,4,02,B01
201100056301,0,07,000,00,9,0,15,A01
201100056301,0,34,000,00,2,0,17,B01
201100056302,0,07,000,00,2,2,15,A01
201100056302,0,33,000,00,2,8,01,B01
201100056303,0,36,000,14,0,2,02,A01
201100056304,0,07,000,14,0,7,06,A01
201100056305,0,01,000,00,0,0,00,A01
201100056306,0,07,000,00,1,1,02,A01
201100056307,0,07,000,00,1,2,01,A01
201100056308,1,99,000,00,2,1,01,A01
201100056308,0,07,000,00,2,3,01,B01
201100056309,0,30,000,01,0,8,00,A01
201100056310,0,01,000,00,0,0,00,A01
201100056311,0,07,000,00,2,7,16,B01
201100056311,0,31,000,00,2,3,16,A01
201100056312,0,07,000,00,2,4,01,B01
201100056312,1,07,000,00,2,1,01,A01
201100056312,0,07,000,00,0,4,01,C01
201100056313,0,07,000,00,1,3,15,A01
201100056314,0,07,000,00,2,1,02,A01
201100056314,0,33,000,00,2,4,02,B01
201100056315,0,07,000,00,2,8,22,A01
201100056315,0,01,000,01,0,1,18,B01
201100056316,0,30,000,00,0,7,00,A01
201100056317,0,07,000,08,2,3,15,A01
201100056317,0,33,000,08,2,5,01,B01
201100056318,0,07,000,01,0,1,01,A01
201100056319,0,07,000,00,2,2,02,A01
201100056319,0,07,000,00,2,4,01,B01
201100056319,0,07,000,00,2,5,01,C01
201100056319,0,07,000,00,0,6,01,D01
201100056320,0,07,000,00,1,3,00,A01
201100056321,0,07,000,00,0,7,22,A01
201100056321,0,01,000,03,0,1,01,B01
201100056322,0,07,000,11,0,6,07,A01
201100056322,0,37,020,00,2,2,01,B01
201100056323,0,07,000,00,1,3,01,A01
201100056324,0,30,000,00,0,0,01,A01
201100056325,0,07,000,15,0,1,01,A01
201100056326,0,07,000,00,1,1,00,A01
201100056327,0,07,000,00,1,6,15,A01
201100056328,0,07,000,00,0,4,02,A01
201100056328,0,07,000,00,2,1,02,B01
201100056329,0,10,000,00,2,1,21,D01
201100056329,0,07,000,00,2,1,02,E01
201100056329,0,07,000,00,0,4,01,A01
201100056329,0,07,000,00,2,4,01,C01
201100056329,0,07,000,00,2,4,01,B01
201100056330,0,15,000,00,2,7,12,A01
201100056330,0,07,000,00,0,3,01,B01
201100056331,0,07,000,00,0,3,01,A01
201100056331,0,15,000,00,2,2,12,B01
201100056332,0,07,000,00,2,3,14,B01
201100056332,0,07,000,03,0,4,01,A01
201100056333,0,33,000,00,0,2,13,A01
201100056334,0,07,000,00,0,6,01,A01
201100056334,0,07,000,00,0,5,01,C01
201100056334,0,15,000,00,2,2,12,B01
201100056335,0,07,000,00,2,6,01,A01
201100056335,1,17,000,00,2,2,12,Z01
201100056336,0,07,000,00,2,6,01,B01
201100056336,0,10,000,00,0,4,01,A01
201100056336,0,10,000,00,2,2,11,C01
201100056337,0,17,000,00,2,2,12,A01
201100056337,0,07,000,00,2,8,01,B01
201100056337,0,07,000,00,2,2,01,C01
201100056338,0,07,000,00,2,1,01,C01
201100056338,0,10,000,00,0,4,01,A01
201100056338,0,07,000,00,2,4,01,B01
201100056339,0,10,000,00,0,6,02,A01
201100056339,0,07,000,00,2,2,02,B01
201100056340,0,07,000,00,2,1,01,C01
201100056340,0,17,000,00,0,2,01,A01
201100056340,0,07,000,03,2,6,11,B01
201100056341,0,33,000,00,2,8,21,A01
201100056341,0,07,000,00,2,7,12,B01
201100056342,0,10,000,00,0,4,01,A01
201100056342,0,07,000,00,2,1,02,B01
201100056343,0,07,000,00,2,1,02,C01
201100056343,0,07,000,00,0,4,01,A01
201100056343,0,07,000,00,2,4,02,B01
201100056344,0,15,000,00,0,4,02,A01
201100056344,0,07,000,00,2,1,02,B01
201100056345,0,07,000,00,0,4,02,B01
201100056345,0,07,000,00,0,4,01,A01
201100056345,0,07,000,00,2,1,02,D01
201100056345,0,07,000,00,2,4,02,C01
201100056346,0,10,000,03,0,6,01,A01
201100056346,0,17,000,00,2,2,12,B01
201100056347,0,34,000,14,0,7,01,A01
201100056348,0,07,000,00,2,1,02,C01
201100056348,0,07,000,00,2,4,02,A01
201100056348,0,07,000,00,2,4,02,B01
201100056349,0,07,000,00,0,4,23,A01
201100056349,0,07,000,00,2,3,21,D01
201100056349,0,10,000,00,2,4,23,B01
201100056349,0,10,000,00,2,5,23,C01
201100056350,0,07,000,03,2,6,13,A01
201100056350,0,17,000,00,2,2,01,B01
201100056351,0,17,000,00,2,2,12,B01
201100056351,0,07,000,03,0,6,01,A01
201100056352,0,17,000,00,2,2,12,B01
201100056352,0,07,000,00,0,9,02,A01
201100056353,0,07,000,00,1,1,02,A01
201100056354,0,07,000,00,0,4,02,A01
201100056354,0,07,000,00,2,1,02,B01
201100056355,0,33,000,15,0,8,01,A01
201100056355,0,07,000,00,2,2,12,B01
201100056356,0,10,000,00,0,5,02,A01
201100056356,0,33,000,00,2,3,02,B01
201100056357,0,33,000,00,0,3,12,A01
201100056358,0,32,000,03,0,1,00,A01
201100056359,0,10,000,15,0,6,01,A01
201100056359,0,07,000,00,2,6,12,B01
201100056360,0,07,000,03,0,6,01,A01
201100056360,0,15,000,00,2,2,14,B01
201100056361,0,17,000,00,2,8,12,B01
201100056361,0,07,000,00,0,8,01,A01
201100056362,0,07,000,04,2,8,01,A01
201100056362,1,17,000,00,2,2,12,Z01
201100056363,0,07,000,00,0,5,01,A01
201100056363,0,33,000,00,2,1,12,B01
201100056364,0,07,000,00,0,6,01,A01
201100056364,0,17,000,00,2,2,12,B01
201100056365,0,17,000,00,2,1,02,B01
201100056365,0,10,000,00,0,4,01,A01
201100056366,0,07,000,04,0,8,01,A01
201100056366,0,14,000,00,2,2,12,B01
201100056367,0,33,000,00,0,7,00,A01
201100056368,0,33,000,00,0,7,21,A01
201100056369,0,07,000,15,0,1,14,A01
201100056370,0,07,000,08,0,1,06,A01
201100056371,0,07,000,00,0,4,02,A01
201100056371,0,10,000,00,2,4,02,B01
201100056371,0,10,000,00,2,1,02,C01
201100056372,0,07,000,04,0,3,13,A01
201100056373,0,07,000,00,2,1,01,A01
201100056373,0,07,000,03,0,8,13,B01
201100056374,0,10,000,00,1,2,01,A01
201100056375,0,07,000,00,0,4,02,A01
201100056375,0,07,000,00,2,1,02,B01
201100056375,0,07,000,00,2,1,02,C01
201100056376,0,07,000,03,0,1,14,A01
201100056377,0,07,000,00,0,4,23,A01
201100056377,0,07,000,01,0,1,02,B01
201100056378,0,17,000,03,0,6,16,A01
201100056379,0,10,000,00,2,4,02,B01
201100056379,0,07,000,00,2,1,02,A01
201100056380,0,17,000,00,0,5,23,A01
201100056380,0,07,000,14,0,1,02,B01
201100056381,0,07,000,04,0,8,01,A01
201100056382,0,07,000,02,2,2,17,A01
201100056382,0,15,000,00,2,6,01,B01
201100056383,0,33,000,00,0,4,02,B01
201100056383,0,31,000,00,0,4,23,D01
201100056383,0,33,000,01,0,1,21,C01
201100056383,0,33,000,00,0,4,23,E01
201100056383,0,33,000,01,0,1,17,A01
201100056384,0,07,000,02,0,4,14,A01
201100056385,0,07,000,00,2,1,02,C01
201100056385,0,07,000,00,0,4,01,B01
201100056385,0,07,000,00,2,1,01,A01
201100056386,0,14,000,00,2,2,12,A01
201100056386,0,10,000,03,2,8,01,B01
201100056386,0,07,000,00,2,3,01,C01
201100056387,0,07,000,00,2,4,02,B01
201100056387,0,07,000,00,2,1,02,A01
201100056388,0,33,000,03,0,8,17,A01
201100056389,0,07,000,00,2,1,02,A01
201100056389,0,07,000,00,2,4,02,B01
201100056390,0,07,000,00,2,8,02,A01
201100056390,0,33,000,00,2,6,02,B01
201100056391,0,07,000,00,2,1,02,A01
201100056391,0,07,000,00,2,4,02,B01
201100056392,0,10,000,03,0,3,01,A01
201100056393,0,07,000,14,0,2,01,C01
201100056393,0,17,000,00,2,1,12,A01
201100056393,0,07,000,03,2,6,01,B01
201100056394,0,07,000,00,2,3,21,C01
201100056394,0,07,000,03,2,1,05,A01
201100056394,0,07,000,00,2,9,01,B01
201100056395,0,17,000,00,2,1,02,A01
201100056395,0,10,000,00,2,4,02,C01
201100056395,0,07,000,00,2,4,02,D01
201100056395,0,07,000,00,2,4,02,B01
201100056396,0,07,000,00,2,5,02,A01
201100056396,0,07,000,00,2,5,02,B01
201100056397,0,15,000,00,2,4,02,B01
201100056397,0,07,000,14,0,1,02,C01
201100056397,0,17,000,00,2,1,02,A01
201100056398,0,07,000,00,2,2,02,A01
201100056398,0,07,000,00,2,3,05,B01
201100056398,0,10,000,00,0,8,14,C01
201100056399,0,07,000,04,2,1,01,C01
201100056399,0,17,000,00,2,2,01,B01
201100056399,0,07,000,00,2,5,12,A01
201100056400,0,07,000,00,2,2,12,A01
201100056400,0,07,000,03,0,4,01,B01
201100056401,0,07,000,14,0,1,01,B01
201100056401,0,07,000,03,0,1,23,A01
201100056402,0,07,000,04,0,3,13,A01
201100056403,0,07,000,03,0,6,23,B01
201100056403,0,10,000,01,0,2,21,A01
201100056404,0,07,000,00,0,4,02,B01
201100056404,0,33,000,00,2,1,02,A01
201100056405,0,07,000,02,0,3,14,A01
201100056406,0,07,000,00,2,8,01,B01
201100056406,0,15,000,00,2,2,14,A01
201100056407,0,07,000,00,2,1,02,A01
201100056407,0,17,000,00,0,4,01,B01
201100056408,0,15,000,00,2,3,02,B01
201100056408,0,07,000,00,2,7,05,A01
201100056409,0,07,000,00,0,5,23,B01
201100056409,0,07,000,00,2,3,02,A01
201100056409,0,07,000,00,2,1,02,C01
201100056410,0,07,000,00,2,1,02,A01
201100056410,0,14,000,00,0,4,02,B01
201100056411,0,07,000,13,0,1,09,A01
201100056412,0,07,000,00,0,4,02,B01
201100056412,1,07,000,00,2,1,02,A01
201100056413,0,10,000,00,2,2,19,A01
201100056413,0,07,000,03,0,3,01,B01
201100056414,0,10,000,03,0,1,21,A01
201100056415,0,07,000,03,0,2,17,A01
201100056416,0,07,000,02,0,1,00,A01
201100056417,0,07,000,00,0,9,21,A01
201100056418,0,33,000,14,0,1,02,B01
201100056418,0,10,000,14,0,2,02,C01
201100056418,0,07,000,04,0,3,02,A01
201100056419,0,14,000,00,0,8,01,B01
201100056419,0,07,000,03,0,1,21,A01
201100056420,0,07,000,00,2,1,13,A01
201100056420,0,07,000,00,0,5,01,B01
201100056421,0,07,000,00,2,1,02,A01
201100056421,0,07,000,00,0,4,02,B01
201100056422,0,07,000,00,2,6,23,B01
201100056422,0,07,000,00,2,4,23,C01
201100056422,0,07,000,00,2,4,23,D01
201100056422,0,10,000,00,0,5,23,G02
201100056422,0,07,000,00,2,1,02,A01
201100056422,0,07,000,00,2,4,23,F02
201100056422,0,07,000,00,2,4,23,E01
201100056423,1,07,000,00,1,1,00,Z01
201100056424,0,07,000,03,2,4,02,B01
201100056424,0,07,000,00,2,1,02,A01
201100056424,0,07,000,00,0,7,23,C01
201100056425,0,07,000,00,0,4,02,B01
201100056425,0,07,000,00,2,1,02,A01
201100056426,0,17,000,00,0,5,01,B01
201100056426,0,07,000,00,2,3,02,A01
201100056427,0,07,000,00,2,1,02,A01
201100056427,0,07,000,00,0,4,02,C01
201100056427,0,07,000,00,2,4,02,B01
201100056428,0,07,000,03,0,9,01,A01
201100056429,0,07,000,00,1,7,01,A01
201100056430,0,07,000,00,2,1,01,B01
201100056430,0,07,000,00,2,8,01,A01
201100056431,0,07,000,00,1,7,01,A01
201100056432,0,30,000,00,2,8,01,A01
201100056432,0,07,000,00,2,1,01,B01
201100056433,0,07,000,00,1,0,04,A01
201100056434,0,07,000,00,9,2,15,B01
201100056434,0,30,000,00,2,1,01,A01
201100056435,0,07,000,00,9,3,01,A01
201100056435,0,32,000,00,2,4,01,B01
201100056436,0,07,000,00,2,1,01,B01
201100056436,0,07,000,00,2,5,15,A01
201100056437,0,02,000,00,2,7,01,A01
201100056437,0,07,000,00,2,1,01,B01
201100056438,0,07,000,00,0,0,04,A01
201100056439,0,14,000,00,2,2,01,A01
201100056439,0,07,000,00,2,3,01,B01
201100056440,0,02,000,00,2,1,07,B01
201100056440,0,07,000,00,2,5,12,A01
201100056441,0,07,000,00,2,7,01,B01
201100056441,0,01,000,00,2,1,05,A01
201100056442,0,01,000,00,2,3,01,A01
201100056442,0,01,000,00,2,1,01,B01
201100056443,0,07,000,00,2,6,01,B01
201100056443,0,32,000,00,2,1,01,A01
201100056444,1,01,000,00,0,0,01,Z01
201100056444,0,37,018,00,0,0,01,A01
201100056445,0,32,000,00,2,4,23,B01
201100056445,0,07,000,00,2,1,01,A01
201100056446,0,07,000,00,2,1,02,A01
201100056446,0,07,000,00,2,4,02,B01
201100056446,0,07,000,00,2,4,02,C01
201100056447,0,07,000,00,9,3,15,A01
201100056447,0,33,000,12,2,2,08,B01
201100056448,1,07,000,00,2,3,01,Z01
201100056448,0,07,000,15,2,7,15,A01
201100056449,0,07,000,00,1,1,15,A01
201100056450,0,07,000,00,2,2,15,A01
201100056450,0,33,000,00,2,1,01,B01
201100056451,0,07,000,00,1,3,01,A01
201100056452,0,33,000,08,2,8,01,A01
201100056452,0,07,000,00,2,1,01,B01
201100056453,0,07,000,11,0,1,01,A01
201100056454,0,30,000,00,0,2,01,A01
201100056455,0,07,000,00,1,1,01,A01
201100056456,0,07,000,00,1,1,15,A01
201100056457,0,07,000,00,2,1,15,A01
201100056457,0,30,000,02,2,7,01,B01
201100056458,0,07,000,00,9,4,23,B01
201100056458,0,33,000,00,2,1,01,A01
201100056459,0,35,000,00,2,3,16,A01
201100056459,0,07,000,00,2,2,01,B01
201100056460,0,07,000,00,2,1,01,B01
201100056460,0,07,000,00,2,2,01,A01
201100056461,0,07,000,00,2,1,01,A01
201100056461,0,07,000,00,2,7,01,B01
201100056462,0,07,000,00,2,2,15,A01
201100056462,0,02,000,00,2,1,01,B01
201100056463,0,33,000,00,2,1,01,B01
201100056463,0,07,000,00,2,5,19,A01
201100056464,0,07,000,01,2,1,16,A01
201100056464,0,07,000,00,2,7,01,B01
201100056465,0,32,000,00,2,8,01,B01
201100056465,0,07,000,00,2,2,12,A01
201100056466,0,07,000,00,1,3,01,A01
201100056467,0,02,000,00,1,1,13,A01
201100056468,0,07,000,00,1,1,01,A01
201100056469,0,07,000,01,2,3,01,B01
201100056469,0,07,000,00,2,1,10,A01
201100056470,0,14,000,00,1,7,16,A01
201100056471,0,07,000,08,2,8,15,A01
201100056471,0,07,000,08,2,2,15,B01
201100056472,0,07,000,00,1,3,15,A01
201100056473,0,07,000,00,2,2,01,B01
201100056473,0,07,000,07,2,0,10,A01
201100056474,0,31,000,00,2,1,01,B01
201100056474,0,07,000,00,2,2,15,A01
201100056475,0,10,000,00,2,6,04,A01
201100056475,0,07,000,00,2,1,01,B01
201100056476,0,07,000,00,2,4,02,B01
201100056476,0,07,000,00,2,1,02,A01
201100056477,1,33,000,00,1,0,01,Z01
201100056478,0,07,000,00,2,4,23,B01
201100056478,0,07,000,00,2,1,01,A01
201100056479,0,33,000,00,2,1,01,B01
201100056479,0,10,000,00,2,3,15,A01
201100056480,0,07,000,06,0,2,00,A01
201100056481,0,33,000,00,2,8,01,B01
201100056481,0,10,000,00,2,1,15,A01
201100056482,0,07,000,00,2,1,01,B01
201100056482,0,07,000,00,2,7,01,A01
201100056483,0,02,000,00,2,1,01,B01
201100056483,0,07,000,00,2,7,15,A01
201100056484,0,10,000,00,1,0,02,A01
201100056485,0,33,000,00,2,1,02,B01
201100056485,0,17,000,00,2,0,15,A01
201100056486,0,07,000,00,2,8,15,B01
201100056486,0,33,000,00,2,2,02,A01
201100056487,0,07,000,00,1,2,02,A01
201100056488,0,13,000,00,1,2,15,A01
201100056489,0,03,000,00,1,8,02,A01
201100056490,0,07,000,00,2,4,23,B01
201100056490,0,07,000,00,2,1,02,A01
201100056491,0,07,000,00,2,1,01,B01
201100056491,0,30,000,00,2,8,01,A01
201100056492,0,07,000,00,2,7,04,A01
201100056492,0,30,000,00,1,1,01,B01
201100056493,0,07,000,00,2,4,02,B01
201100056493,0,33,000,00,2,3,02,A01
201100056494,0,01,000,00,2,1,01,B01
201100056494,0,10,000,00,9,3,16,A01
201100056495,0,07,000,00,2,5,01,A01
201100056495,0,32,000,00,2,1,01,B01
201100056496,0,07,000,00,2,2,21,B01
201100056496,0,32,000,11,2,3,18,A01
201100056497,0,07,000,00,1,2,01,A01
201100056498,0,07,000,00,1,2,01,A01
201100056499,0,20,000,00,2,6,16,B01
201100056499,0,07,000,00,2,7,02,C01
201100056499,0,30,000,00,2,1,03,A01
201100056500,0,07,000,00,2,3,15,B01
201100056500,0,32,000,00,2,7,17,A01
201100056501,0,07,000,00,2,2,01,B01
201100056501,0,07,000,00,2,3,15,A01
201100056502,0,40,020,00,2,2,01,B01
201100056502,0,01,000,00,4,2,05,A01
201100056503,0,07,000,00,1,2,01,A01
201100056504,0,07,000,00,2,9,21,B01
201100056504,0,07,000,00,2,3,10,A01
201100056505,0,07,000,00,2,0,15,A01
201100056505,0,07,000,11,2,1,01,B01
201100056506,0,07,000,00,2,1,01,B01
201100056506,0,07,000,00,2,2,15,A01
201100056507,0,30,000,01,0,0,01,A01
201100056508,0,07,000,00,0,7,00,A01
201100056508,0,32,000,12,0,8,18,B01
201100056509,0,07,000,01,1,3,15,A01
201100056510,0,07,000,00,2,2,01,B01
201100056510,0,01,000,00,2,7,19,A01
201100056511,0,33,000,02,0,0,18,A01
201100056511,0,07,000,12,0,2,12,B01
201100056512,0,10,000,00,1,1,01,A01
201100056513,0,07,000,00,1,2,01,A01
201100056514,0,33,000,00,2,0,01,A01
201100056515,0,07,000,00,0,2,01,B01
201100056515,0,01,000,00,0,8,01,A01
201100056516,0,07,000,01,2,2,13,A01
201100056516,0,33,000,00,2,1,02,B01
201100056517,0,07,000,00,0,4,02,B01
201100056517,0,07,000,00,0,4,02,C01
201100056517,0,07,000,00,0,1,02,A01
201100056518,0,01,000,00,2,7,01,A01
201100056518,0,07,000,00,9,1,01,B01
201100056519,0,07,000,00,1,1,02,A01
201100056520,1,07,000,00,0,0,00,A01
201100056521,0,10,000,00,2,3,15,A01
201100056521,0,07,000,15,2,3,01,B01
201100056522,0,32,000,00,0,1,01,A01
201100056523,0,07,000,08,2,3,02,A01
201100056523,0,07,000,08,2,2,01,B01
201100056524,0,07,000,00,2,2,21,A01
201100056524,0,07,000,01,0,1,02,B01
201100056524,0,07,000,00,2,4,02,C01
201100056524,0,07,000,00,2,4,02,D01
201100056524,0,07,000,00,0,4,23,E01
201100056525,0,31,000,00,2,1,01,A01
201100056525,0,07,000,00,0,2,16,B01
201100056526,0,07,000,00,2,8,01,A01
201100056526,0,02,000,00,2,1,01,B01
201100056527,0,07,000,00,2,1,02,A01
201100056527,0,07,000,00,2,4,02,B01
201100056528,0,07,000,00,0,1,02,A01
201100056528,0,07,000,00,0,4,01,B01
201100056528,0,07,000,00,0,4,02,C01
201100056529,0,02,000,00,0,1,19,A01
201100056529,0,07,000,00,0,2,19,B01
201100056530,0,07,000,00,4,3,15,A01
201100056530,0,40,001,00,2,0,02,B01
201100056531,0,31,000,00,1,1,01,A01
201100056532,0,07,000,01,2,6,11,A01
201100056532,0,07,000,00,2,2,01,B01
201100056533,0,07,000,00,9,7,15,A01
201100056533,0,01,000,00,2,0,08,B01
201100056534,0,32,000,00,2,7,15,A01
201100056534,0,07,000,00,2,1,01,B01
201100056535,0,07,000,00,2,3,15,A01