Num_Acc,senc,catv,occutc,obs,obsm,choc,manv,num_veh
201100056535,0,32,000,00,2,1,01,B01
201100056536,0,07,000,00,2,2,15,A01
201100056536,0,33,000,00,2,1,01,B01
201100056537,0,07,000,00,2,1,15,A01
201100056537,0,33,000,00,2,8,01,B01
201100056538,0,07,000,00,2,2,12,A01
201100056538,0,31,000,00,2,0,02,B01
201100056539,0,07,000,00,2,2,15,A01
201100056539,0,30,000,00,2,1,01,B01
201100056540,0,07,000,01,0,2,01,A01
201100056541,0,30,000,00,2,3,18,A01
201100056541,0,07,000,01,2,7,16,B01
201100056542,0,07,000,00,1,7,02,A01
201100056543,0,07,000,00,2,2,01,B01
201100056543,0,07,000,00,2,1,05,A01
201100056544,0,07,000,00,2,1,14,A01
201100056544,0,07,000,00,2,3,01,B01
201100056544,0,10,000,00,2,8,01,C01
201100056545,0,07,000,00,9,4,02,A01
201100056545,0,30,000,00,2,1,02,B01
201100056546,0,07,000,00,2,1,02,A01
201100056546,0,07,000,00,2,6,19,B01
201100056547,0,30,000,00,2,7,19,A01
201100056547,0,07,000,00,2,1,10,B01
201100056548,0,07,000,00,1,1,15,A01
201100056549,0,07,000,00,2,8,11,A01
201100056549,0,33,000,00,2,1,01,B01
201100056550,0,01,000,00,2,0,01,A01
201100056550,0,07,000,00,2,0,01,B01
201100056551,0,07,000,00,2,1,01,A01
201100056551,0,07,000,00,1,3,15,B01
201100056552,0,03,000,00,2,2,01,A01
201100056552,0,07,000,00,2,1,01,B01
201100056553,0,10,000,00,2,5,00,C01
201100056553,0,10,000,00,2,2,12,B01
201100056553,0,10,000,00,0,4,00,D01
201100056553,0,10,000,01,2,1,02,A01
201100056554,0,07,000,00,1,1,02,A01
201100056555,0,07,000,00,1,3,00,A01
201100056556,0,10,000,00,2,6,00,B01
201100056556,0,33,000,00,2,8,00,A01
201100056557,0,07,000,00,1,1,15,A01
201100056558,0,10,000,00,1,3,01,A01
201100056559,0,07,000,12,1,3,00,A01
201100056560,0,07,000,00,1,0,00,A01
201100056561,0,07,000,00,1,3,00,A01
201100056562,0,07,000,00,2,1,16,A01
201100056562,0,01,000,00,2,1,01,B01
201100056563,0,02,000,00,0,4,00,A01
201100056563,0,10,000,00,2,1,02,B01
201100056563,0,10,000,01,0,0,02,C01
201100056563,0,10,000,00,0,0,00,D01
201100056563,0,10,000,00,0,0,00,E01
201100056564,0,07,000,00,2,4,04,A01
201100056564,0,32,000,00,2,1,04,B01
201100056565,0,07,000,00,2,2,15,B01
201100056565,0,31,000,00,2,1,01,A01
201100056566,0,07,000,00,2,1,01,B01
201100056566,0,07,000,00,2,1,01,A01
201100056567,0,07,000,00,1,5,01,A01
201100056568,0,07,000,00,1,3,01,A01
201100056569,1,10,000,00,1,7,00,Z01
201100056570,0,07,000,08,0,9,01,A01
201100056571,0,33,000,00,2,1,02,B01
201100056571,0,10,000,00,2,8,01,A01
201100056572,2,07,000,06,0,1,01,A01
201100056573,0,10,000,00,1,3,00,A01
201100056574,0,07,000,00,2,5,15,A01
201100056574,0,01,000,00,2,1,01,B01
201100056575,0,07,000,00,1,0,01,A01
201100056576,0,02,000,00,2,1,01,B01
201100056576,0,10,000,00,2,4,04,A01
201100056577,0,32,000,00,1,2,00,A01
201100056578,0,01,000,00,2,1,00,B01
201100056578,0,10,000,00,9,1,00,A01
201100056579,0,07,000,15,1,1,18,A01
201100056579,0,07,000,00,2,7,23,B01
201100056580,0,07,000,00,1,3,01,A01
201100056581,0,07,000,00,2,1,01,B01
201100056581,0,07,000,02,2,7,01,A01
201100056582,0,07,000,00,0,4,00,C01
201100056582,0,33,000,00,2,1,13,A01
201100056582,0,07,000,00,2,1,00,B01
201100056583,0,07,000,00,2,2,01,A01
201100056583,0,07,000,00,0,2,01,B01
201100056584,0,07,000,00,1,1,15,A01
201100056585,0,10,000,00,2,3,15,A01
201100056585,0,33,000,00,2,1,01,B01
201100056586,0,07,000,00,1,0,16,A01
201100056587,0,07,000,00,1,1,01,A01
201100056588,0,10,000,00,0,0,00,D01
201100056588,0,10,000,00,0,5,00,C01
201100056588,0,30,000,00,2,1,00,A01
201100056589,0,10,000,00,2,8,00,B01
201100056589,0,10,000,00,2,2,00,A01
201100056590,0,07,000,00,2,4,01,B01
201100056590,0,07,000,00,2,1,01,A01
201100056590,0,07,000,01,0,6,01,C01
201100056591,0,07,000,00,2,3,02,A01
201100056591,0,33,000,00,2,1,02,B01
201100056592,0,10,000,00,1,6,02,A01
201100056593,0,10,000,00,1,1,15,A01
201100056594,0,07,000,00,1,1,16,A01
201100056595,0,07,000,00,2,3,15,B01
201100056595,0,33,000,00,2,7,17,A01
201100056596,0,10,000,00,1,4,00,A01
201100056597,0,07,000,00,2,7,16,A01
201100056597,0,07,000,00,2,1,01,B01
201100056598,0,07,000,00,0,4,02,E01
201100056598,0,07,000,00,2,4,02,B01
201100056598,0,07,000,00,2,1,02,A01
201100056598,0,07,000,00,2,4,02,C01
201100056598,0,07,000,00,0,4,02,D01
201100056599,0,10,000,00,9,2,15,A01
201100056599,0,01,000,00,2,1,00,B01
201100056600,1,07,000,00,2,0,00,Z01
201100056600,0,07,000,00,2,0,00,A01
201100056600,0,07,000,00,2,0,00,B01
201100056601,0,10,000,00,1,1,00,A01
201100056602,0,33,000,00,1,1,02,A01
201100056603,0,07,000,00,1,2,01,A01
201100056604,0,07,000,00,2,3,01,B01
201100056604,0,07,000,01,2,1,09,A01
201100056605,0,01,000,00,2,8,02,B01
201100056605,0,38,001,00,2,0,02,A01
201100056606,0,07,000,00,1,3,02,A01
201100056607,0,07,000,00,1,0,01,A01
201100056608,0,10,000,00,9,1,00,A01
201100056608,0,01,000,00,2,1,00,Y01
201100056609,0,07,000,00,1,0,01,A01
201100056610,0,07,000,00,4,8,15,A01
201100056610,0,40,010,00,2,1,01,B01
201100056611,0,07,000,00,1,1,01,A01
201100056612,0,01,000,00,2,8,02,B01
201100056612,0,07,000,00,2,2,16,A01
201100056613,0,07,000,00,2,8,10,A01
201100056613,0,32,000,00,2,1,01,B01
201100056614,0,07,000,00,2,3,14,A01
201100056614,0,01,000,00,2,0,01,B01
201100056615,0,07,000,08,0,3,16,A01
201100056616,0,10,000,00,2,3,00,B01
201100056616,0,10,000,00,2,0,00,A01
201100056617,0,07,000,00,2,8,01,B01
201100056617,0,07,000,00,2,1,01,A01
201100056618,0,30,000,00,2,1,05,A01
201100056618,0,07,000,00,0,2,00,B01
201100056619,0,31,000,00,0,7,00,A01
201100056620,0,07,000,00,2,8,15,A01
201100056620,0,33,000,00,2,9,17,B01
201100056621,0,36,000,00,0,9,01,A01
201100056622,0,07,000,00,2,3,00,B01
201100056622,0,07,000,00,2,5,00,A01
201100056623,0,01,000,00,2,1,00,A01
201100056623,0,10,000,00,0,3,00,B01
201100056624,0,10,000,00,1,1,02,A01
201100056625,0,10,000,00,1,1,02,A01
201100056626,0,07,000,00,0,4,00,B01
201100056626,0,10,000,00,2,1,02,A01
201100056627,0,07,000,14,0,4,23,B01
201100056627,0,07,000,14,0,2,02,A01
201100056628,0,07,000,00,1,1,09,A01
201100056629,0,07,000,00,1,2,02,A01
201100056630,0,07,000,00,1,2,01,A01
201100056631,0,07,000,00,2,1,00,A01
201100056631,0,02,000,00,2,5,01,B01
201100056632,0,07,000,01,9,8,22,A01
201100056632,0,01,000,01,0,1,21,B01
201100056633,0,07,000,00,1,1,01,A01
201100056634,0,07,000,00,2,1,15,A01
201100056634,0,34,000,00,2,8,01,B01
201100056635,1,07,000,00,0,0,15,Z01
201100056635,0,37,004,00,0,0,01,B01
201100056636,0,07,000,00,1,7,02,A01
201100056637,0,07,000,00,9,2,01,A01
201100056637,0,01,000,00,2,1,01,B01
201100056638,0,32,000,00,2,1,01,A01
201100056638,0,07,000,00,0,4,01,B01
201100056639,0,07,000,00,1,2,01,A01
201100056640,0,07,000,00,2,6,15,A01
201100056640,0,32,000,00,2,9,15,B01
201100056641,0,07,000,00,2,7,15,A01
201100056641,0,32,000,00,2,1,01,B01
201100056642,0,02,000,00,2,1,01,A01
201100056642,0,07,000,00,2,3,01,B01
201100056643,0,07,000,01,0,1,13,A01
201100056644,0,07,000,00,2,2,02,A01
201100056644,0,07,000,00,2,5,02,B01
201100056645,0,10,000,00,1,2,05,A01
201100056646,0,07,000,00,2,1,02,A01
201100056646,0,20,000,00,2,4,24,B01
201100056647,0,10,000,00,2,1,00,A01
201100056647,0,10,000,00,2,1,00,B01
201100056648,0,07,000,00,2,2,15,A01
201100056648,0,02,000,00,2,9,15,B01
201100056649,0,07,000,00,2,3,09,A01
201100056649,0,32,000,00,2,1,01,B01
201100056650,0,10,000,00,2,7,00,A01
201100056650,0,10,000,00,2,1,00,B01
201100056651,0,07,000,00,2,2,01,B01
201100056651,0,07,000,00,2,1,01,A01
201100056652,0,07,000,00,2,5,01,A01
201100056652,0,07,000,00,2,1,01,B01
201100056653,0,07,000,00,2,5,15,A01
201100056653,0,07,000,00,2,3,01,B01
201100056654,0,30,000,00,2,1,00,A01
201100056654,0,07,000,00,2,1,00,B01
201100056655,0,10,000,00,1,1,00,A01
201100056656,0,07,000,00,2,3,11,A01
201100056656,0,33,000,00,2,8,01,B01
201100056657,0,07,000,00,2,1,02,A01
201100056657,0,31,000,00,2,9,02,B01
201100056657,0,07,000,00,2,4,02,C01
201100056658,0,02,000,00,9,8,01,A01
201100056658,0,01,000,00,9,7,14,B01
201100056659,0,13,000,00,2,0,24,A01
201100056659,0,01,000,01,0,1,01,B01
201100056660,0,07,000,08,2,3,01,A01
201100056660,0,07,000,00,2,1,01,B01
201100056661,0,07,000,00,2,0,00,A01
201100056661,0,07,000,00,2,0,00,B01
201100056662,0,07,000,00,2,1,02,A01
201100056662,0,07,000,00,2,9,02,B01
201100056662,0,07,000,00,2,0,02,C01
201100056663,0,10,000,00,2,1,02,A01
201100056663,0,10,000,00,0,4,02,B01
201100056664,0,07,000,00,2,0,00,A01
201100056664,0,07,000,00,0,0,00,B01
201100056665,0,07,000,13,0,1,11,A01
201100056666,0,07,000,03,0,1,01,A01
201100056667,0,07,000,00,2,3,02,A01
201100056667,0,07,000,00,2,7,01,B01
201100056668,0,07,000,00,2,4,02,B01
201100056668,0,07,000,00,2,1,02,A01
201100056669,0,07,000,04,0,3,00,A01
201100056669,0,07,000,04,2,8,12,C01
201100056669,0,07,000,00,0,4,02,E01
201100056669,0,07,000,00,2,3,02,B01
201100056669,0,07,000,00,2,4,02,F02
201100056669,0,07,000,00,2,2,02,G02
201100056669,0,07,000,00,0,4,02,D01
201100056670,0,07,000,04,2,1,01,B01
201100056670,0,15,000,00,2,1,12,A01
201100056671,0,07,000,03,0,1,01,A01
201100056672,0,07,000,00,0,5,23,B01
201100056672,0,07,000,00,2,3,11,A01
201100056673,0,07,000,04,0,8,13,A01
201100056674,0,07,000,00,0,0,12,B01
201100056674,0,07,000,03,0,3,21,A01
201100056675,0,10,000,13,0,2,01,A01
201100056676,0,15,000,00,2,2,00,B01
201100056676,0,07,000,00,2,6,09,A01
201100056677,0,07,000,00,2,5,23,B01
201100056677,0,07,000,01,0,3,12,A01
201100056678,0,07,000,00,2,4,23,C01
201100056678,0,07,000,00,0,4,23,D01
201100056678,0,07,000,00,2,4,02,B01
201100056678,0,07,000,00,2,1,02,A01
201100056679,0,07,000,03,2,1,14,A01
201100056679,0,10,000,00,0,4,02,B01
201100056680,0,07,000,04,0,1,01,A01
201100056681,0,07,000,00,0,7,02,D01
201100056681,0,07,000,00,0,6,02,C01
201100056681,0,10,000,03,0,6,02,B01
201100056681,0,07,000,04,2,5,11,A01
201100056682,0,07,000,00,2,3,11,A01
201100056682,0,07,000,00,2,2,01,B01
201100056683,0,15,000,00,1,3,01,B01
201100056683,0,10,000,00,1,2,01,A01
201100056684,0,07,000,00,2,4,02,D01
201100056684,0,07,000,00,2,4,02,B01
201100056684,0,07,000,00,2,4,02,C01
201100056684,0,17,000,00,2,1,02,A01
201100056685,0,07,000,00,9,4,02,B01
201100056685,0,33,000,00,2,1,02,A01
201100056686,0,07,000,04,2,1,14,A01
201100056686,0,07,000,04,2,9,01,B01
201100056687,0,07,000,00,0,0,02,A01
201100056687,0,07,000,00,0,0,21,B01
201100056688,0,10,000,00,2,2,17,A01
201100056688,0,07,000,04,0,8,01,B01
201100056689,0,07,000,00,2,2,01,A01
201100056689,0,07,000,13,2,3,01,B01
201100056690,0,07,000,00,2,3,13,A01
201100056690,0,07,000,00,2,7,01,B01
201100056691,0,10,000,00,2,4,02,B01
201100056691,0,07,000,00,2,1,02,A01
201100056692,0,07,000,00,0,4,02,B01
201100056692,0,07,000,00,2,1,02,A01
201100056693,0,17,000,00,2,3,02,A01
201100056693,0,10,000,04,2,7,11,C01
201100056693,0,07,000,00,2,4,02,B01
201100056694,0,15,000,00,2,2,12,A01
201100056694,0,07,000,00,2,6,01,B01
201100056695,0,10,000,00,2,3,12,A01
201100056695,0,07,000,00,2,5,12,B01
201100056696,1,10,000,00,2,1,02,Z01
201100056696,0,07,000,00,2,4,01,B01
201100056697,0,07,000,00,2,4,02,B01
201100056697,0,07,000,00,2,1,02,A01
201100056698,0,15,000,00,2,2,12,A01
201100056698,0,07,000,04,2,4,00,B01
201100056699,0,07,000,00,2,1,02,A01
201100056699,0,07,000,00,0,4,02,B01
201100056700,0,07,000,04,2,2,01,B01
201100056700,0,07,000,04,2,6,11,A01
201100056701,0,07,000,00,0,0,15,A01
201100056701,0,07,000,00,0,9,21,B01
201100056702,0,07,000,04,0,2,00,A01
201100056703,0,07,000,03,0,1,01,A01
201100056704,0,07,000,13,0,1,00,A01
201100056705,0,07,000,00,2,4,02,C01
201100056705,0,07,000,00,2,4,02,B01
201100056705,0,07,000,00,2,1,02,A01
201100056706,0,07,000,00,2,4,11,A01
201100056706,0,07,000,00,2,1,01,B01
201100056707,0,07,000,00,2,5,02,B01
201100056707,0,07,000,00,2,1,02,A01
201100056707,0,38,059,00,2,5,02,C01
201100056708,0,07,000,00,9,2,01,C01
201100056708,0,07,000,00,2,3,02,B01
201100056708,0,07,000,00,2,1,02,A01
201100056709,0,07,000,04,0,1,01,B01
201100056709,0,07,000,04,1,3,00,A01
201100056710,0,07,000,00,2,1,02,A01
201100056710,0,07,000,00,0,4,02,C01
201100056710,0,07,000,00,2,4,02,B01
201100056711,1,07,000,00,0,0,00,Z01
201100056711,0,07,000,04,0,1,01,A01
201100056712,0,07,000,04,2,3,01,B01
201100056712,0,15,000,00,2,2,12,A01
201100056713,0,07,000,00,0,4,02,B01
201100056713,0,07,000,00,2,1,02,A01
201100056714,0,07,000,04,0,2,01,A01
201100056715,1,07,000,00,2,6,09,A01
201100056715,0,07,000,00,2,2,17,B01
201100056716,0,10,000,00,0,7,01,C01
201100056716,0,07,000,00,0,6,02,B01
201100056716,0,07,000,00,2,2,11,A01
201100056717,0,07,000,04,0,1,01,A01
201100056718,0,07,000,00,2,2,01,A01
201100056718,0,07,000,04,2,6,01,B01
201100056719,0,07,000,00,0,0,01,T01
201100056719,0,07,000,04,0,3,00,A01
201100056720,0,07,000,14,0,4,02,B01
201100056720,0,07,000,00,2,4,02,C01
201100056720,0,07,000,14,0,1,02,A01
201100056721,0,07,000,00,0,4,02,B01
201100056721,0,07,000,00,2,1,02,A01
201100056722,0,07,000,03,0,3,01,A01
201100056723,0,07,000,14,0,1,02,C01
201100056723,0,07,000,00,2,2,14,A01
201100056723,0,07,000,03,2,3,01,B01
201100056723,0,07,000,00,2,1,01,D01
201100056723,0,07,000,00,0,4,01,E01
201100056723,0,07,000,00,0,5,23,F02
201100056724,0,07,000,04,0,2,01,A01
201100056724,1,10,000,00,2,2,00,Z01
201100056725,0,33,000,03,2,2,02,A01
201100056725,0,07,000,00,2,5,02,B01
201100056726,0,07,000,04,0,8,01,A01
201100056727,0,07,000,00,2,8,01,B01
201100056727,0,17,000,00,2,2,12,A01
201100056728,0,07,000,00,2,8,02,B01
201100056728,0,07,000,00,2,7,01,A01
201100056729,0,07,000,00,2,1,17,A01
201100056729,0,15,000,00,2,4,01,B01
201100056730,0,07,000,03,0,1,00,A01
201100056731,0,07,000,00,2,4,01,B01
201100056731,0,07,000,00,2,1,02,A01
201100056732,0,07,000,00,2,2,00,A01
201100056732,0,07,000,00,2,1,02,B01
201100056732,0,17,000,00,2,8,02,C01
201100056733,0,07,000,00,0,6,01,B01
201100056733,0,07,000,00,2,1,01,A01
201100056734,0,33,000,03,0,1,14,A01
201100056735,0,07,000,01,0,2,12,A01
201100056735,0,07,000,01,0,4,02,B01
201100056735,0,07,000,01,0,4,02,C01
201100056735,0,07,000,01,0,4,02,D01
201100056736,0,07,000,04,2,6,01,B01
201100056736,0,07,000,04,2,2,01,A01
201100056737,0,07,000,00,2,6,11,A01
201100056737,0,07,000,04,2,2,21,B01
201100056738,0,07,000,06,0,2,02,A01
201100056739,0,17,000,00,0,6,02,B01
201100056739,0,07,000,00,2,2,02,A01
201100056740,0,16,000,00,2,3,21,B01
201100056740,0,07,000,04,2,3,17,A01
201100056741,0,15,000,00,2,2,02,B01
201100056741,0,07,000,00,2,3,09,A01
201100056742,0,07,000,00,2,1,02,A01
201100056742,0,10,000,00,0,6,01,B01
201100056743,0,07,000,04,0,2,01,A01
201100056744,0,07,000,04,2,1,01,A01
201100056744,0,07,000,00,2,5,01,B01
201100056745,0,33,000,00,2,1,01,B01
201100056745,0,07,000,00,2,6,11,A01
201100056746,0,07,000,00,0,4,02,C01
201100056746,0,07,000,00,2,1,02,A01
201100056746,0,07,000,00,2,4,02,B01
201100056747,0,07,000,04,9,3,01,A01
201100056748,0,07,000,00,2,2,01,A01
201100056748,0,07,000,00,0,4,23,B01
201100056749,0,07,000,00,2,4,11,B01
201100056749,0,07,000,00,2,8,01,C01
201100056749,0,07,000,00,2,1,01,A01
201100056750,0,07,000,00,0,0,00,A01
201100056751,0,07,000,04,0,8,01,A01
201100056752,0,13,000,00,2,1,00,A01
201100056752,0,07,000,00,2,9,02,B01
201100056752,0,07,000,00,2,4,02,C01
201100056753,0,07,000,01,0,1,02,A01
201100056753,0,07,000,14,0,1,02,B01
201100056754,0,07,000,13,0,1,00,A01
201100056755,0,07,000,00,2,1,02,A01
201100056755,0,07,000,00,0,6,01,B01
201100056756,0,07,000,13,0,1,01,A01
201100056757,0,07,000,04,0,1,01,A01
201100056758,0,07,000,04,0,3,01,A01
201100056759,0,07,000,00,2,4,02,B01
201100056759,0,07,000,00,2,1,02,A01
201100056759,0,07,000,00,0,4,02,C01
201100056760,0,07,000,00,0,6,01,B01
201100056760,0,07,000,00,2,1,02,A01
201100056761,0,07,000,04,0,3,02,A01
201100056762,0,07,000,00,0,9,14,A01
201100056763,0,07,000,04,0,1,01,A01
201100056764,0,10,000,04,0,1,21,A01
201100056765,0,07,000,14,0,2,14,A01
201100056766,0,07,000,00,2,1,02,A01
201100056766,0,07,000,03,2,4,01,B01
201100056767,0,07,000,00,2,1,01,A01
201100056767,0,07,000,00,2,4,01,B01
201100056767,0,07,000,00,0,6,01,C01
201100056768,0,10,000,04,0,0,01,A01
201100056769,0,07,000,12,0,1,00,A01
201100056770,0,07,000,13,0,1,14,A01
201100056771,0,07,000,04,0,4,01,A01
201100056772,0,07,000,03,0,2,01,A01
201100056773,0,07,000,03,0,0,09,A01
201100056774,0,07,000,00,0,1,01,A01
201100056775,0,07,000,04,0,3,13,A01
201100056776,0,07,000,03,0,1,01,A01
201100056777,0,07,000,00,2,1,02,A01
201100056777,0,07,000,00,0,4,02,B01
201100056778,0,07,000,04,0,6,02,B01
201100056778,0,07,000,01,0,4,00,A01
201100056779,0,07,000,00,2,1,02,A01
201100056779,0,07,000,00,2,4,02,B01
201100056780,0,07,000,00,2,4,02,D01
201100056780,0,07,000,00,2,1,02,A01
201100056780,0,07,000,00,2,4,02,C01
201100056780,0,07,000,00,2,4,02,B01
201100056781,0,07,000,00,0,8,13,B01
201100056781,0,33,000,04,2,8,17,A01
201100056782,0,07,000,00,0,5,02,B01
201100056782,0,07,000,00,2,3,13,A01
201100056783,0,07,000,14,0,1,02,B01
201100056783,0,07,000,00,0,7,02,A01
201100056784,0,07,000,04,2,1,00,A01
201100056784,0,07,000,00,2,1,21,C01
201100056784,0,07,000,03,2,4,01,B01
201100056785,0,07,000,00,2,1,02,A01
201100056785,0,07,000,00,2,1,02,B01
201100056785,0,07,000,00,2,4,02,C01
201100056786,0,07,000,00,0,6,02,B01
201100056786,0,07,000,01,0,1,02,A01
201100056787,0,31,000,00,0,3,01,A01
201100056788,0,10,000,00,2,4,23,C01
201100056788,0,07,000,00,2,4,23,B01
201100056788,0,07,000,00,2,1,01,A01
201100056789,0,07,000,00,2,6,23,B01
201100056789,0,07,000,00,2,2,21,A01
201100056789,0,14,000,00,2,2,01,C01
201100056790,0,07,000,00,0,4,02,E01
201100056790,0,07,000,00,2,4,02,B01
201100056790,0,17,000,00,2,3,02,A01
201100056790,0,07,000,00,2,4,02,D01
201100056790,0,07,000,00,2,4,02,C01
201100056791,0,07,000,00,2,4,02,B01
201100056791,0,07,000,00,2,4,02,C01
201100056791,0,07,000,00,2,4,02,A01
201100056791,0,10,000,00,2,1,02,D01
201100056792,0,15,000,00,0,3,02,A01
201100056792,0,15,000,00,0,5,02,B01
201100056793,0,07,000,04,0,2,01,A01
201100056794,0,07,000,00,2,2,17,A01
201100056794,0,07,000,00,2,3,01,B01
201100056795,0,07,000,03,0,3,01,A01
201100056795,0,14,000,00,2,3,02,B01
201100056796,1,07,000,00,0,0,00,A01
201100056796,0,07,000,00,2,3,01,B01
201100056797,0,07,000,00,2,1,02,A01
201100056797,0,07,000,00,2,4,02,B01
201100056797,0,07,000,00,0,4,02,C01
201100056798,0,15,000,00,2,3,12,A01
201100056798,0,10,000,04,0,6,02,B01
201100056799,0,07,000,00,2,4,02,B01
201100056799,0,07,000,00,2,1,02,A01
201100056800,0,07,000,04,2,3,13,A01
201100056800,0,10,000,00,0,7,01,B01
201100056801,0,07,000,00,2,1,02,A01
201100056801,0,07,000,00,2,4,02,B01
201100056801,0,07,000,00,2,4,02,C01
201100056801,0,07,000,00,2,4,02,D01
201100056801,0,07,000,00,2,4,02,E01
201100056802,0,10,000,04,0,3,11,A01
201100056803,0,10,000,03,0,3,02,A01
201100056804,0,07,000,00,2,1,02,A01
201100056804,0,07,000,00,2,4,02,C01
201100056804,0,07,000,00,0,4,02,D01
201100056804,0,07,000,00,2,4,02,B01
201100056805,0,07,000,04,2,8,00,B01
201100056805,0,07,000,04,2,8,00,A01
201100056806,0,07,000,13,0,9,01,A01
201100056807,0,07,000,00,0,1,02,A01
201100056807,0,07,000,00,0,6,02,B01
201100056808,0,07,000,03,0,1,01,A01
201100056809,0,07,000,09,2,8,21,A01
201100056809,1,07,000,00,2,7,14,Z01
201100056810,0,10,000,03,0,2,01,A01
201100056811,0,07,000,00,2,8,02,C01
201100056811,0,07,000,00,2,2,00,A01
201100056811,0,07,000,00,2,8,21,B01
201100056812,0,07,000,00,0,9,01,A01
201100056813,0,07,000,00,0,3,00,A01
201100056814,0,07,000,00,1,2,01,A01
201100056815,0,17,000,00,0,4,02,B01
201100056815,0,07,000,00,2,1,02,A01
201100056816,0,07,000,12,0,2,02,A01
201100056817,0,07,000,00,0,1,00,A01
201100056818,0,07,000,00,2,1,02,A01
201100056818,0,07,000,00,2,4,02,B01
201100056819,0,07,000,04,2,7,01,B01
201100056819,0,15,000,00,2,8,13,A01
201100056820,0,07,000,04,0,1,00,A01
201100056821,0,07,000,04,0,1,01,A01
201100056822,0,07,000,00,0,9,16,A01
201100056823,0,07,000,00,0,4,02,B01
201100056823,0,07,000,00,2,1,09,A01
201100056824,0,07,000,04,0,3,01,A01
201100056825,0,07,000,03,0,1,02,A01
201100056826,0,07,000,03,0,1,02,A01
201100056827,0,15,000,00,2,7,12,A01
201100056827,0,07,000,00,2,3,01,B01
201100056827,0,07,000,00,2,2,02,C01
201100056828,0,07,000,04,2,3,01,A01
201100056828,0,07,000,00,2,5,01,B01
201100056829,0,07,000,00,0,1,01,A01
201100056830,0,07,000,00,2,4,02,A01
201100056830,1,07,000,00,2,1,02,Y01
201100056830,1,07,000,00,0,4,02,Z01
201100056830,0,07,000,00,2,4,02,B01
201100056831,0,07,000,00,2,2,02,B01
201100056831,0,32,000,04,2,6,02,A01
201100056832,0,07,000,00,0,4,02,B01
201100056832,0,07,000,00,2,2,02,A01
201100056833,0,07,000,04,0,3,02,A01
201100056834,0,07,000,00,9,4,13,A01
201100056834,0,33,000,00,2,0,17,B01
201100056835,0,07,000,04,0,8,01,A01
201100056836,0,07,000,04,0,3,01,A01
201100056837,0,07,000,00,2,2,14,A01
201100056837,0,07,000,00,2,8,01,B01
201100056838,0,31,000,00,9,0,17,A01
201100056839,0,07,000,09,0,1,09,A01
201100056840,0,07,000,03,2,1,02,A01
201100056840,0,17,000,00,2,6,02,B01
201100056841,0,07,000,00,2,7,00,A01
201100056841,0,15,000,00,2,8,00,B01
201100056842,0,17,000,00,2,2,12,A01
201100056842,0,07,000,04,0,6,01,B01
201100056843,0,07,000,00,2,1,05,A01
201100056843,0,07,000,00,2,1,00,B01
201100056844,0,07,000,05,0,1,01,A01
201100056845,0,07,000,04,0,3,01,A01
201100056846,0,07,000,00,2,3,21,A01
201100056846,0,07,000,00,2,5,02,B01
201100056846,0,07,000,00,2,5,02,C01
201100056847,0,34,000,09,0,1,11,A01
201100056848,0,15,000,06,0,2,00,A01
201100056849,0,07,000,00,0,4,02,C01
201100056849,0,07,000,00,2,4,02,B01
201100056849,0,10,000,00,2,1,02,A01
201100056850,0,07,000,04,2,6,17,A01
201100056850,0,17,000,00,2,3,01,B01
201100056851,0,07,000,00,2,3,09,A01
201100056851,0,07,000,00,0,5,23,B01
201100056852,0,07,000,04,0,7,01,B01
201100056852,0,07,000,00,2,8,11,A01
201100056853,0,33,000,04,0,1,00,A01
201100056854,0,07,000,01,0,1,01,B01
201100056854,0,13,000,00,0,4,23,A01
201100056855,0,07,000,00,0,6,02,B01
201100056855,0,31,000,00,2,1,02,A01
201100056856,0,07,000,00,0,0,01,T01
201100056856,0,07,000,04,0,6,11,A01
201100056857,0,15,000,00,0,4,02,B01
201100056857,0,07,000,00,2,1,11,A01
201100056858,0,07,000,03,0,4,21,A01
201100056859,0,07,000,04,0,6,01,A01
201100056860,0,07,000,00,2,8,01,A01
201100056860,0,17,000,00,2,2,14,B01
201100056861,0,33,000,00,2,1,01,B01
201100056861,0,07,000,00,2,8,16,A01
201100056862,0,07,000,00,0,4,02,B01
201100056862,0,07,000,00,2,1,02,A01
201100056863,0,07,000,00,0,1,00,A01
201100056863,0,07,000,00,0,4,00,B01
201100056864,0,07,000,00,0,6,01,B01
201100056864,0,15,000,00,2,2,12,A01
201100056865,0,07,000,00,0,4,23,B01
201100056865,0,07,000,00,0,1,09,A01
201100056866,0,10,000,00,2,1,01,A01
201100056866,0,07,000,00,0,4,01,B01
201100056867,0,10,000,00,2,3,11,A01
201100056867,0,07,000,04,2,5,01,B01
201100056868,0,10,000,00,2,7,01,C01
201100056868,0,15,000,00,0,8,01,A01
201100056868,0,07,000,00,2,7,02,B01
201100056869,0,17,000,00,2,2,02,A01
201100056869,0,07,000,00,2,4,02,D01
201100056869,0,07,000,00,2,4,02,B01
201100056869,0,07,000,00,2,4,02,C01
201100056869,0,15,000,00,2,4,02,E01
201100056870,0,17,000,03,0,1,01,B01
201100056870,0,10,000,00,0,0,23,A01
201100056871,0,07,000,00,2,1,02,A01
201100056871,0,17,000,00,0,4,02,B01
201100056872,1,07,000,00,2,0,00,A01
201100056872,0,07,000,04,2,0,01,B01
201100056873,0,07,000,04,0,3,01,A01
201100056874,0,07,000,04,2,6,09,A01