Num_Acc,senc,catv,occutc,obs,obsm,choc,manv,num_veh
201100057538,0,33,000,00,0,7,00,B01
201100057539,0,07,000,00,2,5,02,A01
201100057539,1,07,000,00,0,0,03,Z01
201100057540,0,33,000,00,2,1,00,B01
201100057540,0,07,000,00,0,4,00,A01
201100057541,0,07,000,00,0,4,02,A01
201100057541,0,07,000,00,2,1,02,B01
201100057542,0,07,000,13,0,1,01,A01
201100057543,0,07,000,00,2,6,01,A01
201100057543,0,10,000,00,2,3,02,B01
201100057544,0,07,000,03,0,1,00,A01
201100057544,0,07,000,00,0,2,01,B01
201100057545,0,07,000,00,2,4,02,A01
201100057545,0,07,000,00,2,4,02,B01
201100057545,0,07,000,00,2,1,02,C01
201100057546,0,31,000,00,2,1,01,A01
201100057547,0,07,000,03,9,1,00,A01
201100057548,0,10,000,04,0,3,01,A01
201100057549,0,33,000,03,0,3,01,A01
201100057550,0,07,000,00,2,1,01,A01
201100057550,0,07,000,00,0,4,01,B01
201100057551,0,07,000,00,2,8,01,C01
201100057551,0,07,000,04,2,3,01,A01
201100057551,0,07,000,04,2,4,01,B01
201100057552,0,07,000,00,2,4,02,A01
201100057552,0,07,000,00,2,1,02,B01
201100057553,0,07,000,00,5,1,01,A01
201100057554,0,07,000,00,2,4,02,B01
201100057554,0,07,000,00,2,4,02,A01
201100057554,0,07,000,00,2,1,02,C01
201100057555,0,33,000,00,0,7,00,A01
201100057556,0,07,000,04,0,3,01,A01
201100057557,0,07,000,00,2,4,02,A01
201100057557,1,07,000,00,2,1,02,Z01
201100057558,0,07,000,04,0,8,01,A01
201100057559,0,33,000,11,2,9,00,A01
201100057559,0,07,000,00,2,7,02,B01
201100057560,0,07,000,00,0,4,01,A01
201100057560,0,10,000,00,2,1,02,C01
201100057560,0,07,000,00,2,4,02,B01
201100057561,0,33,000,00,6,0,01,A01
201100057562,0,07,000,00,2,2,14,A01
201100057562,0,14,000,00,2,3,02,B01
201100057563,0,07,000,04,0,1,02,A01
201100057564,0,07,000,00,2,2,02,A01
201100057564,0,07,000,00,2,3,02,B01
201100057565,0,07,000,13,0,1,00,A01
201100057566,0,07,000,00,0,4,00,C01
201100057566,0,07,000,00,0,4,00,B01
201100057566,0,07,000,00,0,0,00,A01
201100057567,0,07,000,00,2,4,02,A01
201100057567,0,07,000,00,2,4,02,B01
201100057567,0,07,000,00,2,1,02,C01
201100057568,0,07,000,00,2,1,02,C01
201100057568,0,10,000,00,2,4,02,B01
201100057568,0,07,000,00,0,4,02,A01
201100057569,0,07,000,00,2,1,02,C01
201100057569,0,07,000,00,0,4,02,A01
201100057569,0,07,000,00,2,4,02,B01
201100057570,0,10,000,00,2,4,02,D01
201100057570,0,07,000,00,2,4,02,A01
201100057570,0,07,000,00,2,4,02,B01
201100057570,0,10,000,00,2,4,02,C01
201100057570,0,14,000,00,2,1,02,E01
201100057571,0,07,000,13,0,9,01,A01
201100057572,0,07,000,00,2,4,01,A01
201100057572,0,07,000,14,0,1,02,B01
201100057572,0,07,000,14,0,1,02,C01
201100057572,0,07,000,14,0,1,02,E01
201100057572,0,07,000,14,0,4,02,D01
201100057573,0,07,000,00,2,1,02,B01
201100057573,0,07,000,00,0,4,02,A01
201100057574,0,07,000,00,2,3,02,B01
201100057574,0,07,000,00,0,5,01,A01
201100057575,0,07,000,04,0,7,01,A01
201100057575,0,07,000,00,2,8,01,B01
201100057576,0,33,000,00,2,1,02,B01
201100057576,0,07,000,00,2,4,11,A01
201100057577,0,07,000,00,2,4,02,B01
201100057577,0,07,000,00,2,1,02,C01
201100057578,0,07,000,00,2,2,02,B01
201100057578,0,07,000,00,0,6,00,A01
201100057579,0,07,000,00,2,5,00,A01
201100057579,0,07,000,00,2,3,01,B01
201100057580,0,32,000,00,2,3,13,B01
201100057580,0,07,000,00,2,7,01,A01
201100057581,0,07,000,00,2,3,02,A01
201100057582,0,07,000,00,0,4,23,A01
201100057582,0,07,000,00,2,4,23,C01
201100057582,0,10,000,00,2,1,01,D01
201100057582,0,07,000,00,2,4,23,B01
201100057583,0,07,000,00,2,4,00,B01
201100057583,0,07,000,00,2,1,00,C01
201100057583,0,07,000,00,2,1,00,D01
201100057583,0,07,000,00,0,4,00,A01
201100057584,0,07,000,00,0,3,00,A01
201100057585,0,07,000,03,0,1,01,A01
201100057586,0,07,000,00,2,3,01,C01
201100057586,0,14,000,00,2,5,12,A01
201100057586,0,07,000,03,0,1,01,B01
201100057587,0,13,000,00,0,1,00,E01
201100057587,0,07,000,00,0,4,00,A01
201100057587,0,07,000,00,0,4,00,B01
201100057587,0,07,000,00,0,4,00,D01
201100057587,0,07,000,00,0,4,00,C01
201100057588,0,07,000,00,0,9,02,A01
201100057589,0,07,000,00,2,1,02,B01
201100057589,0,07,000,00,2,4,01,A01
201100057590,0,07,000,00,2,4,01,B01
201100057590,0,99,000,00,2,1,01,C01
201100057590,0,07,000,00,0,5,01,A01
201100057591,0,07,000,04,0,3,19,A01
201100057592,0,10,000,00,2,1,02,B01
201100057592,0,07,000,00,2,4,11,A01
201100057593,0,07,000,14,2,4,02,A01
201100057593,0,10,000,00,2,1,02,B01
201100057593,0,14,000,00,0,0,02,C01
201100057594,0,07,000,00,0,9,00,A01
201100057595,0,07,000,00,2,0,00,A01
201100057595,0,07,000,00,0,4,01,B01
201100057596,0,07,000,00,0,6,02,A01
201100057596,0,07,000,00,0,0,02,B01
201100057597,0,07,000,04,2,6,12,A01
201100057597,1,14,000,00,2,2,00,Z01
201100057598,0,07,000,00,2,2,01,A01
201100057599,0,07,000,03,0,8,01,A01
201100057600,0,07,000,00,2,2,02,B01
201100057600,0,07,000,00,2,5,02,A01
201100057601,0,07,000,00,2,1,02,C01
201100057601,0,07,000,00,2,4,02,A01
201100057601,0,07,000,00,2,4,02,B01
201100057602,0,10,000,00,0,4,02,A01
201100057602,0,07,000,00,2,4,02,B01
201100057602,0,10,000,00,2,1,02,C01
201100057603,0,07,000,00,0,3,01,A01
201100057603,0,07,000,00,2,5,12,B01
201100057604,0,07,000,00,2,1,02,C01
201100057604,0,07,000,00,2,4,02,A01
201100057604,0,07,000,00,2,4,02,B01
201100057605,0,07,000,01,2,1,02,B01
201100057605,0,07,000,00,2,6,03,A01
201100057605,0,07,000,00,0,2,02,C01
201100057606,0,07,000,04,2,1,00,B01
201100057606,0,10,000,00,2,6,00,A01
201100057607,0,07,000,03,0,1,01,A01
201100057608,0,07,000,00,2,1,02,C01
201100057608,0,10,000,00,2,4,02,B01
201100057608,0,10,000,00,2,6,02,A01
201100057609,0,32,000,00,0,8,01,A01
201100057610,0,07,000,04,0,1,00,A01
201100057611,0,07,000,03,0,3,01,A01
201100057612,0,07,000,05,0,1,21,A01
201100057613,0,07,000,00,2,1,02,B01
201100057613,0,07,000,00,2,5,02,A01
201100057614,0,07,000,03,0,6,01,B01
201100057614,0,10,000,04,2,3,17,A01
201100057615,0,07,000,06,0,2,14,A01
201100057616,0,10,000,00,0,6,11,A01
201100057616,0,07,000,00,2,1,01,B01
201100057617,0,10,000,00,2,9,11,A01
201100057617,0,10,000,00,2,7,01,B01
201100057618,0,37,013,00,0,5,01,B01
201100057618,0,07,000,04,2,1,00,A01
201100057619,0,07,000,03,0,3,02,A01
201100057620,0,07,000,00,2,4,02,A01
201100057620,0,07,000,00,2,1,02,B01
201100057621,0,33,000,00,2,4,02,A01
201100057621,0,07,000,03,2,3,02,B01
201100057622,0,07,000,03,0,1,01,A01
201100057622,1,07,000,00,2,2,02,Z01
201100057623,0,07,000,00,0,5,23,A01
201100057623,0,33,000,00,2,1,01,B01
201100057624,0,07,000,00,2,3,00,A01
201100057625,0,07,000,04,0,3,01,A01
201100057626,0,07,000,05,0,1,00,A01
201100057627,0,33,000,00,2,7,00,A01
201100057627,1,07,000,00,2,3,11,Z01
201100057628,0,10,000,00,2,1,01,C01
201100057628,0,07,000,00,2,4,01,B01
201100057628,0,33,000,00,0,4,01,A01
201100057629,0,07,000,04,0,1,00,A01
201100057630,0,07,000,00,2,1,01,B01
201100057630,0,07,000,00,0,4,01,A01
201100057631,0,33,000,00,0,9,02,A01
201100057632,0,07,000,13,0,1,21,A01
201100057633,0,07,000,00,0,1,00,B01
201100057633,0,07,000,00,0,1,00,C01
201100057633,0,07,000,00,0,4,00,A01
201100057634,0,07,000,00,0,4,00,A01
201100057634,0,33,000,00,2,1,02,B01
201100057635,0,07,000,00,2,1,02,B01
201100057635,0,07,000,00,0,4,02,A01
201100057636,0,07,000,00,2,1,02,C01
201100057636,0,07,000,00,2,1,02,B01
201100057636,0,07,000,00,2,4,02,A01
201100057637,0,07,000,00,2,8,11,B01
201100057637,0,07,000,00,2,7,02,A01
201100057638,0,33,000,00,0,1,00,A01
201100057639,0,07,000,00,2,1,02,B01
201100057639,0,07,000,00,0,4,02,A01
201100057640,0,07,000,00,0,4,02,A01
201100057640,0,07,000,00,2,4,02,B01
201100057640,0,07,000,00,2,1,02,C01
201100057641,0,07,000,06,0,1,01,A01
201100057642,0,07,000,00,1,7,01,A01
201100057643,0,07,000,00,0,8,01,A01
201100057643,0,07,000,00,0,3,13,B01
201100057644,0,10,000,00,2,1,02,C01
201100057644,0,10,000,00,2,4,02,A01
201100057644,0,07,000,00,2,4,02,B01
201100057645,0,07,000,05,0,9,00,A01
201100057646,0,33,000,00,2,1,11,B01
201100057646,0,07,000,00,0,0,00,V01
201100057646,0,07,000,00,2,4,01,A01
201100057646,0,07,000,00,0,0,00,T01
201100057647,0,07,000,00,2,4,23,B01
201100057647,0,07,000,00,2,1,02,C01
201100057647,0,07,000,00,2,4,23,A01
201100057648,0,07,000,00,0,1,01,A01
201100057649,0,07,000,00,2,1,02,B01
201100057649,0,07,000,00,0,4,01,A01
201100057650,0,33,000,00,0,0,00,A01
201100057651,0,07,000,00,0,4,02,A01
201100057651,0,32,000,00,2,1,02,B01
201100057652,0,07,000,04,0,1,01,A01
201100057653,0,07,000,00,0,5,02,A01
201100057653,0,31,000,00,2,1,02,B01
201100057654,0,07,000,00,2,3,02,A01
201100057654,0,32,000,00,2,7,14,B01
201100057655,0,07,000,00,2,1,01,B01
201100057655,0,07,000,00,2,4,01,A01
201100057655,1,14,000,00,2,4,01,Z01
201100057656,0,10,000,00,2,4,02,A01
201100057656,0,07,000,00,2,1,02,C01
201100057656,0,07,000,00,2,4,02,B01
201100057657,0,10,000,00,2,1,02,B01
201100057657,0,07,000,00,2,2,02,C01
201100057657,0,10,000,00,2,4,01,A01
201100057658,0,07,000,00,0,4,01,A01
201100057659,0,07,000,00,0,1,00,A01
201100057659,0,07,000,00,2,4,01,B01
201100057660,0,07,000,00,2,1,02,C01
201100057660,0,07,000,00,0,4,02,A01
201100057660,0,07,000,00,2,4,02,B01
201100057661,0,07,000,00,2,4,02,A01
201100057661,0,07,000,00,2,1,02,B01
201100057662,0,07,000,04,0,1,00,A01
201100057663,0,33,000,00,0,3,01,A01
201100057663,0,07,000,00,2,2,12,B01
201100057664,0,33,000,00,2,8,01,B01
201100057664,0,14,000,00,2,7,18,A01
201100057665,0,07,000,00,2,5,01,A01
201100057665,0,34,000,00,2,1,03,B01
201100057666,0,31,000,00,0,0,21,A01
201100057667,0,07,000,00,2,4,01,B01
201100057667,0,07,000,00,2,1,01,A01
201100057668,0,07,000,00,0,4,01,D01
201100057668,0,07,000,00,0,4,01,A01
201100057668,0,07,000,00,2,1,02,C01
201100057668,0,07,000,00,2,1,01,E01
201100057669,0,07,000,03,0,8,00,A01
201100057670,0,07,000,00,0,4,01,A01
201100057670,0,07,000,00,2,1,01,B01
201100057670,0,07,000,00,2,1,02,C01
201100057671,0,07,000,00,2,6,01,B01
201100057671,0,07,000,00,2,2,01,A01
201100057672,0,07,000,00,2,1,02,B01
201100057672,0,07,000,00,0,4,02,A01
201100057673,0,07,000,00,2,1,12,B01
201100057673,0,07,000,00,2,4,02,A01
201100057674,0,07,000,00,2,4,02,B01
201100057674,0,07,000,00,0,4,02,A01
201100057674,0,38,001,00,2,1,02,C01
201100057675,0,07,000,00,0,4,02,A01
201100057675,0,07,000,00,2,1,02,B01
201100057676,0,07,000,00,2,2,01,A01
201100057676,0,07,000,00,0,9,21,B01
201100057677,0,07,000,04,0,1,02,A01
201100057678,0,15,000,00,0,1,01,A01
201100057679,0,07,000,14,0,3,00,B01
201100057679,0,07,000,00,2,6,23,A01
201100057680,0,07,000,00,0,1,01,A01
201100057681,0,07,000,03,0,9,00,A01
201100057682,0,07,000,00,0,9,01,A01
201100057683,0,33,000,08,0,2,01,A01
201100057684,0,07,000,04,0,3,02,A01
201100057685,0,07,000,00,2,1,02,B01
201100057685,0,07,000,00,0,4,02,A01
201100057686,0,07,000,05,2,1,00,B01
201100057686,0,14,000,00,2,8,02,A01
201100057687,0,07,000,00,2,2,14,B01
201100057687,0,10,000,00,0,8,01,A01
201100057688,0,07,000,00,2,4,02,A01
201100057688,0,07,000,00,2,1,02,B01
201100057689,0,07,000,00,0,1,01,A01
201100057690,0,10,000,03,0,4,02,A01
201100057690,0,07,000,00,2,1,02,B01
201100057691,0,07,000,00,2,5,00,A01
201100057691,0,33,000,00,2,1,02,B01
201100057692,0,34,000,00,0,1,01,A01
201100057693,0,07,000,00,2,4,02,A01
201100057693,0,07,000,00,2,1,02,B01
201100057694,0,07,000,00,0,8,00,B01
201100057694,0,07,000,00,2,7,00,A01
201100057695,0,14,000,00,2,2,00,B01
201100057695,0,07,000,00,0,1,00,A01
201100057696,0,10,000,00,2,1,02,B01
201100057696,0,10,000,00,0,4,02,A01
201100057697,0,07,000,00,2,1,01,D01
201100057697,0,14,000,00,0,4,21,C01
201100057697,0,07,000,00,0,4,01,B01
201100057697,0,07,000,00,2,1,01,A01
201100057698,0,07,000,00,0,1,02,A01
201100057699,0,10,000,00,2,1,02,C01
201100057699,0,10,000,00,2,1,02,B01
201100057699,0,10,000,00,0,4,02,A01
201100057700,0,07,000,00,2,1,11,B01
201100057700,0,07,000,00,0,4,01,A01
201100057701,0,33,000,00,2,8,01,B01
201100057701,0,07,000,00,2,2,12,A01
201100057702,0,07,000,00,2,4,02,A01
201100057702,1,99,000,00,2,0,02,Z01
201100057703,0,07,000,00,0,4,02,A01
201100057703,1,07,000,00,2,1,02,Z01
201100057703,0,07,000,00,2,4,02,B01
201100057704,1,33,000,00,0,4,01,A01
201100057705,0,07,000,00,2,2,01,B01
201100057705,0,10,000,00,0,6,11,A01
201100057706,0,07,000,00,2,7,02,A01
201100057706,0,13,000,00,2,8,11,B01
201100057707,0,07,000,00,2,8,13,B01
201100057707,0,34,000,00,2,7,01,A01
201100057708,0,07,000,00,0,5,02,A01
201100057708,0,33,000,00,2,1,03,B01
201100057709,0,07,000,00,0,4,02,A01
201100057709,0,07,000,00,0,1,02,C01
201100057709,0,07,000,00,0,4,02,B01
201100057710,0,07,000,03,0,1,06,A01
201100057711,0,07,000,00,2,4,02,A01
201100057711,0,07,000,00,2,1,02,B01
201100057712,0,07,000,00,2,8,01,A01
201100057712,0,07,000,00,2,7,17,B01
201100057713,0,07,000,00,2,4,23,A01
201100057713,0,07,000,00,2,1,02,C01
201100057713,0,07,000,00,2,4,23,B01
201100057714,0,07,000,00,2,4,02,A01
201100057714,0,33,000,00,0,0,02,B01
201100057715,0,10,000,00,2,1,02,C01
201100057715,0,10,000,00,2,4,02,B01
201100057715,0,10,000,00,2,4,02,A01
201100057716,1,07,000,00,2,1,17,Z01
201100057716,0,07,000,04,0,4,01,A01
201100057717,0,07,000,00,0,1,00,A01
201100057718,0,10,000,04,0,1,00,A01
201100057719,0,07,000,03,2,3,02,A01
201100057720,0,07,000,14,0,4,02,C01
201100057720,0,07,000,14,0,4,02,B01
201100057720,0,07,000,00,0,4,02,A01
201100057720,0,07,000,14,0,1,02,D01
201100057721,0,07,000,00,5,1,00,A01
201100057722,0,33,000,00,0,0,21,A01
201100057723,0,07,000,00,0,1,02,A01
201100057724,0,10,000,00,2,4,01,A01
201100057724,0,10,000,00,2,1,12,B01
201100057725,0,07,000,00,2,4,02,B01
201100057725,0,07,000,00,2,1,02,C01
201100057725,0,10,000,00,0,5,02,A01
201100057726,0,07,000,00,2,1,02,C01
201100057726,0,07,000,00,2,0,01,B01
201100057726,0,10,000,00,2,4,02,A01
201100057727,0,07,000,12,0,1,02,A01
201100057728,0,07,000,03,2,1,02,B01
201100057728,0,07,000,03,2,1,02,C01
201100057728,0,07,000,03,2,4,02,A01
201100057729,0,07,000,00,2,1,01,A01
201100057729,0,07,000,00,2,4,01,B01
201100057730,0,07,000,05,0,9,00,A01
201100057731,0,07,000,00,9,4,21,A01
201100057732,0,07,000,04,0,2,00,A01
201100057733,0,10,000,00,2,4,02,A01
201100057733,0,10,000,00,2,1,02,B01
201100057734,0,10,000,00,0,0,21,A01
201100057735,0,07,000,00,2,4,02,A01
201100057735,0,07,000,00,2,1,02,B01
201100057736,0,14,000,00,2,1,02,A01
201100057736,0,07,000,00,2,3,02,B01
201100057736,0,07,000,00,0,0,02,C01
201100057737,0,07,000,00,0,4,02,A01
201100057737,0,10,000,00,2,1,02,B01
201100057738,0,07,000,04,0,3,01,A01
201100057739,0,07,000,12,0,2,01,A01
201100057740,0,07,000,03,2,2,17,A01
201100057740,0,07,000,00,2,6,01,B01
201100057741,0,07,000,00,2,1,01,C01
201100057741,0,07,000,00,0,4,01,A01
201100057741,0,07,000,00,2,4,01,B01
201100057742,0,07,000,00,2,4,01,B01
201100057742,0,07,000,00,2,4,01,A01
201100057742,0,07,000,00,2,1,01,C01
201100057743,0,07,000,00,2,1,02,B01
201100057743,0,07,000,00,2,4,02,A01
201100057744,0,07,000,00,2,2,02,C01
201100057744,0,07,000,00,0,4,01,A01
201100057744,0,07,000,03,2,4,01,B01
201100057745,0,07,000,04,9,1,02,A01
201100057746,0,07,000,00,0,9,01,A01
201100057746,0,07,000,00,2,2,01,B01
201100057746,0,07,000,00,2,1,01,C01
201100057746,0,07,000,00,2,1,01,D01
201100057747,0,07,000,00,0,9,12,A01
201100057748,0,13,000,00,2,4,02,A01
201100057748,0,07,000,00,2,1,02,B01
201100057749,0,10,000,00,2,8,01,A01
201100057749,0,07,000,04,2,7,14,B01
201100057750,0,07,000,03,0,2,14,A01
201100057750,0,07,000,00,2,7,01,B01
201100057751,0,07,000,02,0,8,00,A01
201100057752,0,07,000,00,2,1,03,B01
201100057752,0,07,000,00,2,4,01,A01
201100057753,0,07,000,13,0,9,00,A01
201100057754,0,07,000,00,1,8,03,A01
201100057754,0,07,000,00,2,4,01,B01
201100057755,1,07,000,00,2,2,02,Z01
201100057755,0,07,000,00,2,6,00,A01
201100057756,0,07,000,00,2,1,02,A01
201100057756,0,07,000,00,0,4,02,B01
201100057757,0,38,002,00,1,2,01,A01
201100057758,0,07,000,00,2,4,02,A01
201100057758,0,07,000,00,2,1,02,B01
201100057759,0,33,000,14,0,8,02,A01
201100057760,0,07,000,00,2,6,02,A01
201100057760,2,07,000,00,2,2,02,B01
201100057761,1,99,000,00,1,3,01,Z01
201100057762,0,07,000,00,2,1,02,B01
201100057762,0,07,000,00,0,4,02,A01
201100057763,0,07,000,00,2,4,01,B01
201100057764,0,03,000,00,0,4,02,A01
201100057764,0,07,000,00,2,4,02,B01
201100057765,0,10,000,00,0,9,00,A01
201100057765,0,07,000,00,0,9,00,B01
201100057766,0,07,000,03,0,7,14,A01
201100057767,0,07,000,04,0,3,01,A01
201100057768,0,07,000,00,2,1,01,C01
201100057768,0,10,000,00,2,6,00,B01
201100057768,0,07,000,00,2,4,02,A01
201100057769,0,07,000,14,2,7,17,A01
201100057769,0,07,000,00,2,8,00,B01
201100057770,0,10,000,00,2,1,02,D01
201100057770,0,07,000,00,2,4,02,C01
201100057770,0,10,000,04,0,5,02,B01
201100057770,0,07,000,00,0,6,01,A01
201100057771,0,10,000,00,2,3,01,B01
201100057771,0,10,000,00,2,9,12,A01
201100057772,0,07,000,00,2,1,02,B01
201100057772,0,07,000,00,0,4,01,A01
201100057773,0,07,000,00,2,1,02,B01
201100057773,0,07,000,00,0,4,01,A01
201100057773,0,07,000,00,2,1,02,C01
201100057774,0,10,000,00,0,4,24,C01
201100057774,0,10,000,01,0,6,24,B01
201100057774,0,07,000,01,0,2,01,A01
201100057775,0,07,000,00,2,4,01,A01
201100057775,0,07,000,00,2,1,01,B01
201100057776,1,15,000,00,2,6,11,B01
201100057776,0,07,000,04,2,2,00,A01
201100057777,0,07,000,00,0,5,01,A01
201100057777,0,33,000,00,2,1,12,B01
201100057778,0,07,000,00,2,3,21,B01
201100057778,0,07,000,03,0,5,02,A01
201100057779,0,10,000,00,2,4,02,D01
201100057779,0,07,000,00,2,4,02,C01
201100057779,0,07,000,00,0,4,02,A01
201100057779,0,07,000,00,2,4,01,B01
201100057779,0,07,000,00,2,1,02,E01
201100057780,0,07,000,00,9,1,01,B01
201100057780,0,07,000,00,0,1,00,A01
201100057781,0,10,000,00,0,8,12,B01
201100057781,0,07,000,00,2,8,01,A01
201100057782,0,31,000,00,2,0,03,C01
201100057782,0,07,000,00,2,5,01,B01
201100057782,0,07,000,00,2,6,01,A01
201100057783,0,07,000,00,0,1,01,A01
201100057784,0,07,000,00,2,1,02,B01
201100057784,0,07,000,00,0,4,02,A01
201100057785,0,07,000,00,2,1,01,B01
201100057785,0,07,000,00,2,4,01,A01
201100057786,0,31,000,14,0,7,21,A01
201100057787,0,07,000,11,0,3,13,A01
201100057788,0,07,000,00,1,1,01,A01
201100057789,0,07,000,00,1,3,15,A01
201100057790,0,32,000,00,1,1,01,A01
201100057791,0,07,000,00,2,1,01,A01
201100057791,0,07,000,00,2,2,01,B01
201100057792,0,33,000,00,2,1,23,B01
201100057792,0,07,000,00,2,1,17,A01
201100057793,0,07,000,00,2,3,15,A01
201100057793,0,32,000,00,2,9,01,B01
201100057794,0,32,000,00,0,2,01,A01
201100057795,0,07,000,00,2,6,12,A01
201100057795,0,30,000,00,2,3,01,B01
201100057796,0,07,000,00,2,6,11,A01
201100057796,0,33,000,00,2,5,17,B01
201100057797,0,07,000,00,2,5,12,B01
201100057797,0,33,000,00,2,1,01,A01
201100057798,0,07,000,00,2,3,13,A01
201100057798,0,31,000,00,2,2,17,B01
201100057799,0,31,000,00,2,1,17,B01
201100057799,0,10,000,00,2,8,10,A01
201100057800,0,33,000,00,0,7,00,A01
201100057801,0,30,000,00,0,2,21,A01
201100057802,0,32,000,12,0,7,01,A01
201100057803,0,13,000,01,2,5,23,C01
201100057803,0,32,000,00,2,6,03,A01
201100057803,0,37,001,00,2,6,01,B01
201100057804,0,07,000,00,1,1,16,A01
201100057805,0,30,000,00,0,0,01,A01
201100057806,0,30,000,00,2,1,02,A01
201100057806,0,07,000,00,2,4,23,B01
201100057807,0,02,000,00,2,4,02,B01
201100057807,0,13,000,00,2,1,02,A01
201100057808,0,07,000,00,0,3,15,A01
201100057808,0,32,000,00,2,3,17,B01
201100057809,0,07,000,00,2,3,01,B01
201100057809,0,07,000,00,2,2,01,A01
201100057810,0,34,000,00,2,4,02,B01
201100057810,0,07,000,00,2,1,02,A01
201100057811,0,33,000,00,2,4,17,B01
201100057811,0,01,000,00,2,1,11,A01
201100057812,0,02,000,00,1,1,07,A01
201100057813,0,07,000,14,0,3,13,A01
201100057814,0,07,000,00,1,4,04,A01
201100057815,0,30,000,14,0,7,14,A01
201100057816,0,07,000,00,1,4,04,A01
201100057817,1,34,000,00,2,0,17,Z01
201100057817,0,30,000,08,2,1,15,A01
201100057818,0,31,000,00,0,0,21,A01
201100057819,0,34,000,00,2,6,15,A01
201100057819,0,07,000,00,2,2,01,B01
201100057820,1,07,000,00,1,1,07,Z01
201100057821,0,07,000,00,2,2,01,A01
201100057821,0,07,000,00,2,3,01,B01
201100057822,0,31,000,00,2,4,02,B01
201100057822,0,31,000,00,2,1,02,A01
201100057823,0,01,000,00,1,1,01,A01
201100057824,0,32,000,00,0,7,21,A01
201100057825,0,07,000,00,2,1,01,A01
201100057825,0,34,000,00,2,3,01,B01
201100057826,0,32,000,00,2,2,12,A01
201100057826,0,07,000,00,2,3,01,B01
201100057827,0,32,000,00,2,1,01,A01
201100057827,0,07,000,00,2,3,22,B01
201100057828,0,07,000,00,1,1,07,A01
201100057829,0,34,000,00,1,7,05,A01
201100057830,0,31,000,00,0,7,01,A01
201100057831,0,07,000,00,2,1,01,A01
201100057831,0,07,000,00,0,4,23,C01
201100057831,0,07,000,00,2,4,23,D01
201100057831,0,07,000,00,2,9,23,B01
201100057832,0,32,000,00,1,1,01,A01
201100057833,0,07,000,00,0,2,01,A01
201100057834,0,07,000,01,0,2,01,A01
201100057834,0,07,000,00,0,4,23,B01
201100057834,0,07,000,00,0,7,23,C01
201100057835,0,32,000,00,0,0,21,A01
201100057836,0,07,000,00,0,1,01,A01
201100057836,0,32,000,00,0,4,01,B01
201100057837,0,02,000,00,2,8,01,A01
201100057837,2,02,000,00,2,0,14,Z01
201100057838,0,32,000,00,2,4,01,B01
201100057838,0,07,000,00,2,3,11,A01
201100057839,0,07,000,00,2,8,22,A01
201100057839,0,01,000,00,2,1,01,B01
201100057840,0,07,000,00,2,1,02,A01
201100057840,0,32,000,00,2,9,02,B01
201100057840,0,07,000,00,2,4,02,C01
201100057841,0,07,000,00,2,2,16,A01
201100057841,0,01,000,00,2,7,07,B01
201100057842,1,01,000,00,1,3,01,Z01
201100057843,0,30,000,14,0,8,13,A01
201100057844,0,10,000,00,2,4,23,B01
201100057844,0,34,000,00,2,1,02,A01
201100057845,0,32,000,00,1,1,01,A01
201100057846,0,07,000,00,2,1,01,A01
201100057846,0,32,000,00,2,8,01,B01
201100057847,0,33,000,00,1,2,01,A01
201100057848,0,32,000,00,1,1,01,A01
201100057849,0,30,000,00,1,1,01,A01
201100057850,0,01,000,00,1,1,01,A01
201100057851,0,01,000,00,2,0,01,B01
201100057851,0,10,000,00,0,5,16,A01
201100057852,0,13,000,00,1,4,04,A01
201100057853,0,07,000,00,2,3,09,B01
201100057853,0,02,000,00,2,2,01,A01
201100057854,0,33,000,00,1,1,01,A01
201100057855,0,34,000,00,1,3,01,A01
201100057856,0,07,000,00,2,8,22,B01
201100057856,0,32,000,00,2,2,01,A01
201100057857,0,02,000,00,2,0,02,A01
201100057857,1,10,000,00,2,0,04,Z01
201100057858,0,07,000,00,2,6,15,A01
201100057858,0,33,000,00,2,2,01,B01
201100057859,0,07,000,00,2,6,15,A01
201100057859,0,32,000,00,2,7,17,B01
201100057860,0,07,000,00,2,8,15,A01
201100057860,0,34,000,00,2,1,05,B01
201100057861,0,34,000,00,2,3,11,A01
201100057861,0,07,000,00,2,6,23,B01
201100057862,0,33,000,00,1,3,03,A01
201100057863,0,07,000,00,1,2,01,A01
201100057864,0,30,000,00,1,1,01,A01
201100057865,0,07,000,00,1,3,01,A01
201100057866,0,30,000,00,0,4,23,B01
201100057866,0,10,000,00,2,1,01,A01
201100057867,0,32,000,00,2,0,21,A01
201100057868,0,34,000,01,2,1,01,A01
201100057869,0,33,000,00,0,5,23,B01
201100057869,0,33,000,00,2,1,01,A01
201100057870,0,01,000,00,2,2,17,B01
201100057870,0,13,000,00,9,3,15,A01
201100057871,0,33,000,00,2,2,01,B01
201100057871,0,07,000,00,0,3,11,A01
201100057872,0,07,000,00,1,1,01,A01
201100057873,1,02,000,00,1,0,01,A01
201100057874,0,30,000,14,0,1,15,A01
201100057875,0,07,000,00,2,3,15,A01
201100057875,0,07,000,00,2,5,01,B01
201100057876,0,33,000,00,1,1,01,A01
201100057877,0,01,000,00,0,6,13,A01
201100057877,1,07,000,00,2,1,01,Z01
201100057878,0,31,000,00,0,0,01,A01
201100057879,0,10,000,01,1,4,04,A01
201100057880,0,01,000,00,0,0,01,A01