Num_Acc,senc,catv,occutc,obs,obsm,choc,manv,num_veh
201100058274,0,01,000,00,2,3,07,B01
201100058274,0,07,000,00,2,2,17,A01
201100058275,0,07,000,00,1,6,07,A01
201100058276,0,07,000,00,1,2,01,A01
201100058277,0,34,000,08,0,3,01,A01
201100058278,0,10,000,00,2,2,16,B01
201100058278,0,02,000,00,2,1,07,A01
201100058279,0,33,000,00,2,8,17,A01
201100058279,0,07,000,00,0,8,10,B01
201100058280,0,33,000,01,0,1,01,A01
201100058281,0,07,000,01,0,1,00,A01
201100058282,0,07,000,15,0,1,01,A01
201100058283,0,07,000,00,1,2,15,A01
201100058284,0,02,000,00,1,0,01,A01
201100058285,0,07,000,00,2,2,16,B01
201100058285,0,33,000,00,2,3,18,A01
201100058286,0,07,000,00,2,7,16,A01
201100058286,0,31,000,00,2,3,01,B01
201100058287,0,01,000,00,1,0,01,A01
201100058288,0,07,000,00,2,2,02,A01
201100058288,0,34,000,00,2,5,23,B01
201100058289,0,01,000,00,2,0,01,B01
201100058289,0,01,000,00,2,0,01,A01
201100058290,0,31,000,00,1,2,01,A01
201100058291,0,33,000,00,0,8,01,A01
201100058292,0,33,000,00,2,1,01,B01
201100058292,0,07,000,00,2,2,01,A01
201100058293,0,07,000,00,2,7,01,B01
201100058293,0,32,000,00,2,3,13,A01
201100058294,0,32,000,00,2,2,02,A01
201100058294,0,30,000,00,2,4,23,B01
201100058295,0,07,000,00,2,6,20,B01
201100058295,0,30,000,00,2,3,02,A01
201100058296,0,07,000,14,0,2,14,A01
201100058297,0,10,000,00,2,3,16,B01
201100058297,0,02,000,00,2,1,01,A01
201100058298,0,07,000,00,2,2,09,A01
201100058298,0,32,000,00,2,1,01,B01
201100058299,0,07,000,00,1,3,15,A01
201100058300,0,07,000,00,1,4,04,A01
201100058301,0,32,000,00,0,2,21,A01
201100058302,0,07,000,00,2,3,15,A01
201100058302,0,01,000,12,2,3,17,B01
201100058303,0,07,000,00,2,1,07,B01
201100058303,0,01,000,00,2,4,05,A01
201100058304,0,30,000,00,2,7,18,A01
201100058304,1,02,000,00,2,8,16,Z01
201100058305,0,34,000,00,1,1,01,A01
201100058306,0,02,000,00,2,7,15,A01
201100058306,0,07,000,00,2,2,07,B01
201100058307,0,34,000,14,0,1,13,A01
201100058308,0,30,000,00,2,1,02,A01
201100058308,0,07,000,00,2,4,23,B01
201100058309,0,34,000,00,0,0,01,A01
201100058310,0,32,000,00,2,4,23,B01
201100058310,0,07,000,00,2,2,02,A01
201100058311,0,30,000,00,2,1,02,A01
201100058311,0,10,000,00,2,5,02,B01
201100058312,0,07,000,00,2,1,02,A01
201100058312,0,07,000,00,2,4,15,B01
201100058313,0,02,000,00,2,2,01,A01
201100058313,1,07,000,00,2,0,01,Z01
201100058314,0,07,000,01,9,3,01,A01
201100058314,0,01,000,00,0,4,16,B01
201100058315,0,14,000,00,2,3,13,A01
201100058315,0,02,000,00,2,7,17,B01
201100058316,0,31,000,00,2,1,18,A01
201100058316,0,10,000,00,0,2,16,B01
201100058317,0,38,001,00,1,2,01,A01
201100058318,0,07,000,00,2,3,09,B01
201100058318,0,34,000,01,2,5,03,A01
201100058319,0,07,000,00,0,8,22,A01
201100058319,0,30,000,00,2,3,17,B01
201100058320,0,07,000,00,1,0,01,A01
201100058321,0,10,000,00,1,2,01,A01
201100058322,0,01,000,00,2,8,01,B01
201100058322,0,07,000,00,0,1,01,A01
201100058323,0,07,000,00,2,3,15,A01
201100058323,0,07,000,08,2,7,01,B01
201100058324,0,33,000,00,2,2,17,B01
201100058324,0,07,000,00,2,8,15,A01
201100058325,0,01,000,00,2,4,01,A01
201100058325,1,07,000,00,0,1,01,Z01
201100058326,0,33,000,00,0,1,01,A01
201100058327,0,33,000,00,0,8,23,A01
201100058327,1,07,000,00,0,7,01,B01
201100058328,0,01,000,00,2,1,07,A01
201100058328,0,07,000,00,0,2,16,B01
201100058329,0,34,000,00,2,3,01,A01
201100058329,0,10,000,00,0,5,23,B01
201100058330,0,32,000,00,2,1,01,A01
201100058330,0,07,000,00,0,5,23,B01
201100058331,0,02,000,00,2,0,21,A01
201100058332,0,33,000,00,2,4,23,B01
201100058332,0,02,000,00,2,1,02,A01
201100058333,0,31,000,00,2,8,13,A01
201100058333,0,07,000,00,2,2,15,B01
201100058334,0,07,000,00,2,2,01,B01
201100058334,0,30,000,00,2,3,13,A01
201100058335,1,07,000,00,2,1,17,Z01
201100058335,0,02,000,00,2,4,01,A01
201100058336,0,32,000,00,0,4,01,A01
201100058336,0,10,000,00,0,4,09,B01
201100058337,0,07,000,00,9,1,15,A01
201100058337,0,01,000,00,2,1,05,B01
201100058338,0,34,000,00,2,1,01,A01
201100058338,0,07,000,00,2,5,15,B01
201100058339,0,07,000,00,2,1,02,A01
201100058339,0,07,000,00,2,4,23,B01
201100058340,0,01,000,00,0,7,16,B01
201100058340,1,34,000,00,0,0,16,Z01
201100058341,0,07,000,00,2,3,02,A01
201100058341,0,01,000,00,2,4,02,B01
201100058342,0,34,000,00,2,1,17,A01
201100058342,0,01,000,00,2,4,13,B01
201100058343,0,07,000,00,1,2,01,A01
201100058344,0,32,000,00,2,1,02,A01
201100058344,0,07,000,00,2,5,02,B01
201100058345,0,07,000,15,0,2,10,A01
201100058346,0,07,000,08,2,7,16,A01
201100058346,0,07,000,00,0,8,07,B01
201100058347,0,30,000,00,0,0,21,A01
201100058348,0,33,000,00,1,3,03,A01
201100058349,0,01,000,14,0,1,13,A01
201100058350,0,07,000,00,2,1,01,A01
201100058350,0,07,000,00,0,4,01,B01
201100058351,0,32,000,00,0,8,16,A01
201100058352,0,07,000,00,0,4,23,B01
201100058352,0,07,000,14,0,1,01,A01
201100058353,0,32,000,00,0,7,21,A01
201100058354,0,34,000,00,2,1,03,A01
201100058354,0,10,000,00,2,3,01,C01
201100058354,0,10,000,00,2,5,01,B01
201100058355,0,07,000,00,1,6,04,A01
201100058356,0,07,000,00,2,7,13,A01
201100058356,0,30,000,00,2,8,17,B01
201100058357,0,34,000,00,2,2,01,B01
201100058357,0,07,000,00,0,8,15,A01
201100058358,0,33,000,00,1,1,07,A01
201100058359,0,32,000,00,2,1,01,A01
201100058359,0,07,000,00,2,5,01,B01
201100058360,0,02,000,00,2,1,01,A01
201100058360,0,10,000,00,2,2,01,B01
201100058361,0,32,000,00,1,2,01,A01
201100058362,0,32,000,00,2,1,03,A01
201100058362,0,10,000,00,2,5,23,B01
201100058362,0,10,000,00,2,4,23,C01
201100058363,0,10,000,00,1,5,04,A01
201100058364,0,07,000,00,0,7,16,A01
201100058364,0,34,000,00,2,5,21,B01
201100058365,0,30,000,00,2,0,02,A01
201100058365,0,07,000,00,2,0,23,B01
201100058365,0,07,000,00,2,6,23,C01
201100058366,0,33,000,00,2,1,01,B01
201100058366,0,07,000,00,2,8,15,A01
201100058367,0,07,000,00,2,1,01,A01
201100058367,0,32,000,00,2,6,01,B01
201100058368,0,02,000,00,0,0,01,A01
201100058369,0,07,000,00,1,1,15,A01
201100058370,0,32,000,00,2,1,05,A01
201100058370,0,01,000,00,2,8,15,B01
201100058371,0,07,000,00,0,5,01,A01
201100058371,0,02,000,00,0,1,01,B01
201100058372,0,01,000,00,1,1,01,A01
201100058373,0,07,000,00,2,8,15,A01
201100058373,0,33,000,00,2,2,01,B01
201100058374,0,07,000,00,1,6,04,A01
201100058375,0,07,000,00,2,7,07,B01
201100058375,0,02,000,00,2,8,09,A01
201100058376,0,33,000,00,2,1,01,B01
201100058376,0,07,000,00,2,2,15,A01
201100058377,0,30,000,00,1,1,01,A01
201100058378,0,07,000,00,2,3,15,B01
201100058378,0,31,000,00,2,2,17,A01
201100058379,0,07,000,00,2,2,16,A01
201100058379,0,33,000,00,2,3,18,B01
201100058380,1,07,000,00,2,1,01,A01
201100058380,0,02,000,00,0,7,01,B01
201100058381,0,33,000,00,1,2,01,A01
201100058382,0,07,000,00,2,0,13,A01
201100058382,0,31,000,00,2,7,01,B01
201100058383,0,07,000,00,1,1,01,A01
201100058384,0,07,000,00,1,1,15,A01
201100058385,0,07,000,00,1,1,15,A01
201100058386,0,07,000,00,2,8,13,A01
201100058386,0,33,000,00,2,7,11,B01
201100058387,0,07,000,00,1,4,04,A01
201100058388,0,07,000,00,2,3,15,A01
201100058388,0,30,000,00,2,1,01,B01
201100058389,0,07,000,00,1,1,01,A01
201100058390,0,32,000,00,1,1,01,A01
201100058391,0,01,000,00,2,4,02,A01
201100058391,0,03,000,00,2,0,23,B01
201100058392,0,01,000,00,2,1,07,B01
201100058392,0,07,000,00,2,3,22,A01
201100058393,0,07,000,00,2,3,13,A01
201100058393,0,07,000,00,2,6,01,B01
201100058394,0,37,030,00,0,5,01,A01
201100058395,0,07,000,00,1,2,01,A01
201100058396,0,37,000,00,1,6,07,A01
201100058397,0,07,000,00,1,3,01,A01
201100058398,0,07,000,00,2,1,02,A01
201100058398,0,07,000,00,2,0,23,B01
201100058399,0,07,000,00,1,2,01,A01
201100058400,0,01,000,00,1,1,07,A01
201100058401,0,33,000,00,2,7,01,A01
201100058401,0,13,000,00,2,5,01,B01
201100058402,0,07,000,00,2,7,16,A01
201100058402,0,01,000,00,2,8,15,B01
201100058403,0,02,000,00,2,4,15,B01
201100058403,0,32,000,00,2,1,02,A01
201100058404,0,13,000,00,2,8,01,B01
201100058404,0,33,000,00,2,1,01,A01
201100058405,0,31,000,00,0,0,21,A01
201100058406,0,32,000,00,0,8,01,A01
201100058407,0,34,000,00,2,8,05,A01
201100058407,0,33,000,00,2,8,01,B01
201100058407,0,07,000,00,2,6,23,C01
201100058408,0,07,000,12,2,1,01,A01
201100058408,0,07,000,00,2,6,01,B01
201100058409,0,30,000,00,2,4,01,A01
201100058409,0,33,000,00,0,4,23,B01
201100058410,0,30,000,00,2,8,21,A01
201100058411,0,33,000,00,0,8,21,A01
201100058412,0,10,000,00,2,3,15,A01
201100058412,0,30,000,00,2,1,17,B01
201100058413,0,07,000,00,1,2,01,A01
201100058414,0,02,000,00,2,1,17,A01
201100058414,0,31,000,00,2,3,09,B01
201100058415,0,32,000,00,2,1,01,B01
201100058415,0,07,000,00,2,1,15,A01
201100058416,0,01,000,00,1,1,01,A01
201100058417,0,01,000,00,0,1,05,B01
201100058417,0,01,000,00,0,1,15,A01
201100058418,0,01,000,00,0,0,02,A01
201100058419,0,07,000,00,2,3,13,A01
201100058419,0,02,000,00,2,7,17,B01
201100058420,0,07,000,12,2,7,01,B01
201100058420,0,10,000,00,2,1,01,A01
201100058421,0,38,001,00,2,2,16,A01
201100058421,0,37,002,00,2,8,07,B01
201100058422,0,30,000,00,0,8,15,A01
201100058423,0,07,000,00,1,7,16,A01
201100058424,0,34,000,00,2,2,01,B01
201100058424,0,07,000,00,2,3,09,A01
201100058425,0,34,000,00,0,3,01,B01
201100058425,0,30,000,00,2,1,15,A01
201100058426,0,07,000,00,2,3,01,C01
201100058426,0,07,000,00,0,6,23,B01
201100058426,0,34,000,00,2,1,01,A01
201100058427,1,07,000,00,1,0,07,Z01
201100058428,0,07,000,00,1,1,01,A01
201100058429,2,01,000,00,1,2,07,Z01
201100058430,0,37,000,00,2,6,23,B01
201100058430,0,07,000,00,2,1,02,A01
201100058431,0,07,000,00,1,2,01,A01
201100058432,0,07,000,00,2,8,01,C01
201100058432,0,07,000,07,2,3,01,A01
201100058432,0,07,000,00,2,8,01,B01
201100058433,0,07,000,00,0,6,23,B01
201100058433,0,32,000,00,2,4,01,A01
201100058434,0,30,000,00,2,1,18,A01
201100058434,0,32,000,00,2,5,16,B01
201100058435,0,31,000,00,1,1,15,A01
201100058436,0,07,000,14,0,7,21,A01
201100058437,0,32,000,00,0,1,01,A01
201100058437,0,14,000,00,2,1,01,B01
201100058438,0,33,000,00,1,1,07,A01
201100058439,0,34,000,00,1,1,01,A01
201100058440,0,01,000,00,0,8,01,B01
201100058440,0,07,000,00,0,7,16,A01
201100058441,0,32,000,00,2,1,01,A01
201100058441,0,07,000,00,0,4,23,B01
201100058442,0,07,000,00,9,3,22,A01
201100058442,0,01,000,01,0,1,01,B01
201100058443,0,10,000,00,0,4,23,B01
201100058443,0,10,000,00,0,1,01,A01
201100058444,0,07,000,01,0,8,09,A01
201100058444,0,01,000,00,2,1,01,B01
201100058445,0,01,000,00,9,8,19,B01
201100058445,0,31,000,00,9,7,01,A01
201100058446,0,33,000,00,2,1,01,A01
201100058446,0,33,000,00,2,7,09,B01
201100058447,0,02,000,00,2,1,15,A01
201100058447,0,34,000,00,2,1,17,B01
201100058448,0,07,000,00,1,3,01,A01
201100058449,0,07,000,00,1,6,04,A01
201100058450,0,07,000,00,0,6,09,B01
201100058450,0,30,000,00,0,2,01,A01
201100058451,0,07,000,00,2,2,01,A01
201100058451,0,02,000,00,2,1,01,B01
201100058452,0,07,000,00,1,7,16,A01
201100058453,0,07,000,00,0,3,15,B01
201100058453,0,01,000,00,0,1,01,A01
201100058454,0,33,000,00,1,1,01,A01
201100058455,0,07,000,00,1,3,01,A01
201100058456,0,07,000,00,2,3,15,B01
201100058456,0,34,000,00,2,1,01,A01
201100058457,0,07,000,00,1,5,04,A01
201100058458,0,32,000,15,2,3,18,B01
201100058458,0,07,000,00,0,2,01,A01
201100058459,0,07,000,00,1,2,01,A01
201100058460,1,07,000,00,2,2,14,Z01
201100058460,0,01,000,00,2,3,07,B01
201100058461,0,01,000,00,1,1,05,A01
201100058462,0,32,000,00,2,1,01,A01
201100058463,1,10,000,00,2,7,16,Z01
201100058463,0,01,000,00,0,1,07,A01
201100058464,0,30,000,00,1,1,01,A01
201100058465,0,07,000,00,1,3,01,A01
201100058466,0,07,000,00,2,2,01,A01
201100058466,0,30,000,00,2,8,13,B01
201100058467,0,07,000,11,0,1,21,A01
201100058468,0,07,000,00,1,6,04,A01
201100058469,0,32,000,00,0,0,01,A01
201100058470,0,07,000,00,2,0,22,A01
201100058470,0,01,000,00,2,3,01,B01
201100058471,0,02,000,00,1,3,18,A01
201100058472,0,30,000,00,1,7,01,A01
201100058473,0,07,000,00,2,7,10,A01
201100058473,0,31,000,00,2,1,01,B01
201100058474,0,07,000,00,1,4,04,A01
201100058475,0,30,000,00,2,4,05,A01
201100058475,1,07,000,00,2,1,02,Z01
201100058476,0,33,000,00,1,1,01,A01
201100058477,0,13,000,00,1,2,01,A01
201100058478,0,34,000,12,0,3,01,A01
201100058479,0,07,000,00,2,1,15,A01
201100058479,0,32,000,00,2,0,15,B01
201100058480,0,01,000,00,2,8,13,B01
201100058480,0,37,020,00,2,7,17,A01
201100058481,0,02,000,00,0,0,01,A01
201100058482,0,10,000,00,2,2,17,B01
201100058482,0,01,000,00,2,3,13,A01
201100058483,0,32,000,00,2,7,17,A01
201100058483,0,14,000,00,2,3,13,B01
201100058484,0,01,000,00,1,8,17,A01
201100058485,0,14,000,00,2,2,02,A01
201100058485,0,03,000,00,2,6,02,B01
201100058486,0,33,000,00,1,1,01,A01
201100058487,0,34,000,00,2,8,01,B01
201100058487,0,07,000,00,2,3,15,A01
201100058488,0,07,000,11,0,5,14,A01
201100058489,1,07,000,00,1,0,01,Z01
201100058490,0,31,000,00,2,1,01,A01
201100058490,1,07,000,00,2,0,15,Z01
201100058491,0,07,000,00,2,3,10,A01
201100058491,0,30,000,00,2,3,17,B01
201100058492,0,30,000,00,0,0,01,A01
201100058493,0,07,000,00,2,1,15,A01
201100058493,0,32,000,00,2,6,01,B01
201100058494,0,07,000,00,9,2,16,A01
201100058494,0,01,000,00,2,4,01,B01
201100058495,0,07,000,00,0,4,23,B01
201100058495,0,07,000,01,0,1,01,A01
201100058496,0,32,000,00,2,0,01,A01
201100058497,0,07,000,00,1,1,01,A01
201100058498,0,32,000,00,2,1,01,B01
201100058498,0,07,000,00,2,2,15,A01
201100058499,0,07,000,01,1,4,04,A01
201100058500,0,10,000,00,1,5,04,A01
201100058501,0,37,000,00,1,3,08,A01
201100058502,0,30,000,14,0,9,01,A01
201100058503,0,32,000,00,2,1,01,A01
201100058503,0,01,000,00,2,1,01,B01
201100058504,0,01,000,00,2,1,02,A01
201100058504,0,07,000,00,2,4,23,B01
201100058505,0,01,000,00,2,8,07,B01
201100058505,0,07,000,00,2,7,17,A01
201100058506,0,32,000,00,0,7,01,A01
201100058507,0,33,000,00,0,7,02,A01
201100058508,0,07,000,00,2,8,15,B01
201100058508,0,02,000,00,2,1,17,A01
201100058509,0,07,000,00,0,2,01,A01
201100058509,0,01,000,00,0,1,01,B01
201100058510,0,07,000,00,1,2,16,A01
201100058511,0,07,000,07,0,1,14,A01
201100058512,0,07,000,00,0,1,01,A01
201100058512,0,33,000,00,0,4,23,B01
201100058513,0,01,000,00,2,8,07,B01
201100058513,0,07,000,00,2,7,17,A01
201100058514,0,34,000,00,2,1,01,B01
201100058514,0,33,000,00,2,8,09,A01
201100058515,0,01,000,00,1,1,01,A01
201100058516,0,01,000,00,2,7,18,B01
201100058516,0,07,000,00,2,7,22,A01
201100058517,0,32,000,00,0,7,02,A01
201100058518,0,07,000,00,1,3,04,A01
201100058519,0,01,000,00,1,0,01,A01
201100058520,0,32,000,00,2,7,16,B01
201100058520,0,33,000,00,2,1,02,A01
201100058521,0,01,000,00,2,8,07,A01
201100058522,0,01,000,00,2,1,07,B01
201100058522,0,01,000,00,2,1,07,C01
201100058522,0,32,000,00,2,1,01,A01
201100058523,0,32,000,00,1,1,01,A01
201100058524,0,10,000,00,2,4,02,B01
201100058524,0,30,000,00,2,1,02,A01
201100058525,0,32,000,00,0,1,21,A01
201100058526,0,32,000,00,2,1,01,B01
201100058526,0,07,000,00,2,7,16,A01
201100058527,0,07,000,00,0,2,01,A01
201100058528,0,34,000,00,2,2,01,B01
201100058528,0,10,000,00,2,8,09,A01
201100058529,0,30,000,15,0,1,14,A01
201100058530,0,33,000,00,2,3,01,B01
201100058530,0,10,000,00,2,7,16,A01
201100058531,0,34,000,00,1,7,01,A01
201100058532,0,30,000,00,2,8,01,B01
201100058532,0,07,000,00,2,2,15,A01
201100058533,0,07,000,00,2,8,22,A01
201100058533,0,01,000,01,0,8,01,B01
201100058534,0,07,000,00,1,3,15,A01
201100058535,0,07,000,00,0,2,15,A01
201100058535,0,01,000,00,2,1,07,B01
201100058536,0,07,000,00,2,1,02,A01
201100058536,0,07,000,00,2,4,23,B01
201100058537,0,07,000,00,2,2,15,A01
201100058537,0,02,000,00,2,1,01,B01
201100058538,0,33,000,00,2,1,17,B01
201100058538,0,10,000,00,2,6,15,A01
201100058539,0,07,000,00,2,3,15,B01
201100058539,0,30,000,00,2,3,01,A01
201100058540,0,07,000,00,2,7,08,A01
201100058540,0,07,000,00,2,8,01,B01
201100058541,0,10,000,08,0,2,01,A01
201100058542,0,10,000,00,2,7,16,B01
201100058542,0,32,000,00,2,8,18,A01
201100058543,0,02,000,00,2,2,17,B01
201100058543,0,07,000,00,2,8,15,A01
201100058544,0,07,000,00,1,4,04,A01
201100058545,0,01,000,00,2,1,01,B01
201100058545,0,07,000,00,2,5,16,A01
201100058546,0,31,000,00,2,3,01,B01
201100058546,0,07,000,00,2,2,16,A01
201100058547,0,07,000,00,1,1,01,A01
201100058548,0,32,000,00,0,0,21,A01
201100058549,0,07,000,00,2,0,13,B01
201100058549,0,32,000,00,2,8,01,A01
201100058549,0,07,000,00,2,3,01,C01
201100058550,0,07,000,07,0,1,14,A01
201100058551,0,01,000,00,1,7,01,A01
201100058552,0,32,000,00,1,2,01,A01
201100058553,0,33,000,01,0,2,18,A01
201100058554,0,07,000,00,1,1,15,A01
201100058555,0,10,000,00,2,7,15,A01
201100058555,0,32,000,00,0,1,01,B01
201100058556,0,07,000,00,1,0,15,A01
201100058557,0,37,001,00,1,1,07,A01
201100058558,0,34,000,00,0,0,01,A01
201100058559,0,33,000,00,1,1,01,A01
201100058560,0,33,000,00,0,0,01,A01
201100058561,0,32,000,00,1,3,01,A01
201100058562,0,33,000,00,0,7,15,A01
201100058563,0,07,000,08,0,1,15,A01
201100058564,1,07,000,00,1,0,01,Z01
201100058565,0,31,000,00,2,7,02,A01
201100058565,0,07,000,00,2,4,02,B01
201100058566,0,33,000,00,2,1,02,A01
201100058566,0,07,000,00,2,4,02,B01
201100058567,0,07,000,00,1,1,01,A01
201100058568,0,32,000,00,2,1,17,B01
201100058568,0,07,000,00,2,3,15,A01
201100058569,0,37,000,00,1,3,15,A01
201100058570,0,32,000,00,2,0,01,A01
201100058570,1,07,000,00,2,0,22,Z01
201100058571,0,07,000,00,2,1,01,A01
201100058571,0,10,000,00,2,7,01,B01
201100058572,0,07,000,00,1,3,01,A01
201100058573,0,34,000,00,1,7,01,A01
201100058574,0,01,000,00,2,1,23,B01
201100058574,0,01,000,00,2,4,02,A01
201100058575,0,30,000,00,0,1,01,B01
201100058575,0,32,000,01,0,1,15,A01
201100058576,0,30,000,00,2,1,02,A01
201100058576,0,07,000,00,2,0,16,B01
201100058577,0,30,000,00,2,0,01,A01
201100058577,0,07,000,00,2,0,11,B01
201100058578,0,07,000,00,2,2,01,A01
201100058578,0,32,000,00,2,1,01,B01
201100058579,0,01,000,00,2,2,01,A01
201100058579,0,07,000,00,2,3,01,B01
201100058580,0,32,000,01,0,0,14,A01
201100058581,0,30,000,00,2,1,01,B01
201100058581,0,07,000,00,2,7,10,A01
201100058582,0,37,002,00,2,3,01,A01
201100058582,0,07,000,00,2,5,15,B01
201100058583,0,34,000,00,1,1,01,A01
201100058584,0,37,000,00,1,2,07,A01
201100058585,0,07,000,00,1,3,07,A01
201100058586,0,32,000,00,2,1,01,B01
201100058586,0,02,000,00,2,4,14,A01
201100058587,0,32,000,00,2,3,17,A01
201100058587,0,07,000,00,2,3,15,B01
201100058588,0,02,000,00,0,7,01,A01
201100058589,0,07,000,00,1,2,07,A01
201100058590,0,07,000,00,1,2,01,A01
201100058591,1,33,000,12,0,0,01,Z01
201100058592,0,07,000,00,2,2,15,A01
201100058592,0,33,000,00,2,1,01,B01
201100058593,0,07,000,11,0,2,14,A01
201100058594,0,33,000,00,1,1,01,A01
201100058595,0,30,000,00,2,2,17,A01
201100058595,0,07,000,00,2,2,15,B01
201100058596,0,30,000,00,0,0,01,A01
201100058597,1,07,000,00,1,0,01,Z01
201100058598,0,01,000,00,2,8,07,B01
201100058598,0,07,000,00,2,3,22,A01
201100058599,0,37,025,00,2,1,16,B01
201100058599,0,01,000,00,2,4,07,A01
201100058600,0,07,000,00,1,5,01,A01
201100058601,0,33,000,00,2,7,01,A01
201100058601,0,07,000,00,2,1,01,B01
201100058602,0,07,000,00,2,7,01,B01
201100058602,0,30,000,00,2,1,01,A01
201100058603,1,07,000,00,1,0,01,Z01
201100058604,0,33,000,01,2,7,13,A01
201100058605,0,30,000,00,2,3,18,B01
201100058605,0,07,000,00,2,2,12,A01
201100058606,0,07,000,00,2,2,15,A01
201100058606,0,34,000,00,2,1,01,B01
201100058607,0,32,000,00,0,1,07,A01
201100058608,0,34,000,00,1,0,01,A01
201100058609,0,33,000,00,1,1,01,A01
201100058610,0,02,000,00,2,2,17,B01
201100058610,0,07,000,00,2,8,15,A01
201100058611,0,32,000,00,1,1,01,A01
201100058612,0,10,000,00,2,3,01,B01
201100058612,0,07,000,00,2,2,09,A01
201100058613,0,30,000,00,2,2,16,A01
201100058613,0,07,000,00,2,3,07,B01
201100058614,0,07,000,00,2,5,10,A01
201100058614,0,01,000,00,2,1,07,B01
201100058615,0,02,000,00,0,3,01,A01
201100058616,0,32,000,00,1,2,01,A01
201100058617,0,30,000,00,1,1,17,A01
201100058618,0,07,000,00,2,1,02,A01
201100058618,0,07,000,00,2,4,23,B01
201100058619,0,37,001,00,1,2,07,A01
201100058620,0,02,000,00,2,2,08,A01
201100058620,0,07,000,00,0,3,15,B01
201100058621,0,32,000,00,2,8,01,A01
201100058621,0,07,000,00,0,5,23,B01
201100058622,0,10,000,00,2,5,12,B01
201100058622,0,37,002,00,2,1,07,A01
201100058623,0,30,000,00,0,0,17,B01
201100058623,0,07,000,00,0,0,15,A01
201100058624,0,07,000,00,1,7,01,A01
201100058625,0,07,000,00,1,1,15,A01
201100058626,0,02,000,00,0,0,15,A01
201100058627,0,37,001,00,1,2,08,A01
201100058628,0,10,000,00,1,8,01,A01
201100058629,0,02,000,00,1,3,01,A01
201100058630,0,07,000,00,2,1,01,B01
201100058630,0,07,000,00,2,1,01,A01
201100058630,0,07,000,00,2,4,23,C01
201100058631,0,01,000,00,0,8,16,B01
201100058631,0,14,000,00,0,7,16,A01
201100058632,0,07,000,00,1,4,04,A01
201100058633,0,13,000,00,2,3,10,A01
201100058633,0,33,000,00,2,1,01,B01
201100058634,0,07,000,00,1,5,20,A01
201100058635,0,34,000,01,2,3,01,B01
201100058635,0,07,000,00,2,5,15,A01
201100058636,0,07,000,00,2,7,16,A01
201100058636,0,37,000,00,2,1,07,B01
201100058637,0,07,000,14,2,1,14,A01
201100058637,0,07,000,00,2,4,01,B01
201100058638,0,33,000,00,2,4,01,B01
201100058638,0,07,000,00,2,1,01,A01
201100058639,0,32,000,12,2,1,07,A01
201100058639,0,07,000,00,2,5,07,B01
201100058640,0,07,000,00,2,3,11,A01
201100058640,0,30,000,00,2,2,01,B01
201100058641,0,07,000,00,2,3,10,A01
201100058641,0,32,000,00,2,1,17,B01
201100058642,0,07,000,00,1,0,07,A01
201100058643,0,07,000,00,2,4,17,B01
201100058643,0,37,000,00,2,3,07,A01
201100058644,0,37,000,00,1,7,07,A01
201100058645,0,07,000,01,0,2,09,A01
201100058646,0,07,000,00,1,4,04,A01
201100058647,0,30,000,00,2,7,01,B01
201100058647,0,07,000,00,2,8,15,A01
201100058648,0,07,000,00,1,3,01,A01
201100058649,0,32,000,00,1,2,01,A01
201100058650,0,07,000,00,1,7,01,A01
201100058651,0,33,000,00,1,0,01,A01
201100058652,0,07,000,00,2,4,02,B01
201100058652,0,33,000,00,2,1,02,A01
201100058653,0,07,000,00,2,7,01,B01
201100058653,0,31,000,00,2,8,16,A01
201100058654,0,32,000,00,2,2,01,B01
201100058654,0,01,000,00,2,8,15,A01
201100058655,0,07,000,00,2,8,22,A01
201100058655,0,01,000,00,2,2,01,B01
201100058656,0,30,000,00,0,0,15,A01
201100058657,0,07,000,11,0,1,13,A01
201100058658,0,07,000,00,1,8,01,A01
201100058659,0,33,000,00,2,1,01,B01
201100058659,0,07,000,00,2,7,15,A01
201100058660,0,02,000,00,2,1,01,A01
201100058660,0,07,000,00,0,6,23,B01
201100058661,0,33,000,00,0,7,21,A01
201100058662,0,07,000,00,2,8,07,B01
201100058662,0,33,000,00,2,7,16,A01
201100058663,0,07,000,00,1,2,01,A01
201100058664,1,32,000,00,2,7,01,B01
201100058664,0,37,026,00,2,1,01,A01
201100058665,0,32,000,00,2,2,01,B01
201100058665,0,07,000,00,2,3,01,A01
201100058666,0,10,000,00,1,3,15,A01
201100058667,0,30,000,00,2,6,15,A01
201100058667,0,30,000,00,2,2,17,B01
201100058668,0,07,000,00,2,3,13,A01
201100058668,0,07,000,15,2,2,01,B01
201100058669,0,07,000,00,2,8,01,B01
201100058669,0,07,000,00,2,1,01,A01
201100058670,0,37,001,00,0,0,07,B01
201100058670,0,07,000,00,0,3,15,A01
201100058671,0,07,000,00,2,1,15,B01
201100058671,0,32,000,00,2,7,08,A01
201100058672,0,32,000,00,0,0,21,A01
201100058673,0,33,000,00,1,1,01,A01
201100058674,0,33,000,00,1,8,01,A01
201100058675,0,30,000,01,0,2,14,A01
201100058676,0,02,000,00,2,2,01,A01
201100058676,1,07,000,00,2,8,13,Z01
201100058677,1,32,000,00,2,4,16,A01
201100058677,0,33,000,00,2,1,01,B01
201100058678,0,07,000,00,1,5,04,A01
201100058679,0,01,000,00,1,1,05,A01