Num_Acc,senc,catv,occutc,obs,obsm,choc,manv,num_veh
201100059074,0,01,000,00,2,1,07,B01
201100059074,0,07,000,00,2,8,22,A01
201100059075,0,33,000,00,2,1,01,A01
201100059075,0,07,000,00,2,5,24,B01
201100059076,0,32,000,00,0,0,01,A01
201100059077,0,01,000,00,2,1,19,A01
201100059077,0,34,000,00,2,3,15,B01
201100059078,0,33,000,00,1,1,01,A01
201100059079,0,02,000,01,0,1,13,A01
201100059080,0,07,000,00,2,8,09,A01
201100059080,0,33,000,00,2,1,01,B01
201100059081,0,07,000,00,2,3,01,D01
201100059081,0,34,000,00,2,5,02,A01
201100059081,0,07,000,00,2,5,02,B01
201100059081,0,33,000,00,2,7,02,C01
201100059082,0,31,000,08,1,1,01,A01
201100059083,0,07,000,00,2,8,10,A01
201100059083,0,33,000,00,2,1,01,B01
201100059084,0,33,000,00,0,7,17,B01
201100059084,0,38,001,00,0,8,15,A01
201100059085,0,02,000,00,2,4,16,B01
201100059085,0,07,000,00,2,3,16,A01
201100059086,0,32,000,00,1,0,01,A01
201100059087,0,07,000,00,1,0,01,A01
201100059088,0,31,000,00,0,7,01,A01
201100059089,0,07,000,00,2,6,01,B01
201100059089,0,33,000,00,2,1,01,A01
201100059090,0,10,000,06,0,1,01,A01
201100059091,0,01,000,00,2,8,01,B01
201100059091,0,07,000,00,0,2,10,A01
201100059092,0,07,000,00,2,1,02,A01
201100059092,0,07,000,00,2,4,23,B01
201100059093,0,30,000,00,2,8,01,A01
201100059093,0,30,000,00,2,7,01,B01
201100059094,0,32,000,00,0,7,01,A01
201100059095,0,33,000,01,0,8,21,A01
201100059096,0,07,000,00,1,3,01,A01
201100059097,0,07,000,00,2,1,02,A01
201100059097,0,10,000,00,2,4,23,B01
201100059097,0,07,000,00,2,4,23,C01
201100059097,1,07,000,00,0,4,23,D01
201100059098,0,32,000,00,2,5,17,A01
201100059098,0,07,000,00,2,3,15,B01
201100059099,0,37,050,00,2,3,01,B01
201100059099,0,07,000,00,2,5,01,A01
201100059100,0,30,000,00,0,7,15,A01
201100059101,0,33,000,00,2,6,18,A01
201100059101,0,07,000,00,2,2,14,B01
201100059102,0,32,000,00,2,7,17,A01
201100059102,0,07,000,00,2,3,15,B01
201100059103,0,07,000,00,1,1,01,A01
201100059104,0,30,000,00,2,8,01,B01
201100059104,0,07,000,00,2,2,01,A01
201100059105,0,07,000,00,1,1,15,A01
201100059106,0,30,000,00,2,3,01,B01
201100059106,0,07,000,00,2,5,23,A01
201100059107,0,32,000,00,2,2,17,B01
201100059107,0,07,000,00,0,8,15,A01
201100059108,0,07,000,00,2,3,15,B01
201100059108,0,32,000,00,2,1,15,A01
201100059109,0,07,000,00,1,1,01,A01
201100059110,0,32,000,00,1,0,17,A01
201100059111,0,32,000,00,2,1,18,A01
201100059111,0,01,000,00,2,2,19,B01
201100059112,0,32,000,00,2,2,15,B01
201100059112,0,07,000,00,2,2,01,A01
201100059113,0,01,000,00,2,3,02,B01
201100059113,0,34,000,00,2,2,02,A01
201100059114,0,07,000,00,1,3,01,A01
201100059115,0,31,000,00,0,2,01,A01
201100059116,0,33,000,00,1,1,01,A01
201100059117,0,07,000,00,0,4,04,A01
201100059118,0,33,000,00,2,2,16,A01
201100059118,0,07,000,00,2,3,01,B01
201100059119,0,32,000,00,2,1,01,B01
201100059119,0,10,000,00,2,7,01,A01
201100059120,0,07,000,00,1,2,01,A01
201100059121,0,30,000,00,0,8,01,A01
201100059122,0,33,000,00,2,1,01,B01
201100059122,0,30,000,00,2,8,01,A01
201100059123,0,07,000,00,1,6,01,A01
201100059124,0,32,000,01,2,2,01,B01
201100059124,0,07,000,00,2,5,22,A01
201100059125,1,07,000,00,0,3,11,Z01
201100059125,0,33,000,00,0,7,01,A01
201100059126,0,32,000,00,2,8,01,B01
201100059126,0,07,000,00,2,7,16,A01
201100059127,0,07,000,00,2,3,11,A01
201100059127,0,32,000,00,2,2,17,B01
201100059128,0,32,000,00,0,0,21,A01
201100059129,0,07,000,00,0,2,16,A01
201100059129,0,32,000,00,0,3,07,B01
201100059130,0,01,000,00,1,1,21,A01
201100059131,0,13,000,09,0,1,01,A01
201100059132,0,13,000,11,0,1,10,A01
201100059133,0,02,000,00,0,8,01,A01
201100059133,0,01,000,00,0,0,19,B01
201100059134,0,33,000,00,2,2,01,A01
201100059134,0,07,000,00,2,3,11,B01
201100059135,0,10,000,00,1,3,15,A01
201100059136,0,02,000,00,2,7,01,A01
201100059136,0,07,000,00,0,3,15,B01
201100059137,0,01,000,00,0,7,01,A01
201100059138,0,07,000,00,2,2,15,A01
201100059138,0,30,000,00,2,1,07,B01
201100059139,1,30,000,00,0,0,01,Z01
201100059140,0,33,000,00,2,3,01,A01
201100059140,0,01,000,00,2,1,01,B01
201100059141,0,32,000,00,2,1,02,A01
201100059141,1,07,000,00,2,4,02,Z01
201100059142,0,07,000,00,2,2,15,A01
201100059142,0,34,000,00,2,8,01,B01
201100059143,0,01,000,00,0,3,21,A01
201100059144,0,30,000,00,2,2,02,B01
201100059144,0,34,000,00,2,8,23,A01
201100059145,0,30,000,01,0,1,14,A01
201100059146,0,07,000,00,2,1,01,B01
201100059146,0,07,000,00,2,2,01,A01
201100059147,0,33,000,00,2,1,02,A01
201100059147,0,33,000,00,2,4,23,B01
201100059148,0,07,000,00,2,1,01,A01
201100059148,0,32,000,00,2,8,15,B01
201100059149,0,01,000,00,0,0,01,A01
201100059150,0,07,000,00,2,2,01,B01
201100059150,0,33,000,00,2,7,01,A01
201100059151,0,07,000,00,1,6,04,A01
201100059152,0,07,000,00,2,3,15,B01
201100059152,0,30,000,00,2,2,17,A01
201100059153,0,30,000,00,0,8,14,A01
201100059154,0,32,000,00,0,8,01,A01
201100059155,0,07,000,00,2,3,01,A01
201100059155,0,32,000,00,2,0,01,B01
201100059156,0,01,000,00,2,8,01,A01
201100059156,0,07,000,00,2,2,01,B01
201100059157,0,32,000,00,1,1,01,A01
201100059158,0,30,000,00,2,1,01,A01
201100059158,0,07,000,00,2,3,16,B01
201100059159,1,07,000,00,2,0,01,Z01
201100059159,0,32,000,00,2,1,01,A01
201100059160,0,33,000,08,2,0,18,A01
201100059161,0,32,000,00,2,1,01,A01
201100059161,0,07,000,00,2,5,01,B01
201100059162,0,07,000,00,2,3,10,B01
201100059162,0,30,000,00,2,1,05,A01
201100059163,0,07,000,00,2,1,02,A01
201100059163,0,07,000,00,2,4,23,B01
201100059164,0,07,000,00,2,4,23,B01
201100059164,0,32,000,00,2,1,02,A01
201100059165,0,01,000,00,2,2,05,A01
201100059165,0,07,000,00,2,2,01,B01
201100059166,0,07,000,00,2,2,01,A01
201100059166,0,33,000,00,2,1,01,B01
201100059167,0,01,000,00,2,6,07,B01
201100059167,0,10,000,00,2,2,16,A01
201100059168,0,32,000,00,2,8,15,B01
201100059168,0,33,000,00,2,8,15,A01
201100059169,0,10,000,00,2,6,13,B01
201100059169,0,07,000,00,2,1,17,A01
201100059170,0,07,000,00,2,2,16,A01
201100059170,0,31,000,00,2,3,01,B01
201100059171,0,30,000,12,0,2,14,A01
201100059172,0,07,000,00,2,1,01,B01
201100059172,0,32,000,00,2,8,01,A01
201100059173,0,31,000,00,2,0,01,B01
201100059173,0,03,000,00,2,5,01,A01
201100059174,0,01,000,00,2,8,07,B01
201100059174,0,37,001,00,2,7,17,A01
201100059175,0,01,000,00,0,0,01,A01
201100059176,0,07,000,00,1,3,01,A01
201100059177,0,07,000,00,1,4,04,A01
201100059178,0,32,000,00,0,8,01,A01
201100059179,0,30,000,00,2,4,16,B01
201100059179,0,32,000,00,2,4,07,A01
201100059180,0,07,000,00,1,3,01,A01
201100059181,0,07,000,00,2,3,09,A01
201100059181,0,32,000,00,2,3,16,B01
201100059182,0,01,000,00,2,6,01,C01
201100059182,1,10,000,00,2,9,18,Z01
201100059182,0,07,000,00,2,7,16,B01
201100059183,0,33,000,00,0,8,10,A01
201100059184,0,02,000,00,2,1,01,A01
201100059184,0,10,000,00,2,3,15,B01
201100059185,0,31,000,00,0,0,01,A01
201100059186,0,34,000,00,0,2,16,A01
201100059186,0,07,000,00,0,3,01,B01
201100059187,0,37,001,00,2,6,01,B01
201100059187,0,01,000,00,2,1,01,A01
201100059188,0,32,000,00,2,2,01,A01
201100059188,1,07,000,00,2,1,01,Z01
201100059189,0,30,000,00,2,6,01,B01
201100059189,0,07,000,00,2,2,01,A01
201100059190,0,33,000,00,2,8,17,A01
201100059190,0,07,000,00,2,6,01,B01
201100059191,0,07,000,00,2,3,10,A01
201100059191,0,30,000,00,2,1,01,B01
201100059192,0,07,000,00,2,1,02,A01
201100059192,0,07,000,00,2,4,23,B01
201100059193,0,32,000,00,2,1,01,B01
201100059193,0,07,000,00,2,6,01,A01
201100059194,0,33,000,00,0,7,21,A01
201100059195,0,33,000,00,2,1,02,A01
201100059195,0,07,000,00,2,4,02,B01
201100059196,0,30,000,00,2,2,17,A01
201100059196,0,07,000,00,2,3,15,B01
201100059197,0,30,000,01,0,1,01,A01
201100059198,0,02,000,14,0,1,13,A01
201100059199,0,07,000,00,2,1,02,A01
201100059199,0,07,000,00,2,4,23,B01
201100059200,0,03,000,00,2,1,01,A01
201100059200,0,07,000,00,2,2,10,B01
201100059201,0,07,000,00,1,2,15,A01
201100059202,0,02,000,00,0,0,02,A01
201100059203,0,07,000,11,0,1,15,A01
201100059204,0,32,000,00,2,4,23,B01
201100059204,0,10,000,00,2,1,02,A01
201100059205,0,07,000,00,1,1,01,A01
201100059206,0,30,000,00,1,7,17,A01
201100059207,0,07,000,00,2,6,02,A01
201100059207,0,37,003,00,2,3,02,C01
201100059207,0,33,000,00,2,1,02,B01
201100059208,1,07,000,00,1,7,01,Z01
201100059209,0,33,000,00,2,6,17,A01
201100059209,0,07,000,00,2,3,15,B01
201100059210,0,32,000,00,2,7,01,A01
201100059210,0,01,000,00,2,8,13,B01
201100059211,0,37,001,00,2,1,02,A01
201100059211,0,07,000,00,2,6,23,B01
201100059212,0,07,000,00,2,8,22,A01
201100059212,0,01,000,00,2,7,01,B01
201100059213,0,10,000,00,2,5,15,B01
201100059213,0,33,000,00,2,1,01,A01
201100059214,0,32,000,00,0,7,01,A01
201100059215,0,01,000,00,1,1,01,A01
201100059216,0,33,000,00,1,2,01,A01
201100059217,0,07,000,00,2,1,01,A01
201100059217,0,07,000,00,2,4,23,B01
201100059218,0,07,000,00,0,2,01,A01
201100059218,0,07,000,00,2,3,16,B01
201100059219,0,07,000,00,2,2,01,A01
201100059219,0,07,000,00,2,3,01,B01
201100059220,0,07,000,00,1,1,01,A01
201100059221,0,30,000,00,2,7,12,A01
201100059221,0,14,000,00,2,3,01,B01
201100059222,0,07,000,00,0,5,16,B01
201100059222,0,02,000,00,2,0,01,A01
201100059223,0,07,000,00,9,1,01,A01
201100059223,0,01,000,00,2,4,01,B01
201100059224,0,07,000,00,0,4,23,B01
201100059224,0,07,000,00,2,1,01,A01
201100059225,1,07,000,00,0,0,22,A01
201100059225,0,02,000,00,2,1,01,B01
201100059226,0,33,000,00,2,7,17,A01
201100059226,0,07,000,00,2,8,15,B01
201100059227,0,32,000,00,2,3,07,A01
201100059227,0,07,000,00,2,7,16,B01
201100059228,1,07,000,00,1,1,01,Z01
201100059229,0,07,000,00,2,3,15,A01
201100059229,0,34,000,00,2,7,01,B01
201100059230,0,07,000,00,1,1,16,A01
201100059231,0,07,000,00,2,8,15,A01
201100059231,0,33,000,00,2,7,01,B01
201100059232,0,32,000,00,0,4,23,B01
201100059232,0,07,000,00,2,2,01,A01
201100059233,0,10,000,00,1,4,04,A01
201100059234,0,02,000,00,2,1,01,A01
201100059234,0,07,000,00,2,2,01,B01
201100059235,0,30,000,00,2,3,18,A01
201100059235,0,07,000,00,2,2,16,B01
201100059236,0,01,000,00,0,0,01,A01
201100059237,0,30,000,00,2,1,02,A01
201100059237,0,07,000,00,2,4,23,B01
201100059238,1,07,000,00,2,0,13,Z01
201100059238,0,30,000,00,2,5,01,A01
201100059239,0,07,000,00,2,5,01,B01
201100059239,0,32,000,00,2,3,01,A01
201100059240,0,07,000,00,0,5,00,B01
201100059240,0,32,000,00,2,3,02,A01
201100059241,0,07,000,00,1,1,15,A01
201100059242,0,33,000,01,0,1,01,A01
201100059242,1,07,000,00,0,0,10,Z01
201100059243,0,02,000,00,2,2,01,B01
201100059243,0,32,000,00,2,3,10,A01
201100059244,0,07,000,00,1,2,01,A01
201100059245,0,01,000,00,1,7,01,A01
201100059246,0,01,000,00,2,1,01,B01
201100059246,0,07,000,00,2,8,22,A01
201100059247,0,07,000,00,1,1,16,A01
201100059248,0,07,000,00,2,3,15,A01
201100059248,0,34,000,00,2,2,17,B01
201100059249,0,38,001,00,0,6,16,A01
201100059249,0,34,000,00,2,2,16,B01
201100059250,0,07,000,00,2,3,13,A01
201100059250,0,32,000,00,2,2,17,B01
201100059251,0,38,001,00,1,0,01,A01
201100059252,0,33,000,00,0,1,01,B01
201100059252,0,07,000,00,0,2,15,A01
201100059253,1,30,000,00,1,1,15,Z01
201100059254,0,07,000,00,2,2,01,A01
201100059254,0,32,000,00,2,6,17,B01
201100059255,0,01,000,00,2,2,01,A01
201100059255,0,32,000,00,2,1,01,B01
201100059256,0,30,000,00,1,1,01,A01
201100059257,0,07,000,07,0,1,13,A01
201100059258,0,07,000,00,2,1,02,A01
201100059258,0,07,000,00,2,4,23,B01
201100059258,0,07,000,00,2,4,23,C01
201100059259,1,07,000,01,1,0,01,Z01
201100059260,0,32,000,00,2,7,01,A01
201100059260,0,07,000,00,2,2,15,B01
201100059261,0,07,000,00,2,1,02,A01
201100059261,0,07,000,00,2,4,23,B01
201100059262,0,32,000,00,2,1,01,A01
201100059262,0,07,000,00,1,4,23,B01
201100059263,0,01,000,00,2,8,23,B01
201100059263,0,07,000,00,9,7,01,A01
201100059264,0,33,000,00,2,1,01,A01
201100059264,0,07,000,00,2,3,16,B01
201100059265,0,07,000,11,0,3,13,A01
201100059266,0,01,000,01,0,1,01,B01
201100059266,0,10,000,00,9,8,22,A01
201100059267,0,32,000,00,1,8,01,A01
201100059267,0,07,000,00,0,8,01,B01
201100059268,0,07,000,00,2,1,09,A01
201100059268,0,02,000,00,2,1,01,B01
201100059269,0,07,000,00,2,1,01,A01
201100059269,0,07,000,00,2,7,01,B01
201100059270,0,30,000,12,0,2,21,A01
201100059271,0,33,000,00,2,1,18,A01
201100059271,0,07,000,00,2,5,14,B01
201100059272,0,07,000,00,2,1,07,A01
201100059272,0,07,000,07,2,2,01,B01
201100059273,0,07,000,00,2,4,02,B01
201100059273,0,07,000,00,2,1,02,A01
201100059274,0,34,000,00,2,2,02,B01
201100059274,0,07,000,00,2,8,22,A01
201100059275,0,32,000,00,2,1,15,B01
201100059275,0,33,000,00,2,3,01,A01
201100059276,0,07,000,00,2,2,01,B01
201100059276,0,07,000,00,2,5,15,A01
201100059277,0,32,000,00,0,1,01,A01
201100059278,0,33,000,09,0,1,01,A01
201100059279,0,32,000,00,2,8,01,B01
201100059279,0,07,000,00,2,1,16,A01
201100059280,0,07,000,01,2,2,22,A01
201100059280,0,32,000,01,9,1,01,B01
201100059281,0,32,000,00,0,7,01,A01
201100059282,0,07,000,00,2,2,09,A01
201100059282,0,32,000,00,2,2,01,B01
201100059283,0,30,000,00,2,1,01,B01
201100059283,0,07,000,00,2,8,22,A01
201100059284,0,10,000,00,1,3,15,A01
201100059285,0,33,000,00,2,1,01,B01
201100059285,0,07,000,00,2,2,10,A01
201100059286,0,07,000,00,2,3,01,A01
201100059286,0,07,000,00,2,2,01,B01
201100059287,0,30,000,00,0,1,01,A01
201100059288,0,07,000,00,2,4,02,B01
201100059288,0,07,000,00,2,1,02,A01
201100059289,0,30,000,00,0,2,01,A01
201100059290,0,33,000,00,2,3,01,B01
201100059290,0,07,000,00,2,2,01,A01
201100059291,0,10,000,00,1,4,04,A01
201100059292,0,07,000,00,2,3,15,B01
201100059292,0,30,000,00,2,1,17,A01
201100059293,0,32,000,00,2,1,01,A01
201100059293,0,07,000,00,2,5,23,B01
201100059294,0,32,000,00,2,8,01,B01
201100059294,0,07,000,00,2,1,15,A01
201100059295,0,07,000,01,0,3,01,A01
201100059295,0,07,000,00,0,8,24,B01
201100059296,0,07,000,00,1,1,01,A01
201100059297,0,30,000,00,0,8,21,A01
201100059298,0,01,000,00,1,1,01,A01
201100059299,0,07,000,00,1,1,16,A01
201100059300,0,07,000,00,2,4,23,B01
201100059300,0,07,000,00,2,1,02,A01
201100059300,0,07,000,00,2,7,23,C01
201100059301,0,32,000,00,0,0,01,A01
201100059302,0,10,000,00,2,1,02,A01
201100059302,0,32,000,00,2,4,02,B01
201100059303,0,07,000,00,1,1,16,A01
201100059304,0,07,000,00,2,4,23,B01
201100059304,0,30,000,00,2,1,02,A01
201100059305,0,31,000,01,2,3,01,B01
201100059305,0,07,000,00,2,3,15,A01
201100059306,0,07,000,00,2,1,01,A01
201100059306,0,07,000,00,0,4,01,B01
201100059306,0,14,000,00,2,1,01,C01
201100059307,0,07,000,00,2,2,16,B01
201100059307,0,33,000,00,2,3,01,A01
201100059308,0,32,000,00,1,7,01,A01
201100059309,0,32,000,00,1,1,15,A01
201100059310,0,13,000,00,1,7,16,A01
201100059311,0,32,000,00,2,1,01,A01
201100059311,0,07,000,00,2,3,01,B01
201100059312,0,07,000,00,2,3,11,A01
201100059312,0,32,000,00,2,7,01,B01
201100059313,0,33,000,12,0,5,14,A01
201100059314,0,32,000,00,2,8,07,A01
201100059314,0,07,000,00,2,2,16,B01
201100059315,0,07,000,00,2,4,02,B01
201100059315,0,07,000,00,2,1,02,A01
201100059316,1,07,000,00,2,0,16,Z01
201100059317,0,32,000,00,0,0,21,A01
201100059318,1,02,000,00,2,0,01,Z01
201100059318,0,34,000,00,2,0,01,A01
201100059319,0,07,000,00,1,3,15,A01
201100059320,0,32,000,00,0,7,01,A01
201100059321,0,01,000,00,2,8,18,A01
201100059321,0,32,000,00,2,7,01,B01
201100059322,0,30,000,00,2,1,01,B01
201100059322,0,07,000,00,2,2,15,A01
201100059323,0,07,000,00,2,3,15,B01
201100059323,0,34,000,00,2,1,05,A01
201100059324,0,34,000,00,2,0,18,A01
201100059324,0,07,000,00,2,0,16,B01
201100059325,0,30,000,00,0,0,01,A01
201100059326,0,10,000,00,1,3,16,A01
201100059327,0,33,000,00,0,1,21,A01
201100059328,0,30,000,01,0,0,14,A01
201100059329,1,07,000,00,1,4,04,Z01
201100059330,0,07,000,00,1,1,15,A01
201100059331,0,13,000,00,2,4,02,B01
201100059331,0,07,000,00,2,1,02,A01
201100059332,0,32,000,00,1,1,15,A01
201100059333,0,07,000,00,1,3,01,A01
201100059334,0,30,000,00,2,1,01,A01
201100059334,0,07,000,00,2,3,15,B01
201100059335,0,10,000,00,1,7,04,A01
201100059336,0,02,000,00,2,1,17,A01
201100059336,0,10,000,00,2,3,15,B01
201100059337,0,30,000,00,2,7,15,A01
201100059337,0,07,000,00,2,6,15,B01
201100059338,0,07,000,00,0,4,01,B01
201100059338,0,38,030,00,2,1,01,A01
201100059339,0,07,000,00,2,3,09,A01
201100059339,0,01,000,00,2,1,01,B01
201100059340,0,01,000,00,2,4,02,B01
201100059340,0,07,000,00,2,3,02,A01
201100059341,0,07,000,00,1,2,15,A01
201100059342,1,07,000,00,2,1,01,Z01
201100059342,0,07,000,00,2,8,01,A01
201100059343,0,07,000,00,2,7,15,A01
201100059343,0,07,000,00,2,1,01,B01
201100059344,0,30,000,12,1,1,01,A01
201100059345,0,32,000,00,1,2,01,A01
201100059346,0,07,000,00,1,1,15,A01
201100059347,0,32,000,00,2,1,01,A01
201100059347,0,07,000,00,2,3,09,B01
201100059348,0,07,000,00,2,3,01,B01
201100059348,0,07,000,08,2,2,01,A01
201100059349,0,07,000,00,1,1,01,A01
201100059350,0,30,000,00,2,2,01,B01
201100059350,0,07,000,00,2,8,22,A01
201100059350,0,07,000,00,2,7,01,C01
201100059351,0,10,000,00,1,3,15,A01
201100059352,1,34,000,00,1,8,01,Z01
201100059353,0,32,000,00,0,3,21,A01
201100059354,0,07,000,00,1,4,04,A01
201100059355,0,07,000,00,2,2,01,A01
201100059355,0,01,000,00,2,7,13,B01
201100059356,0,07,000,01,0,2,14,A01
201100059357,0,07,000,01,0,2,14,A01
201100059358,0,07,000,00,2,3,15,A01
201100059358,0,33,000,00,2,1,01,B01
201100059358,0,33,000,00,2,1,01,C01
201100059359,0,07,000,00,2,5,16,B01
201100059359,0,32,000,00,2,8,18,A01
201100059360,0,07,000,00,1,7,15,A01
201100059361,0,33,000,00,2,0,01,B01
201100059361,0,07,000,00,9,3,09,A01
201100059362,0,10,000,00,2,3,01,B01
201100059362,0,30,000,00,2,1,15,A01
201100059363,0,32,000,00,0,0,21,A01
201100059364,0,34,000,00,0,8,07,A01
201100059364,0,07,000,00,0,2,16,B01
201100059365,0,07,000,00,1,1,01,A01
201100059366,0,07,000,00,2,5,16,B01
201100059366,0,30,000,00,2,2,07,A01
201100059367,0,07,000,00,1,2,01,A01
201100059368,0,07,000,00,2,4,02,B01
201100059368,0,07,000,00,2,1,02,A01
201100059369,0,07,000,00,1,2,01,A01
201100059370,0,30,000,00,2,1,02,A01
201100059370,0,07,000,00,2,4,02,B01
201100059371,0,14,000,00,2,2,16,A01
201100059371,0,34,000,00,2,3,01,B01
201100059372,0,07,000,00,1,2,07,A01
201100059373,0,07,000,00,2,1,01,A01
201100059373,0,33,000,00,2,7,01,B01
201100059374,1,30,000,00,1,1,01,Z01
201100059375,1,07,000,00,1,0,07,Z01
201100059376,0,30,000,00,0,7,01,A01
201100059377,0,07,000,00,2,1,01,A01
201100059377,0,07,000,00,2,8,01,B01
201100059378,0,07,000,00,2,3,01,B01
201100059378,0,31,000,00,2,2,01,A01
201100059379,0,07,000,00,1,6,04,A01
201100059380,0,33,000,00,1,1,01,A01
201100059381,0,33,000,00,1,2,01,A01
201100059381,0,07,000,00,9,6,23,B01
201100059382,0,10,000,00,1,2,01,A01
201100059383,0,13,000,00,2,1,01,B01
201100059383,0,33,000,00,2,7,01,A01
201100059384,0,07,000,01,0,2,01,A01
201100059384,0,07,000,03,0,6,23,B01
201100059385,0,01,000,00,1,1,01,A01
201100059386,0,33,000,00,2,0,21,A01
201100059387,0,33,000,12,2,2,17,A01
201100059387,1,07,000,00,2,0,13,Z01
201100059388,0,33,000,00,1,2,01,A01
201100059389,0,34,000,00,2,1,07,A01
201100059389,0,07,000,00,2,3,15,B01
201100059390,0,07,000,00,2,2,01,A01
201100059391,0,30,000,00,0,2,17,A01
201100059391,0,07,000,00,2,2,15,B01
201100059392,0,30,000,00,0,0,00,A01
201100059393,0,34,000,09,0,2,18,A01
201100059394,0,10,000,00,1,1,15,A01
201100059395,0,32,000,00,0,2,01,B01
201100059395,0,01,000,00,2,1,05,A01
201100059396,0,32,000,00,2,2,01,B01
201100059396,0,07,000,00,2,3,11,A01
201100059397,0,01,000,00,0,0,01,B01
201100059397,1,02,000,00,0,0,01,Z01
201100059398,0,02,000,00,0,8,01,A01
201100059399,0,37,012,00,2,2,07,B01
201100059399,0,14,000,00,2,3,01,A01
201100059400,0,01,000,00,1,0,05,A01
201100059401,0,07,000,00,1,3,01,A01
201100059402,1,30,000,01,0,1,14,A01
201100059403,0,30,000,00,0,0,21,A01
201100059404,0,10,000,00,1,8,15,A01
201100059405,0,01,000,00,0,0,01,A01
201100059406,0,07,000,00,1,0,07,A01
201100059407,0,02,000,00,2,1,01,A01
201100059407,0,07,000,00,2,5,15,B01
201100059408,0,07,000,00,2,8,01,A01
201100059408,0,33,000,08,2,3,01,B01
201100059409,0,30,000,00,0,7,01,A01
201100059410,0,01,000,00,2,3,14,A01
201100059410,0,07,000,00,2,2,01,B01
201100059411,0,33,000,00,1,3,01,A01
201100059412,0,07,000,00,2,3,15,A01
201100059412,0,34,000,00,2,3,01,B01
201100059413,0,34,000,00,2,1,18,B01
201100059413,0,03,000,00,2,2,16,A01
201100059414,0,10,000,00,1,2,16,A01
201100059415,0,01,000,00,2,7,05,A01
201100059415,0,07,000,00,2,3,15,B01
201100059416,0,01,000,00,2,1,01,B01
201100059416,0,10,000,00,2,2,16,A01
201100059417,0,10,000,00,2,2,01,B01
201100059417,0,32,000,00,2,6,01,A01
201100059418,0,34,000,00,2,1,01,B01
201100059418,0,01,000,00,2,6,01,A01
201100059419,0,07,000,00,1,1,01,A01
201100059420,0,32,000,00,2,1,17,A01
201100059420,0,07,000,00,2,6,15,B01
201100059421,0,32,000,00,2,7,01,A01
201100059421,1,07,000,00,2,0,01,Z01
201100059422,0,34,000,00,1,1,01,A01
201100059423,0,32,000,00,1,1,01,A01
201100059424,0,07,000,00,1,0,01,A01
201100059425,0,31,000,00,0,0,21,A01
201100059426,0,33,000,00,2,5,17,B01
201100059426,0,07,000,00,2,3,15,A01
201100059427,0,07,000,01,1,3,04,A01
201100059428,0,01,000,00,2,8,01,B01
201100059428,0,02,000,00,2,1,01,A01
201100059429,0,10,000,00,1,4,20,A01
201100059430,0,33,000,00,0,0,01,A01
201100059431,0,10,000,00,0,6,02,B01
201100059431,0,01,000,00,2,1,02,A01
201100059432,0,32,000,00,1,1,01,A01
201100059433,0,32,000,00,2,2,01,A01
201100059433,0,07,000,00,2,2,15,B01
201100059434,0,02,000,00,0,0,01,A01
201100059435,0,30,000,00,0,8,18,A01
201100059435,0,07,000,00,0,2,16,B01
201100059436,0,07,000,00,2,3,15,B01
201100059436,0,30,000,00,2,7,08,A01
201100059437,0,32,000,00,0,1,01,A01
201100059437,0,07,000,00,0,7,15,B01
201100059438,0,33,000,00,1,7,01,A01
201100059439,0,32,000,00,1,1,01,A01
201100059440,0,07,000,00,0,3,15,B01
201100059440,0,33,000,00,0,8,01,A01
201100059441,0,33,000,00,2,7,01,B01
201100059441,0,07,000,00,2,1,01,A01
201100059442,0,30,000,00,2,6,01,A01
201100059442,1,10,000,00,0,0,14,Z01
201100059443,0,02,000,00,1,2,01,A01
201100059444,0,07,000,00,1,3,01,A01
201100059445,0,07,000,00,2,3,22,A01
201100059445,0,01,000,00,2,0,01,B01
201100059446,0,07,000,00,1,6,04,A01
201100059447,0,38,004,00,2,6,13,A01
201100059447,0,07,000,00,2,3,23,C01
201100059447,0,33,000,00,2,4,23,B01
201100059448,0,10,000,00,2,3,01,B01
201100059448,0,32,000,00,2,2,01,A01
201100059449,0,07,000,00,2,2,01,A01
201100059449,0,02,000,00,2,3,18,B01
201100059450,0,01,000,00,2,1,15,B01
201100059450,0,07,000,00,2,5,01,A01
201100059451,0,07,000,00,1,1,01,A01
201100059452,0,07,000,00,2,7,16,A01
201100059452,0,01,000,00,2,1,07,B01
201100059453,0,32,000,00,1,1,01,A01
201100059454,0,31,000,00,0,0,01,A01
201100059455,0,32,000,14,0,1,14,A01
201100059456,0,10,000,00,2,2,16,A01
201100059456,0,32,000,00,2,4,18,B01
201100059457,1,07,000,00,1,0,16,Z01
201100059458,0,32,000,00,2,7,01,B01
201100059458,0,07,000,00,2,8,22,A01
201100059459,0,30,000,00,2,3,18,A01
201100059459,0,07,000,00,2,2,16,B01
201100059460,0,31,000,00,0,0,01,A01
201100059461,0,33,000,00,2,3,01,B01
201100059461,0,33,000,00,2,2,01,A01
201100059462,0,07,000,00,2,4,23,B01
201100059462,0,07,000,00,2,1,02,A01
201100059463,0,32,000,00,2,1,18,A01
201100059463,0,07,000,00,2,5,16,B01
201100059464,0,32,000,14,0,1,21,A01
201100059465,0,01,000,14,0,1,11,A01
201100059466,0,30,000,00,1,0,01,A01
201100059467,0,07,000,00,2,1,02,A01
201100059467,0,07,000,00,2,4,02,B01
201100059468,0,13,000,00,1,2,14,A01