Num_Acc,senc,catv,occutc,obs,obsm,choc,manv,num_veh
201100061838,0,30,000,00,2,1,01,A01
201100061839,0,32,000,00,2,1,01,B01
201100061839,0,07,000,00,2,5,14,A01
201100061840,0,07,000,00,2,3,15,B01
201100061840,0,33,000,00,2,7,01,A01
201100061841,0,07,000,00,1,2,16,A01
201100061842,0,07,000,00,1,4,04,A01
201100061843,0,07,000,00,2,3,09,B01
201100061843,0,33,000,00,2,8,01,A01
201100061844,0,07,000,00,2,1,02,A01
201100061844,0,07,000,00,2,4,02,B01
201100061845,0,07,000,00,2,1,10,A01
201100061845,0,33,000,00,2,1,02,B01
201100061846,0,01,000,00,0,1,01,A01
201100061847,0,30,000,00,0,8,15,A01
201100061848,0,30,000,12,0,1,13,A01
201100061849,1,07,000,00,2,0,13,Z01
201100061849,0,34,000,00,2,2,01,A01
201100061850,0,07,000,00,2,3,02,A01
201100061850,0,33,000,00,2,4,23,B01
201100061851,0,10,000,00,2,1,01,A01
201100061851,0,01,000,00,2,0,14,B01
201100061852,0,07,000,00,2,3,17,A01
201100061852,0,07,000,00,2,3,01,B01
201100061853,0,07,000,00,1,1,01,A01
201100061854,0,07,000,00,1,2,15,A01
201100061855,0,30,000,00,2,8,01,B01
201100061855,0,07,000,00,2,7,16,A01
201100061856,0,30,000,14,0,0,13,A01
201100061857,0,07,000,00,2,2,01,A01
201100061857,0,32,000,00,2,3,01,B01
201100061858,0,07,000,00,2,2,02,A01
201100061858,0,07,000,00,2,6,23,B01
201100061859,0,02,000,00,1,1,01,A01
201100061860,0,30,000,00,0,0,01,A01
201100061861,0,31,000,00,1,1,01,A01
201100061862,0,33,000,00,0,7,21,A01
201100061863,0,02,000,00,2,8,15,A01
201100061863,0,10,000,00,2,5,23,B01
201100061864,0,03,000,00,2,8,15,A01
201100061864,0,33,000,00,2,7,17,B01
201100061865,0,07,000,00,1,3,15,A01
201100061866,0,32,000,00,0,7,01,A01
201100061867,0,07,000,00,2,6,04,B01
201100061867,0,32,000,00,2,2,15,A01
201100061868,0,07,000,00,1,7,16,A01
201100061869,0,07,000,00,2,2,16,A01
201100061869,0,02,000,00,2,8,01,B01
201100061870,0,32,000,00,2,8,13,A01
201100061870,0,14,000,00,2,7,01,B01
201100061871,0,33,000,00,2,8,01,A01
201100061871,1,07,000,00,2,1,15,Z01
201100061872,0,07,000,00,2,2,01,A01
201100061872,1,02,000,00,2,1,13,Z01
201100061873,0,07,000,00,0,3,15,A01
201100061873,0,02,000,00,0,7,17,B01
201100061874,0,07,000,00,1,2,15,A01
201100061875,0,30,000,00,2,1,01,B01
201100061875,0,07,000,00,2,8,11,A01
201100061876,0,07,000,00,1,2,01,A01
201100061877,0,07,000,00,2,4,02,B01
201100061877,0,07,000,00,2,1,02,A01
201100061878,0,07,000,00,1,4,04,A01
201100061879,0,32,000,00,2,8,13,A01
201100061879,0,07,000,00,2,5,01,B01
201100061880,0,31,000,12,2,3,01,B01
201100061880,0,07,000,00,2,2,13,A01
201100061881,0,07,000,01,2,1,01,A01
201100061881,0,07,000,00,2,2,01,B01
201100061882,0,07,000,00,2,8,13,A01
201100061882,0,02,000,00,2,1,17,B01
201100061883,0,10,000,01,2,0,01,A01
201100061883,0,07,000,00,2,1,01,B01
201100061884,0,14,000,00,1,3,15,A01
201100061885,0,33,000,00,2,2,01,B01
201100061885,0,07,000,00,2,1,15,A01
201100061886,0,07,000,00,1,3,01,A01
201100061887,0,07,000,04,0,3,01,A01
201100061888,0,30,000,00,1,3,09,A01
201100061889,0,07,000,00,1,1,01,A01
201100061890,0,31,000,00,2,1,01,B01
201100061890,0,07,000,00,2,6,15,A01
201100061891,0,34,000,14,0,1,13,A01
201100061892,0,07,000,00,1,5,04,A01
201100061893,0,32,000,00,0,0,01,A01
201100061894,0,32,000,00,2,2,02,A01
201100061894,0,07,000,00,2,6,02,B01
201100061895,0,07,000,00,2,5,01,C01
201100061895,0,33,000,00,2,5,01,B01
201100061895,0,07,000,00,2,1,01,A01
201100061896,0,01,000,00,0,1,01,A01
201100061897,0,10,000,00,1,6,04,A01
201100061898,0,07,000,00,1,2,16,A01
201100061899,0,33,000,01,0,8,14,A01
201100061900,0,07,000,00,2,5,23,C01
201100061900,0,03,000,00,2,8,24,B01
201100061900,0,07,000,02,2,1,16,A01
201100061901,0,30,000,00,2,1,01,B01
201100061901,0,07,000,00,2,8,15,A01
201100061902,0,07,000,07,0,3,15,A01
201100061903,0,33,000,00,0,7,01,A01
201100061904,0,07,000,00,2,1,02,A01
201100061904,0,32,000,00,2,4,02,B01
201100061905,1,34,000,00,1,0,01,Z01
201100061906,0,07,000,00,2,7,15,A01
201100061906,0,31,000,00,2,1,01,B01
201100061907,0,30,000,00,0,8,01,A01
201100061908,0,32,000,00,2,0,13,B01
201100061908,0,07,000,00,2,2,01,A01
201100061909,1,33,000,00,1,5,01,A01
201100061910,0,07,000,00,2,8,13,A01
201100061910,0,32,000,00,2,7,17,B01
201100061911,0,07,000,00,2,4,23,B01
201100061911,0,07,000,00,2,1,02,A01
201100061912,0,32,000,00,1,1,01,A01
201100061913,0,07,000,00,0,6,01,C01
201100061913,0,07,000,00,2,5,12,A01
201100061913,0,33,000,00,2,9,03,B01
201100061914,0,32,000,00,2,8,17,A01
201100061914,0,07,000,01,2,8,15,B01
201100061915,0,01,000,00,2,8,18,A01
201100061915,0,10,000,00,2,7,16,B01
201100061916,0,13,000,00,2,4,07,B01
201100061916,0,37,015,00,2,5,17,A01
201100061917,0,07,000,00,2,1,02,A01
201100061917,0,07,000,00,2,4,02,B01
201100061918,0,07,000,00,2,7,16,B01
201100061918,0,32,000,00,2,8,01,A01
201100061919,0,01,000,00,0,9,01,A01
201100061920,0,07,000,00,2,7,22,A01
201100061920,0,30,000,00,2,8,01,B01
201100061921,0,07,000,00,1,1,16,A01
201100061922,0,32,000,00,2,8,01,A01
201100061922,1,07,000,00,2,1,01,Z01
201100061923,0,07,000,01,2,3,10,A01
201100061923,0,33,000,00,2,1,17,B01
201100061924,0,07,000,00,1,3,01,A01
201100061925,0,32,000,00,2,3,15,A01
201100061925,0,33,000,00,2,7,01,B01
201100061926,0,07,000,00,1,7,04,A01
201100061927,0,07,000,00,2,2,24,B01
201100061927,0,32,000,01,0,1,01,A01
201100061928,0,01,000,00,0,8,01,A01
201100061928,0,01,000,00,0,0,01,B01
201100061929,0,30,000,00,0,1,01,A01
201100061930,0,33,000,14,0,1,01,B01
201100061930,0,07,000,00,2,1,15,A01
201100061931,1,32,000,00,2,1,01,Z01
201100061931,0,32,000,00,2,4,23,A01
201100061931,0,34,000,00,0,6,23,B01
201100061932,0,01,000,01,0,1,01,B01
201100061932,0,07,000,00,9,0,22,A01
201100061933,0,07,000,00,2,1,01,B01
201100061933,0,32,000,00,2,8,09,A01
201100061934,0,07,000,00,1,1,01,A01
201100061935,0,01,000,00,2,8,19,A01
201100061935,0,33,000,00,2,3,01,B01
201100061936,0,33,000,00,2,7,17,B01
201100061936,0,07,000,00,2,3,15,A01
201100061937,0,30,000,00,1,4,01,A01
201100061938,0,07,000,00,2,1,02,A01
201100061938,0,07,000,00,2,4,02,B01
201100061939,1,30,000,00,1,1,01,Z01
201100061940,0,30,000,00,1,2,01,A01
201100061941,0,07,000,00,2,3,01,D01
201100061941,0,07,000,00,2,9,01,B01
201100061941,0,10,000,00,2,9,01,C01
201100061941,0,07,000,00,2,1,01,A01
201100061942,0,02,000,00,1,1,01,A01
201100061943,0,07,000,00,2,1,01,B01
201100061943,0,07,000,01,2,3,01,A01
201100061944,0,32,000,00,2,7,01,B01
201100061944,0,07,000,00,2,3,13,A01
201100061945,0,07,000,00,1,6,04,A01
201100061946,0,10,000,00,1,5,16,A01
201100061947,0,07,000,00,2,6,15,B01
201100061947,0,30,000,00,2,1,01,A01
201100061948,0,30,000,00,1,1,01,A01
201100061949,0,07,000,00,1,2,01,A01
201100061950,0,07,000,00,0,5,01,C01
201100061950,0,07,000,00,2,2,15,A01
201100061950,0,33,000,00,2,7,01,B01
201100061951,0,07,000,00,2,3,15,B01
201100061951,0,32,000,00,2,7,05,A01
201100061952,0,33,000,00,0,0,01,A01
201100061953,0,33,000,00,0,7,01,A01
201100061954,0,30,000,01,0,8,21,A01
201100061955,0,07,000,00,2,2,01,C01
201100061955,0,07,000,00,2,3,01,B01
201100061955,0,07,000,00,2,7,01,A01
201100061956,0,33,000,00,2,3,01,B01
201100061956,0,10,000,00,2,2,01,A01
201100061957,0,07,000,00,2,1,02,A01
201100061957,0,33,000,00,2,4,02,B01
201100061958,0,01,000,00,2,1,05,A01
201100061958,0,34,000,00,2,1,17,B01
201100061959,0,10,000,00,2,6,13,B01
201100061959,0,32,000,00,2,1,03,A01
201100061960,1,07,000,00,1,0,01,Z01
201100061961,0,32,000,00,2,1,21,A01
201100061962,0,31,000,00,1,1,05,A01
201100061963,0,07,000,00,1,2,01,A01
201100061964,0,32,000,00,1,1,01,A01
201100061965,0,07,000,00,2,1,02,A01
201100061965,0,07,000,00,2,4,23,B01
201100061966,0,07,000,00,2,6,10,A01
201100061966,0,02,000,00,2,1,01,B01
201100061967,0,10,000,00,1,4,04,A01
201100061968,0,07,000,00,1,2,01,A01
201100061969,0,33,000,00,2,3,16,B01
201100061969,0,07,000,00,2,7,10,A01
201100061970,0,07,000,00,1,3,01,A01
201100061971,0,30,000,01,0,2,01,A01
201100061971,0,07,000,01,0,6,20,B01
201100061972,1,01,000,00,1,1,01,Z01
201100061973,0,01,000,00,0,1,01,A01
201100061974,0,01,000,00,0,1,01,A01
201100061975,0,10,000,00,2,2,02,A01
201100061975,0,01,000,00,2,4,02,B01
201100061976,0,07,000,04,2,5,01,A01
201100061976,1,17,000,00,2,0,13,Z01
201100061976,0,07,000,00,2,2,01,B01
201100061977,0,02,000,00,0,0,01,A01
201100061978,0,07,000,00,2,2,01,A01
201100061978,0,07,000,00,2,6,16,B01
201100061979,0,10,000,00,2,6,10,A01
201100061979,0,33,000,00,2,1,01,B01
201100061980,0,34,000,01,2,3,17,B01
201100061980,0,07,000,00,2,8,22,A01
201100061981,0,02,000,00,1,1,16,A01
201100061982,0,37,001,00,2,2,01,B01
201100061982,0,02,000,00,2,8,10,A01
201100061983,0,07,000,00,0,1,01,A01
201100061983,0,07,000,00,0,8,15,B01
201100061984,0,07,000,00,2,2,12,A01
201100061984,0,34,000,00,2,8,18,B01
201100061985,0,07,000,01,0,2,01,A01
201100061986,0,01,000,00,2,1,02,A01
201100061986,0,01,000,00,2,4,02,B01
201100061987,0,33,000,00,2,8,01,B01
201100061987,0,07,000,00,2,6,10,A01
201100061988,0,07,000,00,2,3,22,A01
201100061988,0,01,000,00,2,1,17,B01
201100061989,0,34,000,00,2,7,17,A01
201100061989,0,07,000,00,2,3,13,B01
201100061990,0,10,000,00,2,3,13,A01
201100061990,0,33,000,12,2,2,17,B01
201100061991,0,07,000,00,1,4,04,A01
201100061992,0,07,000,00,2,4,02,D01
201100061992,0,07,000,00,2,1,02,C01
201100061992,0,10,000,00,2,1,02,E01
201100061992,0,07,000,00,2,1,02,B01
201100061992,0,07,000,00,2,4,02,A01
201100061993,0,30,000,00,0,7,01,A01
201100061994,0,07,000,00,2,3,10,B01
201100061994,0,32,000,00,2,7,01,A01
201100061995,0,37,035,00,1,2,01,A01
201100061996,0,07,000,00,2,1,02,A01
201100061996,0,07,000,00,2,5,23,B01
201100061997,0,07,000,00,2,6,01,A01
201100061997,1,07,000,00,2,1,01,Z01
201100061998,0,01,000,00,0,2,01,A01
201100061999,0,03,000,00,2,1,02,A01
201100061999,0,07,000,00,2,4,23,B01
201100062000,0,07,000,00,2,4,02,B01
201100062000,0,07,000,00,2,4,02,C01
201100062000,0,10,000,00,2,1,02,A01
201100062001,0,01,000,00,2,2,01,B01
201100062001,0,10,000,00,2,3,15,A01
201100062002,0,33,000,00,0,7,01,A01
201100062003,0,07,000,00,2,3,13,A01
201100062003,0,32,000,00,2,7,17,B01
201100062004,0,07,000,08,0,1,15,A01
201100062005,0,34,000,00,1,3,01,A01
201100062006,0,07,000,00,2,4,01,C01
201100062006,0,33,000,00,2,2,03,A01
201100062006,0,07,000,00,2,8,13,B01
201100062007,0,07,000,00,2,8,15,A01
201100062007,0,31,000,00,2,2,17,B01
201100062008,0,30,000,00,0,0,15,A01
201100062009,0,07,000,04,0,1,14,A01
201100062010,0,07,000,00,2,3,01,A01
201100062010,0,10,000,00,2,1,01,B01
201100062011,0,01,000,00,2,1,07,B01
201100062011,0,01,000,00,2,7,14,A01
201100062012,0,07,000,09,2,4,24,B01
201100062012,0,07,000,01,2,1,14,A01
201100062013,0,07,000,00,1,4,04,A01
201100062014,0,07,000,00,2,1,01,A01
201100062014,0,34,000,00,2,3,01,B01
201100062015,0,30,000,00,1,1,18,A01
201100062016,1,07,000,00,2,0,12,Z01
201100062016,0,33,000,00,2,1,01,A01
201100062016,0,33,000,00,2,4,01,B01
201100062017,0,07,000,00,2,3,10,A01
201100062017,0,32,000,00,2,1,01,B01
201100062018,1,07,000,00,1,1,01,Z01
201100062019,0,30,000,00,2,1,01,A01
201100062019,0,07,000,00,0,6,23,B01
201100062020,0,32,000,00,0,7,17,B01
201100062020,0,07,000,00,2,3,15,A01
201100062021,0,33,000,00,0,0,01,A01
201100062022,0,07,000,00,2,3,01,A01
201100062022,0,34,000,00,0,4,01,B01
201100062023,0,10,000,00,0,3,10,A01
201100062023,0,07,000,00,0,3,01,B01
201100062024,2,07,000,11,0,1,13,Z01
201100062025,0,33,000,07,0,7,21,A01
201100062026,0,07,000,00,2,3,01,B01
201100062026,0,33,000,00,2,5,14,A01
201100062027,0,32,000,00,2,1,01,B01
201100062027,0,10,000,00,2,2,15,A01
201100062028,0,07,000,00,2,2,10,A01
201100062028,0,01,000,00,2,1,01,B01
201100062029,0,07,000,00,1,1,01,A01
201100062030,0,10,000,00,2,3,01,A01
201100062030,0,32,000,00,2,4,23,B01
201100062031,0,13,000,00,2,6,13,A01
201100062031,0,31,000,00,2,7,16,B01
201100062032,0,07,000,00,2,1,01,A01
201100062032,0,07,000,00,2,5,23,B01
201100062033,0,34,000,00,2,1,01,A01
201100062033,2,07,000,00,2,2,01,Z01
201100062034,0,07,000,00,2,2,01,A01
201100062034,0,30,000,00,2,3,01,B01
201100062035,0,10,000,01,0,1,14,A01
201100062036,0,30,000,00,2,2,15,A01
201100062036,0,07,000,00,2,3,01,B01
201100062037,0,33,000,00,2,1,02,A01
201100062037,0,07,000,00,2,4,02,B01
201100062038,0,34,000,00,2,7,01,B01
201100062038,0,07,000,00,2,5,15,A01
201100062039,0,32,000,00,2,5,01,A01
201100062039,1,07,000,00,2,0,13,Z01
201100062040,0,33,000,00,2,7,01,A01
201100062040,0,07,000,00,2,3,01,B01
201100062041,0,10,000,00,1,2,15,A01
201100062042,0,32,000,00,9,0,01,A01
201100062043,0,01,000,00,1,8,01,A01
201100062044,0,32,000,00,2,8,01,A01
201100062044,0,07,000,00,2,1,01,B01
201100062045,0,32,000,00,0,7,01,A01
201100062046,0,34,000,00,2,7,02,A01
201100062046,0,07,000,00,2,6,23,B01
201100062047,0,33,000,00,2,8,21,A01
201100062048,0,30,000,00,1,1,01,A01
201100062049,0,07,000,00,2,6,10,B01
201100062049,0,33,000,00,2,7,01,A01
201100062050,0,07,000,00,2,2,01,B01
201100062050,0,32,000,00,2,1,01,A01
201100062051,0,07,000,07,0,3,10,A01
201100062052,0,02,000,12,0,1,13,A01
201100062053,0,07,000,00,2,1,15,A01
201100062053,0,33,000,00,2,3,01,B01
201100062054,0,07,000,00,2,4,23,D01
201100062054,0,07,000,00,2,1,01,A01
201100062054,0,07,000,00,2,4,23,B01
201100062054,0,07,000,00,2,4,23,C01
201100062055,0,33,000,00,0,5,16,A01
201100062055,0,07,000,00,0,3,15,B01
201100062056,0,07,000,00,2,5,22,A01
201100062056,0,32,000,14,0,8,01,B01
201100062057,0,07,000,00,2,3,15,B01
201100062057,0,33,000,00,2,1,01,A01
201100062058,0,01,000,00,2,7,01,B01
201100062058,0,07,000,00,2,3,22,A01
201100062059,1,07,000,00,2,0,16,Z01
201100062059,0,02,000,00,2,8,01,B01
201100062060,0,07,000,00,2,3,10,A01
201100062060,0,34,000,00,2,5,17,B01
201100062061,0,07,000,00,0,4,23,B01
201100062061,0,07,000,00,2,1,01,A01
201100062062,0,30,000,00,1,1,05,A01
201100062063,0,32,000,00,1,1,01,A01
201100062064,0,07,000,00,2,4,01,B01
201100062064,0,38,001,00,2,1,01,A01
201100062065,0,07,000,00,0,4,23,B01
201100062065,0,07,000,00,2,1,01,A01
201100062066,0,33,000,00,0,0,21,A01
201100062067,0,07,000,00,0,2,16,B01
201100062067,0,02,000,00,2,1,18,A01
201100062068,0,02,000,00,2,2,17,A01
201100062068,0,07,000,00,2,8,10,B01
201100062069,1,07,000,00,1,1,01,Z01
201100062070,1,07,000,00,2,0,16,Z01
201100062070,0,30,000,01,2,9,01,B01
201100062071,0,07,000,00,0,3,16,B01
201100062071,0,02,000,00,0,5,01,A01
201100062072,0,01,000,00,2,4,01,A01
201100062072,1,07,000,00,2,2,15,Z01
201100062073,0,30,000,00,0,0,01,A01
201100062074,0,33,000,00,2,8,03,A01
201100062074,0,07,000,00,2,4,23,C01
201100062074,0,07,000,00,2,7,12,B01
201100062075,0,07,000,15,0,1,01,A01
201100062076,0,32,000,00,2,1,17,A01
201100062076,0,07,000,00,2,3,15,B01
201100062077,0,07,000,01,0,1,09,A01
201100062078,0,34,000,00,0,4,15,B01
201100062078,0,07,000,00,2,1,01,A01
201100062079,0,07,000,00,2,1,01,A01
201100062079,0,07,000,00,0,4,01,B01
201100062080,0,07,000,00,2,8,01,A01
201100062080,0,33,000,00,2,7,17,B01
201100062081,0,07,000,00,2,1,15,A01
201100062081,0,33,000,00,0,1,01,B01
201100062082,0,07,000,00,0,4,23,B01
201100062082,0,07,000,00,2,1,01,A01
201100062083,0,33,000,11,0,1,01,A01
201100062084,0,32,000,01,0,0,01,B01
201100062084,0,07,000,00,0,5,09,A01
201100062085,0,07,000,00,0,5,10,A01
201100062085,0,32,000,00,2,8,01,B01
201100062086,0,01,000,01,2,1,00,A01
201100062087,0,10,000,00,1,1,15,A01
201100062088,0,07,000,00,9,1,01,A01
201100062089,0,30,000,00,0,0,16,A01
201100062090,0,02,000,01,0,8,01,A01
201100062091,0,07,000,00,2,4,23,B01
201100062091,0,30,000,00,2,1,01,A01
201100062092,0,30,000,00,0,0,01,A01
201100062093,0,07,000,00,1,3,15,A01
201100062094,0,07,000,00,0,0,01,A01
201100062095,0,34,000,00,2,2,01,B01
201100062095,0,07,000,00,2,3,10,A01
201100062096,0,30,000,00,2,1,01,B01
201100062096,0,07,000,00,2,6,10,A01
201100062097,0,01,000,00,2,8,01,A01
201100062097,1,07,000,00,2,0,07,Z01
201100062098,0,07,000,00,0,2,10,A01
201100062098,0,33,000,00,0,1,01,B01
201100062099,0,33,000,00,2,1,01,A01
201100062099,1,07,000,00,2,6,01,Z01
201100062100,0,02,000,00,1,1,01,A01
201100062101,0,07,000,00,2,3,15,A01
201100062101,0,30,000,00,2,2,01,B01
201100062102,0,30,000,00,0,7,01,A01
201100062103,0,30,000,00,2,0,19,A01
201100062103,0,07,000,00,2,3,01,B01
201100062104,0,10,000,00,9,3,13,A01
201100062104,0,01,000,00,2,7,01,B01
201100062105,1,30,000,00,1,1,16,Z01
201100062106,0,31,000,00,1,2,01,A01
201100062107,0,33,000,00,2,1,17,B01
201100062107,0,07,000,00,0,3,23,C01
201100062107,0,01,000,00,0,3,15,A01
201100062108,0,07,000,00,0,3,13,A01
201100062108,0,32,000,00,0,8,17,B01
201100062109,0,32,000,00,0,0,01,A01
201100062110,0,32,000,00,1,8,18,A01
201100062110,0,10,000,00,2,2,16,B01
201100062111,0,01,000,00,2,6,13,B01
201100062111,0,01,000,00,2,2,01,A01
201100062112,0,07,000,00,1,2,17,A01
201100062113,0,07,000,00,2,1,01,A01
201100062113,0,14,000,00,2,5,23,B01
201100062114,0,33,000,00,2,8,18,A01
201100062114,0,07,000,00,2,2,16,B01
201100062115,0,07,000,00,2,1,01,A01
201100062115,0,07,000,00,2,4,01,B01
201100062116,0,07,000,09,0,1,20,A01
201100062117,0,32,000,00,2,3,01,B01
201100062117,0,32,000,00,2,7,14,A01
201100062118,0,33,000,00,1,2,01,A01
201100062119,0,32,000,00,2,4,23,B01
201100062119,0,30,000,00,2,1,02,A01
201100062120,0,07,000,00,1,6,04,A01
201100062121,0,07,000,00,2,8,23,C01
201100062121,0,30,000,00,2,7,03,A01
201100062121,0,07,000,00,2,7,23,B01
201100062122,0,01,000,00,2,1,01,B01
201100062122,0,07,000,00,2,4,04,A01
201100062123,0,30,000,00,1,6,01,A01
201100062124,0,10,000,00,2,2,15,A01
201100062124,0,32,000,00,2,1,01,B01
201100062125,0,07,000,00,2,2,16,A01
201100062125,0,02,000,00,2,3,18,B01
201100062126,0,34,000,00,0,7,01,A01
201100062127,0,07,000,01,0,2,13,A01
201100062128,0,10,000,00,2,1,15,A01
201100062128,0,32,000,00,2,8,01,B01
201100062129,0,10,000,00,2,5,04,A01
201100062129,0,34,000,00,2,1,01,B01
201100062130,0,38,001,00,2,2,17,B01
201100062130,0,01,000,00,2,8,13,A01
201100062131,0,10,000,00,2,3,10,A01
201100062131,0,32,000,00,2,1,17,B01
201100062132,0,31,000,01,0,1,16,A01
201100062133,0,02,000,00,1,7,01,A01
201100062134,0,07,000,00,2,2,01,B01
201100062134,0,07,000,00,2,2,15,A01
201100062135,0,07,000,00,2,4,02,B01
201100062135,0,10,000,00,2,1,02,A01
201100062136,0,10,000,00,2,7,16,B01
201100062136,0,33,000,00,2,7,18,A01
201100062137,0,07,000,00,2,1,01,B01
201100062137,0,07,000,00,2,6,01,A01
201100062138,0,01,000,00,0,0,01,A01
201100062139,0,07,000,00,2,3,01,A01
201100062139,0,32,000,00,2,7,01,B01
201100062140,0,37,001,00,2,2,01,B01
201100062140,0,07,000,00,2,3,01,A01
201100062141,0,31,000,00,0,0,07,A01
201100062142,0,31,000,00,2,1,03,A01
201100062142,0,07,000,00,2,6,11,B01
201100062143,0,33,000,00,2,7,03,A01
201100062143,1,07,000,00,2,8,11,Z01
201100062144,0,14,000,06,0,1,01,A01
201100062145,0,03,000,00,2,3,09,A01
201100062145,0,31,000,00,2,2,01,B01
201100062146,0,07,000,00,2,5,01,B01
201100062146,0,30,000,00,2,3,11,A01
201100062147,0,32,000,00,0,0,01,A01
201100062148,0,31,000,00,0,7,01,A01
201100062149,0,32,000,00,0,7,21,A01
201100062150,0,07,000,00,2,2,01,A01
201100062150,0,07,000,00,2,3,22,B01
201100062151,0,07,000,00,2,1,01,B01
201100062151,0,07,000,00,2,5,01,C01
201100062151,0,07,000,00,2,2,15,A01
201100062152,0,07,000,07,0,6,13,A01
201100062153,0,30,000,00,0,7,21,A01
201100062154,0,07,000,00,1,2,01,A01
201100062155,0,07,000,08,0,1,15,A01
201100062156,0,32,000,00,2,4,23,B01
201100062156,0,07,000,14,0,1,15,A01
201100062157,0,07,000,08,2,3,01,B01
201100062157,0,07,000,00,2,2,16,A01
201100062158,0,30,000,08,0,1,05,A01
201100062159,0,13,000,00,2,6,23,B01
201100062159,0,32,000,00,2,1,02,A01
201100062160,0,01,000,00,2,6,02,A01
201100062160,1,07,000,00,2,2,02,Z01
201100062161,0,07,000,00,1,2,16,A01
201100062162,0,01,000,00,1,1,01,A01
201100062163,0,07,000,08,2,7,01,A01
201100062163,0,07,000,00,2,1,01,B01
201100062164,0,30,000,00,2,1,01,A01
201100062164,0,30,000,00,2,4,15,B01
201100062165,0,07,000,08,0,1,14,A01
201100062166,0,07,000,00,1,7,01,A01
201100062167,1,10,000,00,1,2,01,Z01
201100062168,0,37,001,00,1,1,01,A01
201100062169,0,32,000,00,2,7,01,B01
201100062169,0,10,000,00,2,8,10,A01
201100062170,0,07,000,00,2,2,16,B01
201100062170,0,02,000,00,2,8,18,A01
201100062171,0,07,000,00,2,3,02,A01
201100062171,0,33,000,00,2,5,23,B01
201100062172,1,07,000,00,2,8,16,Z01
201100062172,0,31,000,00,2,8,01,A01
201100062173,0,07,000,01,0,2,01,A01
201100062174,0,33,000,01,2,1,01,B01
201100062174,0,07,000,00,2,2,09,A01
201100062175,0,34,000,00,0,0,21,A01
201100062176,0,32,000,00,2,7,02,B01
201100062176,0,07,000,00,2,2,02,A01
201100062177,0,07,000,00,2,2,14,A01
201100062177,0,01,000,00,2,3,01,B01
201100062178,0,07,000,00,1,1,15,A01
201100062179,0,07,000,01,0,0,16,A01
201100062180,0,07,000,00,1,1,01,A01
201100062181,0,07,000,00,2,3,18,A01
201100062181,0,30,000,00,2,5,16,B01
201100062182,0,07,000,00,2,3,10,A01
201100062182,0,34,000,00,2,1,01,B01
201100062183,0,32,000,00,2,3,02,A01
201100062183,0,07,000,00,2,4,15,C01
201100062183,0,33,000,00,2,7,02,B01
201100062184,0,33,000,00,0,0,01,A01
201100062185,0,02,000,15,0,1,01,A01
201100062186,0,07,000,00,2,5,02,B01
201100062186,1,07,000,00,2,4,02,Z01
201100062186,0,32,000,00,2,5,02,A01
201100062187,0,37,000,00,1,1,01,A01
201100062188,0,07,000,00,2,3,09,A01
201100062188,0,07,000,00,2,2,01,B01
201100062189,0,34,000,00,0,0,21,A01
201100062190,0,07,000,00,2,3,13,A01
201100062190,0,32,000,00,2,6,01,B01
201100062191,0,07,000,00,2,7,16,B01
201100062191,0,32,000,00,2,1,07,A01
201100062192,0,07,000,00,2,8,11,A01
201100062192,0,15,000,00,2,2,01,B01
201100062193,0,01,000,00,2,6,15,B01
201100062193,0,07,000,00,2,7,17,A01
201100062194,0,33,000,00,2,4,23,B01
201100062194,0,10,000,00,2,1,02,A01
201100062195,0,32,000,00,1,1,01,A01
201100062196,0,32,000,00,2,1,02,A01
201100062196,0,07,000,00,2,6,02,B01
201100062197,0,07,000,00,2,1,12,A01
201100062197,0,01,000,00,2,4,11,B01
201100062198,0,07,000,00,2,5,01,C01
201100062198,0,30,000,01,0,1,01,B01
201100062198,0,07,000,01,0,8,22,A01
201100062199,1,30,000,00,1,0,01,Z01
201100062200,0,07,000,00,2,2,01,A01
201100062200,1,07,000,00,2,1,10,Z01
201100062201,0,07,000,00,2,4,23,B01
201100062201,0,07,000,00,2,1,02,A01
201100062202,0,30,000,00,2,1,01,B01
201100062202,0,07,000,00,2,2,10,A01
201100062203,0,07,000,00,9,0,01,A01
201100062203,0,01,000,00,2,8,18,B01
201100062204,0,07,000,00,2,1,02,A01
201100062204,0,31,000,00,2,4,23,B01
201100062205,0,07,000,01,2,1,14,A01
201100062206,0,07,000,00,2,2,01,A01
201100062206,0,02,000,00,2,1,01,B01
201100062207,0,30,000,00,1,7,05,A01
201100062208,0,07,000,00,1,0,01,A01
201100062209,0,07,000,00,1,2,16,A01
201100062210,0,02,000,00,2,7,17,B01
201100062210,0,07,000,00,2,3,15,A01
201100062211,0,33,000,00,2,1,01,A01
201100062211,0,07,000,00,2,4,23,B01
201100062212,0,07,000,00,2,4,11,B01
201100062212,0,10,000,00,2,1,01,A01
201100062213,1,07,000,00,2,1,10,Z01
201100062213,0,07,000,00,2,4,00,A01
201100062214,0,30,000,12,0,7,01,A01
201100062215,0,33,000,00,0,4,01,A01
201100062216,0,07,000,00,2,8,10,B01
201100062216,0,30,000,00,2,1,17,A01
201100062217,0,07,000,01,0,3,01,A01
201100062218,0,30,000,00,0,1,01,A01
201100062219,0,10,000,00,0,4,23,B01
201100062219,0,02,000,00,2,1,01,A01
201100062220,0,07,000,00,2,2,01,A01
201100062220,0,32,000,00,2,8,01,B01
201100062221,0,07,000,00,1,8,01,A01