Num_Acc,senc,catv,occutc,obs,obsm,choc,manv,num_veh
201100062591,0,01,000,00,0,3,15,A01
201100062592,0,32,000,00,0,7,01,A01
201100062593,0,34,000,00,2,8,01,B01
201100062593,0,07,000,00,2,5,15,A01
201100062594,0,31,000,00,2,7,01,A01
201100062594,0,10,000,00,2,1,15,B01
201100062595,0,30,000,00,0,0,21,A01
201100062596,0,07,000,00,2,3,15,A01
201100062596,0,07,000,00,2,1,01,B01
201100062597,0,07,000,00,2,2,16,A01
201100062597,0,01,000,00,2,6,07,B01
201100062598,0,30,000,00,0,1,21,A01
201100062599,0,07,000,00,1,3,01,A01
201100062600,0,01,000,00,0,0,01,A01
201100062601,0,07,000,00,2,2,16,A01
201100062601,0,34,000,00,2,3,01,B01
201100062602,0,07,000,00,2,3,15,A01
201100062602,0,31,000,00,2,8,01,B01
201100062603,0,33,000,08,2,1,01,B01
201100062603,0,10,000,00,2,1,01,A01
201100062604,0,07,000,00,2,3,22,A01
201100062604,0,01,000,00,2,1,01,B01
201100062605,0,34,000,00,2,0,17,A01
201100062605,0,07,000,00,2,3,15,B01
201100062606,0,07,000,00,2,1,01,A01
201100062606,0,07,000,00,2,1,15,B01
201100062607,0,32,000,00,2,1,02,A01
201100062607,0,31,000,00,2,4,23,B01
201100062608,1,07,000,00,1,1,01,Z01
201100062609,0,31,000,00,2,1,05,A01
201100062609,0,07,000,00,2,3,01,B01
201100062610,0,01,000,00,2,1,02,A01
201100062610,0,07,000,00,2,4,23,B01
201100062611,0,33,000,00,2,8,01,B01
201100062611,0,07,000,00,2,3,15,A01
201100062612,0,34,000,00,0,1,18,A01
201100062613,0,07,000,00,2,3,10,A01
201100062613,0,33,000,00,2,1,01,B01
201100062614,0,33,000,00,2,3,01,B01
201100062614,0,38,047,00,2,3,15,A01
201100062615,0,10,000,00,1,3,15,A01
201100062616,0,07,000,00,1,1,01,A01
201100062617,0,30,000,00,2,1,15,A01
201100062617,0,33,000,01,2,8,01,B01
201100062618,0,07,000,00,2,2,16,A01
201100062618,0,32,000,00,2,3,01,B01
201100062619,0,07,000,00,2,3,09,A01
201100062619,0,34,000,00,2,1,17,B01
201100062620,0,32,000,11,0,3,13,A01
201100062621,0,07,000,00,2,2,01,B01
201100062621,0,02,000,00,2,2,15,A01
201100062622,0,07,000,00,2,8,01,A01
201100062622,0,31,000,00,2,7,01,B01
201100062623,0,10,000,00,1,4,04,A01
201100062624,0,07,000,00,2,1,02,A01
201100062624,0,07,000,00,2,5,02,B01
201100062625,0,07,000,00,2,2,01,B01
201100062625,0,33,000,01,2,7,01,A01
201100062626,0,01,000,00,2,8,07,B01
201100062626,0,07,000,00,2,1,15,A01
201100062627,0,30,000,00,2,2,01,A01
201100062627,0,07,000,00,2,2,15,B01
201100062628,0,01,000,00,2,1,01,A01
201100062628,0,07,000,00,2,2,22,B01
201100062629,0,30,000,00,2,3,07,B01
201100062629,0,07,000,00,2,2,16,A01
201100062630,1,07,000,00,1,1,01,Z01
201100062631,0,34,000,00,0,0,21,A01
201100062632,1,30,000,00,2,1,05,Z01
201100062632,0,31,000,00,2,0,01,A01
201100062633,0,07,000,00,1,1,01,A01
201100062634,0,07,000,00,1,1,01,A01
201100062635,0,01,000,00,2,3,01,B01
201100062635,0,07,000,00,2,2,15,A01
201100062636,0,07,000,00,2,4,01,B01
201100062636,0,07,000,00,2,0,09,A01
201100062636,0,07,000,00,2,1,01,C01
201100062637,0,01,000,00,2,1,01,B01
201100062637,0,07,000,00,2,2,15,A01
201100062638,0,30,000,00,2,1,01,A01
201100062638,0,07,000,00,2,1,01,B01
201100062639,0,07,000,00,2,2,16,A01
201100062639,0,30,000,00,2,8,01,B01
201100062640,0,33,000,00,2,3,01,A01
201100062640,0,07,000,00,2,2,16,B01
201100062641,0,32,000,00,0,0,01,A01
201100062642,0,07,000,11,0,3,13,A01
201100062643,0,07,000,00,2,4,23,C01
201100062643,0,10,000,00,2,1,02,A01
201100062643,0,10,000,00,2,4,23,B01
201100062644,0,34,000,00,1,2,01,A01
201100062645,0,07,000,00,2,3,01,B01
201100062645,0,32,000,00,2,7,01,A01
201100062646,0,33,000,01,2,2,14,A01
201100062646,0,07,000,00,2,6,24,B01
201100062647,0,33,000,01,2,8,18,A01
201100062647,0,10,000,00,2,2,01,B01
201100062648,0,07,000,00,2,2,23,B01
201100062648,0,13,000,00,2,4,24,C01
201100062648,0,33,000,00,2,3,01,A01
201100062649,0,07,000,00,1,2,01,A01
201100062650,0,07,000,00,2,2,01,A01
201100062650,0,32,000,00,2,3,13,B01
201100062651,0,32,000,00,1,1,01,A01
201100062652,0,07,000,00,1,6,16,A01
201100062653,0,33,000,00,2,8,01,B01
201100062653,0,07,000,00,2,7,12,A01
201100062654,0,07,000,00,1,4,04,A01
201100062655,0,32,000,00,1,1,18,A01
201100062656,0,07,000,00,2,8,02,C01
201100062656,0,07,000,00,2,8,02,B01
201100062656,0,33,000,00,2,7,03,A01
201100062657,0,02,000,11,2,4,01,A01
201100062657,1,07,000,00,2,1,01,Z01
201100062658,0,30,000,00,0,8,01,A01
201100062659,0,07,000,00,2,7,01,B01
201100062659,0,10,000,00,2,1,01,A01
201100062660,0,01,000,00,2,1,19,A01
201100062660,0,30,000,00,2,1,16,B01
201100062661,0,34,000,00,2,1,05,A01
201100062661,0,32,000,00,2,1,01,B01
201100062662,0,33,000,00,1,1,01,A01
201100062663,0,07,000,00,2,3,10,A01
201100062663,0,33,000,00,2,2,17,B01
201100062664,1,10,000,00,1,2,01,Z01
201100062665,0,30,000,00,0,7,01,A01
201100062666,0,02,000,09,0,1,01,A01
201100062667,0,30,000,00,2,8,02,A01
201100062667,0,07,000,00,2,8,23,B01
201100062668,0,07,000,00,0,1,01,A01
201100062668,0,07,000,00,0,4,23,B01
201100062669,0,07,000,00,2,1,16,B01
201100062669,0,32,000,00,2,7,01,A01
201100062670,0,30,000,00,0,1,01,A01
201100062670,0,07,000,00,0,6,01,B01
201100062671,1,02,000,00,1,0,05,Z01
201100062672,0,34,000,00,2,7,01,B01
201100062672,0,07,000,00,2,3,09,A01
201100062673,0,32,000,00,2,5,23,B01
201100062673,0,13,000,00,2,1,01,A01
201100062674,0,32,000,00,2,4,23,B01
201100062674,0,07,000,00,2,1,01,A01
201100062675,0,30,000,00,2,1,01,A01
201100062675,0,07,000,00,2,8,01,B01
201100062676,0,07,000,00,2,2,01,B01
201100062676,0,31,000,00,2,7,19,C01
201100062676,0,07,000,00,2,2,01,A01
201100062677,0,07,000,00,2,3,15,B01
201100062677,0,32,000,00,2,2,01,A01
201100062678,0,14,000,00,2,2,16,A01
201100062678,0,02,000,00,2,3,01,B01
201100062679,0,10,000,00,0,7,01,A01
201100062680,0,10,000,00,1,6,04,A01
201100062681,0,07,000,00,2,2,01,A01
201100062681,0,34,000,00,2,7,01,B01
201100062682,0,33,000,00,0,7,21,A01
201100062683,0,33,000,14,0,8,01,A01
201100062684,0,07,000,01,2,3,15,A01
201100062684,0,31,000,00,0,8,17,B01
201100062685,0,07,000,00,1,1,01,A01
201100062686,0,07,000,03,0,4,04,A01
201100062687,0,07,000,00,2,3,01,A01
201100062687,0,32,000,00,2,5,23,B01
201100062688,1,30,000,00,1,8,01,Z01
201100062689,0,07,000,00,1,1,01,A01
201100062690,0,33,000,00,2,5,01,A01
201100062690,0,07,000,00,0,1,23,B01
201100062691,0,07,000,00,0,6,15,B01
201100062691,0,32,000,00,0,2,17,A01
201100062692,0,32,000,00,2,3,16,B01
201100062692,0,07,000,00,0,7,01,A01
201100062693,0,07,000,00,1,4,04,A01
201100062694,0,07,000,00,2,3,15,B01
201100062694,0,32,000,00,2,2,17,A01
201100062695,0,07,000,00,2,1,15,A01
201100062695,0,30,000,00,2,1,16,B01
201100062696,0,07,000,00,2,2,16,B01
201100062696,0,32,000,00,2,3,07,A01
201100062697,0,30,000,00,1,1,17,A01
201100062698,0,07,000,00,2,8,15,A01
201100062698,0,32,000,00,2,2,01,B01
201100062699,0,34,000,00,2,5,17,B01
201100062699,0,30,000,00,2,3,15,A01
201100062700,0,14,000,01,1,7,01,A01
201100062701,0,07,000,00,2,3,10,A01
201100062701,0,32,000,00,2,2,17,B01
201100062702,0,30,000,00,0,0,01,A01
201100062703,0,07,000,00,1,4,23,B01
201100062703,0,32,000,00,2,1,01,A01
201100062704,0,10,000,00,1,1,15,A01
201100062705,0,02,000,00,2,8,09,A01
201100062705,0,07,000,00,2,2,16,B01
201100062706,0,30,000,00,2,1,17,A01
201100062706,0,07,000,00,2,3,15,B01
201100062707,1,07,000,00,2,0,17,Z01
201100062707,0,02,000,01,9,1,01,A01
201100062708,0,07,000,00,2,8,22,A01
201100062708,0,01,000,00,2,2,01,B01
201100062709,0,07,000,00,1,6,04,A01
201100062710,0,32,000,00,2,8,01,B01
201100062710,0,07,000,00,2,1,15,A01
201100062711,0,07,000,00,0,4,01,B01
201100062711,0,01,000,00,0,1,01,A01
201100062712,1,07,000,00,2,3,01,Z01
201100062712,0,02,000,00,2,1,17,A01
201100062713,0,34,000,00,2,8,15,A01
201100062713,0,07,000,00,0,2,17,B01
201100062714,0,07,000,01,2,1,01,A01
201100062714,0,07,000,00,2,2,01,B01
201100062715,0,01,000,00,2,3,01,B01
201100062715,0,07,000,00,2,1,09,A01
201100062716,0,01,000,00,2,7,01,B01
201100062716,0,07,000,00,2,7,22,A01
201100062717,0,07,000,12,0,2,15,A01
201100062718,0,07,000,00,1,5,04,A01
201100062719,0,38,001,00,2,6,04,A01
201100062719,0,33,000,00,2,7,23,B01
201100062720,0,33,000,00,0,9,01,A01
201100062721,0,30,000,00,2,1,02,A01
201100062721,0,30,000,00,2,4,02,B01
201100062722,0,07,000,00,2,3,23,C01
201100062722,0,07,000,00,2,7,01,B01
201100062722,0,07,000,01,2,3,05,A01
201100062723,0,07,000,00,1,7,01,A01
201100062724,0,10,000,00,2,0,15,A01
201100062724,0,31,000,00,2,8,17,B01
201100062725,0,07,000,00,2,5,02,B01
201100062725,0,07,000,00,2,3,02,A01
201100062726,0,34,000,00,2,1,01,B01
201100062726,0,07,000,00,2,6,10,A01
201100062727,0,32,000,00,2,1,01,B01
201100062727,0,07,000,00,2,2,15,A01
201100062728,0,32,000,00,2,3,16,A01
201100062728,0,33,000,00,2,5,16,B01
201100062729,0,07,000,00,2,6,10,A01
201100062729,0,33,000,00,2,1,01,B01
201100062730,0,07,000,00,2,3,15,A01
201100062730,0,02,000,00,2,1,17,B01
201100062731,0,07,000,00,2,8,10,B01
201100062731,0,30,000,00,2,5,01,A01
201100062732,0,33,000,00,2,2,07,B01
201100062732,0,32,000,00,2,3,17,A01
201100062733,0,07,000,00,2,8,10,A01
201100062733,0,32,000,00,2,2,01,B01
201100062734,0,10,000,00,1,3,15,A01
201100062735,0,32,000,00,2,8,01,B01
201100062735,0,07,000,00,2,2,01,A01
201100062736,0,07,000,00,1,1,16,A01
201100062737,0,14,000,15,2,9,05,A01
201100062737,0,07,000,00,2,6,23,B01
201100062738,0,02,000,00,1,1,01,A01
201100062739,0,07,000,00,2,5,23,C01
201100062739,0,31,000,01,0,1,01,A01
201100062739,0,07,000,00,2,2,22,B01
201100062740,0,10,000,00,2,3,01,A01
201100062740,0,07,000,00,2,1,01,B01
201100062741,0,07,000,00,0,6,15,B01
201100062741,0,34,000,00,2,2,01,A01
201100062742,0,02,000,00,2,1,01,A01
201100062742,0,07,000,00,2,8,09,B01
201100062743,0,33,000,00,2,8,01,A01
201100062743,1,07,000,00,2,2,16,Z01
201100062744,0,32,000,00,2,7,17,B01
201100062744,0,07,000,00,2,8,22,A01
201100062745,0,30,000,01,1,7,14,A01
201100062746,0,07,000,00,2,0,01,A01
201100062746,0,07,000,00,2,2,16,B01
201100062747,0,02,000,00,2,4,23,B01
201100062747,0,30,000,00,2,1,02,A01
201100062748,0,32,000,00,2,1,01,B01
201100062748,0,07,000,00,2,3,10,A01
201100062749,0,07,000,00,2,3,15,B01
201100062749,0,34,000,00,2,1,01,A01
201100062750,0,07,000,00,1,3,15,A01
201100062751,0,07,000,00,1,2,01,A01
201100062752,0,33,000,00,0,0,01,A01
201100062753,0,07,000,00,0,2,10,A01
201100062753,0,37,000,00,2,3,07,B01
201100062753,0,33,000,00,0,2,09,C01
201100062754,1,07,000,00,1,1,01,Z01
201100062755,0,31,000,00,2,0,01,A01
201100062755,0,07,000,00,2,0,16,B01
201100062756,0,30,000,00,2,1,01,A01
201100062756,0,32,000,00,2,8,01,B01
201100062757,0,07,000,00,2,2,15,A01
201100062757,0,02,000,00,2,8,01,B01
201100062758,0,32,000,00,2,1,01,A01
201100062758,1,07,000,00,2,5,15,Z01
201100062759,0,07,000,00,2,7,14,B01
201100062759,0,31,000,00,2,8,16,A01
201100062760,0,34,000,00,2,1,07,B01
201100062760,0,07,000,00,2,1,15,A01
201100062761,0,30,000,00,2,1,17,B01
201100062761,0,07,000,00,2,3,15,A01
201100062762,0,32,000,00,1,0,17,A01
201100062763,0,32,000,00,0,0,01,A01
201100062764,0,32,000,00,2,1,01,A01
201100062764,0,10,000,00,2,3,15,B01
201100062765,0,34,000,00,2,3,18,A01
201100062765,0,07,000,00,2,7,16,B01
201100062766,0,07,000,00,2,3,15,B01
201100062766,0,31,000,00,2,1,01,A01
201100062767,0,07,000,00,1,2,01,A01
201100062768,0,33,000,00,2,1,01,B01
201100062768,0,07,000,00,2,3,10,A01
201100062769,0,07,000,01,2,9,01,A01
201100062769,0,07,000,00,2,1,01,B01
201100062770,0,33,000,00,2,1,01,B01
201100062770,0,07,000,00,2,3,15,A01
201100062771,0,07,000,01,0,2,01,A01
201100062772,0,07,000,11,0,3,13,A01
201100062773,0,32,000,01,0,0,21,A01
201100062774,0,32,000,00,1,1,01,A01
201100062775,0,30,000,00,2,1,02,A01
201100062775,0,07,000,00,2,6,20,B01
201100062776,0,07,000,00,2,6,01,B01
201100062776,0,30,000,00,2,9,17,A01
201100062776,2,07,000,00,2,3,13,Z01
201100062777,0,02,000,00,2,3,07,A01
201100062777,0,07,000,00,2,7,14,B01
201100062778,0,37,020,00,2,3,07,A01
201100062778,0,10,000,00,2,8,16,B01
201100062779,0,10,000,00,2,6,04,A01
201100062779,0,33,000,00,2,5,01,B01
201100062780,0,07,000,00,2,2,09,A01
201100062780,0,32,000,00,2,2,17,B01
201100062781,0,34,000,00,2,8,13,A01
201100062781,0,07,000,00,2,2,01,B01
201100062782,0,30,000,00,1,8,17,A01
201100062783,0,31,000,00,2,4,23,B01
201100062783,0,10,000,00,2,3,02,A01
201100062784,0,07,000,00,1,1,15,A01
201100062785,0,32,000,00,1,1,01,A01
201100062786,0,07,000,11,0,6,13,A01
201100062787,0,07,000,00,1,1,15,A01
201100062788,0,32,000,11,0,1,01,A01
201100062789,0,07,000,00,2,3,15,B01
201100062789,0,31,000,00,2,3,01,A01
201100062790,0,07,000,00,1,8,01,A01
201100062791,0,07,000,00,2,1,15,A01
201100062791,0,30,000,00,2,8,01,B01
201100062792,0,33,000,00,2,1,02,A01
201100062792,0,07,000,00,2,6,23,B01
201100062793,1,33,000,00,1,0,01,Z01
201100062794,0,07,000,01,0,2,01,A01
201100062795,0,07,000,00,2,7,01,A01
201100062795,0,07,000,01,2,8,01,B01
201100062796,0,07,000,00,2,8,09,A01
201100062796,0,14,000,00,2,1,01,B01
201100062797,0,30,000,00,2,1,01,A01
201100062797,0,07,000,00,2,8,15,B01
201100062798,0,07,000,00,2,0,01,A01
201100062798,1,07,000,00,2,0,17,Z01
201100062799,0,30,000,00,2,1,05,A01
201100062799,0,07,000,00,2,3,15,B01
201100062800,0,07,000,00,0,5,01,A01
201100062800,0,32,000,00,2,8,01,B01
201100062801,0,07,000,00,1,3,01,A01
201100062802,0,07,000,12,0,1,15,A01
201100062803,0,07,000,08,0,2,05,A01
201100062804,0,10,000,00,1,4,20,A01
201100062805,0,07,000,08,1,0,14,A01
201100062806,0,02,000,00,1,1,01,A01
201100062807,0,07,000,00,1,1,01,A01
201100062808,0,07,000,00,1,4,04,A01
201100062809,0,30,000,00,1,1,01,A01
201100062810,0,07,000,00,1,7,01,A01
201100062811,0,02,000,01,0,1,21,A01
201100062812,0,30,000,00,1,1,01,A01
201100062813,0,07,000,00,2,2,01,A01
201100062813,0,07,000,00,2,3,01,B01
201100062814,0,07,000,00,9,3,01,A01
201100062815,0,07,000,00,2,3,15,A01
201100062815,0,33,000,00,2,6,01,B01
201100062816,0,07,000,00,2,2,10,A01
201100062816,0,32,000,00,2,1,01,B01
201100062817,0,34,000,00,1,1,01,A01
201100062818,0,07,000,00,1,3,15,A01
201100062819,0,07,000,00,1,5,01,A01
201100062820,0,07,000,00,1,2,07,A01
201100062821,0,07,000,00,2,1,01,A01
201100062821,0,07,000,00,2,6,16,B01
201100062822,0,30,000,00,1,2,01,A01
201100062823,0,07,000,00,2,2,16,B01
201100062823,0,30,000,00,2,3,07,A01
201100062824,0,10,000,00,1,2,01,A01
201100062825,0,32,000,11,0,8,21,A01
201100062826,0,07,000,00,1,2,17,A01
201100062827,0,37,032,00,2,3,07,B01
201100062827,0,10,000,00,2,5,16,A01
201100062828,0,07,000,00,0,8,22,A01
201100062828,0,01,000,00,0,1,07,B01
201100062829,0,02,000,00,2,1,01,B01
201100062829,0,07,000,00,2,3,09,A01
201100062830,0,07,000,00,2,3,15,B01
201100062830,0,37,030,00,2,2,01,A01
201100062831,0,07,000,08,2,9,01,B01
201100062831,0,07,000,00,2,7,09,A01
201100062832,0,10,000,00,2,4,10,A01
201100062832,0,34,000,00,2,1,01,B01
201100062833,0,07,000,00,1,3,01,A01
201100062834,0,33,000,00,2,2,01,B01
201100062834,0,07,000,00,2,3,10,A01
201100062835,0,07,000,00,2,4,20,B01
201100062835,0,07,000,00,2,1,02,A01
201100062836,0,30,000,00,0,0,16,B01
201100062836,0,31,000,00,0,0,12,A01
201100062837,0,31,000,00,1,8,01,A01
201100062838,0,32,000,00,2,8,01,A01
201100062838,0,07,000,00,2,3,15,B01
201100062839,0,07,000,00,1,2,07,A01
201100062840,0,07,000,00,2,6,04,A01
201100062840,0,30,000,00,2,1,01,B01
201100062841,0,07,000,11,0,1,01,A01
201100062842,0,07,000,00,1,3,01,A01
201100062843,0,07,000,00,2,7,15,A01
201100062843,0,33,000,00,2,1,01,B01
201100062844,0,37,001,00,0,8,15,A01
201100062845,0,02,000,00,2,1,17,B01
201100062845,1,10,000,00,2,0,13,A01
201100062846,0,32,000,08,0,1,01,A01
201100062847,0,07,000,11,0,3,14,A01
201100062848,0,07,000,00,2,1,01,A01
201100062848,0,07,000,00,2,7,01,B01
201100062849,0,37,001,00,1,3,07,A01
201100062850,0,33,000,00,1,1,01,A01
201100062851,1,07,000,00,1,0,01,Z01
201100062852,0,32,000,00,2,3,01,B01
201100062852,0,07,000,00,2,1,01,A01
201100062853,0,07,000,00,2,7,01,A01
201100062853,0,07,000,00,2,1,01,B01
201100062854,0,34,000,00,2,5,03,B01
201100062854,0,10,000,00,2,5,23,C01
201100062854,0,07,000,00,2,3,07,A01
201100062855,0,07,000,00,2,1,15,B01
201100062855,0,33,000,00,2,8,07,A01
201100062856,0,07,000,00,2,3,01,B01
201100062856,0,30,000,00,2,2,17,A01
201100062857,0,37,050,00,1,2,07,A01
201100062858,0,07,000,00,2,1,01,B01
201100062858,1,07,000,00,2,1,13,Z01
201100062858,0,33,000,00,2,1,17,A01
201100062859,0,10,000,00,1,3,01,A01
201100062860,0,10,000,00,1,1,15,A01
201100062861,0,37,000,00,1,5,01,A01
201100062862,0,30,000,00,2,1,05,A01
201100062862,0,07,000,00,2,2,10,B01
201100062863,0,31,000,00,1,1,01,A01
201100062864,0,10,000,00,1,3,01,A01
201100062865,0,07,000,00,0,2,01,A01
201100062866,0,10,000,01,0,2,17,A01
201100062867,0,30,000,00,1,7,01,A01
201100062868,0,07,000,00,2,3,01,B01
201100062868,0,02,000,00,2,1,01,A01
201100062869,0,30,000,00,1,1,01,A01
201100062870,1,07,000,01,2,1,05,A01
201100062870,0,32,000,00,2,1,01,B01
201100062871,0,01,000,00,2,3,12,B01
201100062871,0,07,000,00,2,2,07,A01
201100062872,0,02,000,00,0,0,01,A01
201100062873,0,31,000,00,2,1,01,B01
201100062873,0,07,000,00,2,2,01,A01
201100062874,0,34,000,00,2,2,17,B01
201100062874,0,07,000,00,2,3,10,A01
201100062875,0,01,000,00,0,0,07,A01
201100062876,0,37,010,00,9,1,01,A01
201100062876,0,01,000,00,2,0,13,B01
201100062877,0,10,000,00,2,6,16,B01
201100062877,0,30,000,00,2,1,02,A01
201100062878,0,01,000,00,2,0,01,B01
201100062878,0,07,000,00,2,3,22,A01
201100062879,2,32,000,00,2,8,01,A01
201100062879,1,07,000,00,0,0,12,B01
201100062880,0,07,000,00,0,3,02,A01
201100062881,0,07,000,00,2,2,16,A01
201100062881,0,33,000,00,2,1,07,B01
201100062882,0,07,000,00,1,0,01,A01
201100062883,0,07,000,00,0,2,15,B01
201100062883,0,02,000,00,2,1,01,A01
201100062884,0,03,000,00,2,3,15,B01
201100062884,0,31,000,00,2,2,17,A01
201100062885,0,07,000,00,2,3,11,A01
201100062885,0,33,000,00,2,2,01,B01
201100062886,0,33,000,00,1,1,01,A01
201100062887,0,07,000,00,0,5,23,B01
201100062887,0,30,000,00,2,1,01,A01
201100062888,0,07,000,00,1,3,01,A01
201100062889,0,07,000,00,2,3,15,A01
201100062889,0,01,000,00,2,2,16,B01
201100062890,0,10,000,00,2,4,23,B01
201100062890,0,07,000,00,2,0,02,A01
201100062891,0,07,000,00,1,3,01,A01
201100062892,1,07,000,00,1,0,15,Z01
201100062893,0,30,000,00,0,8,18,A01
201100062893,0,07,000,00,0,7,16,B01
201100062894,0,33,000,00,2,7,01,B01
201100062894,0,07,000,00,2,2,01,A01
201100062895,0,33,000,00,1,3,01,A01
201100062896,0,32,000,00,1,1,01,A01
201100062897,0,37,001,00,1,7,07,A01
201100062898,0,07,000,03,2,6,11,B01
201100062898,0,10,000,00,2,2,01,A01
201100062899,0,33,000,00,1,3,16,A01
201100062900,0,07,000,00,2,4,23,C01
201100062900,0,33,000,00,2,4,23,B01
201100062900,0,13,000,00,2,1,02,A01
201100062901,0,07,000,00,2,2,16,A01
201100062901,0,30,000,00,2,3,01,B01
201100062902,0,07,000,00,2,1,02,A01
201100062902,0,07,000,00,2,6,24,B01
201100062903,0,32,000,00,5,1,01,A01
201100062904,0,10,000,00,1,1,16,A01
201100062905,0,33,000,00,2,1,01,A01
201100062905,0,07,000,00,2,3,01,B01
201100062906,0,33,000,00,2,1,02,A01
201100062906,0,10,000,00,2,4,16,B01
201100062907,0,10,000,00,2,2,16,A01
201100062907,0,10,000,00,2,3,01,B01
201100062908,1,10,000,00,1,2,01,Z01
201100062909,0,30,000,00,0,8,21,A01
201100062910,0,07,000,00,2,8,09,A01
201100062910,0,30,000,00,2,1,01,B01
201100062911,0,33,000,00,2,7,01,A01
201100062911,1,07,000,00,2,0,09,Z01
201100062912,0,34,000,00,2,4,23,B01
201100062912,0,07,000,00,2,1,02,A01
201100062913,0,30,000,00,2,1,01,B01
201100062913,0,07,000,00,2,2,15,A01
201100062914,0,30,000,00,1,1,01,A01
201100062915,0,07,000,00,1,2,01,A01
201100062916,0,01,000,00,2,2,15,A01
201100062916,0,33,000,00,2,1,01,B01
201100062917,1,10,000,00,1,0,01,Z01
201100062918,0,07,000,00,1,3,01,A01
201100062919,0,07,000,00,1,2,01,A01
201100062920,1,07,000,00,2,1,02,Z01
201100062920,0,30,000,00,2,4,02,A01
201100062921,0,07,000,00,2,1,15,A01
201100062921,0,07,000,00,2,3,01,B01
201100062922,0,07,000,00,1,2,01,A01
201100062923,1,07,000,00,1,0,01,Z01
201100062924,0,01,000,00,2,8,01,B01
201100062924,0,37,070,00,2,7,17,A01
201100062925,0,07,000,00,2,3,13,A01
201100062925,0,32,000,00,2,7,17,B01
201100062926,0,32,000,00,2,1,01,A01
201100062926,0,37,001,00,2,2,10,B01
201100062927,0,02,000,01,0,1,16,A01
201100062928,0,33,000,00,1,1,01,A01
201100062929,0,07,000,00,1,3,15,A01
201100062930,0,37,014,00,1,2,01,A01
201100062931,0,10,000,00,1,4,04,A01
201100062932,0,07,000,00,1,2,01,A01
201100062933,0,30,000,00,2,1,02,A01
201100062933,0,07,000,00,2,5,16,B01
201100062934,0,32,000,00,1,2,01,A01
201100062935,0,32,000,00,2,4,23,B01
201100062935,0,07,000,00,2,1,02,A01
201100062936,0,07,000,00,1,2,01,A01
201100062937,0,30,000,00,2,1,01,A01
201100062937,0,07,000,00,2,3,09,B01
201100062938,0,10,000,00,2,8,01,A01
201100062938,0,30,000,00,2,1,01,B01
201100062939,1,07,000,00,2,0,18,Z01
201100062939,0,02,000,00,2,7,14,A01
201100062940,0,07,000,00,2,2,16,A01
201100062940,0,07,000,00,2,3,01,B01
201100062941,0,07,000,00,2,3,10,A01
201100062941,1,32,000,00,2,2,01,B01
201100062942,0,32,000,00,1,1,01,A01
201100062943,0,01,000,00,1,1,07,A01
201100062944,0,07,000,00,2,2,01,A01
201100062944,0,32,000,00,2,6,15,B01
201100062945,0,07,000,00,2,3,09,A01
201100062945,0,33,000,00,2,1,01,B01
201100062946,0,10,000,00,1,1,01,A01
201100062947,0,07,000,00,1,1,07,A01
201100062948,0,07,000,00,2,2,16,A01
201100062948,0,30,000,00,2,1,18,B01
201100062949,1,32,000,00,1,2,01,Z01
201100062950,0,37,001,15,0,5,15,A01
201100062951,1,07,000,00,0,0,15,Z01
201100062952,0,33,000,00,2,8,18,B01
201100062952,0,07,000,00,2,7,12,A01
201100062953,1,30,000,00,1,1,01,Z01
201100062954,0,30,000,00,2,1,09,A01
201100062954,0,07,000,00,0,3,01,B01
201100062955,0,32,000,01,1,1,01,A01
201100062956,0,07,000,00,1,1,16,A01
201100062957,0,07,000,00,1,6,01,A01
201100062958,0,07,000,00,2,1,01,A01
201100062958,0,07,000,00,2,4,23,B01
201100062958,0,07,000,00,0,4,23,C01
201100062959,0,33,000,00,2,1,17,B01
201100062959,1,07,000,00,2,3,15,A01
201100062960,0,32,000,00,2,3,01,B01
201100062960,0,30,000,00,2,2,01,A01
201100062961,0,07,000,00,1,6,04,A01
201100062962,0,10,000,00,0,6,01,B01
201100062962,0,30,000,00,0,1,01,A01
201100062963,0,33,000,00,1,1,02,A01
201100062964,0,07,000,15,9,1,14,A01
201100062965,0,07,000,00,2,3,15,A01
201100062965,0,02,000,00,2,2,17,B01
201100062966,0,07,000,00,0,2,15,A01
201100062966,0,33,000,00,0,8,01,B01
201100062967,1,07,000,00,0,0,15,Z01
201100062967,0,02,000,00,2,8,01,B01
201100062968,0,33,000,00,2,1,01,B01
201100062968,0,07,000,00,2,3,15,A01
201100062969,0,07,000,00,2,4,23,B01
201100062969,0,07,000,00,2,4,23,C01
201100062969,0,07,000,00,2,4,23,D01
201100062969,0,07,000,00,2,1,01,A01
201100062970,0,07,000,00,2,1,16,A01
201100062970,0,07,000,00,0,4,15,B01
201100062971,0,10,000,00,2,2,01,B01
201100062971,0,07,000,01,2,8,16,A01
201100062971,0,10,000,00,0,3,16,C01
201100062972,0,07,000,00,1,4,20,A01
201100062973,0,07,000,00,0,2,01,A01
201100062974,0,33,000,00,2,8,01,B01
201100062974,0,07,000,00,2,7,12,A01
201100062975,1,30,000,00,0,0,01,Z01
201100062976,0,33,000,00,2,2,01,A01
201100062976,0,07,000,00,2,3,01,B01
201100062977,0,30,000,00,2,1,09,A01
201100062977,1,07,000,00,2,1,01,Z01
201100062978,0,30,000,00,1,3,01,A01
201100062979,0,07,000,00,2,1,15,B01
201100062979,0,30,000,00,2,8,07,A01
201100062980,0,07,000,00,1,1,01,A01