Num_Acc,senc,catv,occutc,obs,obsm,choc,manv,num_veh
201100063378,0,07,000,00,2,4,23,B01
201100063378,0,07,000,00,2,1,02,A01
201100063379,0,31,000,00,2,3,01,B01
201100063379,0,07,000,00,2,2,09,A01
201100063380,0,07,000,00,2,3,15,A01
201100063380,0,32,000,00,2,2,17,B01
201100063381,1,02,000,00,1,0,01,Z01
201100063382,0,02,000,00,2,1,01,B01
201100063382,0,07,000,00,2,2,15,A01
201100063383,0,30,000,00,2,1,01,B01
201100063383,0,07,000,00,2,7,10,A01
201100063384,0,30,000,00,1,1,01,A01
201100063385,0,34,000,00,0,0,01,A01
201100063386,0,31,000,01,1,2,01,A01
201100063387,0,33,000,00,0,4,01,B01
201100063387,1,07,000,00,2,1,01,Z01
201100063388,1,02,000,00,9,7,01,Z01
201100063388,0,01,000,00,2,8,01,B01
201100063389,0,02,000,00,1,1,01,A01
201100063390,0,01,000,00,2,1,09,A01
201100063390,0,02,000,00,2,8,01,B01
201100063391,0,07,000,00,2,3,01,A01
201100063391,0,10,000,00,2,1,15,B01
201100063392,0,01,000,00,2,4,02,B01
201100063392,0,07,000,00,2,1,02,A01
201100063393,0,32,000,00,1,1,01,A01
201100063394,0,10,000,00,2,2,12,A01
201100063394,0,02,000,00,2,3,01,B01
201100063395,0,07,000,00,2,3,10,B01
201100063395,0,30,000,00,2,7,17,A01
201100063396,0,07,000,00,2,3,15,B01
201100063396,0,01,000,00,2,0,01,A01
201100063397,0,02,000,00,1,1,01,A01
201100063398,0,01,000,00,2,1,01,B01
201100063398,0,07,000,00,2,5,16,A01
201100063399,0,32,000,00,2,1,18,B01
201100063399,0,07,000,00,2,5,16,A01
201100063400,0,07,000,00,2,5,16,A01
201100063400,0,32,000,00,2,1,01,B01
201100063401,0,07,000,00,1,6,04,A01
201100063402,0,07,000,00,2,5,23,B01
201100063402,0,32,000,00,2,3,02,A01
201100063403,0,07,000,00,2,1,01,A01
201100063403,0,30,000,00,2,7,01,B01
201100063404,0,07,000,00,2,4,23,B01
201100063404,0,07,000,00,2,1,02,A01
201100063405,0,33,000,00,1,3,01,A01
201100063406,0,07,000,00,2,3,22,A01
201100063406,0,01,000,00,2,1,01,B01
201100063407,0,07,000,00,2,6,13,B01
201100063407,0,33,000,00,2,7,17,A01
201100063408,0,14,000,00,2,2,16,A01
201100063408,0,02,000,00,2,3,18,B01
201100063409,0,30,000,00,2,7,01,A01
201100063409,1,07,000,00,0,3,15,Z01
201100063410,0,07,000,00,2,6,01,B01
201100063410,0,02,000,00,2,1,01,A01
201100063411,0,32,000,00,1,6,01,A01
201100063412,0,07,000,00,1,8,16,A01
201100063413,0,33,000,00,2,8,18,A01
201100063413,0,07,000,00,2,2,16,B01
201100063414,0,07,000,00,1,3,01,A01
201100063415,0,32,000,01,0,1,13,A01
201100063416,0,30,000,00,2,0,02,A01
201100063416,0,07,000,00,2,0,23,B01
201100063417,0,02,000,01,0,6,13,A01
201100063418,0,32,000,04,1,8,01,A01
201100063419,0,02,000,00,2,8,17,B01
201100063419,0,07,000,00,2,8,13,A01
201100063420,0,30,000,00,1,1,01,A01
201100063421,0,32,000,00,2,7,02,A01
201100063421,1,07,000,00,2,0,04,Z01
201100063422,0,01,000,00,0,0,01,A01
201100063423,0,01,000,00,2,3,01,A01
201100063423,0,01,000,00,2,1,19,B01
201100063424,0,07,000,00,2,4,23,B01
201100063424,0,07,000,00,2,1,01,A01
201100063425,0,32,000,00,0,3,01,A01
201100063426,0,07,000,00,2,0,09,B01
201100063426,0,32,000,00,2,7,01,A01
201100063427,0,32,000,00,1,2,01,A01
201100063428,0,07,000,01,0,2,14,A01
201100063429,0,02,000,00,2,1,17,A01
201100063429,0,07,000,00,2,4,11,B01
201100063430,0,34,000,00,0,7,01,B01
201100063430,0,33,000,00,2,8,01,A01
201100063431,0,02,000,00,0,1,16,A01
201100063431,0,10,000,00,0,0,01,B01
201100063432,0,30,000,00,0,0,01,A01
201100063433,0,07,000,00,2,3,01,B01
201100063433,0,03,000,00,2,2,01,A01
201100063434,0,33,000,00,1,1,01,A01
201100063435,0,01,000,00,2,3,01,A01
201100063435,1,07,000,00,2,2,22,Z01
201100063436,0,32,000,00,2,1,02,A01
201100063436,0,07,000,00,2,6,23,B01
201100063437,1,07,000,00,1,0,16,Z01
201100063438,0,07,000,00,2,1,13,A01
201100063438,0,07,000,00,2,3,01,B01
201100063439,0,32,000,00,0,0,01,A01
201100063440,0,31,000,01,0,0,21,A01
201100063441,0,07,000,00,0,6,22,A01
201100063441,0,02,000,00,2,2,17,B01
201100063442,1,30,000,00,1,1,01,Z01
201100063443,0,01,000,00,1,1,02,A01
201100063444,0,30,000,00,1,0,01,A01
201100063445,0,33,000,00,0,0,21,A01
201100063446,0,33,000,00,2,7,01,C01
201100063446,0,07,000,00,2,8,11,B01
201100063446,0,10,000,00,2,0,23,A01
201100063447,0,07,000,00,2,5,01,B01
201100063447,0,01,000,00,2,2,18,A01
201100063448,0,01,000,00,2,4,13,B01
201100063448,0,31,000,00,2,1,01,A01
201100063449,0,02,000,01,2,4,18,A01
201100063449,0,07,000,00,2,1,01,B01
201100063450,0,02,000,00,0,0,01,A01
201100063451,0,33,000,00,2,2,01,B01
201100063451,0,07,000,00,2,3,11,A01
201100063452,0,34,000,00,0,2,17,B01
201100063452,0,07,000,00,0,3,15,A01
201100063453,0,07,000,00,1,4,04,A01
201100063454,0,02,000,14,2,3,18,A01
201100063454,0,14,000,00,2,5,16,B01
201100063455,0,07,000,00,2,3,23,C01
201100063455,0,32,000,00,2,7,01,A01
201100063455,0,07,000,00,2,2,09,B01
201100063456,0,07,000,00,2,3,15,A01
201100063456,0,01,000,00,2,1,01,B01
201100063457,0,02,000,00,1,1,01,A01
201100063458,0,07,000,00,1,4,20,A01
201100063459,0,07,000,00,2,3,05,A01
201100063459,0,07,000,00,2,3,01,B01
201100063460,0,10,000,00,0,8,01,A01
201100063460,0,01,000,00,0,5,16,B01
201100063461,0,32,000,00,0,8,17,B01
201100063461,0,07,000,00,2,3,10,A01
201100063462,1,07,000,00,2,1,01,Z01
201100063462,0,01,000,00,2,4,11,A01
201100063463,0,31,000,00,2,6,02,A01
201100063463,1,07,000,00,2,1,02,Z01
201100063464,0,14,000,00,1,4,09,A01
201100063465,0,32,000,00,2,2,17,A01
201100063465,0,07,000,00,2,6,13,B01
201100063466,0,32,000,00,2,6,09,A01
201100063466,0,30,000,00,2,7,01,B01
201100063467,0,07,000,00,2,0,22,A01
201100063467,0,32,000,01,2,0,01,B01
201100063468,0,30,000,00,2,1,02,B01
201100063468,0,07,000,00,2,4,23,A01
201100063469,0,07,000,14,0,1,01,A01
201100063469,0,07,000,00,2,4,23,B01
201100063470,0,07,000,00,2,2,12,A01
201100063470,0,01,000,00,0,4,12,B01
201100063471,0,02,000,15,2,7,17,B01
201100063471,0,10,000,00,2,6,15,A01
201100063472,0,33,000,00,9,0,21,A01
201100063473,0,30,000,00,2,2,02,A01
201100063473,0,07,000,00,2,6,20,B01
201100063474,0,33,000,00,0,1,01,A01
201100063475,0,07,000,11,0,9,21,A01
201100063476,0,32,000,00,0,0,01,A01
201100063477,0,34,000,00,1,2,05,A01
201100063478,1,07,000,00,2,6,04,Z01
201100063478,0,07,000,00,2,2,23,A01
201100063479,0,13,000,00,2,5,01,B01
201100063479,0,32,000,00,2,6,18,A01
201100063480,0,32,000,00,2,4,23,A01
201100063480,1,07,000,00,2,0,02,Z01
201100063481,0,30,000,00,0,0,21,A01
201100063482,0,32,000,00,2,2,17,A01
201100063482,0,10,000,00,2,3,15,B01
201100063483,0,30,000,00,1,0,01,A01
201100063484,0,02,000,00,0,1,01,B01
201100063484,0,07,000,00,0,2,10,A01
201100063485,0,32,000,00,0,0,01,A01
201100063486,0,32,000,00,2,2,17,B01
201100063486,0,10,000,00,2,3,10,A01
201100063487,0,02,000,02,0,3,21,A01
201100063488,0,07,000,00,0,0,01,A01
201100063489,0,02,000,00,2,1,01,B01
201100063489,0,07,000,00,2,3,10,A01
201100063490,0,32,000,00,2,1,03,A01
201100063490,0,01,000,00,2,8,19,B01
201100063491,0,32,000,01,0,2,01,A01
201100063492,0,02,000,00,1,1,01,A01
201100063493,0,32,000,00,0,0,21,A01
201100063494,0,30,000,00,2,8,01,B01
201100063494,0,10,000,00,2,2,01,A01
201100063495,0,07,000,00,2,1,02,A01
201100063495,0,07,000,00,2,4,02,B01
201100063496,0,07,000,00,1,3,01,A01
201100063497,0,02,000,00,0,0,01,A01
201100063498,0,07,000,00,2,1,09,A01
201100063498,0,07,000,01,2,3,01,B01
201100063499,0,34,000,00,2,1,01,B01
201100063499,0,01,000,00,2,4,09,A01
201100063500,0,02,000,00,0,3,21,A01
201100063501,0,07,000,00,1,3,09,A01
201100063502,1,07,000,00,1,3,05,Z01
201100063503,0,07,000,00,2,3,15,A01
201100063503,0,32,000,00,2,8,01,B01
201100063504,1,10,000,00,1,2,16,Z01
201100063505,0,10,000,00,1,3,01,A01
201100063506,0,07,000,00,1,1,01,A01
201100063507,0,32,000,00,1,3,01,A01
201100063508,0,01,000,00,2,0,02,A01
201100063508,1,07,000,00,2,0,02,Z01
201100063509,0,07,000,00,2,4,23,B01
201100063509,0,07,000,00,2,1,02,A01
201100063509,0,07,000,00,2,2,01,C01
201100063510,0,32,000,00,2,1,01,B01
201100063510,0,07,000,00,2,2,15,A01
201100063511,0,07,000,00,2,2,10,A01
201100063511,0,30,000,00,2,3,01,B01
201100063512,0,10,000,00,2,3,01,A01
201100063512,0,32,000,01,2,1,01,B01
201100063513,0,10,000,00,1,2,16,A01
201100063514,0,10,000,00,1,1,15,A01
201100063515,0,32,000,00,2,1,17,B01
201100063515,0,07,000,00,2,8,13,A01
201100063516,0,07,000,00,2,8,10,A01
201100063516,1,10,000,00,2,2,05,Z01
201100063517,0,07,000,00,2,1,09,A01
201100063517,0,32,000,00,2,1,01,B01
201100063518,0,10,000,00,1,1,16,A01
201100063519,0,07,000,00,1,1,15,A01
201100063520,0,30,000,00,0,0,01,A01
201100063521,0,07,000,00,2,2,01,A01
201100063521,0,30,000,00,2,4,01,B01
201100063522,0,07,000,00,1,2,01,A01
201100063523,0,33,000,00,2,4,01,B01
201100063523,0,07,000,00,2,1,01,A01
201100063524,0,07,000,00,2,4,01,B01
201100063524,0,02,000,00,2,1,01,A01
201100063525,0,32,000,00,0,0,01,A01
201100063526,0,07,000,00,1,2,01,A01
201100063527,0,37,000,00,1,3,07,A01
201100063528,0,01,000,00,0,0,16,A01
201100063529,0,34,000,00,0,0,01,A01
201100063530,0,03,000,11,0,1,13,A01
201100063531,0,10,000,00,2,3,22,A01
201100063531,0,01,000,00,2,2,01,B01
201100063532,0,07,000,00,2,8,01,A01
201100063532,0,32,000,00,2,7,01,B01
201100063533,0,30,000,00,0,8,01,A01
201100063534,0,03,000,00,2,2,01,B01
201100063534,0,10,000,00,2,5,01,C01
201100063534,0,07,000,07,2,2,01,A01
201100063535,0,07,000,00,2,1,01,A01
201100063535,0,07,000,01,2,7,01,B01
201100063536,0,07,000,00,1,5,15,A01
201100063537,2,07,000,00,1,1,01,Z01
201100063538,0,07,000,00,1,6,20,A01
201100063539,1,02,000,00,1,1,01,Z01
201100063540,0,02,000,00,1,8,01,A01
201100063541,0,07,000,00,2,2,05,A01
201100063541,0,10,000,00,2,5,01,B01
201100063542,0,07,000,00,1,3,01,A01
201100063543,0,07,000,00,2,6,23,B01
201100063543,0,07,000,00,2,2,17,A01
201100063544,0,07,000,00,1,1,15,A01
201100063545,0,30,000,00,1,1,01,A01
201100063546,0,02,000,00,1,3,01,A01
201100063547,1,07,000,00,2,5,14,Z01
201100063547,0,32,000,00,2,3,01,A01
201100063548,0,30,000,00,1,1,01,A01
201100063549,0,07,000,00,2,7,16,B01
201100063549,0,30,000,00,2,3,07,A01
201100063550,0,32,000,12,0,1,14,A01
201100063551,1,07,000,00,1,0,01,Z01
201100063552,0,07,000,00,0,2,15,A01
201100063552,0,02,000,00,2,1,01,B01
201100063553,1,32,000,00,1,2,01,Z01
201100063554,0,30,000,00,0,7,15,A01
201100063554,0,07,000,00,2,1,01,B01
201100063555,0,34,000,00,1,1,15,A01
201100063556,0,32,000,00,2,8,01,B01
201100063556,0,07,000,00,2,3,15,A01
201100063557,0,30,000,00,0,0,21,A01
201100063558,0,02,000,00,0,0,01,A01
201100063559,0,07,000,00,2,4,02,A01
201100063559,1,07,000,00,2,1,02,Z01
201100063560,0,07,000,00,1,3,01,A01
201100063561,0,33,000,00,2,3,02,A01
201100063561,0,10,000,00,2,5,02,B01
201100063562,0,07,000,00,1,7,01,A01
201100063563,0,32,000,00,0,8,15,A01
201100063564,0,07,000,00,1,5,04,A01
201100063565,0,07,000,00,1,3,01,A01
201100063566,0,02,000,00,2,4,23,B01
201100063566,0,10,000,00,2,1,02,A01
201100063567,0,07,000,00,2,0,01,A01
201100063567,0,31,000,00,2,0,01,B01
201100063568,0,07,000,00,2,3,09,B01
201100063568,0,30,000,00,2,3,01,A01
201100063569,0,07,000,00,2,6,10,A01
201100063569,0,02,000,00,2,1,01,B01
201100063570,0,01,000,00,1,0,01,A01
201100063571,0,10,000,00,0,5,17,A01
201100063571,0,01,000,00,0,8,01,B01
201100063572,0,30,000,00,2,1,01,B01
201100063572,0,07,000,00,2,2,15,A01
201100063573,0,34,000,00,0,1,01,A01
201100063574,0,30,000,00,2,1,15,B01
201100063574,1,07,000,00,2,1,01,Z01
201100063575,0,07,000,01,2,2,01,A01
201100063575,0,07,000,00,2,6,04,B01
201100063576,0,30,000,00,2,0,01,B01
201100063576,0,07,000,00,2,2,01,A01
201100063577,0,07,000,00,2,7,01,A01
201100063577,0,02,000,00,2,9,01,B01
201100063578,0,02,000,00,2,1,01,A01
201100063578,0,10,000,00,2,2,16,B01
201100063579,0,32,000,00,1,3,01,A01
201100063580,0,30,000,00,2,7,17,A01
201100063580,0,07,000,00,2,3,15,B01
201100063581,0,07,000,00,2,2,01,A01
201100063581,0,30,000,00,2,1,01,B01
201100063582,0,10,000,00,2,6,01,B01
201100063582,0,07,000,00,2,2,14,A01
201100063583,0,07,000,00,1,5,01,A01
201100063584,1,07,000,00,1,0,01,Z01
201100063585,0,33,000,00,2,1,01,B01
201100063585,0,07,000,00,2,2,01,A01
201100063586,0,34,000,00,2,3,01,B01
201100063586,1,34,000,00,2,0,13,Z01
201100063587,0,07,000,00,2,8,22,A01
201100063587,0,02,000,00,2,2,17,B01
201100063588,0,07,000,00,2,3,01,B01
201100063588,0,30,000,00,2,1,01,A01
201100063589,0,32,000,00,1,1,01,A01
201100063590,0,07,000,00,2,1,01,B01
201100063590,0,07,000,00,2,2,01,A01
201100063591,0,07,000,00,1,2,01,A01
201100063592,0,14,000,00,1,3,01,A01
201100063593,0,01,000,00,2,1,03,A01
201100063593,0,07,000,00,9,7,15,B01
201100063594,0,07,000,00,2,3,13,A01
201100063594,0,30,000,00,2,2,17,B01
201100063595,0,01,000,00,0,0,07,A01
201100063596,0,07,000,00,2,7,14,A01
201100063596,0,32,000,00,2,3,01,B01
201100063597,0,01,000,00,1,1,01,A01
201100063598,0,07,000,00,1,3,01,A01
201100063599,1,07,000,00,1,0,01,Z01
201100063600,0,07,000,00,2,1,15,A01
201100063600,0,31,000,00,2,8,01,B01
201100063601,0,07,000,00,2,8,01,B01
201100063601,0,07,000,00,2,1,01,A01
201100063602,0,02,000,00,1,8,17,A01
201100063603,0,07,000,00,2,8,13,A01
201100063603,0,02,000,01,2,7,17,B01
201100063604,0,07,000,00,1,4,04,A01
201100063605,0,32,000,00,1,2,01,A01
201100063606,0,33,000,00,0,0,01,A01
201100063607,0,33,000,00,1,1,01,A01
201100063608,0,01,000,00,1,1,01,A01
201100063609,0,07,000,00,2,3,01,B01
201100063609,0,30,000,01,2,2,14,A01
201100063610,0,07,000,00,2,1,01,A01
201100063610,0,07,000,00,0,4,23,B01
201100063611,1,07,000,00,2,0,01,Z01
201100063611,1,33,000,00,2,8,01,A01
201100063612,0,34,000,00,1,2,03,A01
201100063613,0,07,000,00,1,1,01,A01
201100063614,1,10,000,00,1,7,15,Z01
201100063615,0,07,000,00,1,1,15,A01
201100063616,0,01,000,00,1,1,01,A01
201100063617,0,07,000,00,2,3,09,A01
201100063617,0,33,000,00,2,7,01,B01
201100063618,0,07,000,00,2,3,13,A01
201100063618,0,32,000,00,2,7,17,B01
201100063619,0,07,000,01,0,2,01,A01
201100063620,0,10,000,00,0,2,16,A01
201100063620,0,33,000,00,0,8,16,B01
201100063621,0,07,000,00,1,0,01,A01
201100063622,0,07,000,00,2,3,13,A01
201100063622,0,33,000,00,2,2,01,B01
201100063623,0,07,000,00,2,0,09,A01
201100063623,0,32,000,00,2,3,01,B01
201100063624,0,07,000,00,2,6,15,B01
201100063624,0,32,000,00,2,1,17,A01
201100063625,0,07,000,00,1,7,01,A01
201100063626,0,10,000,00,2,1,01,A01
201100063626,0,07,000,00,2,5,01,B01
201100063627,0,07,000,00,1,3,01,A01
201100063628,0,13,000,00,2,2,01,A01
201100063628,0,31,000,00,2,3,16,B01
201100063629,0,01,000,00,1,1,07,A01
201100063630,0,07,000,00,1,3,01,A01
201100063631,0,32,000,00,2,8,01,B01
201100063631,0,07,000,00,2,3,15,A01
201100063632,0,07,000,00,2,7,15,A01
201100063632,0,32,000,00,2,1,01,B01
201100063633,0,30,000,00,0,0,01,A01
201100063634,0,07,000,00,2,1,05,B01
201100063634,0,07,000,00,2,1,01,A01
201100063635,0,07,000,00,2,8,01,B01
201100063635,0,07,000,00,2,1,01,A01
201100063636,1,07,000,00,2,0,15,Z01
201100063636,0,07,000,00,2,8,16,B01
201100063636,0,07,000,00,2,3,24,A01
201100063637,0,13,000,00,2,3,22,A01
201100063637,0,01,000,00,2,1,01,B01
201100063638,0,01,000,00,5,1,01,A01
201100063639,0,31,000,00,2,7,01,A01
201100063639,1,07,000,00,2,8,01,Z01
201100063640,0,07,000,00,1,2,01,A01
201100063641,0,07,000,00,2,3,15,A01
201100063641,0,33,000,00,2,2,01,B01
201100063642,0,30,000,00,1,1,01,A01
201100063643,0,33,000,00,2,8,01,A01
201100063643,1,07,000,00,2,0,10,Z01
201100063644,0,07,000,00,1,7,01,A01
201100063645,0,07,000,00,2,2,01,A01
201100063645,0,32,000,00,2,3,01,B01
201100063646,0,01,000,00,1,1,01,A01
201100063647,0,30,000,00,1,8,17,A01
201100063648,0,30,000,01,0,1,14,A01
201100063649,0,31,000,00,1,1,01,A01
201100063650,0,10,000,00,1,1,01,A01
201100063651,0,32,000,00,0,7,15,A01
201100063652,1,30,000,00,1,0,17,Z01
201100063653,0,30,000,00,2,1,01,C01
201100063653,0,10,000,00,2,3,15,A01
201100063653,0,33,000,00,2,0,01,B01
201100063654,1,30,000,00,1,0,05,Z01
201100063655,0,30,000,00,2,1,01,B01
201100063655,0,07,000,00,2,3,22,A01
201100063656,1,30,000,00,1,0,01,Z01
201100063657,0,34,000,00,0,0,21,A01
201100063658,0,07,000,00,2,3,01,B01
201100063658,0,34,000,00,2,5,01,A01
201100063659,0,13,000,00,2,1,01,B01
201100063659,1,07,000,00,2,3,13,Z01
201100063659,0,30,000,00,2,1,17,A01
201100063660,0,07,000,00,0,7,01,A01
201100063660,0,33,000,00,0,1,01,B01
201100063661,0,07,000,00,0,6,01,C01
201100063661,0,33,000,00,2,3,15,B01
201100063661,0,30,000,00,2,1,01,A01
201100063662,0,32,000,00,2,8,01,A01
201100063662,0,07,000,00,2,5,23,B01
201100063663,0,07,000,00,2,5,23,A01
201100063663,1,10,000,00,2,3,02,B01
201100063664,0,30,000,00,2,8,02,A01
201100063664,0,07,000,00,2,5,02,B01
201100063665,0,07,000,00,1,1,16,A01
201100063666,0,02,000,00,2,1,18,B01
201100063666,0,07,000,00,2,2,16,A01
201100063667,0,01,000,00,2,8,01,B01
201100063667,0,07,000,00,9,3,01,A01
201100063668,0,02,000,00,0,0,09,A01
201100063669,0,07,000,00,2,4,23,A01
201100063669,1,07,000,00,2,1,02,Z01
201100063670,0,34,000,00,2,1,01,B01
201100063670,0,07,000,00,2,0,10,A01
201100063671,0,34,000,01,0,1,21,A01
201100063672,0,07,000,00,2,4,02,B01
201100063672,0,30,000,00,2,1,23,A01
201100063673,0,07,000,01,0,1,01,A01
201100063674,0,32,000,00,1,7,01,A01
201100063675,0,10,000,00,0,8,15,A01
201100063675,0,32,000,00,2,7,17,B01
201100063676,0,10,000,00,1,4,04,A01
201100063677,0,07,000,00,0,5,01,B01
201100063677,0,07,000,00,2,3,14,A01
201100063678,0,07,000,00,1,1,01,A01
201100063679,0,01,000,14,0,0,01,A01
201100063680,0,32,000,00,2,7,01,B01
201100063680,0,07,000,00,2,5,15,A01
201100063681,0,07,000,00,2,2,16,A01
201100063681,0,30,000,00,2,1,18,B01
201100063682,0,07,000,00,0,1,01,A01
201100063682,0,10,000,00,0,4,23,B01
201100063683,0,30,000,00,2,1,09,A01
201100063683,0,32,000,00,2,2,17,B01
201100063684,0,07,000,00,0,4,23,B01
201100063684,0,32,000,00,2,1,01,A01
201100063685,0,33,000,00,0,0,23,B01
201100063685,0,10,000,00,9,0,17,A01
201100063686,0,32,000,00,1,1,01,A01
201100063687,0,30,000,00,2,8,16,A01
201100063688,0,07,000,00,0,2,01,A01
201100063689,0,30,000,00,1,1,01,A01
201100063690,0,10,000,00,2,1,17,A01
201100063690,0,32,000,00,0,1,01,B01
201100063691,0,32,000,00,0,0,21,A01
201100063692,0,01,000,00,2,1,05,A01
201100063692,1,10,000,00,2,1,15,Z01
201100063693,0,07,000,14,0,7,10,A01
201100063693,0,32,000,14,0,7,17,B01
201100063694,0,07,000,00,0,5,01,B01
201100063694,0,32,000,00,0,5,01,A01
201100063695,0,07,000,00,2,3,15,A01
201100063695,0,02,000,00,2,1,01,B01
201100063696,0,30,000,00,1,1,17,A01
201100063697,0,07,000,08,0,3,01,A01
201100063698,0,07,000,00,1,2,01,A01
201100063699,0,07,000,00,2,3,22,A01
201100063699,0,07,000,01,0,2,17,B01
201100063700,0,32,000,00,1,1,01,A01
201100063701,0,30,000,00,1,1,17,A01
201100063702,0,30,000,00,2,0,01,B01
201100063702,0,07,000,00,2,0,01,A01
201100063703,0,07,000,00,2,3,15,B01
201100063703,0,31,000,00,2,3,17,A01
201100063704,1,07,000,00,1,1,01,Z01
201100063705,0,07,000,00,1,7,01,A01
201100063706,0,30,000,15,2,2,02,A01
201100063706,0,30,000,15,2,2,02,B01
201100063707,0,01,000,15,2,3,18,B01
201100063707,0,07,000,00,2,7,01,A01
201100063708,0,32,000,14,0,2,14,A01
201100063709,0,32,000,00,1,1,01,A01
201100063710,0,31,000,00,0,2,01,A01
201100063711,0,30,000,00,1,1,01,A01
201100063712,0,07,000,06,0,1,13,A01
201100063713,0,07,000,00,2,5,15,A01
201100063713,0,33,000,00,2,1,01,B01
201100063714,0,07,000,00,2,2,01,A01
201100063714,0,07,000,00,2,3,01,B01
201100063715,0,34,000,00,2,6,17,A01
201100063715,0,14,000,00,2,6,01,B01
201100063716,0,02,000,00,0,2,01,A01
201100063717,0,02,000,00,2,2,17,A01
201100063717,0,07,000,00,2,3,15,B01
201100063718,0,07,000,00,2,2,09,A01
201100063718,0,01,000,00,2,8,01,B01
201100063719,0,02,000,08,0,1,13,A01
201100063720,0,07,000,00,1,2,01,A01
201100063721,0,07,000,00,2,4,23,A01
201100063721,0,37,001,00,2,4,02,B01
201100063722,0,07,000,00,2,7,15,A01
201100063722,0,34,000,00,2,7,01,B01
201100063723,0,07,000,00,2,3,22,A01
201100063723,0,07,000,00,2,7,01,C01
201100063723,0,01,000,00,2,3,01,B01
201100063724,0,07,000,00,1,3,01,A01
201100063725,0,30,000,00,1,1,05,A01
201100063726,0,30,000,00,2,0,15,A01
201100063726,0,02,000,00,2,0,15,B01
201100063727,0,30,000,00,2,1,01,B01
201100063727,0,07,000,00,2,7,15,A01
201100063728,0,33,000,00,2,7,01,A01
201100063728,1,07,000,00,2,2,15,Z01
201100063729,1,07,000,00,1,1,01,Z01
201100063730,0,01,000,00,0,0,01,A01
201100063731,0,07,000,00,2,1,02,A01
201100063731,0,07,000,00,2,4,02,B01
201100063732,0,07,000,00,2,5,16,B01
201100063732,0,30,000,00,2,3,18,A01
201100063733,0,30,000,00,0,7,01,A01
201100063734,0,07,000,00,1,1,01,A01
201100063735,0,01,000,06,0,1,14,A01
201100063736,0,33,000,00,2,1,01,B01
201100063736,0,07,000,00,2,8,15,A01
201100063737,0,07,000,00,2,5,01,B01
201100063737,0,02,000,00,2,2,03,A01
201100063738,0,01,000,00,2,1,01,B01
201100063738,0,07,000,00,2,1,15,A01
201100063739,0,07,000,01,0,2,14,A01
201100063740,0,30,000,14,2,2,02,A01
201100063740,0,07,000,00,2,6,23,B01
201100063741,0,10,000,00,1,4,04,A01
201100063742,0,07,000,00,2,7,15,A01
201100063742,0,30,000,00,2,7,01,B01
201100063743,0,34,000,00,2,1,01,B01
201100063743,0,07,000,00,2,1,15,A01
201100063744,0,07,000,00,2,2,15,A01
201100063744,0,30,000,00,2,7,01,B01
201100063745,0,31,000,00,0,8,01,A01
201100063746,0,30,000,00,2,0,21,A01
201100063747,0,02,000,00,2,0,21,A01
201100063748,0,33,000,00,0,8,01,A01
201100063749,0,30,000,00,0,0,01,A01
201100063750,1,07,000,00,1,3,01,A01
201100063751,0,32,000,00,1,3,01,A01
201100063752,0,02,000,00,2,1,01,A01
201100063752,0,07,000,00,2,1,15,B01
201100063753,0,07,000,00,1,1,16,A01
201100063754,0,10,000,00,2,2,16,A01
201100063754,0,07,000,00,2,3,01,B01
201100063755,0,07,000,00,9,8,15,A01
201100063755,0,01,000,00,2,1,01,B01
201100063756,0,33,000,00,1,1,17,A01
201100063757,0,01,000,00,2,3,15,A01
201100063757,1,07,000,00,2,2,17,Z01
201100063758,0,33,000,00,0,8,12,A01
201100063758,0,30,000,00,2,1,01,B01
201100063759,0,32,000,00,2,3,01,B01
201100063759,0,07,000,00,2,8,15,A01
201100063760,0,07,000,01,0,2,01,A01
201100063761,0,01,000,00,2,1,01,B01
201100063761,0,07,000,00,2,0,22,A01
201100063762,0,10,000,00,2,3,01,B01
201100063762,0,07,000,00,2,7,01,A01
201100063763,0,07,000,00,1,5,01,A01
201100063764,0,07,000,00,0,4,23,B01
201100063764,0,07,000,00,0,1,01,A01
201100063765,0,07,000,00,1,1,15,A01
201100063766,0,32,000,00,2,2,01,B01
201100063766,0,07,000,00,0,1,15,A01
201100063767,0,07,000,00,0,2,22,A01
201100063767,0,32,000,00,0,3,18,B01
201100063768,0,10,000,00,0,2,10,A01
201100063768,0,33,000,00,2,1,01,B01
201100063769,0,01,000,00,1,1,01,A01
201100063770,0,01,000,00,2,8,19,B01
201100063770,0,32,000,00,2,2,01,A01
201100063771,0,33,000,00,0,0,21,A01
201100063772,0,07,000,00,1,4,04,A01
201100063773,0,30,000,00,0,2,01,A01
201100063774,0,10,000,00,2,2,14,A01
201100063774,0,07,000,00,2,6,23,B01
201100063775,0,33,000,00,2,1,01,A01
201100063775,0,07,000,00,2,3,23,C01
201100063775,0,07,000,00,2,1,01,B01
201100063776,0,34,000,00,2,9,17,A01
201100063776,0,07,000,00,2,3,23,C01
201100063776,0,07,000,00,2,3,23,B01
201100063777,0,10,000,00,2,2,01,A01
201100063777,0,07,000,00,2,4,23,B01
201100063778,2,07,000,00,2,2,02,Z01
201100063778,0,07,000,00,2,8,02,A01
201100063779,0,07,000,00,2,1,01,A01
201100063779,0,34,000,00,2,4,23,B01
201100063780,0,34,000,00,2,1,01,A01
201100063780,0,07,000,00,2,3,01,B01
201100063781,0,07,000,00,2,5,01,A01
201100063781,0,30,000,00,2,8,01,B01