Num_Acc,senc,catv,occutc,obs,obsm,choc,manv,num_veh
201100064503,0,33,000,00,2,2,01,B01
201100064504,0,07,000,00,2,6,02,B01
201100064504,0,10,000,00,2,7,01,C01
201100064504,0,33,000,04,2,2,02,A01
201100064505,0,07,000,00,2,6,02,C01
201100064505,0,32,000,04,2,7,02,A01
201100064505,0,07,000,00,2,8,02,B01
201100064506,0,32,000,00,2,3,03,A01
201100064506,0,07,000,00,0,3,01,C01
201100064506,0,07,000,00,0,5,01,B01
201100064507,0,32,000,00,2,2,01,B01
201100064507,0,07,000,00,2,6,11,A01
201100064508,0,33,000,00,0,7,12,A01
201100064509,0,07,000,04,0,6,01,A01
201100064509,1,07,000,00,2,2,01,Z01
201100064510,0,07,000,00,2,6,11,A01
201100064510,0,34,000,00,0,7,01,B01
201100064511,0,07,000,00,2,4,02,B01
201100064511,1,07,000,00,2,1,02,Z01
201100064511,0,07,000,00,2,4,02,A01
201100064512,0,32,000,00,2,4,02,B01
201100064512,0,10,000,00,2,4,02,A01
201100064513,0,07,000,00,0,8,01,A01
201100064513,2,07,000,00,2,7,01,Z01
201100064513,0,07,000,00,0,6,01,C01
201100064513,0,07,000,04,2,5,01,B01
201100064514,0,33,000,00,2,1,03,B01
201100064514,0,07,000,00,0,4,01,C01
201100064514,0,07,000,00,0,8,11,A01
201100064515,0,31,000,04,0,1,21,A01
201100064516,0,07,000,00,2,8,22,A01
201100064516,0,31,000,00,2,1,03,B01
201100064517,0,07,000,00,2,5,12,A01
201100064517,0,33,000,00,2,1,01,B01
201100064518,0,07,000,00,2,8,01,C01
201100064518,0,31,000,00,2,3,03,A01
201100064518,0,07,000,00,2,2,12,B01
201100064519,0,07,000,00,2,1,01,A01
201100064519,0,07,000,00,0,4,01,B01
201100064520,0,07,000,04,0,7,01,C01
201100064520,0,07,000,04,0,8,01,B01
201100064520,0,07,000,00,2,2,12,A01
201100064521,0,07,000,00,0,4,23,C01
201100064521,0,07,000,00,0,1,01,A01
201100064521,0,07,000,00,0,4,23,B01
201100064522,1,07,000,00,0,0,12,Z01
201100064522,0,07,000,00,2,2,01,A01
201100064522,0,07,000,04,2,5,01,B01
201100064523,0,33,000,00,2,1,03,A01
201100064523,0,07,000,00,2,8,12,B01
201100064524,0,32,000,00,2,1,03,A01
201100064524,0,10,000,00,2,6,01,B01
201100064525,0,32,000,00,2,1,02,A01
201100064525,0,07,000,00,2,4,02,B01
201100064526,0,32,000,00,2,1,01,A01
201100064526,0,07,000,00,0,5,01,B01
201100064527,0,33,000,00,2,1,01,B01
201100064527,0,07,000,00,0,5,12,A01
201100064528,0,10,000,04,2,2,01,A01
201100064528,0,31,000,00,2,4,11,B01
201100064529,0,33,000,00,2,1,01,A01
201100064529,0,07,000,00,2,5,23,B01
201100064530,0,33,000,00,0,8,21,A01
201100064531,0,07,000,04,0,3,01,A01
201100064532,0,17,000,04,0,2,01,A01
201100064533,0,07,000,00,2,1,01,A01
201100064533,0,38,029,00,0,4,01,B01
201100064534,0,31,000,00,2,7,03,A01
201100064534,0,07,000,00,0,6,01,B01
201100064535,0,07,000,00,2,3,11,A01
201100064535,0,33,000,00,0,7,01,B01
201100064536,0,07,000,04,0,3,13,A01
201100064537,0,07,000,00,2,1,02,A01
201100064537,0,33,000,04,2,5,01,C01
201100064537,0,07,000,00,2,8,02,B01
201100064538,0,07,000,04,0,3,13,A01
201100064539,0,32,000,00,2,8,01,A01
201100064539,0,07,000,00,2,6,01,B01
201100064540,0,07,000,03,0,1,01,A01
201100064541,0,33,000,00,0,3,03,B01
201100064541,0,07,000,00,0,8,01,C01
201100064541,0,10,000,00,2,7,12,A01
201100064542,0,31,000,00,2,3,01,B01
201100064542,0,10,000,00,2,2,12,A01
201100064543,0,07,000,00,2,1,02,A01
201100064543,0,07,000,00,2,4,02,B01
201100064544,0,32,000,00,2,4,02,B01
201100064544,0,10,000,00,2,1,02,A01
201100064545,0,07,000,00,2,7,12,B01
201100064545,0,33,000,00,2,8,03,A01
201100064546,0,33,000,00,2,1,03,A01
201100064546,0,07,000,00,2,7,12,B01
201100064547,0,33,000,00,2,7,03,B01
201100064547,0,10,000,00,2,5,01,C01
201100064547,0,07,000,00,2,3,11,A01
201100064548,2,33,000,04,0,3,13,Z01
201100064549,0,07,000,00,2,1,02,A01
201100064549,0,07,000,00,2,4,23,B01
201100064550,0,07,000,00,2,1,02,A01
201100064550,0,07,000,00,2,4,02,B01
201100064551,0,31,000,04,0,7,14,A01
201100064552,0,07,000,00,2,1,02,A01
201100064552,0,31,000,00,2,4,02,B01
201100064553,0,33,000,00,2,7,11,A01
201100064553,0,07,000,00,2,6,01,B01
201100064554,0,07,000,00,2,5,01,A01
201100064554,2,07,000,04,2,1,11,Z01
201100064555,1,07,000,00,2,1,02,Z01
201100064555,0,07,000,00,2,4,02,A01
201100064556,0,31,000,00,0,7,01,A01
201100064557,0,07,000,00,2,8,11,B01
201100064557,0,33,000,00,2,2,03,A01
201100064558,0,31,000,00,2,3,02,A01
201100064558,0,33,000,00,2,2,23,B01
201100064559,0,32,000,00,2,3,13,A01
201100064559,0,07,000,00,2,5,01,B01
201100064560,0,07,000,00,2,5,01,C01
201100064560,0,07,000,00,2,1,02,A01
201100064560,0,07,000,00,2,4,02,B01
201100064561,0,07,000,00,2,1,02,A01
201100064561,0,07,000,00,2,4,02,B01
201100064562,0,31,000,00,2,1,01,A01
201100064562,1,07,000,00,2,0,11,Z01
201100064563,0,07,000,00,2,4,02,B01
201100064563,0,07,000,00,2,1,02,A01
201100064564,1,07,000,00,2,2,14,Z01
201100064564,0,07,000,04,2,1,01,B01
201100064564,0,07,000,04,2,3,01,A01
201100064564,0,10,000,00,2,1,01,C01
201100064565,0,33,000,00,0,0,03,A01
201100064566,0,07,000,00,2,3,11,A01
201100064566,0,33,000,00,2,2,03,B01
201100064567,0,33,000,00,0,8,03,A01
201100064568,0,32,000,00,0,0,01,A01
201100064569,0,33,000,00,0,0,01,A01
201100064570,0,17,000,00,2,2,14,A01
201100064570,0,07,000,00,2,8,01,B01
201100064571,0,07,000,04,0,1,14,A01
201100064572,0,33,000,00,0,8,01,A01
201100064573,1,07,000,00,2,0,12,Z01
201100064573,0,31,000,00,2,8,03,A01
201100064574,0,31,000,00,2,3,03,A01
201100064574,0,07,000,00,2,5,01,B01
201100064575,0,31,000,00,2,4,11,A01
201100064575,0,31,000,00,2,1,03,B01
201100064576,0,33,000,00,0,0,11,A01
201100064577,0,33,000,00,2,8,03,B01
201100064577,0,07,000,00,2,7,12,A01
201100064578,0,07,000,00,2,5,12,B01
201100064578,0,33,000,00,2,1,03,A01
201100064579,0,33,000,00,2,8,03,A01
201100064579,0,07,000,00,2,7,14,B01
201100064580,0,32,000,00,2,8,01,B01
201100064580,0,07,000,00,2,7,12,A01
201100064581,0,33,000,00,2,3,03,A01
201100064581,0,07,000,00,2,5,12,B01
201100064582,0,07,000,00,2,8,01,C01
201100064582,0,33,000,00,2,3,03,A01
201100064582,0,33,000,00,2,5,01,B01
201100064583,0,32,000,00,2,1,02,A01
201100064583,0,07,000,00,2,4,02,B01
201100064584,0,33,000,00,2,6,03,A01
201100064584,0,07,000,00,2,2,12,B01
201100064585,0,33,000,00,2,1,14,A01
201100064585,0,07,000,00,2,4,01,B01
201100064586,0,34,000,00,2,3,03,A01
201100064586,0,07,000,00,2,4,02,D01
201100064586,0,07,000,00,2,2,12,B01
201100064586,0,07,000,04,2,5,02,C01
201100064586,0,07,000,00,2,7,02,F02
201100064586,0,07,000,00,2,7,02,E01
201100064587,0,07,000,00,2,1,02,A01
201100064587,2,07,000,00,2,5,04,Z01
201100064588,0,17,000,00,2,2,14,A01
201100064588,0,07,000,00,2,1,01,C01
201100064588,0,07,000,04,2,3,01,B01
201100064589,0,33,000,00,2,8,01,A01
201100064589,1,07,000,00,2,0,11,Z01
201100064590,0,33,000,00,2,3,01,A01
201100064590,0,10,000,00,0,5,01,B01
201100064591,0,07,000,00,0,8,11,A01
201100064591,0,33,000,00,2,1,01,B01
201100064592,0,10,000,00,2,4,02,B01
201100064592,0,07,000,00,2,1,02,A01
201100064593,0,07,000,04,0,2,14,A01
201100064594,0,33,000,00,2,3,01,A01
201100064594,0,07,000,00,2,2,12,B01
201100064595,0,31,000,00,2,3,01,A01
201100064595,1,07,000,00,2,0,12,Z01
201100064596,0,07,000,00,2,7,12,B01
201100064596,0,33,000,00,2,8,03,A01
201100064596,0,07,000,00,2,8,01,C01
201100064597,0,33,000,00,2,3,03,A01
201100064597,0,07,000,00,2,2,12,B01
201100064598,0,33,000,00,0,7,01,A01
201100064599,0,10,000,00,2,4,02,C01
201100064599,0,10,000,00,2,1,02,G02
201100064599,0,07,000,00,2,4,02,E01
201100064599,0,07,000,00,2,4,02,B01
201100064599,0,07,000,00,2,4,02,D01
201100064599,0,10,000,00,2,1,02,A01
201100064599,0,07,000,00,2,4,02,F02
201100064600,0,33,000,00,2,2,13,A01
201100064600,0,07,000,00,0,3,01,B01
201100064601,0,33,000,00,2,1,03,A01
201100064601,0,07,000,00,0,4,11,B01
201100064602,0,17,000,00,2,6,01,B01
201100064602,0,32,000,00,2,5,03,A01
201100064603,1,10,000,00,0,0,12,Z01
201100064603,0,33,000,00,0,3,01,A01
201100064604,0,33,000,00,2,8,18,A01
201100064604,0,17,000,00,2,2,01,B01
201100064605,0,33,000,04,2,7,01,B01
201100064605,0,10,000,00,2,8,13,A01
201100064606,0,33,000,00,2,3,03,A01
201100064606,0,07,000,00,2,5,12,B01
201100064607,0,33,000,00,2,7,01,A01
201100064607,0,07,000,00,2,6,01,B01
201100064607,1,07,000,00,2,8,13,Z01
201100064608,0,07,000,00,2,6,01,B01
201100064608,0,33,000,00,2,1,03,A01
201100064609,0,31,000,00,2,8,03,A01
201100064609,0,07,000,00,2,7,14,B01
201100064610,0,07,000,00,2,4,23,C01
201100064610,0,07,000,00,2,4,02,B01
201100064610,0,07,000,00,2,4,23,D01
201100064610,0,07,000,00,2,1,02,E01
201100064610,0,07,000,00,2,1,02,A01
201100064611,0,33,000,04,0,8,14,A01
201100064612,0,07,000,04,2,4,02,B01
201100064612,0,07,000,00,2,1,02,A01
201100064613,0,07,000,00,2,1,02,A01
201100064613,0,10,000,00,2,4,02,B01
201100064614,0,07,000,04,0,0,13,A01
201100064615,0,32,000,00,2,1,02,A01
201100064615,0,07,000,00,2,5,02,B01
201100064616,0,32,000,00,0,1,01,A01
201100064617,0,31,000,00,2,1,03,A01
201100064617,1,32,000,00,2,0,13,Z01
201100064618,0,33,000,00,2,5,23,B01
201100064618,0,31,000,00,2,3,12,A01
201100064619,0,31,000,00,0,1,01,A01
201100064619,1,07,000,00,2,6,11,Z01
201100064620,0,17,000,00,0,2,01,B01
201100064620,0,07,000,00,2,8,01,A01
201100064621,0,07,000,00,2,1,02,A01
201100064621,0,07,000,00,2,4,23,B01
201100064622,0,07,000,00,2,6,11,B01
201100064622,0,33,000,00,2,7,03,A01
201100064623,0,07,000,00,2,4,02,B01
201100064623,0,33,000,00,2,3,02,A01
201100064624,0,07,000,00,2,3,11,A01
201100064624,0,33,000,00,2,7,03,B01
201100064625,0,07,000,00,2,2,02,A01
201100064625,0,07,000,00,2,4,02,B01
201100064626,0,33,000,00,0,8,01,A01
201100064627,0,31,000,00,2,7,01,B01
201100064627,0,07,000,14,2,8,13,A01
201100064628,0,10,000,00,0,6,23,B01
201100064628,0,15,000,00,2,7,01,A01
201100064629,0,07,000,00,2,8,13,A01
201100064629,0,31,000,00,2,7,03,B01
201100064630,0,07,000,00,2,3,02,A01
201100064630,0,07,000,00,2,5,02,B01
201100064631,0,31,000,00,2,1,11,A01
201100064631,0,10,000,00,2,4,01,B01
201100064632,0,32,000,00,0,0,14,A01
201100064633,0,07,000,00,2,3,11,A01
201100064633,0,32,000,00,2,2,01,B01
201100064634,0,07,000,00,0,5,23,B01
201100064634,0,07,000,00,2,3,01,A01
201100064635,0,33,000,00,2,3,01,A01
201100064635,0,07,000,00,0,5,01,B01
201100064635,0,10,000,00,0,6,01,C01
201100064636,0,33,000,00,2,1,03,A01
201100064636,0,10,000,00,2,5,01,B01
201100064637,0,07,000,00,2,1,01,A01
201100064637,0,07,000,00,0,4,23,B01
201100064638,0,07,000,00,0,6,01,C01
201100064638,0,07,000,00,0,7,01,B01
201100064638,0,07,000,00,2,3,01,A01
201100064639,0,32,000,00,0,7,01,A01
201100064640,0,07,000,00,0,4,23,B01
201100064640,0,33,000,00,2,1,01,A01
201100064641,0,31,000,00,2,1,01,A01
201100064641,0,07,000,00,0,4,23,B01
201100064642,0,07,000,00,2,4,23,B01
201100064642,0,10,000,00,2,1,01,A01
201100064643,0,07,000,06,0,4,01,A01
201100064643,2,07,000,06,2,1,01,Z01
201100064644,0,33,000,00,2,2,03,A01
201100064644,0,07,000,00,0,6,11,B01
201100064645,0,33,000,00,2,1,01,A01
201100064645,0,33,000,00,2,4,01,B01
201100064646,0,07,000,00,0,6,01,C01
201100064646,0,07,000,00,2,7,22,A01
201100064646,0,31,000,00,2,8,03,B01
201100064647,0,07,000,00,2,1,01,A01
201100064647,0,07,000,00,2,4,23,B01
201100064647,0,07,000,00,2,4,23,C01
201100064647,0,07,000,00,0,4,23,D01
201100064648,0,07,000,00,2,6,01,B01
201100064648,0,32,000,00,2,3,03,A01
201100064648,1,32,000,00,2,5,14,Z01
201100064649,0,10,000,00,2,8,11,B01
201100064649,0,32,000,00,0,1,01,A01
201100064650,0,10,000,00,2,1,01,A01
201100064650,0,07,000,00,2,4,23,C01
201100064650,0,07,000,00,2,4,23,B01
201100064650,0,10,000,00,2,4,23,E01
201100064650,0,07,000,00,2,4,23,D01
201100064651,0,33,000,04,0,8,03,A01
201100064652,0,34,000,00,9,1,03,A01
201100064653,0,32,000,00,0,7,01,B01
201100064653,0,07,000,00,2,3,11,A01
201100064654,0,10,000,04,0,1,01,A01
201100064655,1,33,000,00,2,1,01,Z01
201100064655,0,32,000,00,2,4,01,A01
201100064655,0,14,000,00,0,6,01,B01
201100064656,0,07,000,00,2,8,11,A01
201100064656,0,33,000,00,0,7,01,B01
201100064657,0,33,000,04,0,8,03,A01
201100064658,0,33,000,00,0,2,01,A01
201100064659,0,07,000,00,0,4,01,B01
201100064659,0,33,000,00,2,1,01,A01
201100064660,0,07,000,00,2,7,14,B01
201100064660,0,31,000,00,2,8,03,A01
201100064661,0,32,000,00,0,8,01,A01
201100064662,0,07,000,00,2,8,11,A01
201100064662,0,33,000,00,0,7,01,B01
201100064663,0,33,000,00,0,6,03,A01
201100064663,1,10,000,00,2,2,12,Z01
201100064664,0,33,000,00,2,1,01,A01
201100064664,0,07,000,00,0,5,01,B01
201100064665,0,02,000,00,2,8,18,A01
201100064665,0,14,000,00,0,2,01,B01
201100064666,0,07,000,00,2,1,01,A01
201100064666,0,07,000,00,0,4,23,B01
201100064667,0,33,000,00,2,1,11,A01
201100064667,0,07,000,00,2,5,11,B01
201100064668,0,31,000,00,2,1,01,A01
201100064668,0,07,000,00,0,5,23,B01
201100064669,0,07,000,00,0,2,12,A01
201100064669,0,33,000,00,2,3,03,B01
201100064670,0,07,000,00,0,5,23,B01
201100064670,0,31,000,00,2,1,03,A01
201100064671,0,07,000,00,0,4,23,C01
201100064671,0,07,000,00,0,6,22,A01
201100064671,0,33,000,00,2,2,03,B01
201100064672,1,07,000,06,2,2,01,Z01
201100064672,0,07,000,00,2,4,23,B01
201100064672,0,07,000,00,2,2,23,A01
201100064672,0,07,000,00,2,4,23,C01
201100064673,0,07,000,00,2,4,23,B01
201100064673,0,07,000,00,2,4,23,C01
201100064673,0,10,000,00,0,4,23,D01
201100064673,0,14,000,00,2,1,01,A01
201100064674,0,07,000,00,2,2,12,A01
201100064674,0,33,000,00,0,8,03,B01
201100064675,0,33,000,04,0,7,01,B01
201100064675,0,10,000,00,2,8,11,A01
201100064676,0,07,000,00,0,8,01,C01
201100064676,0,33,000,00,2,8,03,A01
201100064676,0,07,000,00,2,2,12,B01
201100064677,0,07,000,00,2,2,12,A01
201100064677,0,07,000,00,2,6,01,C01
201100064677,0,32,000,00,2,3,03,B01
201100064678,0,07,000,00,2,2,11,A01
201100064678,0,32,000,00,2,3,03,B01
201100064679,0,07,000,00,0,5,01,B01
201100064679,0,32,000,00,2,2,01,A01
201100064680,0,33,000,00,0,0,01,A01
201100064681,0,31,000,00,0,7,03,A01
201100064682,0,31,000,00,2,8,12,A01
201100064682,0,07,000,00,2,5,01,B01
201100064683,0,34,000,00,0,1,21,A01
201100064684,0,07,000,00,2,3,13,A01
201100064684,0,07,000,00,2,5,23,B01
201100064685,0,07,000,00,2,7,12,A01
201100064685,0,32,000,00,2,8,01,B01
201100064686,0,32,000,00,0,8,01,A01
201100064687,1,07,000,00,2,4,12,Z01
201100064687,0,31,000,00,2,1,01,A01
201100064688,0,33,000,00,0,8,01,A01
201100064689,0,07,000,00,2,3,11,A01
201100064689,0,31,000,00,2,7,01,B01
201100064690,0,07,000,00,2,4,02,B01
201100064690,0,07,000,00,2,1,02,A01
201100064691,0,07,000,00,2,4,02,A01
201100064691,0,07,000,00,2,1,02,B01
201100064692,1,07,000,00,2,2,14,Z01
201100064692,0,31,000,00,2,3,03,A01
201100064693,0,31,000,00,2,1,03,A01
201100064693,0,07,000,00,2,3,01,B01
201100064694,0,07,000,00,2,5,02,B01
201100064694,0,33,000,00,2,3,02,A01
201100064695,0,07,000,00,2,3,01,B01
201100064695,0,17,000,00,2,2,12,A01
201100064696,0,07,000,00,2,3,01,B01
201100064696,1,07,000,00,2,1,02,Z01
201100064696,0,07,000,00,2,4,02,A01
201100064696,0,10,000,00,2,5,01,C01
201100064697,0,32,000,00,2,3,03,B01
201100064697,0,10,000,00,2,2,12,A01
201100064698,0,07,000,00,2,1,02,A01
201100064698,0,10,000,00,2,4,23,B01
201100064699,0,07,000,00,2,4,02,B01
201100064699,0,07,000,00,2,1,02,A01
201100064700,0,07,000,00,2,3,01,B01
201100064700,0,14,000,00,2,7,12,A01
201100064701,0,10,000,00,2,7,12,A01
201100064701,0,33,000,00,2,8,01,B01
201100064702,0,07,000,04,0,1,14,A01
201100064703,0,14,000,00,2,1,02,A01
201100064703,0,10,000,00,2,4,02,B01
201100064704,0,07,000,00,2,1,12,A01
201100064704,0,07,000,00,2,4,01,B01
201100064705,0,07,000,00,2,8,16,A01
201100064705,0,15,000,00,2,2,01,B01
201100064706,0,07,000,00,2,5,12,B01
201100064706,0,33,000,00,2,1,03,A01
201100064707,0,07,000,00,2,8,11,A01
201100064707,0,31,000,00,2,2,01,B01
201100064708,0,07,000,00,2,4,23,C01
201100064708,0,07,000,00,2,1,02,A01
201100064708,0,10,000,00,2,4,23,B01
201100064709,0,07,000,00,2,7,01,D01
201100064709,0,07,000,00,2,5,02,B01
201100064709,0,33,000,00,2,7,03,C01
201100064709,0,07,000,00,2,1,02,A01
201100064709,0,33,000,00,2,1,02,E01
201100064710,1,33,000,00,2,3,18,Z01
201100064710,0,10,000,00,2,2,12,A01
201100064710,0,33,000,00,2,1,03,C01
201100064710,0,34,000,00,2,1,03,B01
201100064711,0,07,000,00,2,2,12,B01
201100064711,0,31,000,00,2,3,03,A01
201100064712,0,33,000,00,0,0,21,A01
201100064713,0,33,000,00,2,2,03,B01
201100064713,0,07,000,00,2,6,01,C01
201100064713,0,07,000,00,2,0,12,A01
201100064713,0,07,000,00,2,7,23,D01
201100064714,0,07,000,00,2,0,09,A01
201100064714,0,07,000,00,2,8,01,B01
201100064714,0,31,000,04,2,7,01,C01
201100064715,0,31,000,00,2,3,02,A01
201100064715,0,07,000,00,2,5,02,B01
201100064716,0,31,000,00,0,0,01,A01
201100064717,0,33,000,00,2,2,13,A01
201100064717,0,10,000,00,2,3,11,C01
201100064717,0,32,000,00,2,4,01,B01
201100064718,0,33,000,00,2,3,03,B01
201100064718,0,07,000,00,2,7,12,A01
201100064719,0,31,000,00,2,2,02,A01
201100064719,0,10,000,00,2,6,23,B01
201100064720,0,33,000,00,0,7,14,A01
201100064721,0,33,000,00,2,8,03,A01
201100064721,0,07,000,00,2,4,11,B01
201100064722,0,31,000,00,0,0,01,A01
201100064723,0,07,000,00,2,4,23,B01
201100064723,0,31,000,00,2,1,02,A01
201100064724,0,33,000,00,2,3,01,B01
201100064724,0,07,000,00,2,5,12,A01
201100064725,0,33,000,00,0,8,03,A01
201100064726,0,33,000,00,2,1,02,A01
201100064726,0,07,000,00,2,4,02,B01
201100064727,0,07,000,00,2,6,01,B01
201100064727,0,33,000,00,2,1,03,A01
201100064728,0,32,000,00,2,1,01,C01
201100064728,0,17,000,00,2,7,14,A01
201100064728,0,07,000,04,2,8,01,B01
201100064729,0,31,000,00,2,1,14,A01
201100064729,0,07,000,00,2,5,01,B01
201100064730,0,07,000,00,2,1,02,A01
201100064730,0,07,000,00,2,4,02,C01
201100064730,0,07,000,00,2,4,02,B01
201100064731,0,07,000,00,1,2,01,A01
201100064732,0,10,000,00,2,6,01,B01
201100064732,0,07,000,04,2,3,13,A01
201100064733,0,07,000,04,0,1,16,A01
201100064734,0,10,000,00,2,1,02,A01
201100064734,0,31,000,00,2,4,02,B01
201100064735,0,07,000,00,2,4,02,B01
201100064735,0,07,000,00,2,1,02,A01
201100064736,0,33,000,00,0,0,01,A01
201100064737,0,33,000,00,2,8,03,A01
201100064737,1,07,000,00,2,2,12,Z01
201100064738,0,07,000,00,2,1,02,A01
201100064738,0,07,000,00,2,4,02,B01
201100064739,0,33,000,00,2,2,03,B01
201100064739,0,10,000,00,2,6,11,A01
201100064740,0,33,000,00,2,3,03,B01
201100064740,0,10,000,00,2,5,23,C01
201100064740,0,07,000,00,2,2,12,A01
201100064741,0,31,000,00,2,3,03,B01
201100064741,0,07,000,00,2,7,12,A01
201100064741,0,10,000,00,2,3,01,C01
201100064742,1,07,000,00,2,7,14,Z01
201100064742,0,31,000,00,2,8,01,A01
201100064743,0,33,000,00,2,1,02,A01
201100064743,0,33,000,00,2,9,02,B01
201100064744,0,07,000,00,2,1,02,A01
201100064744,0,07,000,00,2,4,23,B01
201100064745,0,33,000,04,2,1,12,A01
201100064745,0,07,000,00,2,6,01,B01
201100064746,0,33,000,00,2,8,03,B01
201100064746,0,07,000,00,2,7,12,A01
201100064747,0,07,000,00,2,8,11,A01
201100064747,0,31,000,04,2,7,01,B01
201100064748,1,07,000,00,2,7,12,Z01
201100064748,0,33,000,00,2,2,01,A01
201100064749,0,10,000,00,2,0,01,B01
201100064749,0,07,000,00,2,0,01,C01
201100064749,0,33,000,00,2,1,03,A01
201100064750,0,07,000,04,0,3,14,A01
201100064751,0,07,000,04,2,1,14,A01
201100064751,0,07,000,04,2,6,01,B01
201100064752,0,07,000,04,0,2,14,A01
201100064753,1,14,000,00,2,1,02,Z01
201100064753,0,07,000,04,2,4,02,A01
201100064754,0,32,000,00,0,8,03,A01
201100064755,0,34,000,04,0,7,01,A01
201100064756,0,17,000,00,2,2,14,A01
201100064756,0,07,000,00,2,6,01,B01
201100064757,0,33,000,00,2,1,03,A01
201100064757,0,07,000,00,2,5,01,B01
201100064758,0,07,000,00,1,4,01,B01
201100064758,0,14,000,00,2,1,12,A01
201100064759,0,07,000,04,0,3,01,A01
201100064760,1,07,000,00,2,7,01,Z01
201100064760,0,32,000,00,2,8,13,A01
201100064761,0,07,000,00,2,1,01,A01
201100064761,0,07,000,00,0,4,23,B01
201100064762,0,07,000,04,2,7,01,B01
201100064762,1,07,000,00,2,3,01,Z01
201100064762,0,07,000,04,2,2,12,A01
201100064763,0,07,000,00,2,4,02,B01
201100064763,0,07,000,00,2,5,02,C01
201100064763,0,10,000,00,2,1,02,A01
201100064764,0,32,000,00,0,7,01,A01
201100064765,0,07,000,00,2,5,23,B01
201100064765,0,31,000,00,2,1,02,A01
201100064766,0,07,000,00,2,6,01,C01
201100064766,0,32,000,00,2,7,03,A01
201100064766,0,33,000,00,2,8,11,B01
201100064767,0,33,000,00,2,3,02,A01
201100064767,0,10,000,00,2,4,02,B01
201100064767,0,07,000,00,2,8,01,C01
201100064768,0,07,000,04,0,1,14,A01
201100064769,0,07,000,00,2,4,02,B01
201100064769,0,10,000,00,2,4,02,C01
201100064769,0,07,000,00,2,4,02,A01
201100064769,1,07,000,00,2,1,02,Z01
201100064770,0,33,000,00,2,1,02,A01
201100064770,0,07,000,00,2,4,02,B01
201100064771,0,07,000,00,2,1,02,A01
201100064771,0,07,000,00,2,4,23,D01
201100064771,0,07,000,00,2,4,02,B01
201100064771,0,07,000,00,2,4,23,C01
201100064772,0,07,000,14,0,1,01,A01
201100064773,0,33,000,00,2,1,02,A01
201100064773,0,07,000,00,2,4,02,B01
201100064774,0,10,000,00,2,4,01,B01
201100064774,0,33,000,00,2,7,01,A01
201100064775,0,33,000,00,2,2,11,A01
201100064775,0,13,000,00,2,6,01,B01
201100064775,0,10,000,00,2,2,01,C01
201100064776,0,07,000,00,2,3,02,B01
201100064776,0,07,000,00,2,5,02,C01
201100064776,0,07,000,00,2,1,02,A01
201100064777,0,14,000,00,2,1,02,A01
201100064777,0,10,000,00,2,4,23,B01
201100064777,0,10,000,00,2,4,23,C01
201100064778,0,33,000,00,2,8,02,E01
201100064778,0,07,000,00,2,3,02,D01
201100064778,0,10,000,00,2,1,02,C01
201100064778,0,34,000,00,2,3,01,B01
201100064778,0,07,000,00,2,5,14,A01
201100064779,0,34,000,00,2,1,02,A01
201100064779,0,07,000,00,2,5,02,B01
201100064780,0,33,000,00,2,8,01,A01
201100064781,0,07,000,04,2,5,11,B01
201100064781,0,33,000,00,2,1,01,A01
201100064782,0,07,000,00,2,4,23,B01
201100064782,0,10,000,00,2,1,02,A01
201100064783,0,07,000,00,2,3,11,A01
201100064783,0,33,000,00,2,2,03,B01
201100064784,0,07,000,00,2,8,02,D01
201100064784,0,33,000,00,2,7,02,B01
201100064784,0,07,000,00,2,8,11,A01
201100064784,0,07,000,00,2,5,02,C01
201100064785,0,31,000,00,2,1,02,A01
201100064785,0,07,000,00,2,5,02,B01
201100064786,0,07,000,00,2,1,02,A01
201100064786,0,07,000,00,2,4,02,B01
201100064787,0,07,000,00,2,1,02,D01
201100064787,0,07,000,00,2,4,02,B01
201100064787,0,07,000,00,2,4,02,A01
201100064787,0,07,000,00,2,4,02,C01
201100064788,0,33,000,00,0,8,01,A01
201100064789,0,07,000,04,0,2,14,A01
201100064790,0,33,000,12,2,5,02,A01
201100064790,1,07,000,00,2,3,02,Z01
201100064791,0,31,000,00,0,3,21,A01
201100064792,0,31,000,00,2,1,01,A01
201100064792,0,07,000,00,2,6,11,B01
201100064793,0,33,000,00,2,7,01,B01
201100064793,0,07,000,00,2,8,15,A01
201100064794,0,10,000,00,2,5,14,B01
201100064794,0,33,000,00,2,3,18,A01
201100064795,0,07,000,00,0,5,01,C01
201100064795,0,17,000,00,2,3,13,A01
201100064795,0,07,000,00,2,6,01,B01
201100064796,0,33,000,00,2,1,03,A01
201100064796,1,07,000,00,0,3,09,Z01
201100064796,0,07,000,00,0,3,01,B01
201100064797,0,33,000,00,2,2,01,B01
201100064797,0,07,000,00,0,3,11,A01
201100064798,0,32,000,00,2,8,01,B01
201100064798,0,07,000,00,2,2,12,A01
201100064799,1,07,000,00,0,0,12,Z01
201100064799,0,14,000,00,2,1,01,A01
201100064799,0,33,000,00,0,4,01,B01
201100064800,0,33,000,00,2,1,01,A01
201100064800,0,07,000,00,2,5,23,B01
201100064801,0,07,000,00,2,8,01,B01
201100064801,0,10,000,00,2,5,23,C01
201100064801,0,33,000,00,2,2,14,A01
201100064802,0,07,000,00,2,4,02,B01
201100064802,0,07,000,00,2,4,02,C01
201100064802,0,33,000,00,2,1,02,A01
201100064803,0,17,000,00,2,4,23,B01