Num_Acc,senc,catv,occutc,obs,obsm,choc,manv,num_veh
201100064803,0,33,000,00,2,1,12,A01
201100064804,0,33,000,00,0,7,21,A01
201100064805,0,31,000,00,2,3,11,B01
201100064805,0,33,000,00,2,2,03,A01
201100064806,0,33,000,00,2,3,03,A01
201100064806,0,07,000,00,0,7,12,B01
201100064807,0,31,000,00,2,1,01,A01
201100064807,0,07,000,00,0,4,01,B01
201100064808,0,07,000,00,2,1,01,A01
201100064808,0,07,000,00,2,4,01,B01
201100064808,0,07,000,00,2,4,01,C01
201100064809,0,07,000,00,0,8,01,C01
201100064809,0,33,000,00,2,3,03,A01
201100064809,0,07,000,00,2,2,12,B01
201100064810,0,07,000,00,2,7,01,B01
201100064810,0,31,000,00,2,3,03,A01
201100064811,0,34,000,00,2,8,01,A01
201100064811,0,07,000,00,0,2,14,B01
201100064811,0,07,000,00,0,6,01,C01
201100064812,0,33,000,00,0,3,01,B01
201100064812,0,07,000,00,2,5,12,A01
201100064813,0,32,000,00,2,2,03,A01
201100064813,0,37,001,00,0,6,01,B01
201100064814,0,33,000,00,0,7,11,A01
201100064815,0,31,000,00,2,3,02,A01
201100064815,0,07,000,00,2,5,02,B01
201100064816,0,07,000,00,2,4,02,B01
201100064816,0,07,000,00,2,1,02,A01
201100064816,0,07,000,00,2,4,23,C01
201100064816,0,07,000,00,2,4,23,D01
201100064817,0,32,000,00,0,7,01,A01
201100064818,0,07,000,00,2,5,12,A01
201100064818,0,33,000,00,2,3,01,B01
201100064819,1,07,000,00,2,1,01,Z01
201100064819,0,07,000,00,0,4,23,C01
201100064819,0,07,000,00,2,4,23,B01
201100064820,0,32,000,00,2,2,03,A01
201100064820,0,07,000,00,2,6,11,B01
201100064821,0,33,000,00,2,2,11,A01
201100064821,0,31,000,00,2,7,01,B01
201100064822,0,07,000,00,2,2,12,B01
201100064822,0,31,000,00,2,3,03,A01
201100064823,1,07,000,00,2,5,14,Z01
201100064823,0,31,000,00,2,1,03,A01
201100064824,0,14,000,00,2,1,01,A01
201100064824,0,07,000,00,0,4,23,E01
201100064824,0,10,000,00,2,4,23,C01
201100064824,0,07,000,00,2,4,23,D01
201100064824,0,10,000,00,2,4,23,B01
201100064825,0,32,000,00,2,3,13,A01
201100064825,0,07,000,00,0,5,23,B01
201100064826,0,33,000,00,2,1,01,A01
201100064826,0,10,000,00,0,5,23,B01
201100064827,0,07,000,00,2,6,01,C01
201100064827,0,33,000,00,2,2,01,B01
201100064827,0,07,000,00,2,3,11,A01
201100064828,0,33,000,00,2,7,03,A01
201100064828,1,07,000,00,2,8,11,Z01
201100064829,0,32,000,00,2,1,02,A01
201100064829,0,07,000,00,2,4,02,B01
201100064830,0,07,000,00,2,4,02,B01
201100064830,0,10,000,00,2,1,02,A01
201100064831,0,10,000,00,2,7,01,C01
201100064831,0,33,000,00,2,1,03,A01
201100064831,0,07,000,00,2,8,12,B01
201100064832,0,10,000,00,2,5,02,B01
201100064832,0,32,000,00,2,3,02,A01
201100064833,0,33,000,00,2,1,03,A01
201100064833,0,07,000,00,2,6,23,B01
201100064834,0,07,000,04,0,3,01,A01
201100064835,0,32,000,00,2,0,01,A01
201100064835,0,32,000,00,2,0,01,B01
201100064836,0,33,000,00,0,0,01,A01
201100064837,0,33,000,00,2,3,12,A01
201100064837,0,07,000,00,0,5,01,B01
201100064838,0,34,000,00,2,8,03,A01
201100064838,0,07,000,00,0,0,01,B01
201100064838,0,07,000,00,0,5,01,C01
201100064839,0,32,000,04,0,4,23,B01
201100064839,0,33,000,00,2,1,03,A01
201100064840,0,07,000,00,2,7,12,A01
201100064840,0,33,000,00,0,8,01,B01
201100064841,0,10,000,00,2,4,11,B01
201100064841,0,32,000,00,2,1,03,A01
201100064842,0,32,000,00,2,1,01,A01
201100064842,0,10,000,00,0,5,01,B01
201100064843,0,10,000,00,0,6,01,B01
201100064843,0,33,000,00,2,1,01,A01
201100064844,0,31,000,00,0,3,01,B01
201100064844,0,07,000,00,2,7,12,A01
201100064845,0,10,000,00,2,5,12,A01
201100064845,0,33,000,00,0,3,03,B01
201100064846,0,07,000,00,0,7,14,B01
201100064846,0,32,000,00,2,3,03,A01
201100064847,0,33,000,00,2,8,01,A01
201100064847,0,07,000,00,0,5,23,B01
201100064848,0,33,000,00,2,2,03,A01
201100064848,0,07,000,00,0,5,12,B01
201100064848,0,07,000,00,0,5,01,C01
201100064849,0,07,000,00,2,8,11,A01
201100064849,0,33,000,00,2,7,01,B01
201100064850,0,33,000,00,2,1,03,A01
201100064850,0,07,000,00,2,6,11,B01
201100064851,2,07,000,01,2,3,01,Z01
201100064851,0,07,000,00,0,5,01,A01
201100064852,0,07,000,00,2,3,14,A01
201100064852,0,07,000,00,0,5,01,C01
201100064852,0,33,000,00,2,8,01,B01
201100064853,0,31,000,00,0,7,01,A01
201100064854,0,07,000,00,2,6,11,A01
201100064854,0,33,000,00,2,2,01,B01
201100064855,1,33,000,00,2,3,01,C01
201100064855,0,07,000,00,2,2,14,A01
201100064855,0,07,000,00,2,4,01,D01
201100064855,1,33,000,00,2,8,01,B01
201100064856,0,33,000,00,2,1,03,A01
201100064856,0,07,000,00,0,7,12,B01
201100064857,0,07,000,00,0,4,23,B01
201100064857,0,07,000,00,2,1,01,A01
201100064858,0,33,000,00,2,1,01,A01
201100064858,1,07,000,00,2,1,23,B01
201100064859,0,07,000,00,0,4,01,B01
201100064859,1,07,000,00,2,8,11,Z01
201100064859,0,33,000,00,2,4,01,A01
201100064860,0,07,000,00,2,7,12,A01
201100064860,0,33,000,00,0,8,01,B01
201100064861,0,10,000,00,0,4,23,C01
201100064861,0,10,000,00,2,2,01,A01
201100064861,0,10,000,00,2,1,23,B01
201100064862,0,38,056,00,0,4,23,D01
201100064862,0,10,000,00,2,4,23,B01
201100064862,0,14,000,00,2,4,23,C01
201100064862,0,14,000,00,2,1,01,A01
201100064863,0,07,000,00,2,6,11,B01
201100064863,0,33,000,00,2,2,01,A01
201100064864,0,31,000,00,2,3,18,A01
201100064864,0,07,000,00,9,2,14,B01
201100064865,0,07,000,00,2,7,12,A01
201100064865,0,32,000,00,0,8,01,B01
201100064866,0,07,000,00,2,2,12,B01
201100064866,0,31,000,00,2,3,03,A01
201100064867,1,07,000,00,2,7,14,Z01
201100064867,0,33,000,00,2,8,03,A01
201100064868,0,07,000,00,2,5,23,B01
201100064868,0,33,000,00,2,1,02,C01
201100064868,0,10,000,00,2,3,02,A01
201100064869,0,32,000,00,2,2,03,A01
201100064869,0,07,000,00,2,3,01,B01
201100064870,0,07,000,04,0,1,01,C01
201100064870,0,07,000,00,2,2,01,A01
201100064870,0,07,000,00,0,4,01,B01
201100064871,0,33,000,00,2,3,01,A01
201100064871,0,07,000,00,0,5,12,B01
201100064872,0,07,000,00,1,4,23,B01
201100064872,0,32,000,01,0,1,01,A01
201100064873,0,07,000,04,0,5,12,A01
201100064873,0,07,000,00,2,5,01,B01
201100064874,0,07,000,00,0,4,23,B01
201100064874,0,33,000,00,2,1,03,A01
201100064875,0,07,000,00,2,1,01,A01
201100064875,0,07,000,00,0,4,23,B01
201100064876,1,07,000,00,2,0,14,Z01
201100064876,0,31,000,00,2,3,03,A01
201100064877,0,07,000,00,2,6,01,B01
201100064877,0,17,000,00,2,2,01,A01
201100064877,0,07,000,04,2,5,01,C01
201100064878,0,07,000,00,2,7,12,B01
201100064878,0,34,000,00,2,3,03,A01
201100064879,0,33,000,00,2,2,02,A01
201100064879,0,07,000,00,2,3,02,B01
201100064879,0,10,000,00,2,4,02,C01
201100064880,1,17,000,00,2,2,01,Z01
201100064880,0,07,000,00,2,3,01,A01
201100064881,0,07,000,04,0,1,01,A01
201100064882,0,33,000,00,2,1,03,A01
201100064882,0,10,000,00,2,8,01,C01
201100064882,0,07,000,04,2,5,01,B01
201100064883,0,07,000,00,2,6,11,B01
201100064883,0,33,000,00,2,1,01,A01
201100064884,0,33,000,00,2,1,02,A01
201100064884,0,07,000,00,2,4,02,B01
201100064885,0,33,000,00,2,3,03,A01
201100064885,0,10,000,00,2,5,01,B01
201100064886,0,31,000,00,2,1,03,A01
201100064886,0,07,000,00,2,5,12,B01
201100064887,0,07,000,00,2,1,01,C01
201100064887,0,07,000,04,2,3,01,B01
201100064887,0,17,000,00,2,5,12,A01
201100064888,0,33,000,00,2,1,03,B01
201100064888,0,07,000,00,2,2,12,A01
201100064889,0,34,000,00,2,2,01,A01
201100064889,1,07,000,00,2,0,11,Z01
201100064890,0,33,000,00,2,1,01,B01
201100064890,0,07,000,00,2,6,11,A01
201100064891,0,10,000,00,2,1,02,A01
201100064891,0,31,000,00,2,1,02,B01
201100064892,0,34,000,00,2,3,03,A01
201100064892,0,07,000,00,2,5,01,B01
201100064893,0,17,000,00,0,2,01,A01
201100064893,1,07,000,00,2,8,11,Z01
201100064894,0,32,000,00,2,3,03,B01
201100064894,0,10,000,00,2,7,12,A01
201100064895,0,07,000,00,2,4,01,E01
201100064895,0,07,000,00,2,1,01,C01
201100064895,0,10,000,00,2,1,01,F01
201100064895,0,07,000,00,2,4,01,D01
201100064895,0,07,000,00,2,1,01,A01
201100064895,0,07,000,00,2,4,01,B01
201100064895,0,07,000,00,0,4,01,G01
201100064896,0,07,000,00,0,6,01,C01
201100064896,0,33,000,00,2,1,03,B01
201100064896,0,07,000,00,0,5,12,A01
201100064897,0,07,000,00,2,5,02,A01
201100064897,2,07,000,04,2,3,02,Z01
201100064898,0,32,000,00,2,3,02,A01
201100064898,0,32,000,00,2,5,02,B01
201100064899,0,32,000,00,2,7,01,B01
201100064899,0,07,000,00,2,8,13,A01
201100064900,0,32,000,00,2,1,03,A01
201100064900,0,07,000,00,2,5,12,B01
201100064901,0,32,000,00,2,7,01,B01
201100064901,0,07,000,00,2,8,13,A01
201100064902,0,31,000,00,0,0,03,A01
201100064902,1,07,000,00,2,4,11,Z01
201100064903,0,07,000,04,2,1,01,A01
201100064903,0,07,000,00,2,0,01,B01
201100064904,0,07,000,00,2,6,02,B01
201100064904,0,07,000,00,2,4,02,C01
201100064904,0,07,000,04,2,8,02,A01
201100064905,0,07,000,00,2,5,12,A01
201100064905,0,33,000,00,2,8,01,B01
201100064906,0,07,000,00,2,1,01,A01
201100064906,0,10,000,00,0,4,23,B01
201100064907,0,07,000,00,2,1,02,A01
201100064907,0,07,000,00,2,4,02,B01
201100064908,0,07,000,00,2,1,11,A01
201100064908,0,31,000,00,2,1,03,B01
201100064909,0,33,000,00,2,1,03,A01
201100064909,0,07,000,00,2,5,12,B01
201100064909,0,07,000,00,2,8,01,C01
201100064910,0,07,000,00,2,6,02,B01
201100064910,0,07,000,00,2,5,02,C01
201100064910,1,07,000,00,2,3,11,Z01
201100064910,0,33,000,00,2,4,02,A01
201100064911,0,33,000,00,2,1,03,C01
201100064911,0,31,000,00,2,1,03,A01
201100064911,0,31,000,00,2,4,03,B01
201100064912,0,33,000,00,0,0,21,A01
201100064913,0,32,000,00,2,2,03,A01
201100064913,0,07,000,00,2,6,11,B01
201100064914,0,07,000,14,0,1,01,A01
201100064915,0,07,000,00,2,6,11,B01
201100064915,0,33,000,04,2,2,03,A01
201100064916,0,33,000,00,2,7,01,B01
201100064916,0,07,000,00,2,8,11,A01
201100064917,0,31,000,00,2,1,03,A01
201100064917,1,07,000,00,2,5,12,Z01
201100064918,0,07,000,00,2,7,01,C01
201100064918,0,38,045,00,2,7,12,A01
201100064918,0,07,000,00,2,8,01,B01
201100064919,0,33,000,00,2,2,11,A01
201100064919,0,07,000,00,0,8,11,B01
201100064920,0,33,000,00,2,1,01,A01
201100064920,0,07,000,00,0,5,14,B01
201100064921,0,07,000,00,0,4,01,B01
201100064921,0,32,000,00,2,1,03,A01
201100064922,0,07,000,00,0,5,23,A01
201100064922,1,07,000,00,2,0,11,Z01
201100064923,0,33,000,00,0,1,01,A01
201100064924,0,07,000,00,0,6,23,D01
201100064924,0,31,000,00,2,7,03,A01
201100064924,0,33,000,00,2,8,11,B01
201100064924,0,07,000,00,0,2,23,C01
201100064925,0,07,000,00,2,1,02,A01
201100064925,0,07,000,00,2,4,02,B01
201100064925,0,07,000,00,2,1,02,C01
201100064926,0,33,000,00,0,8,01,A01
201100064927,0,07,000,00,2,2,12,A01
201100064927,0,33,000,00,2,1,03,B01
201100064927,0,07,000,00,2,6,01,C01
201100064928,0,33,000,00,2,7,03,B01
201100064928,0,07,000,00,2,3,11,A01
201100064929,0,07,000,00,2,4,23,D01
201100064929,0,10,000,00,2,1,02,A01
201100064929,0,07,000,00,2,4,02,B01
201100064929,0,07,000,00,2,4,23,C01
201100064930,0,33,000,00,2,1,03,A01
201100064930,0,07,000,00,0,7,12,B01
201100064931,0,07,000,00,0,4,23,B01
201100064931,0,33,000,00,2,1,01,A01
201100064932,0,07,000,00,2,6,01,B01
201100064932,0,32,000,00,2,7,01,A01
201100064933,0,32,000,00,2,3,03,A01
201100064933,0,07,000,00,2,2,12,B01
201100064934,0,07,000,00,2,4,02,C01
201100064934,0,07,000,00,2,4,02,B01
201100064934,0,07,000,00,2,1,02,A01
201100064935,0,07,000,00,2,4,23,B01
201100064935,0,31,000,00,2,1,03,A01
201100064936,0,31,000,00,2,6,03,A01
201100064936,0,32,000,00,2,5,01,B01
201100064936,0,07,000,00,2,2,01,C01
201100064937,0,32,000,00,2,7,21,A01
201100064937,0,07,000,04,2,3,01,B01
201100064937,0,10,000,00,2,6,01,C01
201100064938,0,07,000,00,2,2,14,A01
201100064938,0,07,000,04,2,3,01,B01
201100064939,0,31,000,00,2,1,01,A01
201100064939,0,07,000,00,0,6,11,B01
201100064940,0,07,000,03,0,1,02,A01
201100064941,0,07,000,00,2,6,11,A01
201100064941,0,33,000,00,0,7,01,B01
201100064942,0,07,000,00,2,8,11,A01
201100064942,0,31,000,00,2,7,03,B01
201100064943,0,07,000,00,2,7,12,B01
201100064943,0,33,000,00,2,8,03,A01
201100064944,0,31,000,00,0,2,01,A01
201100064945,0,07,000,00,2,1,02,A01
201100064945,0,07,000,00,2,4,02,B01
201100064946,0,33,000,00,2,7,03,A01
201100064946,0,07,000,00,2,6,11,B01
201100064947,0,07,000,00,2,7,01,C01
201100064947,0,07,000,00,2,0,01,B01
201100064947,0,34,000,00,2,8,03,A01
201100064948,0,07,000,04,0,3,13,A01
201100064949,0,10,000,00,2,8,01,C01
201100064949,0,07,000,00,2,5,12,B01
201100064949,0,31,000,00,2,1,03,A01
201100064950,0,07,000,04,2,7,12,A01
201100064950,0,07,000,00,2,1,01,B01
201100064951,0,07,000,00,2,6,11,A01
201100064951,0,33,000,04,2,1,01,B01
201100064952,0,07,000,00,2,3,01,A01
201100064952,0,32,000,00,2,4,11,B01
201100064953,0,33,000,06,0,7,01,A01
201100064954,0,10,000,00,2,2,12,B01
201100064954,0,07,000,04,2,3,11,A01
201100064955,0,10,000,00,0,5,01,B01
201100064955,0,10,000,00,2,3,01,A01
201100064956,0,32,000,00,2,1,01,A01
201100064956,0,07,000,00,0,6,23,B01
201100064957,0,33,000,00,2,8,01,A01
201100064957,0,07,000,00,0,7,12,B01
201100064958,0,32,000,00,2,1,03,A01
201100064958,0,33,000,00,2,4,03,B01
201100064959,0,33,000,00,2,1,03,A01
201100064959,0,07,000,00,2,4,12,B01
201100064960,0,07,000,00,2,7,12,A01
201100064960,0,33,000,00,0,8,01,B01
201100064961,0,33,000,00,0,7,01,A01
201100064962,0,07,000,00,2,8,11,A01
201100064962,0,17,000,00,2,2,01,B01
201100064963,0,10,000,00,2,1,01,A01
201100064963,0,07,000,00,0,4,01,B01
201100064964,0,07,000,00,0,4,23,C01
201100064964,0,10,000,00,2,4,23,B01
201100064964,0,07,000,00,2,1,01,A01
201100064965,0,07,000,00,2,2,12,B01
201100064965,0,33,000,00,2,8,03,A01
201100064966,0,07,000,00,2,3,02,A01
201100064966,0,07,000,00,2,5,23,B01
201100064967,0,07,000,03,0,3,13,A01
201100064968,0,07,000,00,2,8,11,A01
201100064968,0,33,000,00,2,2,01,B01
201100064969,0,10,000,04,0,1,14,A01
201100064970,0,07,000,00,2,3,11,A01
201100064970,0,32,000,00,2,7,03,B01
201100064971,0,07,000,04,0,2,14,A01
201100064972,0,07,000,04,0,8,13,A01
201100064973,0,07,000,00,2,3,01,B01
201100064973,0,33,000,00,2,5,12,A01
201100064974,0,07,000,00,2,4,01,B01
201100064974,0,10,000,00,2,1,01,A01
201100064975,0,31,000,00,0,0,21,A01
201100064976,0,01,000,00,2,1,01,A01
201100064976,0,07,000,00,2,1,16,B01
201100064977,0,33,000,00,2,1,03,A01
201100064977,0,07,000,00,0,6,11,B01
201100064978,0,33,000,00,2,1,01,A01
201100064978,0,07,000,00,0,5,01,B01
201100064979,0,07,000,00,2,7,01,B01
201100064979,0,32,000,00,2,8,03,A01
201100064980,0,33,000,00,2,1,01,A01
201100064980,0,07,000,00,0,4,01,B01
201100064981,0,31,000,00,0,0,01,A01
201100064982,0,07,000,00,2,1,02,A01
201100064982,0,07,000,00,2,4,02,B01
201100064983,0,31,000,00,0,8,03,A01
201100064984,0,07,000,00,2,7,12,B01
201100064984,0,33,000,00,2,8,03,A01
201100064985,0,10,000,00,2,5,11,B01
201100064985,0,31,000,00,2,1,01,A01
201100064986,0,33,000,00,2,1,03,C01
201100064986,0,07,000,00,2,7,12,A01
201100064986,0,31,000,00,2,8,03,B01
201100064987,0,33,000,00,2,2,01,B01
201100064987,0,07,000,00,2,6,11,A01
201100064988,0,31,000,00,2,1,02,A01
201100064988,0,07,000,00,2,4,02,B01
201100064989,0,07,000,00,2,1,02,A01
201100064989,0,07,000,00,2,4,02,B01
201100064990,0,33,000,00,2,8,03,B01
201100064990,0,07,000,00,2,7,12,A01
201100064991,0,07,000,03,0,1,14,A01
201100064992,0,07,000,00,2,8,11,A01
201100064992,0,07,000,00,2,8,01,D01
201100064992,0,33,000,00,2,7,03,B01
201100064992,0,07,000,00,2,3,01,C01
201100064993,0,14,000,00,2,7,01,B01
201100064993,0,07,000,00,2,6,11,A01
201100064994,0,07,000,00,2,6,02,B01
201100064994,0,10,000,00,2,2,02,A01
201100064995,0,07,000,00,2,5,02,B01
201100064995,0,32,000,00,2,3,02,A01
201100064996,0,31,000,00,2,7,03,A01
201100064996,0,07,000,00,2,6,23,B01
201100064997,0,07,000,00,2,3,11,A01
201100064997,0,33,000,00,2,2,01,B01
201100064998,0,33,000,00,2,1,02,A01
201100064998,0,07,000,00,2,5,02,B01
201100064999,0,17,000,00,2,3,11,A01
201100064999,0,07,000,00,2,7,01,B01
201100065000,0,07,000,00,2,5,01,B01
201100065000,0,31,000,00,2,3,03,A01
201100065001,0,31,000,00,0,8,01,A01
201100065002,0,32,000,00,2,8,03,B01
201100065002,0,10,000,00,2,7,12,A01
201100065003,0,34,000,00,2,8,01,B01
201100065003,0,07,000,00,2,7,12,A01
201100065004,0,33,000,00,0,8,01,A01
201100065005,0,07,000,14,0,8,14,A01
201100065006,0,33,000,00,0,6,01,A01
201100065007,0,07,000,00,2,8,11,A01
201100065007,0,33,000,04,2,7,01,B01
201100065008,0,07,000,00,0,4,01,B01
201100065008,0,10,000,00,2,1,01,A01
201100065009,0,07,000,00,2,1,23,C01
201100065009,0,07,000,00,2,1,01,A01
201100065009,0,10,000,00,2,1,01,B01
201100065010,0,07,000,00,2,8,11,A01
201100065010,0,31,000,00,0,2,01,B01
201100065011,0,07,000,03,0,6,01,A01
201100065012,0,10,000,00,2,5,14,A01
201100065012,0,33,000,00,2,3,01,B01
201100065013,0,32,000,00,0,7,01,A01
201100065014,0,31,000,00,2,2,03,A01
201100065014,1,07,000,00,2,3,11,Z01
201100065015,0,07,000,00,2,1,01,A01
201100065015,0,07,000,00,2,1,01,C01
201100065015,0,07,000,00,0,4,01,B01
201100065016,0,07,000,00,2,1,01,A01
201100065016,0,07,000,00,2,4,01,B01
201100065017,0,07,000,03,2,1,01,A01
201100065017,0,07,000,00,0,2,01,B01
201100065018,0,07,000,04,0,6,01,B01
201100065018,0,07,000,00,2,7,01,A01
201100065019,0,07,000,00,2,2,01,A01
201100065019,0,07,000,00,0,6,23,B01
201100065020,0,32,000,03,0,1,12,A01
201100065021,0,07,000,00,2,4,23,B01
201100065021,0,07,000,00,0,5,23,D01
201100065021,0,07,000,00,2,4,23,C01
201100065021,0,07,000,00,2,1,01,A01
201100065022,0,10,000,00,0,4,23,B01
201100065022,0,07,000,00,2,1,01,C01
201100065022,0,07,000,00,2,1,01,A01
201100065022,0,10,000,00,0,1,23,E01
201100065022,0,07,000,00,2,4,23,D01
201100065023,0,07,000,00,2,8,12,A01
201100065023,0,33,000,00,2,2,03,B01
201100065024,0,07,000,00,2,6,02,B01
201100065024,0,07,000,00,2,3,23,C01
201100065024,0,07,000,04,2,1,02,A01
201100065025,0,07,000,00,2,1,01,A01
201100065025,0,07,000,00,2,4,15,B02
201100065025,0,07,000,00,2,3,01,C03
201100065026,0,07,000,00,1,8,04,A01
201100065027,0,07,000,00,2,7,15,A01
201100065027,0,30,000,00,2,1,01,B02
201100065028,0,07,000,00,0,0,01,A01
201100065029,0,07,000,00,2,1,01,B02
201100065029,0,07,000,00,2,1,01,A01
201100065030,0,07,000,00,2,1,01,B02
201100065030,0,07,000,04,2,7,13,A01
201100065031,0,33,000,00,0,7,01,A01
201100065032,0,07,000,13,2,8,01,B02
201100065032,0,07,000,03,2,3,13,A01
201100065033,0,07,000,00,1,1,19,A01
201100065034,0,07,000,00,1,2,01,A01
201100065035,0,07,000,00,2,2,19,A01
201100065035,0,32,000,00,2,1,01,B02
201100065036,0,07,000,00,1,1,01,A01
201100065037,0,31,000,00,2,1,01,A01
201100065037,0,31,000,00,2,1,01,B02
201100065037,0,07,000,00,2,3,01,C03
201100065038,0,07,000,00,2,1,01,A01
201100065038,0,07,000,00,2,1,01,B02
201100065039,0,07,000,00,1,5,01,A01
201100065040,0,02,000,00,0,0,01,A01
201100065041,0,31,000,00,2,1,01,B02
201100065041,1,07,000,00,2,3,13,A01
201100065042,0,31,000,00,2,1,01,B02
201100065042,0,07,000,00,2,6,19,A01
201100065043,0,07,000,02,0,2,17,A01
201100065044,0,07,000,08,1,1,01,A01
201100065045,0,07,000,00,0,9,02,A01
201100065046,0,07,000,13,0,3,01,A01
201100065047,0,07,000,08,0,1,01,A01
201100065048,0,13,000,00,2,8,01,D04
201100065048,0,07,000,00,2,3,17,A01
201100065048,0,07,000,00,2,1,01,B02
201100065048,0,07,000,00,2,1,01,C03
201100065049,0,30,000,00,0,0,01,A01
201100065050,0,07,000,12,0,1,01,A01
201100065051,0,07,000,00,1,3,01,A01
201100065052,0,02,000,01,0,1,01,A01
201100065052,0,07,000,00,2,5,00,B02
201100065053,0,07,000,13,0,0,02,A01
201100065054,0,07,000,00,1,2,01,A01
201100065055,0,07,000,00,9,9,01,A01
201100065056,0,07,000,00,2,3,05,B02
201100065056,0,07,000,00,2,3,01,A01
201100065057,0,07,000,02,0,9,11,A01
201100065058,0,31,000,00,6,1,01,A01
201100065059,0,07,000,00,2,7,01,B02
201100065059,0,30,000,00,2,1,19,A01
201100065060,0,30,000,00,2,1,01,A01
201100065060,0,07,000,00,2,2,15,B02
201100065061,0,07,000,00,2,1,13,A01
201100065061,0,07,000,00,2,1,01,B02
201100065062,0,32,000,00,2,1,13,A01
201100065062,0,10,000,00,2,3,01,B02
201100065063,0,32,000,10,0,1,01,A01
201100065064,0,07,000,00,2,3,01,A01
201100065064,0,33,000,00,2,1,01,B02
201100065065,0,07,000,00,2,8,15,A01
201100065065,0,31,000,00,2,2,17,B02
201100065066,0,07,000,06,0,8,09,A01
201100065066,0,07,000,00,2,7,01,B02
201100065066,0,07,000,00,2,1,09,C03
201100065067,0,33,000,04,0,1,00,A01
201100065068,0,07,000,00,1,2,21,A01
201100065069,0,07,000,00,2,3,01,A01
201100065069,0,13,000,12,0,8,01,B02
201100065070,0,07,000,00,2,3,17,C03
201100065070,0,07,000,00,2,5,17,D04
201100065070,0,33,000,00,2,1,18,A01
201100065070,0,33,000,00,2,1,18,B02
201100065071,0,01,000,00,0,0,01,A01
201100065072,0,31,000,00,2,1,09,B02
201100065072,0,07,000,00,2,1,19,A01
201100065073,0,07,000,00,2,2,01,B02
201100065073,0,30,000,00,2,1,13,A01
201100065074,0,01,000,00,2,4,01,B02
201100065074,0,07,000,00,9,3,09,A01
201100065075,0,07,000,00,0,1,01,A01
201100065075,0,33,000,00,0,1,13,B02
201100065076,0,07,000,00,2,3,01,B02
201100065076,0,07,000,00,0,0,23,C03
201100065076,0,32,000,00,2,1,17,A01
201100065077,0,33,000,16,0,7,01,A01
201100065078,0,33,000,00,2,1,17,A01
201100065078,0,07,000,00,2,3,19,B02
201100065079,0,10,000,00,1,7,01,A01
201100065080,0,02,000,00,0,1,01,A01
201100065081,0,07,000,15,0,1,01,A01
201100065082,0,07,000,00,2,1,01,B02
201100065082,0,07,000,00,2,7,01,A01
201100065083,0,07,000,00,1,2,01,A01
201100065084,0,07,000,00,2,4,02,B02
201100065084,0,33,000,00,2,1,02,A01
201100065085,0,33,000,00,2,8,13,A01
201100065085,0,07,000,00,2,2,00,B02
201100065086,0,07,000,01,0,1,01,A01
201100065087,0,07,000,00,0,7,01,A01
201100065087,0,36,000,00,0,2,19,B02
201100065088,0,07,000,00,0,4,15,B02
201100065088,0,33,000,00,2,1,02,A01
201100065089,0,07,000,00,0,2,01,A01
201100065090,0,31,000,00,0,1,01,A01
201100065091,0,07,000,00,2,1,13,B02
201100065091,0,07,000,00,2,3,01,A01
201100065092,0,07,000,00,0,3,01,B02
201100065092,0,07,000,00,0,3,13,A01
201100065093,0,10,000,00,1,2,01,A01
201100065094,0,07,000,00,2,3,13,A01
201100065094,0,07,000,00,2,3,01,B02
201100065095,0,07,000,00,2,3,15,A01
201100065095,0,07,000,00,2,1,01,B02
201100065095,0,07,000,00,2,1,01,C03
201100065096,0,07,000,00,1,1,01,A01
201100065097,0,07,000,02,0,3,11,A01
201100065098,0,07,000,00,2,2,02,A01
201100065098,0,01,000,00,0,4,01,B02
201100065099,0,07,000,00,2,7,15,A01
201100065099,0,30,000,00,2,1,01,B02
201100065100,0,07,000,00,2,1,01,A01
201100065100,0,02,000,00,0,7,01,B02
201100065101,0,33,000,00,2,3,00,B02
201100065101,0,07,000,00,2,3,00,A01
201100065102,0,07,000,00,0,3,00,B02
201100065102,0,07,000,00,0,3,00,A01
201100065103,0,36,000,00,2,1,01,A01
201100065103,0,07,000,00,2,1,01,B02
201100065104,0,33,000,00,2,1,21,A01
201100065104,0,07,000,00,2,3,13,B02
201100065105,0,07,000,00,2,1,21,A01
201100065105,0,07,000,00,2,1,01,B02
201100065106,0,31,000,14,0,1,01,A01
201100065107,0,07,000,02,0,2,01,A01
201100065108,0,07,000,13,0,9,17,A01
201100065109,0,07,000,00,2,3,17,A01
201100065109,0,07,000,00,2,3,01,C03
201100065109,0,07,000,00,2,3,01,B02
201100065110,0,07,000,00,1,2,01,A01
201100065111,0,33,000,01,0,9,13,A01
201100065112,0,30,000,00,2,2,17,A01
201100065112,0,07,000,00,2,3,15,B02
201100065113,0,07,000,00,9,3,01,A01
201100065113,0,07,000,00,2,1,01,B02
201100065113,0,02,000,00,2,0,13,C03
201100065114,0,07,000,00,9,3,15,A01
201100065114,0,02,000,00,2,8,00,B02
201100065115,0,07,000,00,0,4,01,D04
201100065115,0,07,000,00,2,4,01,B02
201100065115,0,07,000,00,2,4,01,C03
201100065115,0,07,000,00,2,1,01,A01
201100065116,0,36,000,00,0,1,01,A01
201100065117,0,07,000,00,2,3,15,A01
201100065117,0,33,000,00,2,1,17,B02
201100065118,0,07,000,00,1,3,01,A01
201100065119,0,33,000,00,0,1,00,A01
201100065119,0,07,000,00,2,8,00,B02