Num_Acc,senc,catv,occutc,obs,obsm,choc,manv,num_veh
201100065490,0,07,000,00,2,3,01,C03
201100065490,0,07,000,00,2,2,01,B02
201100065490,0,07,000,00,2,2,17,A01
201100065491,0,07,000,00,2,2,15,B02
201100065491,0,32,000,00,2,1,01,A01
201100065492,0,07,000,00,1,3,01,A01
201100065493,0,02,000,00,2,1,13,B02
201100065493,0,07,000,00,2,3,21,A01
201100065494,0,07,000,00,2,2,01,C03
201100065494,0,33,000,00,2,1,13,A01
201100065494,0,10,000,00,2,1,01,B02
201100065495,0,10,000,00,2,8,01,B02
201100065495,0,02,000,00,2,1,13,A01
201100065496,2,07,000,02,0,5,01,A01
201100065497,0,30,000,00,2,1,17,A01
201100065497,0,10,000,00,2,8,15,B02
201100065498,0,30,000,01,0,1,01,A01
201100065499,0,07,000,00,1,1,01,A01
201100065500,0,31,000,00,2,7,17,A01
201100065500,0,07,000,00,2,2,15,B02
201100065501,0,07,000,00,1,1,01,A01
201100065502,0,07,000,00,9,3,05,C03
201100065502,0,33,000,00,2,1,02,A01
201100065502,0,07,000,00,2,4,02,B02
201100065503,0,33,000,06,0,1,01,A01
201100065504,0,01,000,00,2,8,01,A01
201100065504,0,07,000,00,0,1,15,B02
201100065505,0,07,000,12,0,7,14,A01
201100065506,0,02,000,00,2,3,01,B02
201100065506,0,07,000,00,2,3,20,A01
201100065507,0,07,000,00,1,1,01,A01
201100065508,0,02,000,00,1,1,01,A01
201100065509,0,07,000,13,0,1,01,A01
201100065510,0,33,000,00,2,1,13,A01
201100065510,0,07,000,00,2,2,01,B02
201100065511,0,33,000,13,0,8,17,A01
201100065512,0,07,000,00,1,1,02,A01
201100065513,0,07,000,00,2,8,20,A01
201100065513,1,02,000,00,2,1,01,B02
201100065514,0,10,000,00,2,3,01,B02
201100065514,0,31,000,00,2,1,01,A01
201100065515,0,07,000,00,0,0,23,C03
201100065515,0,33,000,01,0,1,01,A01
201100065515,0,07,000,00,2,4,24,B02
201100065516,0,33,000,08,0,1,01,A01
201100065517,0,07,000,00,0,8,15,A01
201100065517,0,33,000,00,2,3,17,B02
201100065518,0,07,000,00,2,3,13,A01
201100065518,0,31,000,00,2,8,01,B02
201100065519,0,07,000,12,0,2,01,A01
201100065520,0,07,000,00,2,1,09,A01
201100065520,0,30,000,00,2,7,09,B02
201100065521,0,07,000,00,2,1,15,A01
201100065521,0,33,000,00,2,8,17,B02
201100065522,0,33,000,00,2,1,17,A01
201100065522,0,07,000,00,2,6,01,B02
201100065523,0,07,000,00,0,3,01,A01
201100065524,0,07,000,11,2,2,13,A01
201100065524,0,10,000,00,2,2,02,B02
201100065525,0,30,000,00,2,1,01,B02
201100065525,0,07,000,00,2,6,10,A01
201100065526,0,07,000,00,1,2,01,A01
201100065527,0,07,000,04,0,1,14,A01
201100065528,0,07,000,06,0,1,00,A01
201100065529,0,01,000,00,2,0,00,B02
201100065529,0,07,000,00,2,2,01,A01
201100065530,0,07,000,00,0,6,01,B02
201100065530,0,30,000,00,2,1,01,A01
201100065531,0,30,000,00,0,1,00,B02
201100065531,0,07,000,00,0,4,00,A01
201100065532,0,31,000,00,2,1,21,B02
201100065532,0,07,000,00,2,8,10,A01
201100065533,0,07,000,00,2,1,15,A01
201100065533,0,02,000,00,2,1,01,B02
201100065534,0,30,000,00,2,1,05,A01
201100065534,0,32,000,00,2,1,01,B02
201100065535,0,07,000,00,2,2,02,A01
201100065535,0,07,000,00,2,6,02,B02
201100065536,0,07,000,00,1,2,01,A01
201100065537,0,10,000,15,0,1,01,A01
201100065538,0,07,000,00,2,1,01,A01
201100065538,0,07,000,00,2,8,16,B02
201100065539,0,01,000,00,2,1,16,A01
201100065539,0,07,000,00,2,1,01,B02
201100065540,0,33,000,04,2,1,13,C03
201100065540,0,10,000,00,2,1,01,B02
201100065540,0,10,000,00,2,6,01,A01
201100065541,0,07,000,00,2,1,07,A01
201100065541,0,31,000,00,0,2,05,B02
201100065542,0,10,000,00,2,1,05,B02
201100065542,0,07,000,00,2,2,01,A01
201100065543,0,07,000,00,9,3,00,A01
201100065543,0,10,000,00,2,0,00,B02
201100065544,0,07,000,00,2,1,01,B02
201100065544,0,07,000,00,2,2,13,A01
201100065545,0,32,000,00,2,1,13,A01
201100065545,0,07,000,00,0,3,21,B02
201100065546,0,33,000,00,0,2,01,B02
201100065546,0,01,000,00,0,1,19,A01
201100065547,0,07,000,00,0,7,15,B02
201100065547,0,30,000,00,2,1,01,A01
201100065548,0,30,000,00,2,1,01,B02
201100065548,0,07,000,00,2,2,09,A01
201100065549,0,07,000,00,2,6,02,B02
201100065549,0,31,000,00,2,1,02,A01
201100065550,0,14,000,00,0,1,13,A01
201100065550,0,07,000,00,0,1,01,B02
201100065551,0,07,000,00,2,8,15,A01
201100065551,0,33,000,00,2,2,17,B02
201100065552,0,30,000,00,2,1,21,A01
201100065552,0,10,000,00,2,2,15,B02
201100065553,0,30,000,00,0,6,19,A01
201100065553,0,30,000,00,2,1,01,B02
201100065554,1,30,000,00,2,1,05,A01
201100065554,0,07,000,00,2,2,01,B02
201100065555,0,30,000,00,2,1,13,A01
201100065555,0,07,000,00,2,3,01,B02
201100065556,0,30,000,00,2,7,17,A01
201100065556,0,10,000,00,2,8,15,B02
201100065557,0,32,000,00,2,1,01,A01
201100065557,0,07,000,00,2,3,09,B02
201100065558,0,07,000,00,2,2,01,B02
201100065558,0,30,000,00,2,5,15,A01
201100065559,0,07,000,00,1,1,01,A01
201100065560,0,10,000,00,2,6,15,A01
201100065560,0,32,000,00,2,1,17,B02
201100065561,0,07,000,00,0,7,16,B02
201100065561,0,30,000,00,0,1,01,A01
201100065562,0,07,000,15,0,5,01,A01
201100065563,0,07,000,00,0,4,01,B02
201100065563,0,30,000,00,2,1,01,A01
201100065564,0,30,000,00,2,7,15,B02
201100065564,0,33,000,00,2,1,01,A01
201100065565,0,33,000,00,2,7,01,A01
201100065565,0,07,000,00,2,1,19,B02
201100065566,0,30,000,00,2,3,21,B02
201100065566,0,07,000,00,2,7,15,A01
201100065567,0,30,000,00,2,1,13,B02
201100065567,0,07,000,00,2,3,01,A01
201100065568,0,07,000,00,1,2,21,A01
201100065569,0,07,000,00,2,3,17,A01
201100065569,0,30,000,00,2,1,01,B02
201100065570,0,33,000,00,0,7,02,B02
201100065570,0,10,000,00,2,1,19,A01
201100065571,0,07,000,00,1,0,16,A01
201100065572,0,07,000,00,1,2,01,A01
201100065573,0,07,000,00,2,1,13,A01
201100065573,0,07,000,00,2,1,01,B02
201100065574,0,07,000,00,2,0,21,A01
201100065575,0,07,000,00,2,3,13,A01
201100065575,0,02,000,00,2,8,01,B02
201100065576,0,07,000,00,1,1,01,A01
201100065577,0,07,000,13,0,2,01,A01
201100065578,0,33,000,00,0,7,01,A01
201100065579,0,30,000,00,2,1,05,A01
201100065579,0,07,000,00,2,2,01,B02
201100065580,0,07,000,00,2,3,15,A01
201100065580,0,33,000,00,2,1,17,B02
201100065581,0,30,000,06,0,1,01,A01
201100065582,0,07,000,00,0,5,15,A01
201100065582,0,02,000,00,2,1,01,B02
201100065583,0,07,000,00,9,2,15,A01
201100065583,0,01,000,00,2,1,01,B02
201100065584,0,07,000,00,0,3,13,A01
201100065584,0,07,000,00,2,3,01,B02
201100065584,0,14,000,00,2,3,01,C03
201100065585,0,07,000,00,2,2,01,B02
201100065585,0,30,000,00,2,1,15,A01
201100065586,0,07,000,00,2,2,15,A01
201100065586,0,30,000,00,2,1,01,B02
201100065587,0,07,000,00,2,3,01,B02
201100065587,0,07,000,00,2,2,17,A01
201100065588,0,07,000,06,1,3,01,A01
201100065588,0,01,000,00,2,7,23,B02
201100065589,0,07,000,00,2,1,01,B02
201100065589,0,07,000,00,9,3,01,D04
201100065589,0,07,000,00,2,3,13,C03
201100065589,0,10,000,00,2,3,01,A01
201100065590,0,07,000,00,2,8,01,B02
201100065590,1,07,000,00,2,3,13,A01
201100065590,0,07,000,00,2,1,01,D04
201100065590,0,10,000,00,2,1,21,C03
201100065591,0,07,000,00,2,1,19,A01
201100065591,0,31,000,09,2,8,01,B02
201100065592,0,07,000,00,0,0,00,A01
201100065593,0,07,000,00,1,2,01,A01
201100065594,0,07,000,00,2,6,01,B02
201100065594,0,07,000,00,2,1,13,A01
201100065595,0,07,000,00,1,4,04,A01
201100065596,0,07,000,00,2,2,01,A01
201100065596,0,32,000,00,0,4,23,B02
201100065597,0,30,000,00,0,0,00,B02
201100065597,0,30,000,00,2,1,01,A01
201100065598,0,07,000,00,0,2,11,A01
201100065598,0,02,000,00,0,1,01,B02
201100065599,0,07,000,00,2,1,01,A01
201100065599,0,30,000,00,2,8,01,B02
201100065600,0,07,000,00,1,2,01,A01
201100065601,0,30,000,00,5,0,21,A01
201100065602,0,07,000,00,2,3,10,A01
201100065602,0,07,000,00,2,5,01,B02
201100065603,0,07,000,00,2,1,01,A01
201100065603,0,37,000,00,2,3,00,B02
201100065604,0,07,000,00,2,2,01,A01
201100065604,0,02,000,00,2,3,15,B02
201100065605,0,07,000,00,2,8,15,A01
201100065605,0,31,000,00,2,1,01,B02
201100065606,0,07,000,00,2,2,15,A01
201100065606,0,01,000,00,2,1,16,B02
201100065607,0,07,000,00,0,2,15,A01
201100065607,0,32,000,00,2,1,01,B02
201100065608,0,07,000,00,6,9,01,A01
201100065609,0,07,000,00,2,1,01,A01
201100065609,0,07,000,00,2,1,05,B02
201100065610,0,07,000,00,2,1,01,A01
201100065610,0,07,000,00,2,4,01,B02
201100065611,0,07,000,00,2,8,01,B02
201100065611,0,07,000,00,2,3,01,C03
201100065611,0,10,000,00,2,3,13,A01
201100065612,0,07,000,00,2,2,21,A01
201100065612,0,01,000,00,2,8,15,B02
201100065613,0,30,000,00,2,5,15,B02
201100065613,0,07,000,00,2,2,01,A01
201100065614,0,07,000,00,2,3,09,A01
201100065614,0,01,000,00,2,1,00,B02
201100065615,0,30,000,00,2,3,02,A01
201100065615,0,10,000,00,0,5,17,B02
201100065615,0,99,000,00,0,0,17,C03
201100065616,0,30,000,03,0,2,01,A01
201100065617,0,30,000,00,1,0,01,A01
201100065617,2,07,000,00,2,0,01,B02
201100065618,0,07,000,00,1,2,01,A01
201100065619,0,10,000,00,1,3,01,A01
201100065620,0,02,000,00,2,1,17,A01
201100065620,0,07,000,00,2,8,15,B02
201100065621,0,07,000,00,1,2,01,A01
201100065622,0,07,000,00,2,5,15,A01
201100065622,0,30,000,00,2,1,01,B02
201100065623,0,10,000,00,2,7,16,A01
201100065623,0,02,000,00,2,2,18,B02
201100065624,0,07,000,00,2,2,15,A01
201100065624,0,33,000,00,2,1,15,B02
201100065625,0,30,000,00,2,1,17,A01
201100065625,0,38,000,00,2,3,15,B02
201100065626,0,07,000,00,2,4,23,A01
201100065626,0,15,000,00,2,1,01,B02
201100065626,0,10,000,00,2,7,01,C03
201100065627,0,33,000,00,2,1,01,B02
201100065627,0,07,000,00,2,3,15,A01
201100065628,0,31,000,00,2,8,01,B02
201100065628,0,07,000,00,2,3,15,A01
201100065629,0,01,000,00,2,3,13,A01
201100065629,0,07,000,00,9,7,17,B02
201100065630,0,07,000,00,0,1,01,B02
201100065630,0,07,000,00,0,1,13,A01
201100065631,0,01,000,00,2,1,13,A01
201100065631,0,07,000,00,2,1,15,B02
201100065632,0,10,000,00,2,1,01,B02
201100065632,0,07,000,00,2,1,05,A01
201100065633,0,99,000,00,2,2,17,A01
201100065633,0,07,000,00,2,8,15,B02
201100065634,0,07,000,00,1,3,01,A01
201100065635,0,30,000,02,0,1,11,A01
201100065636,0,07,000,00,1,3,01,A01
201100065637,0,07,000,00,2,7,15,A01
201100065637,0,02,000,00,2,1,00,B02
201100065638,0,07,000,00,2,5,15,A01
201100065638,0,01,000,00,2,1,01,B02
201100065639,0,99,000,00,1,1,01,A01
201100065640,0,07,000,00,1,2,01,A01
201100065641,0,07,000,00,1,0,04,A01
201100065642,0,07,000,00,0,2,02,A01
201100065642,0,07,000,00,0,6,02,B01
201100065643,0,07,000,00,2,8,16,B01
201100065643,0,07,000,00,2,6,04,A01
201100065644,2,07,000,00,2,3,00,A01
201100065644,0,33,000,00,2,8,01,B01
201100065645,0,07,000,00,2,1,01,A01
201100065645,0,07,000,00,2,1,02,B01
201100065646,0,07,000,00,2,1,01,A01
201100065646,0,07,000,00,2,3,15,B01
201100065647,0,07,000,00,1,7,21,A01
201100065648,0,07,000,00,0,6,00,A01
201100065648,0,07,000,00,1,1,11,B01
201100065649,0,07,000,00,0,2,13,A01
201100065650,0,32,000,00,9,1,00,A01
201100065650,0,07,000,00,0,0,00,B01
201100065651,0,07,000,00,1,3,01,A01
201100065652,0,07,000,01,0,4,13,A01
201100065652,0,07,000,01,2,1,02,B01
201100065652,0,07,000,01,9,0,02,C01
201100065653,0,07,000,00,2,0,02,A01
201100065653,0,30,000,01,0,0,02,B01
201100065654,0,30,000,01,2,1,18,A01
201100065654,0,07,000,00,0,7,20,B01
201100065655,2,30,000,00,2,1,00,A01
201100065655,0,07,000,00,2,3,02,B01
201100065656,1,99,000,00,1,1,01,A01
201100065657,0,32,000,00,2,0,00,A01
201100065657,0,07,000,00,0,2,00,B01
201100065658,0,07,000,00,2,1,01,A01
201100065658,0,30,000,00,2,8,16,B01
201100065659,0,07,000,05,0,2,01,A01
201100065660,0,07,000,00,2,7,01,A01
201100065660,0,01,000,00,2,0,01,B01
201100065661,0,07,000,00,2,2,15,A01
201100065661,0,02,000,00,2,1,01,B01
201100065662,0,33,000,14,0,0,01,A01
201100065663,0,33,000,00,2,1,02,A01
201100065663,0,07,000,00,2,5,01,B01
201100065664,0,33,000,00,0,0,01,A01
201100065665,0,02,000,01,0,0,01,A01
201100065666,0,10,000,00,1,1,01,A01
201100065667,0,07,000,01,0,1,01,A01
201100065667,0,07,000,00,2,7,24,B01
201100065668,0,07,000,00,2,0,02,A01
201100065668,0,07,000,01,0,0,02,B01
201100065669,0,07,000,00,2,7,17,A01
201100065669,0,01,000,00,2,8,01,B01
201100065670,0,07,000,00,2,8,01,A01
201100065670,0,01,000,00,2,0,19,B01
201100065671,1,30,000,00,1,0,01,Z01
201100065672,0,07,000,02,0,1,01,A01
201100065673,0,07,000,15,0,7,00,A01
201100065674,0,33,000,15,0,1,00,A01
201100065675,0,01,000,00,2,1,00,A01
201100065675,0,07,000,00,2,5,02,B01
201100065676,0,07,000,00,1,3,01,A01
201100065677,0,07,000,06,0,9,00,A01
201100065678,0,07,000,06,2,1,00,A01
201100065679,0,07,000,00,2,8,15,A01
201100065679,0,07,000,00,2,3,01,B01
201100065680,0,07,000,00,1,3,01,B01
201100065680,0,07,000,00,2,3,01,A01
201100065681,0,01,000,00,2,4,02,B01
201100065681,2,07,000,00,2,1,02,A01
201100065682,0,07,000,00,2,1,01,A01
201100065682,0,07,000,00,2,1,15,B01
201100065683,0,37,059,00,0,0,01,A01
201100065684,0,07,000,00,2,7,15,B01
201100065684,0,32,000,00,2,1,01,A01
201100065685,0,10,000,00,2,1,15,A01
201100065685,0,33,000,00,2,1,01,B01
201100065686,0,07,000,00,2,3,01,B01
201100065686,0,02,000,00,2,1,01,A01
201100065687,0,07,000,00,2,1,01,B01
201100065687,0,07,000,00,2,7,19,A01
201100065688,0,07,000,00,2,4,02,B01
201100065688,0,33,000,00,2,1,02,A01
201100065689,0,32,000,08,2,8,01,B01
201100065689,0,07,000,00,2,5,15,A01
201100065690,0,07,000,00,2,4,02,B01
201100065690,0,30,000,00,2,1,02,A01
201100065691,0,07,000,00,2,1,01,C01
201100065691,0,07,000,00,2,3,01,A01
201100065691,0,07,000,00,2,3,01,B01
201100065692,0,07,000,00,2,4,01,B01
201100065692,0,02,000,00,2,1,01,A01
201100065693,0,07,000,00,2,2,01,B01
201100065693,0,33,000,00,2,4,02,A01
201100065694,0,30,000,00,2,1,01,A01
201100065694,0,07,000,00,2,8,15,B01
201100065695,0,07,000,00,2,7,19,A01
201100065695,0,07,000,00,1,1,01,B01
201100065696,0,07,000,00,2,7,01,A01
201100065696,0,33,000,00,2,0,01,B01
201100065697,0,07,000,00,2,2,09,A01
201100065697,0,02,000,00,2,7,17,B01
201100065698,0,07,000,00,2,2,01,B01
201100065698,0,07,000,00,2,8,01,A01
201100065699,0,30,000,00,2,0,01,A01
201100065699,0,30,000,00,2,0,01,B01
201100065699,0,02,000,00,2,1,02,C01
201100065699,1,07,000,00,2,0,00,Z01
201100065700,0,02,000,00,0,0,01,A01
201100065701,0,07,000,00,2,6,02,B01
201100065701,0,07,000,00,2,2,02,A01
201100065702,0,07,000,04,0,1,01,A01
201100065703,0,01,000,00,2,4,02,B01
201100065703,0,07,000,00,2,1,09,A01
201100065704,0,07,000,13,0,1,01,A01
201100065705,0,07,000,06,0,2,01,A01
201100065706,0,07,000,00,2,3,02,A01
201100065706,0,07,000,00,2,6,01,B01
201100065707,0,07,000,00,2,4,23,B01
201100065707,0,07,000,00,2,1,02,A01
201100065708,0,07,000,00,2,4,01,B01
201100065708,0,30,000,00,2,1,02,A01
201100065709,0,07,000,00,2,3,15,B01
201100065709,0,32,000,00,2,1,18,A01
201100065710,0,07,000,00,0,0,01,A01
201100065711,0,30,000,00,2,1,01,A01
201100065711,0,07,000,00,2,2,15,B01
201100065712,0,31,000,00,2,1,01,A01
201100065712,0,07,000,00,2,2,15,B01
201100065713,0,07,000,00,0,0,01,A01
201100065714,0,33,000,00,2,1,01,B01
201100065714,0,07,000,12,2,3,01,A01
201100065715,1,30,000,00,2,0,13,Z01
201100065715,0,33,000,00,2,1,01,A01
201100065716,0,07,000,00,1,2,17,A01
201100065717,0,07,000,00,1,2,01,A01
201100065718,0,07,000,00,1,2,01,A01
201100065719,0,30,000,00,2,1,05,B01
201100065719,0,07,000,00,2,2,05,A01
201100065720,0,07,000,00,1,2,01,A01
201100065721,1,07,000,00,1,2,01,Z01
201100065722,0,07,000,00,2,1,01,A01
201100065722,0,07,000,00,2,4,01,B01
201100065723,0,10,000,06,0,1,01,A01
201100065724,0,07,000,00,2,6,13,B01
201100065724,0,07,000,00,2,4,23,C01
201100065724,0,33,000,00,2,1,01,A01
201100065725,0,07,000,14,0,9,01,A01
201100065726,0,07,000,14,0,7,01,A01
201100065727,0,30,000,00,2,8,01,A01
201100065727,1,07,000,00,2,7,01,Z01
201100065728,0,30,000,00,2,8,01,B01
201100065728,0,07,000,00,2,3,15,A01
201100065729,0,07,000,03,0,2,00,A01
201100065730,0,32,000,00,2,8,09,A01
201100065730,0,10,000,00,2,2,01,B01
201100065731,0,07,000,00,2,6,24,B01
201100065731,0,32,000,00,2,1,01,A01
201100065732,1,31,000,00,2,0,17,Z01
201100065732,0,07,000,00,2,2,01,B01
201100065733,0,07,000,00,1,1,02,A01
201100065734,0,07,000,00,2,3,01,A01
201100065734,0,07,000,00,2,8,01,B01
201100065735,2,02,000,00,1,1,00,Z01
201100065736,0,07,000,00,2,1,01,A01
201100065736,0,07,000,00,2,1,09,B01
201100065737,0,30,000,00,2,1,01,B01
201100065737,0,07,000,00,2,2,15,A01
201100065738,0,10,000,00,2,8,15,C01
201100065738,0,02,000,00,2,1,17,A01
201100065738,0,30,000,00,2,1,17,B01
201100065739,0,07,000,00,2,1,01,A01
201100065739,0,10,000,00,2,1,01,B01
201100065740,0,01,000,00,2,0,01,D01
201100065740,0,01,000,00,2,0,01,B01
201100065740,0,07,000,00,2,8,01,A01
201100065740,0,01,000,00,2,0,01,C01
201100065741,0,07,000,00,2,1,00,A01
201100065741,0,07,000,00,2,1,00,B01
201100065742,0,14,000,00,2,4,23,B01
201100065742,0,07,000,00,2,1,01,A01
201100065743,0,07,000,00,1,1,00,A01
201100065744,0,10,000,00,2,4,02,B01
201100065744,0,07,000,00,2,4,02,A01
201100065744,0,07,000,00,2,1,02,C01
201100065745,0,30,000,01,0,1,01,A01
201100065746,0,02,000,00,2,4,01,B01
201100065746,0,07,000,00,2,1,20,A01
201100065747,0,07,000,00,2,1,01,B01
201100065747,0,07,000,00,2,1,10,A01
201100065748,0,07,000,00,2,2,17,A01
201100065748,0,07,000,00,2,3,15,B01
201100065749,0,07,000,00,2,6,10,B01
201100065749,1,30,000,00,2,6,02,A01
201100065750,0,07,000,00,2,7,05,A01
201100065750,0,07,000,00,2,7,01,B01
201100065751,0,33,000,08,0,1,01,A01
201100065752,0,07,000,00,1,7,01,A01
201100065753,0,03,000,00,2,1,15,B01
201100065753,0,07,000,00,2,1,01,A01
201100065754,0,07,000,00,2,1,13,A01
201100065754,0,07,000,00,2,1,00,B01
201100065755,0,31,000,00,2,8,01,A01
201100065755,0,07,000,00,2,3,15,B01
201100065756,0,03,000,01,1,3,01,A01
201100065757,0,07,000,00,2,7,15,A01
201100065757,0,31,000,00,2,1,01,B01
201100065758,0,10,000,00,1,4,04,A01
201100065759,0,33,000,00,2,6,00,B01
201100065759,0,07,000,00,2,3,00,A01
201100065760,0,32,000,00,0,0,01,A01
201100065761,0,32,000,00,1,1,01,A01
201100065762,0,07,000,00,2,1,00,B01
201100065762,0,07,000,00,2,4,00,A01
201100065763,0,07,000,00,2,1,01,A01
201100065763,0,07,000,00,2,7,01,B01
201100065764,0,02,000,00,2,7,01,B01
201100065764,1,07,000,00,2,0,10,Z01
201100065765,0,33,000,00,2,1,01,B01
201100065765,0,07,000,00,2,1,15,A01
201100065766,0,02,000,00,2,4,02,C01
201100065766,0,30,000,00,2,4,02,B01
201100065766,1,99,000,00,2,1,02,Z01
201100065767,0,07,000,00,2,1,01,B01
201100065767,0,07,000,00,2,1,17,A01
201100065768,0,07,000,00,2,1,02,B01
201100065768,0,07,000,00,2,1,02,C01
201100065768,0,07,000,00,2,1,01,D01
201100065768,0,30,000,00,2,1,21,A01
201100065769,0,30,000,00,0,1,01,B01
201100065769,0,10,000,00,0,7,15,A01
201100065770,0,07,000,00,1,2,01,A01
201100065771,0,33,000,04,0,1,01,A01
201100065772,0,07,000,00,2,8,21,D01
201100065772,0,07,000,00,2,3,15,B01
201100065772,0,07,000,00,2,1,17,A01
201100065772,0,07,000,00,2,1,01,C01
201100065773,0,07,000,00,2,1,01,B01
201100065773,0,07,000,00,2,1,01,A01
201100065773,0,07,000,00,2,1,01,C01
201100065774,0,07,000,00,0,1,00,A01
201100065774,0,07,000,00,0,0,00,B01
201100065775,0,30,000,00,2,8,01,B01
201100065775,0,07,000,00,2,1,15,A01
201100065776,0,07,000,00,2,1,01,B01
201100065776,0,07,000,00,2,7,01,A01
201100065777,0,01,000,00,0,0,00,B01
201100065777,1,07,000,00,9,4,01,Z01
201100065778,0,07,000,00,2,7,15,A01
201100065778,0,02,000,00,2,9,01,B01
201100065779,0,07,000,00,0,1,00,B01
201100065779,0,07,000,00,0,1,00,A01
201100065780,0,30,000,00,2,8,01,B01
201100065780,0,07,000,00,9,3,15,A01
201100065781,0,30,000,00,2,4,02,A01
201100065781,0,07,000,00,2,1,02,B01
201100065782,0,07,000,00,1,7,01,A01
201100065783,0,07,000,00,2,8,15,A01
201100065783,0,31,000,00,2,1,01,B01
201100065784,0,07,000,00,0,8,01,A01
201100065785,0,07,000,00,2,2,15,B01
201100065785,0,32,000,00,2,1,01,A01
201100065786,0,07,000,00,2,3,15,A01
201100065786,0,30,000,00,2,1,21,B01
201100065787,2,07,000,15,1,4,01,A01
201100065788,0,10,000,00,2,3,00,A01
201100065788,0,10,000,00,2,3,01,B01
201100065789,0,10,000,00,1,1,00,A01
201100065790,0,07,000,00,2,3,13,B01
201100065790,0,07,000,00,2,3,00,C01
201100065790,0,07,000,00,2,1,03,A01
201100065791,0,07,000,00,2,3,18,A01
201100065791,0,07,000,00,2,3,15,B01
201100065792,0,07,000,03,0,0,02,A01
201100065793,0,07,000,00,0,0,00,A01
201100065794,0,07,000,03,2,1,01,A01
201100065794,0,02,000,00,2,0,01,B01
201100065795,0,07,000,01,0,1,01,A01
201100065796,0,07,000,00,2,1,01,B01
201100065796,0,07,000,00,2,1,01,A01
201100065797,0,02,000,00,2,0,01,A01
201100065797,1,07,000,00,2,0,00,Z01
201100065798,0,33,000,06,0,1,02,A01
201100065799,0,33,000,00,2,1,00,A01
201100065799,0,07,000,08,2,1,01,B01
201100065800,0,14,000,00,2,5,05,A01
201100065800,0,33,000,01,0,1,01,B01
201100065801,0,30,000,00,1,0,01,A01
201100065802,0,07,000,00,1,2,01,A01
201100065803,0,07,000,00,1,7,00,A01
201100065804,1,30,000,02,1,1,00,A01
201100065805,0,34,000,08,2,1,01,A01
201100065805,0,10,000,00,2,1,17,B01
201100065806,0,32,000,00,2,1,01,B01
201100065806,0,07,000,00,2,3,09,A01
201100065807,0,07,000,00,2,1,01,A01
201100065807,0,07,000,00,1,0,23,B01
201100065808,0,07,000,02,0,0,01,A01
201100065809,0,07,000,00,1,9,17,A01
201100065810,0,07,000,00,2,1,00,B01
201100065810,0,07,000,00,2,8,00,A01
201100065811,0,07,000,00,2,1,01,A01
201100065811,0,30,000,00,2,1,00,B01
201100065812,0,02,000,00,0,0,00,A01
201100065813,0,34,000,00,0,0,21,A01
201100065813,1,07,000,00,2,0,00,Z01
201100065814,0,07,000,00,2,1,00,B01
201100065814,0,07,000,00,2,8,00,A01
201100065815,0,33,000,16,0,0,00,A01
201100065816,0,07,000,00,2,4,01,A01
201100065816,0,30,000,00,2,1,01,B01
201100065817,0,07,000,00,2,7,17,A01
201100065817,0,30,000,00,2,1,01,B01
201100065818,0,07,000,00,1,1,16,A01
201100065819,0,31,000,00,2,1,01,B01
201100065819,0,07,000,00,2,7,15,A01
201100065820,0,07,000,00,1,7,01,A01
201100065821,0,07,000,00,2,2,01,B01
201100065821,0,07,000,00,2,3,15,A01
201100065822,0,07,000,00,1,2,01,A01
201100065823,0,07,000,00,2,3,00,B01
201100065823,1,30,000,00,2,0,01,A01
201100065824,0,07,000,00,1,2,01,A01
201100065825,0,07,000,00,1,1,01,A01
201100065826,0,34,000,00,2,0,01,A01
201100065826,0,07,000,00,2,6,02,B01
201100065827,0,33,000,00,0,0,00,A01
201100065828,0,07,000,08,1,5,02,A01
201100065829,0,07,000,00,2,3,20,A01
201100065829,0,31,000,00,2,1,01,B01
201100065830,0,07,000,00,2,4,02,A01
201100065830,0,31,000,00,2,1,02,B01
201100065831,0,07,000,00,1,1,01,A01
201100065832,0,07,000,00,2,8,01,C01
201100065832,0,07,000,00,2,1,01,B01
201100065832,0,07,000,00,2,2,09,A01
201100065833,0,07,000,03,2,3,00,B01
201100065833,0,07,000,00,2,1,01,A01
201100065834,1,30,000,00,1,0,01,A01
201100065835,0,33,000,00,2,1,02,A01
201100065835,0,07,000,00,0,3,02,B01
201100065836,0,07,000,00,2,2,01,B01
201100065836,0,07,000,00,2,8,15,A01
201100065837,0,31,000,00,1,1,01,A01
201100065838,0,07,000,00,2,6,00,A01
201100065838,0,30,000,00,2,6,02,B01
201100065839,0,07,000,08,2,3,00,A01
201100065839,0,30,000,00,2,9,00,B01
201100065840,0,07,000,00,2,1,01,A01
201100065840,0,07,000,00,2,2,15,B01
201100065841,0,10,000,00,2,2,15,A01
201100065841,0,30,000,00,2,0,01,B01
201100065842,0,01,000,16,0,1,14,A01
201100065843,0,33,000,00,1,1,01,A01
201100065844,0,07,000,00,2,2,01,A01
201100065844,0,33,000,00,2,1,01,B01
201100065845,0,07,000,00,2,1,01,B01
201100065845,0,33,000,00,5,1,21,A01
201100065846,0,07,000,00,1,4,04,A01
201100065847,1,07,000,00,1,1,13,Z01
201100065848,0,07,000,00,1,1,01,A01
201100065849,0,31,000,00,2,1,01,B01
201100065849,0,07,000,00,2,8,15,A01
201100065850,0,30,000,00,2,1,01,B01
201100065850,0,07,000,00,2,8,15,A01
201100065851,0,02,000,16,0,5,14,A01
201100065852,0,07,000,00,2,4,02,B01