Num_Acc,senc,catv,occutc,obs,obsm,choc,manv,num_veh
201100065852,0,07,000,00,2,1,02,A01
201100065853,0,07,000,04,0,3,15,A01
201100065854,0,30,000,16,0,1,14,Z01
201100065855,1,07,000,00,1,1,13,Z01
201100065856,0,07,000,00,2,4,02,C01
201100065856,0,07,000,00,2,1,02,B01
201100065856,0,07,000,00,2,1,02,A01
201100065857,0,07,000,00,1,1,01,A01
201100065858,0,33,000,00,2,3,02,B01
201100065858,0,07,000,00,2,3,02,A01
201100065859,1,34,000,00,1,1,01,Z01
201100065860,0,07,000,00,1,1,01,A01
201100065861,0,02,000,15,0,2,13,A01
201100065862,0,07,000,16,0,9,14,A01
201100065863,2,30,000,00,2,1,01,A01
201100065863,0,07,000,00,2,4,02,B01
201100065864,0,07,000,00,2,7,15,A01
201100065864,0,07,000,00,2,1,01,B01
201100065865,0,31,000,16,0,2,14,A01
201100065866,0,07,000,16,0,9,14,A01
201100065867,0,07,000,16,0,9,14,A01
201100065868,2,30,000,00,1,1,01,Z01
201100065869,2,02,000,00,1,1,01,Z01
201100065870,0,33,000,00,2,1,17,B01
201100065870,0,10,000,00,2,8,15,A01
201100065871,0,31,000,16,0,1,14,A01
201100065872,0,07,000,00,1,4,04,A01
201100065873,0,07,000,00,2,8,23,D01
201100065873,0,07,000,00,2,1,23,E01
201100065873,0,07,000,00,2,1,23,C01
201100065873,0,07,000,00,2,8,09,A01
201100065873,2,07,000,00,2,1,09,B01
201100065874,0,07,000,00,2,1,01,B01
201100065874,0,07,000,00,2,1,13,A01
201100065875,0,07,000,00,2,2,15,A01
201100065875,0,33,000,00,2,1,01,B01
201100065876,0,30,000,16,0,1,14,A01
201100065877,0,07,000,00,1,1,01,A01
201100065878,0,07,000,00,2,8,01,B01
201100065878,0,32,000,00,2,7,14,A01
201100065879,0,30,000,00,2,1,02,A01
201100065879,0,07,000,00,2,4,01,B01
201100065880,2,07,000,00,1,1,01,Z01
201100065881,0,30,000,00,2,7,17,A01
201100065881,0,07,000,00,2,3,01,B01
201100065882,0,07,000,00,2,3,01,B01
201100065882,0,07,000,00,2,3,13,A01
201100065883,0,33,000,00,2,1,17,B01
201100065883,0,07,000,00,2,8,17,A01
201100065884,0,30,000,00,2,1,13,Z01
201100065884,0,07,000,00,2,8,01,A01
201100065885,0,07,000,00,1,1,01,A01
201100065886,0,07,000,00,1,2,01,A01
201100065887,0,07,000,16,0,9,14,A01
201100065888,1,07,000,00,1,1,01,Z01
201100065889,0,33,000,16,0,2,14,A01
201100065890,0,10,000,00,2,4,01,B01
201100065890,0,07,000,00,2,1,01,A01
201100065891,0,31,000,00,1,1,17,A01
201100065892,0,37,001,00,1,4,04,A01
201100065893,0,07,000,00,2,7,09,A01
201100065893,0,13,000,00,2,1,01,B01
201100065894,0,30,000,00,2,7,01,B01
201100065894,0,07,000,00,2,3,11,A01
201100065895,0,07,000,00,2,6,01,B01
201100065895,0,33,000,00,2,2,14,A01
201100065896,0,07,000,00,2,7,01,B01
201100065896,0,30,000,00,2,1,09,A01
201100065897,0,31,000,00,2,1,01,A01
201100065897,0,07,000,00,2,1,00,B01
201100065898,2,33,000,00,1,1,01,Z01
201100065899,0,07,000,04,0,9,13,A01
201100065900,0,07,000,00,2,8,15,B01
201100065900,0,33,000,00,2,1,17,A01
201100065901,0,07,000,00,2,3,01,B01
201100065901,0,32,000,00,2,3,13,A01
201100065902,0,37,001,00,1,1,01,A01
201100065903,0,30,000,16,0,2,13,A01
201100065904,0,30,000,00,2,2,17,A01
201100065904,0,07,000,00,2,8,15,B01
201100065905,0,07,000,00,2,1,17,A01
201100065905,0,07,000,00,2,8,15,B01
201100065906,0,01,000,00,2,4,01,B01
201100065906,0,33,000,00,2,3,13,A01
201100065907,0,02,000,00,2,1,01,Z01
201100065907,0,07,000,00,2,1,09,B01
201100065908,0,31,000,00,2,1,17,B01
201100065908,0,02,000,00,2,1,17,A01
201100065909,0,33,000,00,2,1,01,B01
201100065909,0,07,000,00,2,8,11,A01
201100065910,0,02,000,00,2,1,01,Z01
201100065910,0,07,000,00,2,7,09,A01
201100065911,0,30,000,16,0,1,14,A01
201100065912,0,30,000,16,0,7,14,Z01
201100065913,0,38,005,00,1,5,01,A01
201100065914,0,07,000,00,1,1,01,A01
201100065915,0,07,000,00,2,8,15,A01
201100065915,0,32,000,00,2,1,17,B01
201100065916,0,07,000,00,2,8,15,A01
201100065916,0,07,000,00,2,1,01,B01
201100065917,0,02,000,00,2,1,01,B01
201100065917,0,07,000,00,2,2,15,A01
201100065918,0,31,000,04,0,1,14,A01
201100065919,0,07,000,00,2,8,01,B01
201100065919,0,07,000,00,2,2,01,A01
201100065920,0,07,000,00,2,2,15,A01
201100065920,0,32,000,00,2,1,01,B01
201100065921,0,30,000,00,1,1,01,A01
201100065922,0,07,000,00,1,1,01,A01
201100065923,0,35,000,16,0,7,14,Z01
201100065924,0,07,000,06,0,2,14,A01
201100065925,0,07,000,00,2,4,02,B01
201100065925,0,31,000,00,2,1,02,A01
201100065925,0,07,000,00,2,1,02,C01
201100065926,0,02,000,01,0,1,14,A01
201100065927,0,07,000,01,0,1,14,A01
201100065928,0,33,000,00,2,1,17,A01
201100065928,0,07,000,00,2,8,15,B01
201100065929,1,33,000,00,1,1,01,Z01
201100065930,0,31,000,01,0,1,13,A01
201100065931,0,07,000,04,0,3,13,A01
201100065932,0,33,000,16,0,2,14,A01
201100065933,0,07,000,00,1,1,07,A01
201100065934,0,33,000,12,0,2,01,A01
201100065935,0,07,000,00,2,2,11,A01
201100065935,0,32,000,00,2,1,01,B01
201100065936,0,31,000,00,2,1,01,Z01
201100065936,0,07,000,00,2,8,09,A01
201100065937,0,07,000,00,2,3,15,A01
201100065937,0,02,000,00,2,7,01,B01
201100065938,0,07,000,00,1,8,01,A01
201100065939,0,33,000,16,0,1,14,A01
201100065940,0,31,000,16,0,1,14,A01
201100065941,0,33,000,00,6,1,01,A01
201100065942,0,07,000,00,1,1,01,A01
201100065943,0,07,000,04,0,8,13,A01
201100065944,0,07,000,06,0,9,14,A01
201100065945,0,07,000,16,0,9,13,A01
201100065946,0,07,000,00,2,1,01,A01
201100065946,0,07,000,00,2,6,01,B01
201100065947,0,31,000,00,2,1,01,A01
201100065947,0,07,000,00,2,4,01,B01
201100065948,0,07,000,00,2,7,15,A01
201100065948,0,33,000,00,2,1,01,B01
201100065949,0,07,000,16,0,2,14,A01
201100065950,0,07,000,04,0,8,14,A01
201100065951,0,31,000,00,2,3,11,A01
201100065951,0,37,001,00,2,2,01,B01
201100065952,0,30,000,00,1,1,01,A01
201100065953,0,07,000,00,2,1,01,A01
201100065953,0,07,000,00,2,4,02,B01
201100065953,0,07,000,00,2,8,02,C01
201100065954,0,07,000,00,1,1,01,A01
201100065955,0,07,000,00,2,1,01,B01
201100065955,0,30,000,00,2,1,15,Z01
201100065956,0,07,000,00,1,5,01,A01
201100065957,0,31,000,00,2,1,02,A01
201100065957,0,07,000,00,2,4,02,B01
201100065958,0,07,000,00,2,1,02,A01
201100065958,0,07,000,00,2,4,02,B01
201100065959,0,07,000,00,2,1,23,A01
201100065959,0,07,000,00,2,4,02,B01
201100065959,0,07,000,00,2,4,02,C01
201100065960,0,30,000,00,2,1,01,B01
201100065960,0,07,000,00,2,8,15,A01
201100065961,0,07,000,00,2,1,12,A01
201100065961,0,07,000,00,2,4,01,B01
201100065962,0,07,000,00,2,1,06,A01
201100065962,0,07,000,00,2,1,01,B01
201100065962,0,07,000,00,2,6,24,C01
201100065963,0,33,000,16,0,1,14,A01
201100065964,0,30,000,00,2,1,01,A01
201100065964,0,07,000,00,2,8,01,B01
201100065965,0,07,000,00,2,1,02,A01
201100065965,0,07,000,00,2,4,23,B01
201100065966,0,07,000,00,2,1,09,A01
201100065966,0,07,000,00,2,8,01,B01
201100065967,0,07,000,00,2,1,05,A01
201100065967,0,07,000,00,2,1,01,B01
201100065968,1,07,000,00,1,2,01,Z01
201100065969,0,07,000,00,2,2,15,A01
201100065969,0,07,000,00,2,8,01,B01
201100065970,1,33,000,00,1,1,01,Z01
201100065971,0,07,000,00,2,1,01,A01
201100065971,0,07,000,00,2,4,02,B01
201100065972,0,07,000,00,2,8,01,B01
201100065972,1,33,000,00,2,1,13,Z01
201100065973,0,07,000,16,0,9,13,A01
201100065974,0,07,000,00,1,1,01,A01
201100065975,0,07,000,00,1,1,01,A01
201100065976,0,30,000,00,2,1,02,A01
201100065976,0,07,000,00,2,4,23,B01
201100065977,0,07,000,03,0,3,13,A01
201100065978,0,02,000,00,1,1,18,Z01
201100065979,0,07,000,00,2,2,14,A01
201100065979,0,37,002,00,2,6,01,B01
201100065980,0,07,000,00,1,1,01,A01
201100065981,0,07,000,03,0,3,13,A01
201100065982,1,07,000,00,1,2,14,Z01
201100065983,0,02,000,00,2,1,09,A01
201100065983,0,07,000,00,2,7,01,B01
201100065984,0,07,000,03,0,2,14,A01
201100065985,0,07,000,00,1,8,01,A01
201100065986,0,07,000,00,2,1,09,A01
201100065986,0,07,000,00,2,8,01,B01
201100065987,0,32,000,00,2,1,17,A01
201100065987,0,07,000,00,2,8,15,B01
201100065988,0,07,000,00,2,8,09,A01
201100065988,0,07,000,00,2,1,01,B01
201100065989,0,07,000,00,2,2,01,B01
201100065989,0,33,000,00,2,1,09,A01
201100065990,0,33,000,16,0,1,13,A01
201100065991,0,07,000,06,0,1,14,A01
201100065992,0,02,000,00,2,1,01,B01
201100065992,0,07,000,00,2,3,15,A01
201100065993,0,07,000,00,2,4,01,B01
201100065993,0,07,000,00,2,1,02,Z01
201100065994,0,07,000,00,2,2,09,A01
201100065994,0,07,000,00,2,3,01,B01
201100065995,0,07,000,00,2,3,13,A01
201100065995,0,07,000,00,2,3,01,B01
201100065996,0,07,000,04,0,3,13,A01
201100065997,0,07,000,00,2,1,02,A01
201100065997,0,07,000,00,2,4,23,B01
201100065998,0,07,000,00,1,1,01,A01
201100065999,0,07,000,00,1,1,01,A01
201100066000,0,07,000,00,2,1,17,A01
201100066000,0,07,000,00,2,1,01,B01
201100066001,0,07,000,00,2,1,01,A01
201100066001,0,07,000,00,2,4,02,B01
201100066001,0,07,000,00,2,4,02,C01
201100066002,0,31,000,00,2,1,18,A01
201100066002,0,07,000,00,2,5,01,B01
201100066003,0,07,000,00,1,1,01,A01
201100066004,1,33,000,00,1,1,01,Z01
201100066005,0,07,000,00,2,8,01,B01
201100066005,0,07,000,00,2,2,01,A01
201100066006,0,07,000,00,2,1,01,A01
201100066006,0,33,000,00,2,8,01,B01
201100066007,0,30,000,00,2,1,01,Z01
201100066007,0,07,000,00,2,8,01,B01
201100066008,0,07,000,00,2,3,13,A01
201100066008,0,33,000,00,2,1,17,B01
201100066009,0,30,000,16,0,1,13,Z01
201100066010,0,07,000,00,2,2,15,A01
201100066010,0,30,000,00,2,1,01,Z01
201100066011,0,02,000,16,0,1,14,Z01
201100066012,0,07,000,06,0,1,14,A01
201100066013,0,07,000,00,2,7,01,A01
201100066013,0,07,000,00,2,1,01,B01
201100066014,0,30,000,00,1,1,01,A01
201100066015,0,07,000,00,2,1,02,A01
201100066015,0,07,000,00,2,4,01,B01
201100066016,0,38,006,00,2,1,02,A01
201100066016,0,38,009,00,2,4,02,B01
201100066017,0,07,000,00,2,1,09,A01
201100066017,0,07,000,00,2,8,01,B01
201100066018,0,07,000,00,2,8,13,A01
201100066018,0,07,000,00,2,7,01,B01
201100066019,0,07,000,00,2,8,13,A01
201100066019,0,07,000,00,2,2,01,B01
201100066020,0,07,000,00,2,2,15,A01
201100066020,0,31,000,00,2,1,01,B01
201100066021,0,07,000,00,2,8,10,A01
201100066021,0,07,000,00,2,1,01,B01
201100066021,0,07,000,00,2,1,01,C01
201100066022,0,31,000,16,0,1,14,A01
201100066023,0,33,000,01,0,1,14,Z01
201100066024,0,07,000,16,0,1,13,A01
201100066025,0,07,000,04,0,2,14,A01
201100066026,0,33,000,00,2,1,09,A01
201100066026,0,07,000,00,2,7,01,B01
201100066027,0,01,000,00,2,1,13,A01
201100066027,0,07,000,00,2,3,01,B01
201100066028,0,31,000,00,2,8,01,B01
201100066028,0,07,000,00,2,1,09,A01
201100066029,0,07,000,00,2,1,13,A01
201100066029,0,07,000,00,2,1,01,B01
201100066030,0,07,000,00,2,1,09,A01
201100066030,0,30,000,00,2,7,01,B01
201100066031,0,37,002,00,2,1,01,A01
201100066031,0,07,000,00,2,4,02,B01
201100066031,0,07,000,00,2,4,02,C01
201100066032,0,07,000,00,2,3,13,A01
201100066032,0,07,000,00,2,2,16,B01
201100066033,0,33,000,00,2,1,02,A01
201100066033,0,07,000,00,2,4,02,B01
201100066034,0,15,000,00,2,8,05,A01
201100066034,0,07,000,00,2,8,01,B01
201100066035,0,33,000,00,2,1,00,A01
201100066035,0,07,000,00,2,4,00,B01
201100066036,0,07,000,00,2,1,05,C01
201100066036,0,33,000,00,2,2,02,A01
201100066036,0,07,000,00,2,3,02,B01
201100066037,0,33,000,00,2,3,18,A01
201100066037,0,07,000,00,2,2,02,B01
201100066038,0,30,000,00,2,2,17,A01
201100066038,0,07,000,00,2,3,01,B01
201100066039,0,07,000,15,0,9,21,A01
201100066040,0,07,000,00,2,4,02,B01
201100066040,0,31,000,00,2,1,02,A01
201100066041,0,07,000,00,2,4,02,C01
201100066041,0,07,000,00,2,1,03,A01
201100066041,0,07,000,00,2,4,02,B01
201100066042,0,07,000,00,2,8,02,B01
201100066042,0,07,000,00,2,8,13,A01
201100066043,0,07,000,00,2,4,02,B01
201100066043,0,07,000,00,2,1,02,A01
201100066044,0,07,000,00,2,4,02,A01
201100066044,0,07,000,00,2,4,02,B01
201100066044,0,13,000,00,2,1,02,F01
201100066044,0,07,000,00,2,4,02,D01
201100066044,0,07,000,00,2,4,02,C02
201100066044,0,07,000,00,2,1,02,E01
201100066045,0,07,000,00,1,6,02,A01
201100066046,0,07,000,00,2,1,02,A01
201100066046,0,07,000,00,2,4,02,B01
201100066047,0,07,000,00,2,7,05,B01
201100066047,0,07,000,00,2,6,05,A01
201100066048,0,31,000,00,0,8,00,B01
201100066048,1,07,000,00,0,0,00,A01
201100066049,0,33,000,00,2,8,09,A01
201100066049,0,07,000,00,2,3,01,B01
201100066050,0,30,000,00,2,4,02,B01
201100066050,0,07,000,00,2,1,02,A01
201100066051,0,35,000,00,2,2,01,A01
201100066051,0,07,000,00,2,1,09,B01
201100066052,0,07,000,00,2,4,02,A01
201100066052,0,02,000,00,2,1,02,B01
201100066053,0,33,000,00,2,1,02,A01
201100066053,0,10,000,00,2,4,02,B01
201100066054,0,01,000,00,1,1,01,A01
201100066054,0,01,000,00,1,1,01,B01
201100066055,0,07,000,00,2,2,02,B01
201100066055,0,07,000,00,2,5,02,A01
201100066056,0,07,000,00,2,7,02,B01
201100066056,0,07,000,00,2,1,02,A01
201100066056,0,07,000,00,2,4,02,C01
201100066057,0,07,000,00,2,4,02,B01
201100066057,0,07,000,00,2,1,02,A01
201100066057,0,07,000,00,2,4,02,C01
201100066058,0,07,000,00,1,1,01,A01
201100066059,0,07,000,00,1,1,02,A01
201100066060,0,07,000,00,2,4,02,B01
201100066060,0,33,000,00,2,1,02,A01
201100066061,0,07,000,00,2,4,01,B01
201100066061,0,07,000,00,2,1,02,A01
201100066062,0,32,000,00,2,1,01,B01
201100066062,0,07,000,00,2,7,10,A01
201100066063,0,07,000,00,2,8,15,A01
201100066063,0,33,000,00,2,1,17,B01
201100066064,0,07,000,00,1,1,01,A01
201100066065,0,31,000,00,2,1,01,B01
201100066065,0,07,000,00,2,7,01,A01
201100066066,0,32,000,12,0,7,00,A01
201100066067,0,07,000,00,1,1,01,A01
201100066068,0,07,000,00,2,3,01,B01
201100066068,0,02,000,00,2,1,13,A01
201100066069,0,33,000,10,0,0,01,A01
201100066070,0,07,000,00,1,1,01,A01
201100066071,1,07,000,00,1,1,02,B01
201100066071,0,01,000,00,2,4,02,A01
201100066072,0,33,000,00,2,8,01,B01
201100066072,0,07,000,00,2,7,12,A01
201100066073,0,07,000,00,2,1,01,A01
201100066073,0,10,000,00,2,4,23,B01
201100066074,0,07,000,00,1,4,04,A01
201100066075,0,07,000,04,0,9,21,A01
201100066076,0,33,000,00,1,1,01,A01
201100066077,0,07,000,00,2,3,01,B01
201100066077,0,07,000,00,2,3,06,A01
201100066078,0,07,000,00,2,4,01,B01
201100066078,0,07,000,00,2,1,01,A01
201100066079,0,33,000,00,2,7,17,A01
201100066079,0,07,000,00,2,8,01,B01
201100066080,0,03,000,08,0,1,01,A01
201100066081,0,32,000,04,0,1,00,A01
201100066082,0,07,000,00,2,1,02,A01
201100066082,0,07,000,00,2,4,02,B01
201100066083,0,07,000,00,1,4,04,A01
201100066084,0,07,000,00,2,4,02,B01
201100066084,0,07,000,00,2,1,01,A01
201100066085,0,07,000,00,2,1,00,B01
201100066085,0,07,000,00,2,0,01,A01
201100066086,0,31,000,00,2,0,00,B01
201100066086,0,07,000,00,2,0,00,A01
201100066086,0,07,000,00,2,0,00,C01
201100066087,0,31,000,00,0,0,00,Z01
201100066087,0,07,000,00,2,0,00,A01
201100066088,0,07,000,00,2,4,00,A01
201100066088,0,07,000,00,2,1,00,B01
201100066089,0,07,000,00,2,4,00,B01
201100066089,0,07,000,00,2,1,00,A01
201100066089,0,07,000,00,2,4,00,C01
201100066090,0,37,001,00,2,1,01,B01
201100066090,0,07,000,00,2,7,00,A01
201100066091,0,07,000,00,2,0,00,C01
201100066091,0,07,000,00,2,4,02,B01
201100066091,0,07,000,00,2,1,02,A01
201100066092,0,32,000,00,2,1,00,Z01
201100066092,0,07,000,00,2,4,23,A01
201100066093,0,07,000,00,2,0,00,B01
201100066093,0,07,000,05,2,0,00,A01
201100066094,0,10,000,00,9,7,22,A01
201100066094,0,01,000,00,2,8,18,B01
201100066095,0,07,000,00,2,7,17,B01
201100066095,0,07,000,13,2,9,17,A01
201100066096,0,07,000,15,0,9,01,A01
201100066097,0,07,000,00,2,1,00,A01
201100066097,0,31,000,00,2,7,00,B01
201100066098,0,32,000,00,2,1,05,A01
201100066098,0,07,000,00,2,1,01,B01
201100066099,0,07,000,00,2,1,05,A01
201100066099,0,07,000,00,2,1,01,B01
201100066100,0,07,000,00,2,0,01,C01
201100066100,0,07,000,00,2,0,01,B01
201100066100,0,07,000,00,2,1,02,A01
201100066101,0,07,000,00,2,4,02,A01
201100066101,1,07,000,00,2,1,02,B01
201100066102,0,07,000,00,2,1,02,A01
201100066102,0,07,000,00,2,4,02,B01
201100066103,0,07,000,04,0,1,01,A01
201100066104,0,07,000,04,0,1,01,A01
201100066105,0,07,000,00,2,7,05,A01
201100066105,0,33,000,00,2,1,05,B01
201100066106,0,02,000,16,0,0,00,A01
201100066107,0,33,000,00,2,2,01,B01
201100066107,0,07,000,00,2,7,02,C01
201100066107,0,07,000,00,2,3,11,A01
201100066108,0,07,000,00,2,5,02,B01
201100066108,0,33,000,00,2,1,02,A01
201100066109,0,02,000,00,2,1,19,A01
201100066109,0,07,000,00,2,7,01,B01
201100066110,0,07,000,00,2,9,02,A01
201100066110,0,07,000,00,2,4,02,B01
201100066111,0,07,000,00,2,4,24,B01
201100066111,0,30,000,01,0,1,18,A01
201100066112,0,07,000,01,1,1,01,A01
201100066113,0,07,000,00,2,4,02,B01
201100066113,0,01,000,00,2,1,02,A01
201100066114,0,07,000,00,2,1,02,A01
201100066114,0,07,000,00,2,5,02,B01
201100066115,0,07,000,00,2,1,05,A01
201100066115,0,07,000,00,2,1,05,B01
201100066116,0,07,000,00,2,4,02,B01
201100066116,0,07,000,00,2,1,02,A01
201100066116,0,07,000,00,2,4,02,C01
201100066117,0,07,000,00,2,4,02,B01
201100066117,0,07,000,00,2,9,02,A01
201100066118,0,07,000,00,1,1,09,A01
201100066119,0,07,000,00,2,1,02,A01
201100066119,0,01,000,00,2,4,02,B01
201100066120,0,01,000,00,2,7,00,B01
201100066120,0,07,000,00,1,1,00,A01
201100066121,0,13,000,00,2,4,01,B01
201100066121,0,07,000,00,2,1,00,A01
201100066122,0,13,000,00,2,1,00,B01
201100066122,0,07,000,00,2,3,00,A01
201100066123,0,07,000,04,0,9,01,A01
201100066124,0,07,000,00,2,3,02,C01
201100066124,0,07,000,00,9,6,02,B01
201100066124,0,07,000,00,2,3,02,A01
201100066125,0,07,000,00,2,1,02,A01
201100066125,0,07,000,00,2,9,02,B01
201100066126,0,07,000,00,2,1,02,A01
201100066126,0,07,000,00,2,4,02,B01
201100066127,0,07,000,00,2,1,02,A01
201100066127,0,07,000,00,2,4,02,B01
201100066128,0,34,000,08,0,1,02,A01
201100066129,0,07,000,00,2,1,05,A01
201100066129,0,07,000,00,2,1,05,B01
201100066130,0,07,000,00,2,4,02,B01
201100066130,0,07,000,00,2,1,02,A01
201100066131,0,07,000,00,2,1,01,A01
201100066131,0,07,000,00,2,4,24,B01
201100066131,0,10,000,00,2,4,24,C01
201100066132,0,10,000,00,2,1,02,A01
201100066132,0,10,000,00,9,4,02,B01
201100066132,0,33,000,00,2,1,11,C01
201100066133,0,33,000,00,2,1,02,A01
201100066133,0,10,000,00,2,4,02,B01
201100066134,0,33,000,00,2,1,01,A01
201100066134,0,07,000,00,2,4,09,B01
201100066135,0,10,000,00,2,1,02,A01
201100066135,0,07,000,00,0,4,02,B01
201100066136,0,33,000,00,2,7,01,A01
201100066136,0,07,000,00,2,1,09,B01
201100066137,0,07,000,00,1,1,01,A01
201100066138,0,30,000,00,2,1,01,A01
201100066138,0,07,000,00,2,8,01,B01
201100066139,0,10,000,00,1,3,01,A01
201100066140,0,07,000,15,0,1,01,A01
201100066141,0,07,000,00,1,1,01,A01
201100066142,0,07,000,00,0,0,00,A01
201100066143,1,07,000,00,0,0,00,Z01
201100066144,0,07,000,00,2,0,00,A01
201100066144,0,07,000,00,2,5,00,B01
201100066144,0,10,000,00,0,3,01,C01
201100066145,0,07,000,00,2,1,01,A01
201100066145,0,33,000,00,2,0,00,B01
201100066146,0,10,000,00,2,7,01,A01
201100066146,0,07,000,00,2,8,01,B01
201100066147,0,07,000,00,1,1,01,A01
201100066148,0,07,000,00,2,8,10,A01
201100066148,0,33,000,00,2,1,17,B01
201100066149,0,07,000,00,2,1,01,A01
201100066149,0,34,000,00,2,2,12,B01
201100066150,0,07,000,00,1,1,00,A01
201100066151,0,07,000,00,2,1,02,A01
201100066151,0,07,000,00,2,4,02,B01
201100066152,0,07,000,00,2,1,02,A01
201100066152,0,07,000,00,2,4,01,B01
201100066153,0,07,000,00,2,2,00,A01
201100066153,0,07,000,00,2,6,24,B01
201100066154,0,07,000,00,2,3,21,A01
201100066154,0,07,000,00,2,5,00,B01
201100066155,0,07,000,00,1,1,01,A01
201100066156,0,13,000,00,2,7,17,A01
201100066156,0,07,000,00,2,8,01,B01
201100066157,0,07,000,00,2,1,02,A01
201100066157,0,07,000,00,2,4,02,B01
201100066158,0,07,000,13,0,1,14,A01
201100066159,0,30,000,00,2,1,02,A01
201100066159,0,07,000,00,2,6,15,B01
201100066160,0,33,000,04,2,1,17,A01
201100066160,0,07,000,00,2,2,01,B01
201100066161,0,07,000,00,1,1,01,A01
201100066162,0,07,000,04,0,7,01,A01
201100066163,0,07,000,06,2,9,01,A01
201100066163,0,07,000,00,2,2,01,B01
201100066164,0,07,000,04,0,9,01,A01
201100066165,0,07,000,04,2,7,01,A01
201100066165,0,07,000,00,2,0,01,B01
201100066166,0,10,000,13,0,9,00,A01
201100066167,0,30,000,10,0,0,01,A01
201100066168,0,07,000,00,1,1,01,A01
201100066169,0,33,000,13,0,0,01,A01
201100066170,0,07,000,00,9,1,02,A01
201100066170,0,01,000,00,9,4,02,B01
201100066171,0,37,001,00,1,0,01,A01
201100066172,0,07,000,00,2,1,17,A01
201100066172,0,07,000,00,2,4,01,B01
201100066172,0,07,000,00,2,1,01,C01
201100066173,0,07,000,00,2,8,11,A01
201100066173,0,31,000,00,2,7,11,B01
201100066174,0,07,000,00,2,3,01,A01
201100066174,0,07,000,00,1,2,14,B01
201100066175,0,07,000,04,2,1,06,A01
201100066175,0,07,000,00,2,1,01,B01
201100066176,0,07,000,00,2,3,01,A01
201100066176,0,01,000,00,2,1,01,B01
201100066177,0,02,000,00,0,0,00,A01
201100066177,0,07,000,00,2,0,00,B01
201100066178,0,07,000,00,1,0,00,A01
201100066179,0,07,000,00,0,0,00,A01
201100066179,0,02,000,00,2,1,00,B01
201100066180,0,02,000,00,2,1,02,A01
201100066180,0,07,000,00,2,4,16,B01
201100066181,0,07,000,00,2,1,09,A01
201100066181,0,07,000,00,2,3,01,B01
201100066181,0,01,000,00,2,1,05,C01
201100066182,0,02,000,00,2,7,17,B01
201100066182,0,07,000,00,2,3,01,A01
201100066183,0,07,000,00,1,1,01,A01
201100066183,0,02,000,00,2,1,01,B01
201100066184,0,07,000,00,9,2,21,B01
201100066184,0,01,000,00,2,4,01,A01
201100066185,0,01,000,00,2,1,05,B01
201100066185,1,02,000,00,2,0,05,Z01
201100066186,0,07,000,00,2,2,00,B01
201100066186,0,02,000,00,2,1,13,Z01
201100066187,0,07,000,00,0,1,15,A01
201100066187,0,33,000,00,2,1,16,B01
201100066188,0,01,000,00,2,0,02,B01
201100066188,0,14,000,00,9,4,17,A01
201100066189,0,02,000,00,2,1,01,B01
201100066189,0,31,000,00,2,1,13,A01
201100066190,0,02,000,00,2,1,01,B01
201100066190,0,07,000,00,0,3,15,A01
201100066191,0,10,000,00,1,3,00,A01
201100066192,0,07,000,00,1,1,01,A01
201100066193,1,02,000,00,1,0,00,Z01
201100066194,0,10,000,00,2,3,09,A01
201100066194,0,33,000,00,2,1,17,B01
201100066195,0,02,000,00,0,0,00,A01
201100066196,0,10,000,00,1,3,01,A01
201100066197,0,10,000,00,1,1,15,A01
201100066198,0,02,000,00,2,1,17,A01
201100066198,0,30,000,00,2,1,15,B01
201100066199,0,13,000,00,2,2,09,A01
201100066199,0,01,000,00,2,3,01,B01
201100066200,0,02,000,00,2,1,01,B01
201100066201,0,07,000,00,2,8,15,B01
201100066201,0,34,000,00,2,1,17,A01
201100066202,0,01,000,00,2,1,10,B01
201100066202,0,13,000,00,9,3,01,A01
201100066203,0,07,000,00,1,2,01,A01
201100066204,0,02,000,00,2,3,10,A01
201100066204,0,02,000,00,2,1,01,B01
201100066205,0,01,000,00,2,4,10,B01
201100066205,0,07,000,00,9,1,01,A01
201100066206,0,02,000,00,2,0,01,B01
201100066206,0,13,000,00,2,3,19,A01
201100066207,0,07,000,00,1,1,01,A01
201100066208,0,02,000,00,2,8,10,A01
201100066208,0,10,000,00,2,2,01,B01
201100066209,0,07,000,00,2,1,15,A01
201100066209,0,30,000,00,2,1,01,B01
201100066210,0,13,000,00,2,3,01,B01
201100066210,0,02,000,00,2,1,05,A01
201100066211,0,02,000,00,2,1,02,B01
201100066211,0,07,000,00,2,2,02,A01
201100066212,0,10,000,00,2,2,15,A01
201100066212,0,30,000,00,2,1,01,B01
201100066213,0,07,000,00,2,3,11,A01
201100066213,0,33,000,00,2,1,01,B01
201100066214,0,07,000,00,2,2,16,A01
201100066214,0,33,000,00,2,1,01,B01
201100066215,0,37,060,00,9,0,20,B01
201100066216,0,02,000,00,2,3,01,B01
201100066216,1,10,000,00,0,0,00,Z01
201100066217,0,07,000,00,2,1,19,A01
201100066217,0,10,000,01,2,9,01,B01
201100066218,0,01,000,00,2,1,01,B01
201100066218,0,01,000,00,2,1,01,C01
201100066218,1,07,000,00,2,0,17,Z01
201100066219,0,07,000,00,2,1,01,B01
201100066219,0,02,000,00,2,7,01,A01
201100066220,0,02,000,00,2,1,01,B01
201100066220,0,07,000,00,2,3,15,A01
201100066221,0,02,000,00,2,8,01,B01
201100066221,0,07,000,00,9,1,15,A01