Num_Acc,senc,catv,occutc,obs,obsm,choc,manv,num_veh
201100066222,0,30,000,00,1,2,17,A01
201100066222,0,07,000,00,2,1,01,B01
201100066223,0,02,000,00,2,1,17,A01
201100066223,0,07,000,00,2,4,15,B01
201100066224,1,07,000,00,1,1,00,Z01
201100066225,0,02,000,00,2,1,01,B01
201100066225,1,10,000,00,2,0,15,A01
201100066226,0,07,000,00,2,1,15,A01
201100066226,0,31,000,00,2,1,01,B01
201100066227,0,07,000,00,2,6,01,B01
201100066227,0,33,000,00,2,1,17,A01
201100066228,0,07,000,01,0,7,13,A01
201100066229,1,33,000,00,2,1,13,Z01
201100066229,0,07,000,00,2,1,01,A01
201100066230,0,07,000,00,2,5,16,A01
201100066230,0,02,000,00,2,8,01,B01
201100066231,0,02,000,00,2,1,17,A01
201100066231,0,07,000,00,2,8,15,B01
201100066232,0,02,000,00,9,1,01,B01
201100066232,0,07,000,00,9,1,15,A01
201100066233,0,33,000,00,2,1,01,B01
201100066233,0,07,000,00,2,3,15,A01
201100066234,0,07,000,06,0,9,02,A01
201100066235,0,10,000,00,2,1,21,A01
201100066235,0,07,000,00,2,5,15,B01
201100066236,0,02,000,00,2,1,16,B01
201100066236,0,07,000,00,2,2,15,A01
201100066237,0,07,000,00,1,1,01,A01
201100066238,0,07,000,08,0,7,02,A01
201100066239,0,02,000,00,2,1,19,A01
201100066239,0,07,000,00,9,3,02,B01
201100066240,0,30,000,00,2,1,17,B01
201100066240,0,07,000,00,2,3,15,A01
201100066241,0,07,000,00,1,1,01,A01
201100066242,0,02,000,00,2,0,00,B01
201100066242,0,07,000,00,2,8,00,A01
201100066243,0,07,000,00,2,3,16,A01
201100066243,0,30,000,00,2,1,01,B01
201100066244,0,07,000,00,2,8,19,A01
201100066244,0,07,000,00,2,1,01,B01
201100066245,0,07,000,00,2,1,09,A01
201100066245,0,32,000,00,2,1,00,B01
201100066246,0,07,000,00,2,5,02,B01
201100066246,0,33,000,00,2,1,00,A01
201100066247,0,07,000,00,2,1,01,A01
201100066247,0,07,000,00,2,8,10,B01
201100066248,0,99,000,00,0,4,02,B01
201100066248,0,31,000,01,0,4,02,A01
201100066249,0,10,000,00,2,7,17,A01
201100066249,0,02,000,00,2,8,01,B01
201100066250,0,02,000,00,2,7,01,A01
201100066250,0,01,000,00,9,1,01,C01
201100066250,0,07,000,00,2,1,01,B01
201100066251,0,30,000,00,2,2,02,B01
201100066251,0,07,000,00,2,1,19,A01
201100066252,0,07,000,00,0,6,02,B01
201100066252,0,02,000,00,2,1,02,A01
201100066253,0,02,000,00,2,8,14,B01
201100066253,0,07,000,00,2,2,15,A01
201100066254,0,07,000,00,2,2,02,B01
201100066254,0,02,000,00,2,8,09,A01
201100066255,0,30,000,00,2,9,01,B01
201100066255,0,07,000,00,2,1,15,A01
201100066256,0,33,000,00,2,1,01,B01
201100066256,1,30,000,00,2,0,01,A01
201100066257,0,30,000,00,0,6,10,B01
201100066257,0,02,000,00,0,3,02,A01
201100066258,0,07,000,15,0,8,02,B01
201100066258,0,30,000,15,2,3,02,A01
201100066259,0,01,000,00,0,4,02,B01
201100066259,0,07,000,00,2,2,02,A01
201100066260,0,07,000,00,1,2,12,A01
201100066261,0,07,000,00,1,1,01,A01
201100066262,0,30,000,00,2,1,01,B01
201100066262,0,07,000,00,2,3,19,A01
201100066263,0,07,000,00,2,1,15,A01
201100066263,0,33,000,00,2,1,05,B01
201100066264,0,07,000,00,2,1,01,B01
201100066264,0,30,000,00,2,1,19,A01
201100066265,0,07,000,00,9,1,15,A01
201100066265,0,33,000,00,2,7,02,B01
201100066266,0,07,000,08,0,1,01,A01
201100066267,0,34,000,00,0,0,00,A01
201100066268,0,07,000,00,1,2,02,A01
201100066269,0,02,000,00,9,1,01,B01
201100066269,0,01,000,00,2,8,19,A01
201100066270,0,07,000,16,0,0,00,A01
201100066271,0,07,000,00,9,3,01,B01
201100066271,0,07,000,00,9,3,01,C01
201100066271,0,33,000,00,2,1,01,A01
201100066272,0,33,000,00,2,1,00,B01
201100066272,0,07,000,00,2,6,09,A01
201100066273,0,07,000,00,2,5,16,B01
201100066273,0,30,000,00,2,8,13,A01
201100066274,0,01,000,00,2,8,01,B01
201100066274,0,07,000,00,2,1,15,A01
201100066275,0,07,000,00,1,1,01,A01
201100066276,0,07,000,00,2,2,09,A01
201100066276,0,30,000,00,0,4,02,B01
201100066277,0,10,000,00,1,3,01,A01
201100066278,0,07,000,14,1,1,01,A01
201100066279,0,02,000,00,2,1,17,A01
201100066279,0,02,000,00,2,1,01,B01
201100066280,0,07,000,00,2,2,13,B01
201100066280,0,02,000,00,2,1,14,A01
201100066281,0,07,000,00,2,3,02,A01
201100066281,0,01,000,00,2,0,02,B01
201100066282,0,07,000,00,2,7,06,A01
201100066282,0,30,000,00,2,1,06,B01
201100066283,0,01,000,00,2,8,01,A01
201100066283,0,07,000,00,9,2,01,B01
201100066284,0,31,000,00,2,1,00,A01
201100066284,0,07,000,00,2,1,01,C01
201100066284,0,30,000,00,2,1,01,B01
201100066285,0,07,000,00,1,0,09,A01
201100066286,0,02,000,00,0,0,00,B01
201100066286,0,07,000,00,0,0,00,A01
201100066287,0,02,000,00,0,0,00,A01
201100066287,0,07,000,00,0,6,01,B01
201100066288,0,33,000,00,2,7,01,B01
201100066288,0,07,000,00,2,2,15,A01
201100066289,0,32,000,00,2,0,01,B01
201100066289,0,07,000,00,2,8,09,A01
201100066290,0,02,000,00,2,1,01,B01
201100066290,0,07,000,00,2,1,01,A01
201100066291,1,07,000,00,0,4,01,Z01
201100066291,0,31,000,00,2,1,01,B01
201100066292,0,07,000,00,2,1,01,B01
201100066292,0,02,000,00,2,7,01,A01
201100066293,0,02,000,00,2,2,01,B01
201100066293,1,07,000,00,2,3,09,Z01
201100066294,0,31,000,00,0,1,17,A01
201100066294,0,31,000,00,0,8,15,B01
201100066295,0,07,000,00,0,1,01,A01
201100066296,0,07,000,00,2,6,01,B01
201100066296,0,02,000,00,2,1,01,A01
201100066297,0,07,000,00,2,1,02,B01
201100066297,0,02,000,00,2,0,09,A01
201100066298,0,07,000,00,2,1,01,A01
201100066298,0,02,000,00,2,1,01,B01
201100066299,0,01,000,00,1,1,02,B01
201100066299,0,07,000,00,9,0,02,A01
201100066300,0,07,000,00,0,6,24,B01
201100066300,0,99,000,00,1,7,13,A01
201100066301,0,07,000,00,2,3,15,B01
201100066301,0,32,000,00,2,1,17,A01
201100066302,0,07,000,00,0,6,01,B01
201100066302,0,07,000,08,2,6,00,A01
201100066303,0,07,000,09,2,3,01,B01
201100066303,0,07,000,00,2,1,01,A01
201100066304,0,07,000,00,1,3,00,A01
201100066305,0,07,000,00,2,4,04,A01
201100066305,0,30,000,00,2,1,05,B01
201100066306,0,02,000,00,2,3,01,B01
201100066306,0,10,000,00,2,8,11,A01
201100066307,0,07,000,00,1,1,01,A01
201100066308,0,34,000,00,2,0,01,B01
201100066308,0,07,000,00,2,3,00,A01
201100066309,0,07,000,00,0,7,00,B01
201100066309,0,07,000,00,2,3,19,A01
201100066310,0,30,000,00,2,1,21,B01
201100066310,0,07,000,00,2,3,04,A01
201100066311,0,01,000,00,2,8,19,B01
201100066311,0,30,000,00,2,1,01,A01
201100066312,0,07,000,00,2,8,00,A01
201100066312,0,30,000,00,2,8,01,B01
201100066313,0,07,000,00,2,4,01,B01
201100066313,0,07,000,00,2,1,01,A01
201100066314,0,07,000,00,1,3,01,A01
201100066315,0,07,000,00,2,4,02,B01
201100066315,0,34,000,00,2,1,02,A01
201100066316,0,07,000,00,0,8,10,A01
201100066316,0,33,000,00,2,1,02,B01
201100066317,0,02,000,00,9,4,00,B01
201100066317,0,16,000,00,2,5,10,A01
201100066318,0,02,000,00,2,3,00,A01
201100066318,0,07,000,00,0,3,00,B01
201100066319,0,07,000,00,0,1,01,A01
201100066319,0,02,000,00,2,1,13,B01
201100066320,0,07,000,00,9,2,01,B01
201100066320,0,02,000,00,2,2,11,A01
201100066321,0,07,000,00,2,3,01,A01
201100066321,0,30,000,00,2,1,01,B01
201100066322,1,30,000,01,2,1,01,B01
201100066322,0,07,000,00,2,3,00,A01
201100066323,0,07,000,00,0,6,00,B01
201100066323,0,02,000,01,0,3,00,A01
201100066324,0,02,000,12,0,9,01,A01
201100066325,0,07,000,00,2,8,19,A01
201100066325,0,31,000,00,2,1,19,B01
201100066326,0,33,000,00,2,3,01,B01
201100066326,0,02,000,00,2,3,15,A01
201100066327,0,07,000,00,2,1,01,B01
201100066327,0,01,000,00,2,8,09,A01
201100066328,0,01,000,00,2,6,19,B01
201100066328,0,02,000,00,2,8,01,A01
201100066329,0,07,000,00,2,8,15,B01
201100066329,0,33,000,00,2,1,17,A01
201100066330,0,07,000,00,2,6,01,A01
201100066330,0,02,000,00,2,1,01,B01
201100066331,0,07,000,00,9,6,23,B01
201100066331,0,30,000,01,0,6,21,A01
201100066332,0,02,000,00,2,9,09,A01
201100066332,0,07,000,00,2,1,01,B01
201100066333,0,07,000,00,2,8,01,B01
201100066333,0,30,000,00,2,1,19,A01
201100066334,0,02,000,00,2,8,01,B01
201100066334,0,07,000,00,2,2,16,A01
201100066335,0,01,000,00,2,0,01,B01
201100066335,0,07,000,00,2,5,00,A01
201100066336,0,01,000,00,0,1,13,A01
201100066336,0,33,000,00,9,1,01,B01
201100066337,1,07,000,00,2,0,00,Z01
201100066337,0,30,000,00,2,1,00,A01
201100066338,0,07,000,00,1,1,09,A01
201100066339,0,10,000,00,2,4,02,B01
201100066339,0,01,000,00,2,1,02,A01
201100066340,0,07,000,00,2,6,02,B01
201100066340,0,30,000,00,2,6,01,A01
201100066341,0,30,000,00,1,1,01,A01
201100066342,0,30,000,00,2,1,01,A01
201100066342,0,07,000,00,9,5,15,B01
201100066343,0,02,000,00,2,1,01,A01
201100066343,0,07,000,00,9,7,15,B01
201100066344,0,34,000,00,2,9,02,A01
201100066344,0,07,000,00,2,3,02,B01
201100066345,0,07,000,00,2,1,01,B01
201100066345,0,07,000,06,0,2,01,A01
201100066346,0,07,000,00,2,4,15,B01
201100066346,1,07,000,00,2,1,01,A01
201100066347,0,01,000,00,2,8,01,B01
201100066347,0,07,000,00,2,1,01,A01
201100066348,0,07,000,00,1,2,01,A01
201100066349,0,01,000,00,2,1,01,B01
201100066349,0,07,000,00,9,3,15,A01
201100066350,0,33,000,00,2,1,01,B01
201100066350,0,07,000,00,2,8,01,A01
201100066351,0,33,000,00,5,1,01,A01
201100066352,0,33,000,00,0,0,21,A01
201100066353,0,33,000,00,9,7,01,B01
201100066353,0,01,000,00,9,7,00,A01
201100066354,0,02,000,00,2,1,01,A01
201100066354,0,07,000,00,2,8,01,B01
201100066355,0,07,000,00,1,4,04,A01
201100066356,0,07,000,00,2,1,01,A01
201100066356,0,07,000,00,2,6,15,B01
201100066357,0,07,000,00,2,1,01,A01
201100066357,0,01,000,00,9,0,00,B01
201100066357,0,07,000,00,2,3,24,C01
201100066358,0,02,000,00,0,3,01,B01
201100066358,1,07,000,00,0,0,00,Z01
201100066359,0,02,000,00,2,1,02,A01
201100066359,0,07,000,00,2,3,09,B01
201100066360,0,30,000,00,1,1,01,A01
201100066361,0,07,000,00,2,7,01,A01
201100066361,0,02,000,00,2,1,01,B01
201100066362,0,02,000,08,1,1,14,A01
201100066363,0,07,000,00,2,8,10,A01
201100066363,0,02,000,00,2,2,00,B01
201100066364,0,02,000,00,2,1,01,B01
201100066364,0,07,000,00,2,6,19,A01
201100066365,0,10,000,00,2,3,00,A01
201100066365,0,07,000,00,2,3,05,B01
201100066366,0,01,000,00,2,7,01,B01
201100066366,0,07,000,00,9,1,01,A01
201100066367,0,07,000,00,1,4,20,A01
201100066368,0,07,000,00,2,1,01,A01
201100066368,0,07,000,00,2,1,23,C01
201100066368,0,07,000,00,2,8,01,B01
201100066369,0,07,000,00,9,2,20,A01
201100066369,0,30,000,00,2,8,01,B01
201100066370,0,02,000,00,1,1,01,A01
201100066371,0,07,000,15,1,1,01,A01
201100066372,0,01,000,00,2,1,01,A01
201100066372,0,07,000,00,9,6,01,B01
201100066373,0,07,000,00,1,1,01,A01
201100066374,0,07,000,00,1,1,01,A01
201100066375,0,30,000,14,0,1,01,A01
201100066375,0,07,000,00,9,4,23,B01
201100066376,0,07,000,15,0,1,01,A01
201100066377,0,07,000,00,9,7,16,A01
201100066377,0,30,000,00,2,7,18,B01
201100066378,0,07,000,03,0,8,01,A01
201100066379,0,07,000,06,0,1,01,A01
201100066380,0,30,000,00,9,6,01,A01
201100066380,0,01,000,00,9,1,02,B01
201100066381,0,33,000,00,0,7,01,A01
201100066382,0,07,000,00,0,4,01,A01
201100066382,0,07,000,00,2,1,02,C01
201100066382,0,07,000,00,0,4,01,B01
201100066382,0,07,000,00,2,1,02,D01
201100066382,0,10,000,00,2,1,02,G02
201100066382,0,07,000,00,2,1,02,E01
201100066382,0,10,000,00,2,1,02,F02
201100066383,1,30,000,00,1,1,01,A01
201100066384,0,02,000,01,0,1,01,A01
201100066384,0,07,000,00,9,4,24,B01
201100066385,0,07,000,00,9,7,15,A01
201100066385,0,31,000,01,2,1,01,B01
201100066386,0,10,000,00,2,5,23,B01
201100066386,0,07,000,00,2,1,02,A01
201100066387,1,02,000,00,2,1,17,Z01
201100066387,0,07,000,00,9,8,15,A01
201100066388,1,02,000,00,9,0,00,A01
201100066389,0,02,000,15,0,1,01,A01
201100066390,0,07,000,00,9,8,10,A01
201100066390,0,33,000,00,2,1,01,B01
201100066391,0,33,000,00,2,1,02,A01
201100066391,0,38,001,00,9,4,23,B01
201100066392,0,10,000,00,2,8,01,A01
201100066392,0,07,000,00,2,1,15,B01
201100066393,0,01,000,00,2,4,02,B01
201100066393,0,07,000,00,9,2,02,A01
201100066394,0,30,000,16,0,7,01,A01
201100066395,0,07,000,00,2,1,02,A01
201100066395,0,10,000,00,2,4,02,B01
201100066395,0,07,000,00,2,6,01,C01
201100066396,0,07,000,00,9,1,01,A01
201100066396,0,01,000,00,2,8,19,B01
201100066397,0,07,000,00,1,1,01,A01
201100066398,0,07,000,00,9,7,01,B01
201100066398,0,02,000,00,2,1,01,A01
201100066399,0,07,000,00,2,1,01,A01
201100066399,0,07,000,00,9,4,01,B01
201100066399,0,01,000,00,2,8,19,C01
201100066400,0,07,000,01,0,2,14,A01
201100066400,0,10,000,00,2,6,24,B01
201100066401,0,38,011,00,9,1,01,B01
201100066401,0,01,000,00,2,1,05,A01
201100066402,0,10,000,00,2,4,01,B01
201100066402,0,10,000,00,2,1,02,A01
201100066403,0,07,000,00,9,1,01,A01
201100066403,0,01,000,00,2,4,02,B01
201100066404,0,10,000,00,2,6,01,C01
201100066404,0,07,000,00,2,8,01,B01
201100066404,0,07,000,00,2,1,13,A01
201100066404,0,07,000,00,2,1,01,D01
201100066405,0,07,000,00,0,4,01,B01
201100066405,0,30,000,00,2,1,02,A01
201100066406,0,33,000,00,2,1,18,A01
201100066406,0,07,000,00,9,5,16,B01
201100066406,0,07,000,00,9,7,24,C01
201100066407,0,07,000,00,2,7,01,B01
201100066407,0,07,000,00,2,1,01,A01
201100066408,0,07,000,00,9,3,15,B01
201100066408,0,02,000,00,2,1,17,A01
201100066409,0,07,000,00,1,1,01,A01
201100066410,0,30,000,00,0,8,01,A01
201100066411,0,07,000,00,9,7,01,A01
201100066411,0,30,000,00,2,1,01,B01
201100066412,0,07,000,00,1,1,01,A01
201100066413,0,01,000,00,2,7,19,B01
201100066413,0,10,000,00,9,1,01,A01
201100066414,0,07,000,00,2,3,01,B01
201100066414,0,07,000,00,2,3,13,A01
201100066415,0,02,000,00,0,7,01,A01
201100066416,0,07,000,00,9,7,15,A01
201100066416,0,01,000,00,2,1,18,B01
201100066417,2,07,000,00,1,0,00,Z01
201100066418,0,07,000,00,2,4,02,B01
201100066418,0,07,000,00,2,1,02,A01
201100066419,0,01,000,00,0,7,01,B01
201100066419,0,07,000,00,9,1,09,A01
201100066420,0,07,000,00,9,7,09,A01
201100066420,0,33,000,00,2,1,01,B01
201100066421,0,07,000,00,1,8,01,A01
201100066422,0,07,000,00,2,1,01,B01
201100066422,0,07,000,00,2,7,09,A01
201100066423,0,01,000,00,2,7,05,B01
201100066423,0,07,000,00,9,1,01,A01
201100066424,0,07,000,00,9,7,15,A01
201100066424,0,33,000,00,2,1,01,B01
201100066425,0,07,000,00,9,7,01,B01
201100066425,0,33,000,00,2,1,09,A01
201100066426,0,07,000,00,9,8,09,A01
201100066426,0,01,000,00,2,1,01,B01
201100066427,0,07,000,00,9,1,09,A01
201100066427,0,01,000,00,2,8,01,B01
201100066428,0,01,000,00,2,1,17,B01
201100066428,0,07,000,00,9,8,15,A01
201100066429,0,10,000,00,2,1,09,A01
201100066429,0,07,000,00,2,7,01,B01
201100066430,0,02,000,00,2,1,01,A01
201100066430,0,10,000,00,9,8,01,B01
201100066431,0,07,000,00,9,7,20,A01
201100066431,0,30,000,00,2,8,18,B01
201100066432,0,01,000,00,2,7,15,A01
201100066432,0,07,000,00,9,1,01,B01
201100066433,0,10,000,00,1,8,15,A01
201100066434,0,10,000,00,9,4,01,B01
201100066434,0,31,000,00,2,1,02,A01
201100066435,0,07,000,00,9,8,22,A01
201100066435,0,02,000,01,0,1,01,B01
201100066436,0,30,000,00,2,1,17,A01
201100066436,0,07,000,00,9,4,01,B01
201100066437,0,07,000,00,1,1,01,A01
201100066438,0,07,000,00,0,5,02,B01
201100066438,0,30,000,00,2,1,01,A01
201100066439,0,30,000,00,0,7,01,A01
201100066440,0,07,000,00,2,7,02,B01
201100066440,0,10,000,00,2,8,02,A01
201100066441,0,10,000,00,1,0,09,A01
201100066442,0,02,000,00,0,7,01,A01
201100066443,0,07,000,14,0,4,23,C01
201100066443,0,07,000,14,0,4,23,B01
201100066443,0,07,000,14,0,1,23,A01
201100066444,0,07,000,00,2,4,24,B01
201100066444,0,10,000,01,0,1,01,A01
201100066445,0,10,000,00,2,3,09,A01
201100066445,0,07,000,00,2,1,02,B01
201100066446,0,10,000,00,1,1,00,A01
201100066447,0,33,000,00,2,7,02,B01
201100066447,0,07,000,00,2,1,09,A01
201100066448,0,07,000,00,9,2,15,A01
201100066448,0,33,000,00,2,1,01,B01
201100066449,0,07,000,00,1,2,01,A01
201100066450,0,07,000,06,0,2,14,A01
201100066451,0,10,000,00,9,2,17,A01
201100066451,0,01,000,00,2,8,01,B01
201100066452,0,02,000,00,2,1,17,B01
201100066452,0,10,000,00,9,8,15,A01
201100066453,0,31,000,00,2,1,01,B01
201100066453,0,10,000,00,9,2,01,A01
201100066454,0,01,000,00,2,7,01,B01
201100066454,0,07,000,00,9,1,01,A01
201100066455,0,30,000,00,0,0,01,A01
201100066456,0,07,000,00,2,1,15,A01
201100066456,0,07,000,15,2,8,01,B01
201100066457,0,07,000,01,0,3,13,A01
201100066458,0,10,000,00,2,7,01,B01
201100066458,0,07,000,00,2,1,01,A01
201100066459,0,07,000,00,1,1,01,A01
201100066460,0,07,000,00,9,2,13,A01
201100066460,0,38,004,00,2,2,01,B01
201100066461,0,07,000,06,0,2,14,A01
201100066462,0,32,000,00,2,1,01,A01
201100066462,0,07,000,00,9,8,01,B01
201100066463,0,02,000,00,2,1,05,B01
201100066463,0,07,000,00,9,3,15,A01
201100066464,0,02,000,00,9,8,02,A01
201100066464,0,02,000,00,9,7,02,B01
201100066465,0,07,000,00,1,1,21,A01
201100066466,0,07,000,00,2,2,01,B01
201100066466,0,07,000,00,2,3,01,A01
201100066466,0,07,000,00,2,1,23,C01
201100066467,0,01,000,00,2,1,05,B01
201100066467,0,07,000,00,2,2,16,A01
201100066468,0,01,000,00,2,1,01,A01
201100066468,0,07,000,00,2,3,09,B01
201100066469,0,33,000,00,2,1,09,B01
201100066469,0,30,000,00,2,1,01,A01
201100066470,0,07,000,06,0,8,00,A01
201100066471,0,07,000,00,2,6,17,A01
201100066471,0,07,000,00,2,2,01,B01
201100066472,0,07,000,00,2,4,09,A01
201100066472,0,33,000,00,2,1,01,B01
201100066473,0,07,000,00,2,4,02,B01
201100066473,0,33,000,00,2,4,02,A01
201100066474,0,07,000,00,1,1,01,A01
201100066475,0,33,000,00,9,0,21,A01
201100066476,2,07,000,00,2,1,01,A01
201100066476,0,07,000,00,2,1,01,B01
201100066477,0,33,000,00,2,1,17,B01
201100066477,0,07,000,00,0,5,15,A01
201100066478,0,07,000,00,9,1,01,B01
201100066478,0,01,000,00,0,7,00,A01
201100066479,0,07,000,00,0,4,01,A01
201100066480,0,07,000,16,0,9,01,A01
201100066481,0,07,000,06,0,4,16,A01
201100066481,0,07,000,00,2,1,01,B01
201100066482,0,10,000,00,0,9,01,A01
201100066483,0,10,000,00,0,1,00,A01
201100066484,0,02,000,00,2,1,09,B01
201100066484,0,07,000,00,2,1,15,A01
201100066485,0,01,000,00,0,0,01,A01
201100066486,2,07,000,13,0,9,01,A01
201100066487,0,07,000,13,0,9,01,A01
201100066488,0,07,000,00,2,1,01,A01
201100066488,0,07,000,00,2,3,09,B01
201100066489,0,07,000,00,2,2,15,A01
201100066489,0,02,000,00,2,1,01,B01
201100066490,0,07,000,00,2,1,01,A01
201100066490,0,02,000,00,2,1,17,B01
201100066491,0,07,000,03,0,1,01,A01
201100066492,0,10,000,00,2,3,09,A01
201100066492,0,01,000,00,2,1,01,B01
201100066493,0,07,000,00,2,2,01,B01
201100066493,0,07,000,00,2,6,00,A01
201100066494,0,01,000,00,2,1,19,B01
201100066494,0,07,000,00,9,2,01,A01
201100066495,0,01,000,00,2,8,01,B01
201100066495,0,07,000,00,2,7,01,A01
201100066496,0,07,000,00,1,4,20,A01
201100066497,0,07,000,00,0,9,00,A01
201100066498,0,07,000,00,0,0,00,A01
201100066499,0,07,000,00,1,1,01,A01
201100066500,0,07,000,00,2,2,01,B01
201100066500,0,07,000,08,2,3,15,A01
201100066501,0,07,000,00,1,1,01,A01
201100066502,0,07,000,00,9,2,17,A01
201100066502,0,01,000,00,2,4,13,B01
201100066503,0,07,000,00,1,1,09,A01
201100066504,0,07,000,00,2,2,21,B01
201100066504,0,07,000,00,0,9,00,A01
201100066505,2,07,000,00,2,1,13,A01
201100066505,0,07,000,00,2,1,01,B01
201100066506,0,31,000,00,0,9,01,A01
201100066507,0,07,000,00,9,2,15,A01
201100066507,0,01,000,00,2,0,01,B01
201100066508,0,07,000,00,2,3,01,B01
201100066508,0,01,000,00,2,1,09,A01
201100066509,0,35,000,00,2,3,15,B01
201100066509,0,07,000,00,2,5,17,A01
201100066510,0,01,000,00,2,1,17,A01
201100066510,0,07,000,00,2,3,01,B01
201100066511,0,02,000,00,9,1,01,A01
201100066512,0,01,000,00,0,0,01,A01
201100066513,0,07,000,00,1,0,01,A01
201100066514,0,15,000,00,1,7,01,A01
201100066515,1,07,000,00,2,2,01,A01
201100066515,0,01,000,00,0,4,01,B01
201100066516,0,07,000,00,2,1,01,B01
201100066516,0,01,000,00,2,1,09,A01
201100066517,0,07,000,00,1,4,04,A01
201100066518,0,10,000,00,2,1,01,B01
201100066518,0,07,000,00,2,0,17,A01
201100066519,0,32,000,00,2,2,01,B01
201100066519,0,07,000,00,2,1,09,A01
201100066520,0,17,000,00,2,7,01,B01
201100066520,0,07,000,00,2,1,17,A01
201100066521,0,30,000,00,2,1,02,A01
201100066521,0,07,000,00,0,4,01,B01
201100066522,0,01,000,00,2,8,01,B01
201100066522,0,07,000,00,2,2,15,A01
201100066523,0,10,000,00,1,8,01,A01
201100066524,0,07,000,00,2,3,01,B01
201100066524,0,07,000,00,2,2,15,A01
201100066525,0,07,000,00,2,1,05,A01
201100066525,0,02,000,00,2,1,15,B01
201100066526,0,07,000,00,2,3,01,B01
201100066526,0,07,000,00,2,2,15,A01
201100066527,0,10,000,00,1,5,21,A01
201100066528,0,07,000,00,2,1,01,B01
201100066528,0,07,000,00,2,4,01,A01
201100066529,0,02,000,00,2,1,17,A01
201100066529,0,07,000,00,2,3,09,B01
201100066530,0,01,000,00,2,1,19,A01
201100066530,0,07,000,00,2,2,15,B01
201100066531,0,07,000,02,0,1,01,A01
201100066532,0,01,000,00,2,1,01,B01
201100066532,0,07,000,00,1,1,09,A01
201100066533,0,07,000,00,2,8,01,A01
201100066533,1,02,000,00,2,7,13,B01
201100066534,0,07,000,00,1,1,01,A01
201100066535,0,07,000,04,0,9,17,A01
201100066536,0,07,000,00,0,9,01,A01
201100066537,0,07,000,00,2,4,23,A01
201100066537,0,07,000,00,2,1,01,B01
201100066537,0,07,000,01,2,7,17,C01
201100066538,0,31,000,00,2,7,17,B01
201100066538,0,07,000,00,2,3,15,A01
201100066539,0,02,000,00,2,5,15,B01
201100066539,0,07,000,00,2,3,09,A01
201100066540,0,07,000,00,1,1,01,A01
201100066541,0,07,000,00,0,9,01,A01
201100066542,0,07,000,00,1,3,01,A01
201100066543,0,07,000,09,0,1,01,A01
201100066544,1,07,000,00,2,1,01,A01
201100066544,0,02,000,00,2,1,13,B01
201100066545,0,37,015,00,1,5,16,A01
201100066546,0,07,000,00,1,4,04,A01
201100066547,0,07,000,00,9,8,01,B01
201100066547,0,32,000,00,2,1,01,A01
201100066548,2,02,000,00,2,0,00,B01
201100066549,0,01,000,00,2,1,01,C01
201100066549,0,07,000,00,2,1,13,A01
201100066550,0,07,000,00,2,7,15,B01
201100066550,0,33,000,00,2,1,17,A01
201100066551,0,07,000,00,1,1,16,A01
201100066552,0,01,000,16,0,0,01,A01
201100066553,0,07,000,00,2,1,01,A01
201100066553,0,07,000,00,2,4,01,B01
201100066554,0,07,000,00,0,0,16,A01
201100066554,0,31,000,00,0,0,01,B01
201100066555,0,07,000,00,0,9,01,A01
201100066556,0,07,000,14,2,7,00,A01
201100066556,0,07,000,00,2,1,00,B01
201100066557,0,07,000,04,0,1,01,A01
201100066558,0,07,000,00,2,2,15,A01
201100066558,0,33,000,00,2,0,00,B01
201100066559,0,07,000,00,2,1,00,A01
201100066559,0,30,000,00,2,1,00,B01
201100066560,0,34,000,00,9,0,00,A01
201100066561,0,07,000,00,2,3,17,A01
201100066561,0,07,000,00,2,8,17,B01
201100066562,0,07,000,00,2,0,00,A01
201100066562,0,33,000,00,2,1,01,B01
201100066563,0,07,000,00,1,1,00,A01
201100066564,0,07,000,00,2,1,00,A01
201100066564,0,07,000,00,2,5,00,B01
201100066565,0,07,000,00,2,8,00,B01
201100066565,0,07,000,00,2,1,00,A01
201100066565,0,07,000,00,2,8,00,C01
201100066565,0,07,000,00,2,8,01,D01
201100066566,0,07,000,00,2,1,00,A01
201100066566,0,07,000,00,2,3,00,B01
201100066567,0,07,000,00,1,0,00,A01
201100066568,0,07,000,00,1,1,00,A01
201100066569,0,07,000,00,2,3,00,A01
201100066569,0,02,000,00,2,1,00,B01
201100066570,0,07,000,00,1,3,15,A01
201100066571,0,07,000,00,2,1,02,A01
201100066571,0,07,000,00,0,4,01,B01
201100066572,0,33,000,00,2,1,17,A01
201100066572,0,07,000,00,2,1,01,B01
201100066573,0,07,000,00,2,7,00,B01
201100066573,0,07,000,00,2,1,00,A01
201100066574,0,02,000,00,0,0,00,A01
201100066575,0,07,000,05,0,3,00,B01
201100066575,0,07,000,04,0,1,00,A01
201100066576,0,07,000,00,1,1,00,A01
201100066577,0,07,000,00,2,1,15,A01
201100066577,0,31,000,00,2,0,00,B01
201100066578,0,07,000,00,2,4,00,A01
201100066578,0,32,000,00,2,0,00,B01
201100066579,0,07,000,00,2,6,00,A01
201100066580,0,02,000,00,1,0,01,A01
201100066581,0,01,000,00,2,1,05,B01
201100066581,0,07,000,00,2,1,01,A01
201100066582,0,32,000,00,2,0,00,B01
201100066582,0,07,000,00,2,1,00,A01
201100066583,0,07,000,06,0,9,16,A01
201100066584,0,07,000,00,1,5,00,A01